src/xrpld/app/tx/detail/AMMBid.cpp:20:#include <xrpld/app/misc/AMMHelpers.h>
src/xrpld/app/tx/detail/AMMBid.cpp:21:#include <xrpld/app/misc/AMMUtils.h>
src/xrpld/app/tx/detail/AMMBid.cpp:22:#include <xrpld/app/tx/detail/AMMBid.h>
src/xrpld/app/tx/detail/AMMBid.cpp:26:#include <xrpl/protocol/AMMCore.h>
src/xrpld/app/tx/detail/AMMBid.cpp:34:AMMBid::checkExtraFeatures(PreflightContext const& ctx)
src/xrpld/app/tx/detail/AMMBid.cpp:40:AMMBid::preflight(PreflightContext const& ctx)
src/xrpld/app/tx/detail/AMMBid.cpp:42:    if (auto const res = invalidAMMAssetPair(
src/xrpld/app/tx/detail/AMMBid.cpp:43:            ctx.tx[sfAsset].get<Issue>(), ctx.tx[sfAsset2].get<Issue>()))
src/xrpld/app/tx/detail/AMMBid.cpp:45:        JLOG(ctx.j.debug()) << "AMM Bid: Invalid asset pair.";
src/xrpld/app/tx/detail/AMMBid.cpp:51:        if (auto const res = invalidAMMAmount(*bidMin))
src/xrpld/app/tx/detail/AMMBid.cpp:53:            JLOG(ctx.j.debug()) << "AMM Bid: invalid min slot price.";
src/xrpld/app/tx/detail/AMMBid.cpp:60:        if (auto const res = invalidAMMAmount(*bidMax))
src/xrpld/app/tx/detail/AMMBid.cpp:62:            JLOG(ctx.j.debug()) << "AMM Bid: invalid max slot price.";
src/xrpld/app/tx/detail/AMMBid.cpp:67:    if (ctx.tx.isFieldPresent(sfAuthAccounts))
src/xrpld/app/tx/detail/AMMBid.cpp:69:        if (auto const authAccounts = ctx.tx.getFieldArray(sfAuthAccounts);
src/xrpld/app/tx/detail/AMMBid.cpp:72:            JLOG(ctx.j.debug()) << "AMM Bid: Invalid number of AuthAccounts.";
src/xrpld/app/tx/detail/AMMBid.cpp:75:        else if (ctx.rules.enabled(fixAMMv1_3))
src/xrpld/app/tx/detail/AMMBid.cpp:84:                    JLOG(ctx.j.debug()) << "AMM Bid: Invalid auth.account.";
src/xrpld/app/tx/detail/AMMBid.cpp:96:AMMBid::preclaim(PreclaimContext const& ctx)
src/xrpld/app/tx/detail/AMMBid.cpp:99:        ctx.view.read(keylet::amm(ctx.tx[sfAsset], ctx.tx[sfAsset2]));
src/xrpld/app/tx/detail/AMMBid.cpp:102:        JLOG(ctx.j.debug()) << "AMM Bid: Invalid asset pair.";
src/xrpld/app/tx/detail/AMMBid.cpp:103:        return terNO_AMM;
src/xrpld/app/tx/detail/AMMBid.cpp:106:    auto const lpTokensBalance = (*ammSle)[sfLPTokenBalance];
src/xrpld/app/tx/detail/AMMBid.cpp:108:        return tecAMM_EMPTY;
src/xrpld/app/tx/detail/AMMBid.cpp:110:    if (ctx.tx.isFieldPresent(sfAuthAccounts))
src/xrpld/app/tx/detail/AMMBid.cpp:112:        for (auto const& account : ctx.tx.getFieldArray(sfAuthAccounts))
src/xrpld/app/tx/detail/AMMBid.cpp:116:                JLOG(ctx.j.debug()) << "AMM Bid: Invalid Account.";
src/xrpld/app/tx/detail/AMMBid.cpp:123:        ammLPHolds(ctx.view, *ammSle, ctx.tx[sfAccount], ctx.j);
src/xrpld/app/tx/detail/AMMBid.cpp:127:        JLOG(ctx.j.debug()) << "AMM Bid: account is not LP.";
src/xrpld/app/tx/detail/AMMBid.cpp:128:        return tecAMM_INVALID_TOKENS;
src/xrpld/app/tx/detail/AMMBid.cpp:137:            JLOG(ctx.j.debug()) << "AMM Bid: Invalid LPToken.";
src/xrpld/app/tx/detail/AMMBid.cpp:138:            return temBAD_AMM_TOKENS;
src/xrpld/app/tx/detail/AMMBid.cpp:142:            JLOG(ctx.j.debug()) << "AMM Bid: Invalid Tokens.";
src/xrpld/app/tx/detail/AMMBid.cpp:143:            return tecAMM_INVALID_TOKENS;
src/xrpld/app/tx/detail/AMMBid.cpp:152:            JLOG(ctx.j.debug()) << "AMM Bid: Invalid LPToken.";
src/xrpld/app/tx/detail/AMMBid.cpp:153:            return temBAD_AMM_TOKENS;
src/xrpld/app/tx/detail/AMMBid.cpp:157:            JLOG(ctx.j.debug()) << "AMM Bid: Invalid Tokens.";
src/xrpld/app/tx/detail/AMMBid.cpp:158:            return tecAMM_INVALID_TOKENS;
src/xrpld/app/tx/detail/AMMBid.cpp:164:        JLOG(ctx.j.debug()) << "AMM Bid: Invalid Max/MinSlotPrice.";
src/xrpld/app/tx/detail/AMMBid.cpp:165:        return tecAMM_INVALID_TOKENS;
src/xrpld/app/tx/detail/AMMBid.cpp:180:        sb.peek(keylet::amm(ctx_.tx[sfAsset], ctx_.tx[sfAsset2]));
src/xrpld/app/tx/detail/AMMBid.cpp:183:    STAmount const lptAMMBalance = (*ammSle)[sfLPTokenBalance];
src/xrpld/app/tx/detail/AMMBid.cpp:184:    auto const lpTokens = ammLPHolds(sb, *ammSle, account_, ctx_.journal);
src/xrpld/app/tx/detail/AMMBid.cpp:188:        if (!ammSle->isFieldPresent(sfAuctionSlot))
src/xrpld/app/tx/detail/AMMBid.cpp:189:            ammSle->makeFieldPresent(sfAuctionSlot);
src/xrpld/app/tx/detail/AMMBid.cpp:194:            ammSle->isFieldPresent(sfAuctionSlot),
src/xrpld/app/tx/detail/AMMBid.cpp:196:        if (!ammSle->isFieldPresent(sfAuctionSlot))
src/xrpld/app/tx/detail/AMMBid.cpp:199:    auto& auctionSlot = ammSle->peekFieldObject(sfAuctionSlot);
src/xrpld/app/tx/detail/AMMBid.cpp:206:        (*ammSle)[sfTradingFee] / AUCTION_SLOT_DISCOUNTED_FEE_FRACTION;
src/xrpld/app/tx/detail/AMMBid.cpp:207:    auto const tradingFee = getFee((*ammSle)[sfTradingFee]);
src/xrpld/app/tx/detail/AMMBid.cpp:210:        lptAMMBalance * tradingFee / AUCTION_SLOT_MIN_FEE_FRACTION;
src/xrpld/app/tx/detail/AMMBid.cpp:235:        auctionSlot.setFieldAmount(
src/xrpld/app/tx/detail/AMMBid.cpp:236:            sfPrice, toSTAmount(lpTokens.issue(), minPrice));
src/xrpld/app/tx/detail/AMMBid.cpp:237:        if (ctx_.tx.isFieldPresent(sfAuthAccounts))
src/xrpld/app/tx/detail/AMMBid.cpp:239:                sfAuthAccounts, ctx_.tx.getFieldArray(sfAuthAccounts));
src/xrpld/app/tx/detail/AMMBid.cpp:241:            auctionSlot.makeFieldAbsent(sfAuthAccounts);
src/xrpld/app/tx/detail/AMMBid.cpp:243:        auto const saBurn = adjustLPTokens(
src/xrpld/app/tx/detail/AMMBid.cpp:244:            lptAMMBalance,
src/xrpld/app/tx/detail/AMMBid.cpp:245:            toSTAmount(lptAMMBalance.issue(), burn),
src/xrpld/app/tx/detail/AMMBid.cpp:247:        if (saBurn >= lptAMMBalance)
src/xrpld/app/tx/detail/AMMBid.cpp:252:                << "AMM Bid: LP Token burn exceeds AMM balance " << burn << " "
src/xrpld/app/tx/detail/AMMBid.cpp:253:                << lptAMMBalance;
src/xrpld/app/tx/detail/AMMBid.cpp:261:            JLOG(ctx_.journal.debug()) << "AMM Bid: failed to redeem.";
src/xrpld/app/tx/detail/AMMBid.cpp:264:        ammSle->setFieldAmount(sfLPTokenBalance, lptAMMBalance - saBurn);
src/xrpld/app/tx/detail/AMMBid.cpp:283:                    << "AMM Bid: not in range " << computedPrice << " "
src/xrpld/app/tx/detail/AMMBid.cpp:296:                JLOG(ctx_.journal.debug()) << "AMM Bid: not in range "
src/xrpld/app/tx/detail/AMMBid.cpp:304:            return Unexpected(tecAMM_FAILED);
src/xrpld/app/tx/detail/AMMBid.cpp:306:            return Unexpected(tecAMM_INVALID_TOKENS);
src/xrpld/app/tx/detail/AMMBid.cpp:321:        STAmount const pricePurchased = auctionSlot[sfPrice];
src/xrpld/app/tx/detail/AMMBid.cpp:347:            JLOG(ctx_.journal.fatal()) << "AMM Bid: refund exceeds payPrice "
src/xrpld/app/tx/detail/AMMBid.cpp:351:        res = accountSend(
src/xrpld/app/tx/detail/AMMBid.cpp:355:            toSTAmount(lpTokens.issue(), refund),
src/xrpld/app/tx/detail/AMMBid.cpp:359:            JLOG(ctx_.journal.debug()) << "AMM Bid: failed to refund.";
src/xrpld/app/tx/detail/AMMBid.cpp:371:AMMBid::doApply()
src/xrpld/app/misc/detail/AMMUtils.cpp:20:#include <xrpld/app/misc/AMMHelpers.h>
src/xrpld/app/misc/detail/AMMUtils.cpp:21:#include <xrpld/app/misc/AMMUtils.h>
src/xrpld/app/misc/detail/AMMUtils.cpp:25:#include <xrpl/protocol/AMMCore.h>
src/xrpld/app/misc/detail/AMMUtils.cpp:30:std::pair<STAmount, STAmount>
src/xrpld/app/misc/detail/AMMUtils.cpp:36:    FreezeHandling freezeHandling,
src/xrpld/app/misc/detail/AMMUtils.cpp:46:Expected<std::tuple<STAmount, STAmount, STAmount>, TER>
src/xrpld/app/misc/detail/AMMUtils.cpp:47:ammHolds(
src/xrpld/app/misc/detail/AMMUtils.cpp:52:    FreezeHandling freezeHandling,
src/xrpld/app/misc/detail/AMMUtils.cpp:56:        auto const issue1 = ammSle[sfAsset].get<Issue>();
src/xrpld/app/misc/detail/AMMUtils.cpp:57:        auto const issue2 = ammSle[sfAsset2].get<Issue>();
src/xrpld/app/misc/detail/AMMUtils.cpp:60:            if (invalidAMMAssetPair(
src/xrpld/app/misc/detail/AMMUtils.cpp:65:                // This error can only be hit if the AMM is corrupted
src/xrpld/app/misc/detail/AMMUtils.cpp:67:                JLOG(j.debug()) << "ammHolds: Invalid optIssue1 or optIssue2 "
src/xrpld/app/misc/detail/AMMUtils.cpp:82:            // Unreachable unless AMM corrupted.
src/xrpld/app/misc/detail/AMMUtils.cpp:85:                << "ammHolds: Invalid " << label << " " << checkIssue;
src/xrpld/app/misc/detail/AMMUtils.cpp:95:            // Cannot have Amount2 without Amount.
src/xrpld/app/misc/detail/AMMUtils.cpp:101:        return Unexpected(tecAMM_INVALID_TOKENS);
src/xrpld/app/misc/detail/AMMUtils.cpp:109:    return std::make_tuple(asset1, asset2, ammSle[sfLPTokenBalance]);
src/xrpld/app/misc/detail/AMMUtils.cpp:112:STAmount
src/xrpld/app/misc/detail/AMMUtils.cpp:113:ammLPHolds(
src/xrpld/app/misc/detail/AMMUtils.cpp:122:    // a LPToken holder has enough balance. On the other hand, `accountHolds`
src/xrpld/app/misc/detail/AMMUtils.cpp:123:    // checks if the underlying assets of LPToken are frozen with the
src/xrpld/app/misc/detail/AMMUtils.cpp:124:    // fixFrozenLPTokenTransfer amendment
src/xrpld/app/misc/detail/AMMUtils.cpp:127:    STAmount amount;
src/xrpld/app/misc/detail/AMMUtils.cpp:133:        JLOG(j.trace()) << "ammLPHolds: no SLE "
src/xrpld/app/misc/detail/AMMUtils.cpp:137:    else if (isFrozen(view, lpAccount, currency, ammAccount))
src/xrpld/app/misc/detail/AMMUtils.cpp:140:        JLOG(j.trace()) << "ammLPHolds: frozen currency "
src/xrpld/app/misc/detail/AMMUtils.cpp:146:        amount = sle->getFieldAmount(sfBalance);
src/xrpld/app/misc/detail/AMMUtils.cpp:154:        JLOG(j.trace()) << "ammLPHolds:"
src/xrpld/app/misc/detail/AMMUtils.cpp:162:STAmount
src/xrpld/app/misc/detail/AMMUtils.cpp:163:ammLPHolds(
src/xrpld/app/misc/detail/AMMUtils.cpp:169:    return ammLPHolds(
src/xrpld/app/misc/detail/AMMUtils.cpp:171:        ammSle[sfAsset].get<Issue>().currency,
src/xrpld/app/misc/detail/AMMUtils.cpp:172:        ammSle[sfAsset2].get<Issue>().currency,
src/xrpld/app/misc/detail/AMMUtils.cpp:179:getTradingFee(ReadView const& view, SLE const& ammSle, AccountID const& account)
src/xrpld/app/misc/detail/AMMUtils.cpp:184:            ammSle.isFieldPresent(sfAuctionSlot),
src/xrpld/app/misc/detail/AMMUtils.cpp:185:        "ripple::getTradingFee : auction present");
src/xrpld/app/misc/detail/AMMUtils.cpp:186:    if (ammSle.isFieldPresent(sfAuctionSlot))
src/xrpld/app/misc/detail/AMMUtils.cpp:189:            static_cast<STObject const&>(ammSle.peekAtField(sfAuctionSlot));
src/xrpld/app/misc/detail/AMMUtils.cpp:198:            if (auctionSlot.isFieldPresent(sfAuthAccounts))
src/xrpld/app/misc/detail/AMMUtils.cpp:201:                     auctionSlot.getFieldArray(sfAuthAccounts))
src/xrpld/app/misc/detail/AMMUtils.cpp:207:    return ammSle[sfTradingFee];
src/xrpld/app/misc/detail/AMMUtils.cpp:210:STAmount
src/xrpld/app/misc/detail/AMMUtils.cpp:224:             !isFrozen(view, ammAccountID, issue.currency, issue.account))
src/xrpld/app/misc/detail/AMMUtils.cpp:233:    return STAmount{issue};
src/xrpld/app/misc/detail/AMMUtils.cpp:237:deleteAMMTrustLines(
src/xrpld/app/misc/detail/AMMUtils.cpp:249:            // Skip AMM
src/xrpld/app/misc/detail/AMMUtils.cpp:250:            if (nodeType == LedgerEntryType::ltAMM)
src/xrpld/app/misc/detail/AMMUtils.cpp:257:                    << "deleteAMMTrustLines: deleting non-trustline "
src/xrpld/app/misc/detail/AMMUtils.cpp:264:            if (sleItem->getFieldAmount(sfBalance) != beast::zero)
src/xrpld/app/misc/detail/AMMUtils.cpp:268:                    << "deleteAMMTrustLines: deleting trustline with "
src/xrpld/app/misc/detail/AMMUtils.cpp:275:                deleteAMMTrustLine(sb, sleItem, ammAccountID, j),
src/xrpld/app/misc/detail/AMMUtils.cpp:283:deleteAMMAccount(
src/xrpld/app/misc/detail/AMMUtils.cpp:293:        JLOG(j.error()) << "deleteAMMAccount: AMM object does not exist "
src/xrpld/app/misc/detail/AMMUtils.cpp:300:    auto sleAMMRoot = sb.peek(keylet::account(ammAccountID));
src/xrpld/app/misc/detail/AMMUtils.cpp:301:    if (!sleAMMRoot)
src/xrpld/app/misc/detail/AMMUtils.cpp:304:        JLOG(j.error()) << "deleteAMMAccount: AMM account does not exist "
src/xrpld/app/misc/detail/AMMUtils.cpp:311:            deleteAMMTrustLines(sb, ammAccountID, maxDeletableAMMTrustLines, j);
src/xrpld/app/misc/detail/AMMUtils.cpp:316:    if (!sb.dirRemove(
src/xrpld/app/misc/detail/AMMUtils.cpp:320:        JLOG(j.error()) << "deleteAMMAccount: failed to remove dir link";
src/xrpld/app/misc/detail/AMMUtils.cpp:327:        JLOG(j.error()) << "deleteAMMAccount: cannot delete root dir node of "
src/xrpld/app/misc/detail/AMMUtils.cpp:334:    sb.erase(sleAMMRoot);
src/xrpld/app/misc/detail/AMMUtils.cpp:348:    // AMM creator gets the voting slot.
src/xrpld/app/misc/detail/AMMUtils.cpp:352:        voteEntry.setFieldU16(sfTradingFee, tfee);
src/xrpld/app/misc/detail/AMMUtils.cpp:356:    ammSle->setFieldArray(sfVoteSlots, voteSlots);
src/xrpld/app/misc/detail/AMMUtils.cpp:357:    // AMM creator gets the auction slot for free.
src/xrpld/app/misc/detail/AMMUtils.cpp:358:    // AuctionSlot is created on AMMCreate and updated on AMMDeposit
src/xrpld/app/misc/detail/AMMUtils.cpp:359:    // when AMM is in an empty state
src/xrpld/app/misc/detail/AMMUtils.cpp:361:        !ammSle->isFieldPresent(sfAuctionSlot))
src/xrpld/app/misc/detail/AMMUtils.cpp:363:        STObject auctionSlot = STObject::makeInnerObject(sfAuctionSlot);
src/xrpld/app/misc/detail/AMMUtils.cpp:366:    STObject& auctionSlot = ammSle->peekFieldObject(sfAuctionSlot);
src/xrpld/app/misc/detail/AMMUtils.cpp:374:    auctionSlot.setFieldAmount(sfPrice, STAmount{lptIssue, 0});
src/xrpld/app/misc/detail/AMMUtils.cpp:377:        ammSle->setFieldU16(sfTradingFee, tfee);
src/xrpld/app/misc/detail/AMMUtils.cpp:378:    else if (ammSle->isFieldPresent(sfTradingFee))
src/xrpld/app/misc/detail/AMMUtils.cpp:379:        ammSle->makeFieldAbsent(sfTradingFee);  // LCOV_EXCL_LINE
src/xrpld/app/misc/detail/AMMUtils.cpp:392:    // Liquidity Provider (LP) must have one LPToken trustline
src/xrpld/app/misc/detail/AMMUtils.cpp:393:    std::uint8_t nLPTokenTrustLines = 0;
src/xrpld/app/misc/detail/AMMUtils.cpp:396:    // For instance, if AMM has two tokens USD and EUR and LP is not the issuer
src/xrpld/app/misc/detail/AMMUtils.cpp:397:    // of the tokens then the trustlines are between AMM account and the issuer.
src/xrpld/app/misc/detail/AMMUtils.cpp:399:    // There is only one AMM object
src/xrpld/app/misc/detail/AMMUtils.cpp:400:    bool hasAMM = false;
src/xrpld/app/misc/detail/AMMUtils.cpp:401:    // AMM LP has at most three trustlines and only one AMM object must exist.
src/xrpld/app/misc/detail/AMMUtils.cpp:409:    // Iterate over AMM owner directory objects.
src/xrpld/app/misc/detail/AMMUtils.cpp:420:            // Only one AMM object
src/xrpld/app/misc/detail/AMMUtils.cpp:421:            if (sle->getFieldU16(sfLedgerEntryType) == ltAMM)
src/xrpld/app/misc/detail/AMMUtils.cpp:423:                if (hasAMM)
src/xrpld/app/misc/detail/AMMUtils.cpp:425:                hasAMM = true;
src/xrpld/app/misc/detail/AMMUtils.cpp:430:            auto const lowLimit = sle->getFieldAmount(sfLowLimit);
src/xrpld/app/misc/detail/AMMUtils.cpp:431:            auto const highLimit = sle->getFieldAmount(sfHighLimit);
src/xrpld/app/misc/detail/AMMUtils.cpp:434:            auto const isLPTokenTrustline =
src/xrpld/app/misc/detail/AMMUtils.cpp:440:                // LPToken trustline
src/xrpld/app/misc/detail/AMMUtils.cpp:441:                if (isLPTokenTrustline)
src/xrpld/app/misc/detail/AMMUtils.cpp:443:                    if (++nLPTokenTrustLines > 1)
src/xrpld/app/misc/detail/AMMUtils.cpp:449:            // Another Liquidity Provider LPToken trustline
src/xrpld/app/misc/detail/AMMUtils.cpp:450:            else if (isLPTokenTrustline)
src/xrpld/app/misc/detail/AMMUtils.cpp:458:            if (nLPTokenTrustLines != 1 || nIOUTrustLines == 0 ||
src/xrpld/app/misc/detail/AMMUtils.cpp:469:verifyAndAdjustLPTokenBalance(
src/xrpld/app/misc/detail/AMMUtils.cpp:471:    STAmount const& lpTokens,
src/xrpld/app/misc/detail/AMMUtils.cpp:482:                ammSle->getFieldAmount(sfLPTokenBalance),
src/xrpld/app/misc/detail/AMMUtils.cpp:485:            ammSle->setFieldAmount(sfLPTokenBalance, lpTokens);
src/xrpld/app/misc/detail/AMMUtils.cpp:490:            return Unexpected<TER>(tecAMM_INVALID_TOKENS);
src/test/app/SetTrust_test.cpp:31:    FeatureBitset const disallowIncoming{featureDisallowIncoming};
src/test/app/SetTrust_test.cpp:120:        env(fset(alice, asfRequireAuth));
src/test/app/SetTrust_test.cpp:229:        env(pay(env.master, creator, STAmount{threelineReserve - baseReserve}));
src/test/app/SetTrust_test.cpp:289:    trust_explicit_amt(jtx::Account const& a, STAmount const& amt)
src/test/app/SetTrust_test.cpp:293:        jv[jss::LimitAmount] = amt.getJson(JsonOptions::none);
src/test/app/SetTrust_test.cpp:336:                alice, STAmount{Issue{to_currency("USD"), noAccount()}, 100}),
src/test/app/SetTrust_test.cpp:342:        // tfSetAuth flag should not be set if not required by lsfRequireAuth
src/test/app/SetTrust_test.cpp:388:        env(fset(alice, asfRequireAuth));
src/test/app/SetTrust_test.cpp:494:    testDisallowIncoming(FeatureBitset features)
src/test/app/SetTrust_test.cpp:505:            env(fset(alice, asfDisallowIncomingTrustline));
src/test/app/SetTrust_test.cpp:509:            BEAST_EXPECT(!(flags & lsfDisallowIncomingTrustline));
src/test/app/SetTrust_test.cpp:512:        // fixDisallowIncomingV1
src/test/app/SetTrust_test.cpp:518:                    : (features | disallowIncoming) - fixDisallowIncomingV1;
src/test/app/SetTrust_test.cpp:529:                env(fset(gw, asfRequireAuth));
src/test/app/SetTrust_test.cpp:532:                env(fset(dist, asfDisallowIncomingTrustline));
src/test/app/SetTrust_test.cpp:541:                    withFix ? ter(tesSUCCESS) : ter(tecNO_PERMISSION);
src/test/app/SetTrust_test.cpp:565:        env(fset(gw, asfDisallowIncomingTrustline));
src/test/app/SetTrust_test.cpp:569:        env(trust(alice, USD(1000)), ter(tecNO_PERMISSION));
src/test/app/SetTrust_test.cpp:573:        env(fclear(gw, asfDisallowIncomingTrustline));
src/test/app/SetTrust_test.cpp:585:        env(fset(gw, asfDisallowIncomingTrustline));
src/test/app/SetTrust_test.cpp:598:        env(fset(bob, asfDisallowIncomingTrustline));
src/test/app/SetTrust_test.cpp:602:        env(trust(bob, USD(1000)), ter(tecNO_PERMISSION));
src/test/app/SetTrust_test.cpp:607:        env(trust(gw, bob["USD"](1000)), ter(tecNO_PERMISSION));
src/test/app/SetTrust_test.cpp:611:        env(fclear(gw, asfDisallowIncomingTrustline));
src/test/app/SetTrust_test.cpp:638:        testDisallowIncoming(features);
src/xrpld/app/tx/detail/AMMWithdraw.cpp:20:#include <xrpld/app/misc/AMMHelpers.h>
src/xrpld/app/tx/detail/AMMWithdraw.cpp:21:#include <xrpld/app/misc/AMMUtils.h>
src/xrpld/app/tx/detail/AMMWithdraw.cpp:22:#include <xrpld/app/tx/detail/AMMWithdraw.h>
src/xrpld/app/tx/detail/AMMWithdraw.cpp:26:#include <xrpl/protocol/AMMCore.h>
src/xrpld/app/tx/detail/AMMWithdraw.cpp:32:AMMWithdraw::checkExtraFeatures(PreflightContext const& ctx)
src/xrpld/app/tx/detail/AMMWithdraw.cpp:38:AMMWithdraw::getFlagsMask(PreflightContext const& ctx)
src/xrpld/app/tx/detail/AMMWithdraw.cpp:44:AMMWithdraw::preflight(PreflightContext const& ctx)
src/xrpld/app/tx/detail/AMMWithdraw.cpp:48:    auto const amount = ctx.tx[~sfAmount];
src/xrpld/app/tx/detail/AMMWithdraw.cpp:49:    auto const amount2 = ctx.tx[~sfAmount2];
src/xrpld/app/tx/detail/AMMWithdraw.cpp:50:    auto const ePrice = ctx.tx[~sfEPrice];
src/xrpld/app/tx/detail/AMMWithdraw.cpp:51:    auto const lpTokens = ctx.tx[~sfLPTokenIn];
src/xrpld/app/tx/detail/AMMWithdraw.cpp:53:    //   LPTokens
src/xrpld/app/tx/detail/AMMWithdraw.cpp:54:    //   tfWithdrawAll
src/xrpld/app/tx/detail/AMMWithdraw.cpp:55:    //   Amount
src/xrpld/app/tx/detail/AMMWithdraw.cpp:56:    //   tfOneAssetWithdrawAll & Amount
src/xrpld/app/tx/detail/AMMWithdraw.cpp:57:    //   Amount and Amount2
src/xrpld/app/tx/detail/AMMWithdraw.cpp:58:    //   Amount and LPTokens
src/xrpld/app/tx/detail/AMMWithdraw.cpp:59:    //   Amount and EPrice
src/xrpld/app/tx/detail/AMMWithdraw.cpp:62:        JLOG(ctx.j.debug()) << "AMM Withdraw: invalid flags.";
src/xrpld/app/tx/detail/AMMWithdraw.cpp:65:    if (flags & tfLPToken)
src/xrpld/app/tx/detail/AMMWithdraw.cpp:70:    else if (flags & tfWithdrawAll)
src/xrpld/app/tx/detail/AMMWithdraw.cpp:75:    else if (flags & tfOneAssetWithdrawAll)
src/xrpld/app/tx/detail/AMMWithdraw.cpp:80:    else if (flags & tfSingleAsset)
src/xrpld/app/tx/detail/AMMWithdraw.cpp:85:    else if (flags & tfTwoAsset)
src/xrpld/app/tx/detail/AMMWithdraw.cpp:90:    else if (flags & tfOneAssetLPToken)
src/xrpld/app/tx/detail/AMMWithdraw.cpp:95:    else if (flags & tfLimitLPToken)
src/xrpld/app/tx/detail/AMMWithdraw.cpp:101:    auto const asset = ctx.tx[sfAsset].get<Issue>();
src/xrpld/app/tx/detail/AMMWithdraw.cpp:102:    auto const asset2 = ctx.tx[sfAsset2].get<Issue>();
src/xrpld/app/tx/detail/AMMWithdraw.cpp:103:    if (auto const res = invalidAMMAssetPair(asset, asset2))
src/xrpld/app/tx/detail/AMMWithdraw.cpp:105:        JLOG(ctx.j.debug()) << "AMM Withdraw: Invalid asset pair.";
src/xrpld/app/tx/detail/AMMWithdraw.cpp:111:        JLOG(ctx.j.debug()) << "AMM Withdraw: invalid tokens, same issue."
src/xrpld/app/tx/detail/AMMWithdraw.cpp:113:        return temBAD_AMM_TOKENS;
src/xrpld/app/tx/detail/AMMWithdraw.cpp:118:        JLOG(ctx.j.debug()) << "AMM Withdraw: invalid tokens.";
src/xrpld/app/tx/detail/AMMWithdraw.cpp:119:        return temBAD_AMM_TOKENS;
src/xrpld/app/tx/detail/AMMWithdraw.cpp:124:        if (auto const res = invalidAMMAmount(
src/xrpld/app/tx/detail/AMMWithdraw.cpp:127:                (flags & (tfOneAssetWithdrawAll | tfOneAssetLPToken)) ||
src/xrpld/app/tx/detail/AMMWithdraw.cpp:130:            JLOG(ctx.j.debug()) << "AMM Withdraw: invalid Asset1Out";
src/xrpld/app/tx/detail/AMMWithdraw.cpp:137:        if (auto const res = invalidAMMAmount(
src/xrpld/app/tx/detail/AMMWithdraw.cpp:140:            JLOG(ctx.j.debug()) << "AMM Withdraw: invalid Asset2OutAmount";
src/xrpld/app/tx/detail/AMMWithdraw.cpp:147:        if (auto const res = invalidAMMAmount(*ePrice))
src/xrpld/app/tx/detail/AMMWithdraw.cpp:149:            JLOG(ctx.j.debug()) << "AMM Withdraw: invalid EPrice";
src/xrpld/app/tx/detail/AMMWithdraw.cpp:157:static std::optional<STAmount>
src/xrpld/app/tx/detail/AMMWithdraw.cpp:159:    STAmount const& lpTokens,
src/xrpld/app/tx/detail/AMMWithdraw.cpp:160:    std::optional<STAmount> const& tokensIn,
src/xrpld/app/tx/detail/AMMWithdraw.cpp:163:    if (flags & (tfWithdrawAll | tfOneAssetWithdrawAll))
src/xrpld/app/tx/detail/AMMWithdraw.cpp:169:AMMWithdraw::preclaim(PreclaimContext const& ctx)
src/xrpld/app/tx/detail/AMMWithdraw.cpp:174:        ctx.view.read(keylet::amm(ctx.tx[sfAsset], ctx.tx[sfAsset2]));
src/xrpld/app/tx/detail/AMMWithdraw.cpp:177:        JLOG(ctx.j.debug()) << "AMM Withdraw: Invalid asset pair.";
src/xrpld/app/tx/detail/AMMWithdraw.cpp:178:        return terNO_AMM;
src/xrpld/app/tx/detail/AMMWithdraw.cpp:181:    auto const amount = ctx.tx[~sfAmount];
src/xrpld/app/tx/detail/AMMWithdraw.cpp:182:    auto const amount2 = ctx.tx[~sfAmount2];
src/xrpld/app/tx/detail/AMMWithdraw.cpp:184:    auto const expected = ammHolds(
src/xrpld/app/tx/detail/AMMWithdraw.cpp:189:        FreezeHandling::fhIGNORE_FREEZE,
src/xrpld/app/tx/detail/AMMWithdraw.cpp:193:    auto const [amountBalance, amount2Balance, lptAMMBalance] = *expected;
src/xrpld/app/tx/detail/AMMWithdraw.cpp:194:    if (lptAMMBalance == beast::zero)
src/xrpld/app/tx/detail/AMMWithdraw.cpp:195:        return tecAMM_EMPTY;
src/xrpld/app/tx/detail/AMMWithdraw.cpp:197:        lptAMMBalance < beast::zero)
src/xrpld/app/tx/detail/AMMWithdraw.cpp:201:            << "AMM Withdraw: reserves or tokens balance is zero.";
src/xrpld/app/tx/detail/AMMWithdraw.cpp:208:    auto checkAmount = [&](std::optional<STAmount> const& amount,
src/xrpld/app/tx/detail/AMMWithdraw.cpp:215:                    << "AMM Withdraw: withdrawing more than the balance, "
src/xrpld/app/tx/detail/AMMWithdraw.cpp:217:                return tecAMM_BALANCE;
src/xrpld/app/tx/detail/AMMWithdraw.cpp:223:                    << "AMM Withdraw: account is not authorized, "
src/xrpld/app/tx/detail/AMMWithdraw.cpp:227:            // AMM account or currency frozen
src/xrpld/app/tx/detail/AMMWithdraw.cpp:228:            if (isFrozen(ctx.view, ammAccountID, amount->issue()))
src/xrpld/app/tx/detail/AMMWithdraw.cpp:231:                    << "AMM Withdraw: AMM account or currency is frozen, "
src/xrpld/app/tx/detail/AMMWithdraw.cpp:233:                return tecFROZEN;
src/xrpld/app/tx/detail/AMMWithdraw.cpp:236:            if (isIndividualFrozen(ctx.view, accountID, amount->issue()))
src/xrpld/app/tx/detail/AMMWithdraw.cpp:238:                JLOG(ctx.j.debug()) << "AMM Withdraw: account is frozen, "
src/xrpld/app/tx/detail/AMMWithdraw.cpp:241:                return tecFROZEN;
src/xrpld/app/tx/detail/AMMWithdraw.cpp:247:    if (auto const ter = checkAmount(amount, amountBalance))
src/xrpld/app/tx/detail/AMMWithdraw.cpp:250:    if (auto const ter = checkAmount(amount2, amount2Balance))
src/xrpld/app/tx/detail/AMMWithdraw.cpp:254:        ammLPHolds(ctx.view, *ammSle, ctx.tx[sfAccount], ctx.j);
src/xrpld/app/tx/detail/AMMWithdraw.cpp:256:        tokensWithdraw(lpTokens, ctx.tx[~sfLPTokenIn], ctx.tx.getFlags());
src/xrpld/app/tx/detail/AMMWithdraw.cpp:260:        JLOG(ctx.j.debug()) << "AMM Withdraw: tokens balance is zero.";
src/xrpld/app/tx/detail/AMMWithdraw.cpp:261:        return tecAMM_BALANCE;
src/xrpld/app/tx/detail/AMMWithdraw.cpp:266:        JLOG(ctx.j.debug()) << "AMM Withdraw: invalid LPTokens.";
src/xrpld/app/tx/detail/AMMWithdraw.cpp:267:        return temBAD_AMM_TOKENS;
src/xrpld/app/tx/detail/AMMWithdraw.cpp:272:        JLOG(ctx.j.debug()) << "AMM Withdraw: invalid tokens.";
src/xrpld/app/tx/detail/AMMWithdraw.cpp:273:        return tecAMM_INVALID_TOKENS;
src/xrpld/app/tx/detail/AMMWithdraw.cpp:276:    if (auto const ePrice = ctx.tx[~sfEPrice];
src/xrpld/app/tx/detail/AMMWithdraw.cpp:279:        JLOG(ctx.j.debug()) << "AMM Withdraw: invalid EPrice.";
src/xrpld/app/tx/detail/AMMWithdraw.cpp:280:        return temBAD_AMM_TOKENS;
src/xrpld/app/tx/detail/AMMWithdraw.cpp:283:    if (ctx.tx.getFlags() & (tfLPToken | tfWithdrawAll))
src/xrpld/app/tx/detail/AMMWithdraw.cpp:285:        if (auto const ter = checkAmount(amountBalance, amountBalance))
src/xrpld/app/tx/detail/AMMWithdraw.cpp:287:        if (auto const ter = checkAmount(amount2Balance, amount2Balance))
src/xrpld/app/tx/detail/AMMWithdraw.cpp:295:AMMWithdraw::applyGuts(Sandbox& sb)
src/xrpld/app/tx/detail/AMMWithdraw.cpp:297:    auto const amount = ctx_.tx[~sfAmount];
src/xrpld/app/tx/detail/AMMWithdraw.cpp:298:    auto const amount2 = ctx_.tx[~sfAmount2];
src/xrpld/app/tx/detail/AMMWithdraw.cpp:299:    auto const ePrice = ctx_.tx[~sfEPrice];
src/xrpld/app/tx/detail/AMMWithdraw.cpp:300:    auto ammSle = sb.peek(keylet::amm(ctx_.tx[sfAsset], ctx_.tx[sfAsset2]));
src/xrpld/app/tx/detail/AMMWithdraw.cpp:308:        ammLPHolds(ctx_.view(), *ammSle, ctx_.tx[sfAccount], ctx_.journal);
src/xrpld/app/tx/detail/AMMWithdraw.cpp:310:        tokensWithdraw(lpTokens, ctx_.tx[~sfLPTokenIn], ctx_.tx.getFlags());
src/xrpld/app/tx/detail/AMMWithdraw.cpp:312:    // Due to rounding, the LPTokenBalance of the last LP
src/xrpld/app/tx/detail/AMMWithdraw.cpp:314:    if (sb.rules().enabled(fixAMMv1_1))
src/xrpld/app/tx/detail/AMMWithdraw.cpp:317:                verifyAndAdjustLPTokenBalance(sb, lpTokens, ammSle, account_);
src/xrpld/app/tx/detail/AMMWithdraw.cpp:322:    auto const tfee = getTradingFee(ctx_.view(), *ammSle, account_);
src/xrpld/app/tx/detail/AMMWithdraw.cpp:324:    auto const expected = ammHolds(
src/xrpld/app/tx/detail/AMMWithdraw.cpp:329:        FreezeHandling::fhZERO_IF_FROZEN,
src/xrpld/app/tx/detail/AMMWithdraw.cpp:333:    auto const [amountBalance, amount2Balance, lptAMMBalance] = *expected;
src/xrpld/app/tx/detail/AMMWithdraw.cpp:337:    auto const [result, newLPTokenBalance] =
src/xrpld/app/tx/detail/AMMWithdraw.cpp:341:         &lptAMMBalance = lptAMMBalance]() -> std::pair<TER, STAmount> {
src/xrpld/app/tx/detail/AMMWithdraw.cpp:342:        if (subTxType & tfTwoAsset)
src/xrpld/app/tx/detail/AMMWithdraw.cpp:349:                lptAMMBalance,
src/xrpld/app/tx/detail/AMMWithdraw.cpp:353:        if (subTxType & tfOneAssetLPToken || subTxType & tfOneAssetWithdrawAll)
src/xrpld/app/tx/detail/AMMWithdraw.cpp:359:                lptAMMBalance,
src/xrpld/app/tx/detail/AMMWithdraw.cpp:363:        if (subTxType & tfLimitLPToken)
src/xrpld/app/tx/detail/AMMWithdraw.cpp:364:            return singleWithdrawEPrice(
src/xrpld/app/tx/detail/AMMWithdraw.cpp:369:                lptAMMBalance,
src/xrpld/app/tx/detail/AMMWithdraw.cpp:373:        if (subTxType & tfSingleAsset)
src/xrpld/app/tx/detail/AMMWithdraw.cpp:379:                lptAMMBalance,
src/xrpld/app/tx/detail/AMMWithdraw.cpp:382:        if (subTxType & tfLPToken || subTxType & tfWithdrawAll)
src/xrpld/app/tx/detail/AMMWithdraw.cpp:390:                lptAMMBalance,
src/xrpld/app/tx/detail/AMMWithdraw.cpp:397:        JLOG(j_.error()) << "AMM Withdraw: invalid options.";
src/xrpld/app/tx/detail/AMMWithdraw.cpp:398:        return std::make_pair(tecINTERNAL, STAmount{});
src/xrpld/app/tx/detail/AMMWithdraw.cpp:405:    auto const res = deleteAMMAccountIfEmpty(
src/xrpld/app/tx/detail/AMMWithdraw.cpp:408:        newLPTokenBalance,
src/xrpld/app/tx/detail/AMMWithdraw.cpp:409:        ctx_.tx[sfAsset].get<Issue>(),
src/xrpld/app/tx/detail/AMMWithdraw.cpp:410:        ctx_.tx[sfAsset2].get<Issue>(),
src/xrpld/app/tx/detail/AMMWithdraw.cpp:418:        << "AMM Withdraw: tokens " << to_string(newLPTokenBalance.iou()) << " "
src/xrpld/app/tx/detail/AMMWithdraw.cpp:419:        << to_string(lpTokens.iou()) << " " << to_string(lptAMMBalance.iou());
src/xrpld/app/tx/detail/AMMWithdraw.cpp:425:AMMWithdraw::doApply()
src/xrpld/app/tx/detail/AMMWithdraw.cpp:438:std::pair<TER, STAmount>
src/xrpld/app/tx/detail/AMMWithdraw.cpp:439:AMMWithdraw::withdraw(
src/xrpld/app/tx/detail/AMMWithdraw.cpp:443:    STAmount const& amountBalance,
src/xrpld/app/tx/detail/AMMWithdraw.cpp:444:    STAmount const& amountWithdraw,
src/xrpld/app/tx/detail/AMMWithdraw.cpp:445:    std::optional<STAmount> const& amount2Withdraw,
src/xrpld/app/tx/detail/AMMWithdraw.cpp:446:    STAmount const& lpTokensAMMBalance,
src/xrpld/app/tx/detail/AMMWithdraw.cpp:447:    STAmount const& lpTokensWithdraw,
src/xrpld/app/tx/detail/AMMWithdraw.cpp:451:    STAmount newLPTokenBalance;
src/xrpld/app/tx/detail/AMMWithdraw.cpp:452:    std::tie(ter, newLPTokenBalance, std::ignore, std::ignore) = withdraw(
src/xrpld/app/tx/detail/AMMWithdraw.cpp:460:        lpTokensAMMBalance,
src/xrpld/app/tx/detail/AMMWithdraw.cpp:463:        FreezeHandling::fhZERO_IF_FROZEN,
src/xrpld/app/tx/detail/AMMWithdraw.cpp:467:    return {ter, newLPTokenBalance};
src/xrpld/app/tx/detail/AMMWithdraw.cpp:470:std::tuple<TER, STAmount, STAmount, std::optional<STAmount>>
src/xrpld/app/tx/detail/AMMWithdraw.cpp:471:AMMWithdraw::withdraw(
src/xrpld/app/tx/detail/AMMWithdraw.cpp:476:    STAmount const& amountBalance,
src/xrpld/app/tx/detail/AMMWithdraw.cpp:477:    STAmount const& amountWithdraw,
src/xrpld/app/tx/detail/AMMWithdraw.cpp:478:    std::optional<STAmount> const& amount2Withdraw,
src/xrpld/app/tx/detail/AMMWithdraw.cpp:479:    STAmount const& lpTokensAMMBalance,
src/xrpld/app/tx/detail/AMMWithdraw.cpp:480:    STAmount const& lpTokensWithdraw,
src/xrpld/app/tx/detail/AMMWithdraw.cpp:482:    FreezeHandling freezeHandling,
src/xrpld/app/tx/detail/AMMWithdraw.cpp:484:    XRPAmount const& priorBalance,
src/xrpld/app/tx/detail/AMMWithdraw.cpp:487:    auto const lpTokens = ammLPHolds(view, ammSle, account, journal);
src/xrpld/app/tx/detail/AMMWithdraw.cpp:488:    auto const expected = ammHolds(
src/xrpld/app/tx/detail/AMMWithdraw.cpp:497:        return {expected.error(), STAmount{}, STAmount{}, STAmount{}};
src/xrpld/app/tx/detail/AMMWithdraw.cpp:504:            [&]() -> std::tuple<STAmount, std::optional<STAmount>, STAmount> {
src/xrpld/app/tx/detail/AMMWithdraw.cpp:506:            return adjustAmountsByLPTokens(
src/xrpld/app/tx/detail/AMMWithdraw.cpp:510:                lpTokensAMMBalance,
src/xrpld/app/tx/detail/AMMWithdraw.cpp:522:            << "AMM Withdraw: failed to withdraw, invalid LP tokens: "
src/xrpld/app/tx/detail/AMMWithdraw.cpp:524:            << lpTokensAMMBalance;
src/xrpld/app/tx/detail/AMMWithdraw.cpp:525:        return {tecAMM_INVALID_TOKENS, STAmount{}, STAmount{}, STAmount{}};
src/xrpld/app/tx/detail/AMMWithdraw.cpp:530:    if (view.rules().enabled(fixAMMv1_1) &&
src/xrpld/app/tx/detail/AMMWithdraw.cpp:531:        lpTokensWithdrawActual > lpTokensAMMBalance)
src/xrpld/app/tx/detail/AMMWithdraw.cpp:535:            << "AMM Withdraw: failed to withdraw, unexpected LP tokens: "
src/xrpld/app/tx/detail/AMMWithdraw.cpp:537:            << lpTokensAMMBalance;
src/xrpld/app/tx/detail/AMMWithdraw.cpp:538:        return {tecINTERNAL, STAmount{}, STAmount{}, STAmount{}};
src/xrpld/app/tx/detail/AMMWithdraw.cpp:549:            << "AMM Withdraw: failed to withdraw one side of the pool "
src/xrpld/app/tx/detail/AMMWithdraw.cpp:552:            << lpTokensAMMBalance;
src/xrpld/app/tx/detail/AMMWithdraw.cpp:553:        return {tecAMM_BALANCE, STAmount{}, STAmount{}, STAmount{}};
src/xrpld/app/tx/detail/AMMWithdraw.cpp:557:    if (lpTokensWithdrawActual == lpTokensAMMBalance &&
src/xrpld/app/tx/detail/AMMWithdraw.cpp:562:            << "AMM Withdraw: failed to withdraw all tokens "
src/xrpld/app/tx/detail/AMMWithdraw.cpp:564:            << " curBalance2: " << amount2WithdrawActual.value_or(STAmount{0})
src/xrpld/app/tx/detail/AMMWithdraw.cpp:566:            << lpTokensAMMBalance;
src/xrpld/app/tx/detail/AMMWithdraw.cpp:567:        return {tecAMM_BALANCE, STAmount{}, STAmount{}, STAmount{}};
src/xrpld/app/tx/detail/AMMWithdraw.cpp:575:            << "AMM Withdraw: withdrawing more than the pool's balance "
src/xrpld/app/tx/detail/AMMWithdraw.cpp:578:            << (amount2WithdrawActual ? *amount2WithdrawActual : STAmount{})
src/xrpld/app/tx/detail/AMMWithdraw.cpp:580:            << lpTokensAMMBalance;
src/xrpld/app/tx/detail/AMMWithdraw.cpp:581:        return {tecAMM_BALANCE, STAmount{}, STAmount{}, STAmount{}};
src/xrpld/app/tx/detail/AMMWithdraw.cpp:585:    bool const enabledFixAMMv1_2 = view.rules().enabled(fixAMMv1_2);
src/xrpld/app/tx/detail/AMMWithdraw.cpp:587:        if (!enabledFixAMMv1_2 || isXRP(issue))
src/xrpld/app/tx/detail/AMMWithdraw.cpp:595:            std::uint32_t const ownerCount = sleAccount->at(sfOwnerCount);
src/xrpld/app/tx/detail/AMMWithdraw.cpp:598:            XRPAmount const reserve(
src/xrpld/app/tx/detail/AMMWithdraw.cpp:599:                (ownerCount < 2) ? XRPAmount(beast::zero)
src/xrpld/app/tx/detail/AMMWithdraw.cpp:609:        return {err, STAmount{}, STAmount{}, STAmount{}};
src/xrpld/app/tx/detail/AMMWithdraw.cpp:612:    auto res = accountSend(
src/xrpld/app/tx/detail/AMMWithdraw.cpp:623:            << "AMM Withdraw: failed to withdraw " << amountWithdrawActual;
src/xrpld/app/tx/detail/AMMWithdraw.cpp:624:        return {res, STAmount{}, STAmount{}, STAmount{}};
src/xrpld/app/tx/detail/AMMWithdraw.cpp:633:            return {err, STAmount{}, STAmount{}, STAmount{}};
src/xrpld/app/tx/detail/AMMWithdraw.cpp:635:        res = accountSend(
src/xrpld/app/tx/detail/AMMWithdraw.cpp:645:            JLOG(journal.debug()) << "AMM Withdraw: failed to withdraw "
src/xrpld/app/tx/detail/AMMWithdraw.cpp:647:            return {res, STAmount{}, STAmount{}, STAmount{}};
src/xrpld/app/tx/detail/AMMWithdraw.cpp:662:        JLOG(journal.debug()) << "AMM Withdraw: failed to withdraw LPTokens";
src/xrpld/app/tx/detail/AMMWithdraw.cpp:663:        return {res, STAmount{}, STAmount{}, STAmount{}};
src/xrpld/app/tx/detail/AMMWithdraw.cpp:669:        lpTokensAMMBalance - lpTokensWithdrawActual,
src/xrpld/app/tx/detail/AMMWithdraw.cpp:674:static STAmount
src/xrpld/app/tx/detail/AMMWithdraw.cpp:675:adjustLPTokensIn(
src/xrpld/app/tx/detail/AMMWithdraw.cpp:677:    STAmount const& lptAMMBalance,
src/xrpld/app/tx/detail/AMMWithdraw.cpp:678:    STAmount const& lpTokensWithdraw,
src/xrpld/app/tx/detail/AMMWithdraw.cpp:681:    if (!rules.enabled(fixAMMv1_3) || withdrawAll == WithdrawAll::Yes)
src/xrpld/app/tx/detail/AMMWithdraw.cpp:683:    return adjustLPTokens(lptAMMBalance, lpTokensWithdraw, IsDeposit::No);
src/xrpld/app/tx/detail/AMMWithdraw.cpp:686:/** Proportional withdrawal of pool assets for the amount of LPTokens.
src/xrpld/app/tx/detail/AMMWithdraw.cpp:688:std::pair<TER, STAmount>
src/xrpld/app/tx/detail/AMMWithdraw.cpp:689:AMMWithdraw::equalWithdrawTokens(
src/xrpld/app/tx/detail/AMMWithdraw.cpp:693:    STAmount const& amountBalance,
src/xrpld/app/tx/detail/AMMWithdraw.cpp:694:    STAmount const& amount2Balance,
src/xrpld/app/tx/detail/AMMWithdraw.cpp:695:    STAmount const& lptAMMBalance,
src/xrpld/app/tx/detail/AMMWithdraw.cpp:696:    STAmount const& lpTokens,
src/xrpld/app/tx/detail/AMMWithdraw.cpp:697:    STAmount const& lpTokensWithdraw,
src/xrpld/app/tx/detail/AMMWithdraw.cpp:701:    STAmount newLPTokenBalance;
src/xrpld/app/tx/detail/AMMWithdraw.cpp:702:    std::tie(ter, newLPTokenBalance, std::ignore, std::ignore) =
src/xrpld/app/tx/detail/AMMWithdraw.cpp:710:            lptAMMBalance,
src/xrpld/app/tx/detail/AMMWithdraw.cpp:714:            FreezeHandling::fhZERO_IF_FROZEN,
src/xrpld/app/tx/detail/AMMWithdraw.cpp:718:    return {ter, newLPTokenBalance};
src/xrpld/app/tx/detail/AMMWithdraw.cpp:722:AMMWithdraw::deleteAMMAccountIfEmpty(
src/xrpld/app/tx/detail/AMMWithdraw.cpp:725:    STAmount const& lpTokenBalance,
src/xrpld/app/tx/detail/AMMWithdraw.cpp:734:        ter = deleteAMMAccount(sb, issue1, issue2, journal);
src/xrpld/app/tx/detail/AMMWithdraw.cpp:743:        ammSle->setFieldAmount(sfLPTokenBalance, lpTokenBalance);
src/xrpld/app/tx/detail/AMMWithdraw.cpp:750:/** Proportional withdrawal of pool assets for the amount of LPTokens.
src/xrpld/app/tx/detail/AMMWithdraw.cpp:752:std::tuple<TER, STAmount, STAmount, std::optional<STAmount>>
src/xrpld/app/tx/detail/AMMWithdraw.cpp:753:AMMWithdraw::equalWithdrawTokens(
src/xrpld/app/tx/detail/AMMWithdraw.cpp:758:    STAmount const& amountBalance,
src/xrpld/app/tx/detail/AMMWithdraw.cpp:759:    STAmount const& amount2Balance,
src/xrpld/app/tx/detail/AMMWithdraw.cpp:760:    STAmount const& lptAMMBalance,
src/xrpld/app/tx/detail/AMMWithdraw.cpp:761:    STAmount const& lpTokens,
src/xrpld/app/tx/detail/AMMWithdraw.cpp:762:    STAmount const& lpTokensWithdraw,
src/xrpld/app/tx/detail/AMMWithdraw.cpp:764:    FreezeHandling freezeHanding,
src/xrpld/app/tx/detail/AMMWithdraw.cpp:766:    XRPAmount const& priorBalance,
src/xrpld/app/tx/detail/AMMWithdraw.cpp:772:        if (lpTokensWithdraw == lptAMMBalance)
src/xrpld/app/tx/detail/AMMWithdraw.cpp:782:                lptAMMBalance,
src/xrpld/app/tx/detail/AMMWithdraw.cpp:791:        auto const tokensAdj = adjustLPTokensIn(
src/xrpld/app/tx/detail/AMMWithdraw.cpp:792:            view.rules(), lptAMMBalance, lpTokensWithdraw, withdrawAll);
src/xrpld/app/tx/detail/AMMWithdraw.cpp:793:        if (view.rules().enabled(fixAMMv1_3) && tokensAdj == beast::zero)
src/xrpld/app/tx/detail/AMMWithdraw.cpp:795:                tecAMM_INVALID_TOKENS, STAmount{}, STAmount{}, std::nullopt};
src/xrpld/app/tx/detail/AMMWithdraw.cpp:797:        auto const frac = divide(tokensAdj, lptAMMBalance, noIssue());
src/xrpld/app/tx/detail/AMMWithdraw.cpp:799:            getRoundedAsset(view.rules(), amountBalance, frac, IsDeposit::No);
src/xrpld/app/tx/detail/AMMWithdraw.cpp:801:            getRoundedAsset(view.rules(), amount2Balance, frac, IsDeposit::No);
src/xrpld/app/tx/detail/AMMWithdraw.cpp:807:            return {tecAMM_FAILED, STAmount{}, STAmount{}, STAmount{}};
src/xrpld/app/tx/detail/AMMWithdraw.cpp:817:            lptAMMBalance,
src/xrpld/app/tx/detail/AMMWithdraw.cpp:829:            << "AMMWithdraw::equalWithdrawTokens exception " << e.what();
src/xrpld/app/tx/detail/AMMWithdraw.cpp:831:    return {tecINTERNAL, STAmount{}, STAmount{}, STAmount{}};
src/xrpld/app/tx/detail/AMMWithdraw.cpp:841: *      T: current balance of outstanding LPTokens
src/xrpld/app/tx/detail/AMMWithdraw.cpp:844: *      t: balance of LPTokens issued to LP after a successful transaction
src/xrpld/app/tx/detail/AMMWithdraw.cpp:845: * Use equation 5 to compute t, given the amount in Asset1Out. Let this be Z
src/xrpld/app/tx/detail/AMMWithdraw.cpp:848: * If X <= amount in Asset2Out:
src/xrpld/app/tx/detail/AMMWithdraw.cpp:849: *   The amount of asset1 to be withdrawn is the one specified in Asset1Out
src/xrpld/app/tx/detail/AMMWithdraw.cpp:851: *   The amount of LPTokens redeemed is Z
src/xrpld/app/tx/detail/AMMWithdraw.cpp:852: * If X> amount in Asset2Out:
src/xrpld/app/tx/detail/AMMWithdraw.cpp:853: *   Use equation 5 to compute t, given the amount in Asset2Out. Let this be Q
src/xrpld/app/tx/detail/AMMWithdraw.cpp:856: *   The amount of asset2 to be withdrawn is the one specified in Asset2Out
src/xrpld/app/tx/detail/AMMWithdraw.cpp:858: *   The amount of LPTokens redeemed is Q
src/xrpld/app/tx/detail/AMMWithdraw.cpp:860:std::pair<TER, STAmount>
src/xrpld/app/tx/detail/AMMWithdraw.cpp:861:AMMWithdraw::equalWithdrawLimit(
src/xrpld/app/tx/detail/AMMWithdraw.cpp:865:    STAmount const& amountBalance,
src/xrpld/app/tx/detail/AMMWithdraw.cpp:866:    STAmount const& amount2Balance,
src/xrpld/app/tx/detail/AMMWithdraw.cpp:867:    STAmount const& lptAMMBalance,
src/xrpld/app/tx/detail/AMMWithdraw.cpp:868:    STAmount const& amount,
src/xrpld/app/tx/detail/AMMWithdraw.cpp:869:    STAmount const& amount2,
src/xrpld/app/tx/detail/AMMWithdraw.cpp:874:        getRoundedAsset(view.rules(), amount2Balance, frac, IsDeposit::No);
src/xrpld/app/tx/detail/AMMWithdraw.cpp:876:        getRoundedLPTokens(view.rules(), lptAMMBalance, frac, IsDeposit::No);
src/xrpld/app/tx/detail/AMMWithdraw.cpp:877:    if (view.rules().enabled(fixAMMv1_3) && tokensAdj == beast::zero)
src/xrpld/app/tx/detail/AMMWithdraw.cpp:878:        return {tecAMM_INVALID_TOKENS, STAmount{}};
src/xrpld/app/tx/detail/AMMWithdraw.cpp:880:    frac = adjustFracByTokens(view.rules(), lptAMMBalance, tokensAdj, frac);
src/xrpld/app/tx/detail/AMMWithdraw.cpp:882:        getRoundedAsset(view.rules(), amount2Balance, frac, IsDeposit::No);
src/xrpld/app/tx/detail/AMMWithdraw.cpp:892:            lptAMMBalance,
src/xrpld/app/tx/detail/AMMWithdraw.cpp:899:        getRoundedAsset(view.rules(), amountBalance, frac, IsDeposit::No);
src/xrpld/app/tx/detail/AMMWithdraw.cpp:901:        getRoundedLPTokens(view.rules(), lptAMMBalance, frac, IsDeposit::No);
src/xrpld/app/tx/detail/AMMWithdraw.cpp:902:    if (view.rules().enabled(fixAMMv1_3) && tokensAdj == beast::zero)
src/xrpld/app/tx/detail/AMMWithdraw.cpp:903:        return {tecAMM_INVALID_TOKENS, STAmount{}};  // LCOV_EXCL_LINE
src/xrpld/app/tx/detail/AMMWithdraw.cpp:905:    frac = adjustFracByTokens(view.rules(), lptAMMBalance, tokensAdj, frac);
src/xrpld/app/tx/detail/AMMWithdraw.cpp:907:        getRoundedAsset(view.rules(), amountBalance, frac, IsDeposit::No);
src/xrpld/app/tx/detail/AMMWithdraw.cpp:908:    if (!view.rules().enabled(fixAMMv1_3))
src/xrpld/app/tx/detail/AMMWithdraw.cpp:913:            "ripple::AMMWithdraw::equalWithdrawLimit : maximum amountWithdraw");
src/xrpld/app/tx/detail/AMMWithdraw.cpp:917:        return {tecAMM_FAILED, STAmount{}};  // LCOV_EXCL_LINE
src/xrpld/app/tx/detail/AMMWithdraw.cpp:925:        lptAMMBalance,
src/xrpld/app/tx/detail/AMMWithdraw.cpp:930:/** Withdraw single asset equivalent to the amount specified in Asset1Out.
src/xrpld/app/tx/detail/AMMWithdraw.cpp:933: * Use equation 7 to compute the t, given the amount in Asset1Out.
src/xrpld/app/tx/detail/AMMWithdraw.cpp:935:std::pair<TER, STAmount>
src/xrpld/app/tx/detail/AMMWithdraw.cpp:936:AMMWithdraw::singleWithdraw(
src/xrpld/app/tx/detail/AMMWithdraw.cpp:940:    STAmount const& amountBalance,
src/xrpld/app/tx/detail/AMMWithdraw.cpp:941:    STAmount const& lptAMMBalance,
src/xrpld/app/tx/detail/AMMWithdraw.cpp:942:    STAmount const& amount,
src/xrpld/app/tx/detail/AMMWithdraw.cpp:945:    auto const tokens = adjustLPTokensIn(
src/xrpld/app/tx/detail/AMMWithdraw.cpp:947:        lptAMMBalance,
src/xrpld/app/tx/detail/AMMWithdraw.cpp:948:        lpTokensIn(amountBalance, amount, lptAMMBalance, tfee),
src/xrpld/app/tx/detail/AMMWithdraw.cpp:952:        if (!view.rules().enabled(fixAMMv1_3))
src/xrpld/app/tx/detail/AMMWithdraw.cpp:953:            return {tecAMM_FAILED, STAmount{}};  // LCOV_EXCL_LINE
src/xrpld/app/tx/detail/AMMWithdraw.cpp:955:            return {tecAMM_INVALID_TOKENS, STAmount{}};
src/xrpld/app/tx/detail/AMMWithdraw.cpp:958:    auto const [tokensAdj, amountWithdrawAdj] = adjustAssetOutByTokens(
src/xrpld/app/tx/detail/AMMWithdraw.cpp:959:        view.rules(), amountBalance, amount, lptAMMBalance, tokens, tfee);
src/xrpld/app/tx/detail/AMMWithdraw.cpp:960:    if (view.rules().enabled(fixAMMv1_3) && tokensAdj == beast::zero)
src/xrpld/app/tx/detail/AMMWithdraw.cpp:961:        return {tecAMM_INVALID_TOKENS, STAmount{}};  // LCOV_EXCL_LINE
src/xrpld/app/tx/detail/AMMWithdraw.cpp:969:        lptAMMBalance,
src/xrpld/app/tx/detail/AMMWithdraw.cpp:974:/** withdrawal of single asset specified in Asset1Out proportional
src/xrpld/app/tx/detail/AMMWithdraw.cpp:975: * to the share represented by the amount of LPTokens.
src/xrpld/app/tx/detail/AMMWithdraw.cpp:977: *   represented by LPTokens. Let this be Y.
src/xrpld/app/tx/detail/AMMWithdraw.cpp:978: * If (amount exists for Asset1Out & Y >= amount in Asset1Out) ||
src/xrpld/app/tx/detail/AMMWithdraw.cpp:979: *       (amount field does not exist for Asset1Out):
src/xrpld/app/tx/detail/AMMWithdraw.cpp:981: *   The amount of LPTokens redeemed is LPTokens
src/xrpld/app/tx/detail/AMMWithdraw.cpp:984:std::pair<TER, STAmount>
src/xrpld/app/tx/detail/AMMWithdraw.cpp:985:AMMWithdraw::singleWithdrawTokens(
src/xrpld/app/tx/detail/AMMWithdraw.cpp:989:    STAmount const& amountBalance,
src/xrpld/app/tx/detail/AMMWithdraw.cpp:990:    STAmount const& lptAMMBalance,
src/xrpld/app/tx/detail/AMMWithdraw.cpp:991:    STAmount const& amount,
src/xrpld/app/tx/detail/AMMWithdraw.cpp:992:    STAmount const& lpTokensWithdraw,
src/xrpld/app/tx/detail/AMMWithdraw.cpp:995:    auto const tokensAdj = adjustLPTokensIn(
src/xrpld/app/tx/detail/AMMWithdraw.cpp:996:        view.rules(), lptAMMBalance, lpTokensWithdraw, isWithdrawAll(ctx_.tx));
src/xrpld/app/tx/detail/AMMWithdraw.cpp:997:    if (view.rules().enabled(fixAMMv1_3) && tokensAdj == beast::zero)
src/xrpld/app/tx/detail/AMMWithdraw.cpp:998:        return {tecAMM_INVALID_TOKENS, STAmount{}};
src/xrpld/app/tx/detail/AMMWithdraw.cpp:1001:        ammAssetOut(amountBalance, lptAMMBalance, tokensAdj, tfee);
src/xrpld/app/tx/detail/AMMWithdraw.cpp:1011:            lptAMMBalance,
src/xrpld/app/tx/detail/AMMWithdraw.cpp:1016:    return {tecAMM_FAILED, STAmount{}};
src/xrpld/app/tx/detail/AMMWithdraw.cpp:1020: * a. amount of asset1 if specified (not 0) in Asset1Out specifies the minimum
src/xrpld/app/tx/detail/AMMWithdraw.cpp:1023: *     specified in EPrice
src/xrpld/app/tx/detail/AMMWithdraw.cpp:1030: * Use equations 8 & III and amount in EPrice to compute the two variables:
src/xrpld/app/tx/detail/AMMWithdraw.cpp:1031: *   asset in as LPTokens. Let this be X
src/xrpld/app/tx/detail/AMMWithdraw.cpp:1032: *   asset out as that in Asset1Out. Let this be Y
src/xrpld/app/tx/detail/AMMWithdraw.cpp:1033: * If (amount exists for Asset1Out & Y >= amount in Asset1Out) ||
src/xrpld/app/tx/detail/AMMWithdraw.cpp:1034: *     (amount field does not exist for Asset1Out):
src/xrpld/app/tx/detail/AMMWithdraw.cpp:1036: *   The amount of LPTokens is given by X
src/xrpld/app/tx/detail/AMMWithdraw.cpp:1038:std::pair<TER, STAmount>
src/xrpld/app/tx/detail/AMMWithdraw.cpp:1039:AMMWithdraw::singleWithdrawEPrice(
src/xrpld/app/tx/detail/AMMWithdraw.cpp:1043:    STAmount const& amountBalance,
src/xrpld/app/tx/detail/AMMWithdraw.cpp:1044:    STAmount const& lptAMMBalance,
src/xrpld/app/tx/detail/AMMWithdraw.cpp:1045:    STAmount const& amount,
src/xrpld/app/tx/detail/AMMWithdraw.cpp:1046:    STAmount const& ePrice,
src/xrpld/app/tx/detail/AMMWithdraw.cpp:1049:    // LPTokens is asset in => E = t / a and formula (8) is:
src/xrpld/app/tx/detail/AMMWithdraw.cpp:1062:        return lptAMMBalance * (lptAMMBalance + ae * (f - 2)) /
src/xrpld/app/tx/detail/AMMWithdraw.cpp:1063:            (lptAMMBalance * f - ae);
src/xrpld/app/tx/detail/AMMWithdraw.cpp:1066:        return (lptAMMBalance + ae * (f - 2)) / (lptAMMBalance * f - ae);
src/xrpld/app/tx/detail/AMMWithdraw.cpp:1068:    auto const tokensAdj = getRoundedLPTokens(
src/xrpld/app/tx/detail/AMMWithdraw.cpp:1069:        view.rules(), tokNoRoundCb, lptAMMBalance, tokProdCb, IsDeposit::No);
src/xrpld/app/tx/detail/AMMWithdraw.cpp:1072:        if (!view.rules().enabled(fixAMMv1_3))
src/xrpld/app/tx/detail/AMMWithdraw.cpp:1073:            return {tecAMM_FAILED, STAmount{}};
src/xrpld/app/tx/detail/AMMWithdraw.cpp:1075:            return {tecAMM_INVALID_TOKENS, STAmount{}};
src/xrpld/app/tx/detail/AMMWithdraw.cpp:1080:    auto const amountWithdraw = getRoundedAsset(
src/xrpld/app/tx/detail/AMMWithdraw.cpp:1091:            lptAMMBalance,
src/xrpld/app/tx/detail/AMMWithdraw.cpp:1096:    return {tecAMM_FAILED, STAmount{}};
src/xrpld/app/tx/detail/AMMWithdraw.cpp:1100:AMMWithdraw::isWithdrawAll(STTx const& tx)
src/xrpld/app/tx/detail/AMMWithdraw.cpp:1102:    if (tx[sfFlags] & (tfWithdrawAll | tfOneAssetWithdrawAll))
src/xrpld/app/tx/detail/AMMCreate.cpp:21:#include <xrpld/app/misc/AMMHelpers.h>
src/xrpld/app/tx/detail/AMMCreate.cpp:22:#include <xrpld/app/misc/AMMUtils.h>
src/xrpld/app/tx/detail/AMMCreate.cpp:23:#include <xrpld/app/tx/detail/AMMCreate.h>
src/xrpld/app/tx/detail/AMMCreate.cpp:27:#include <xrpl/protocol/AMMCore.h>
src/xrpld/app/tx/detail/AMMCreate.cpp:35:AMMCreate::checkExtraFeatures(PreflightContext const& ctx)
src/xrpld/app/tx/detail/AMMCreate.cpp:41:AMMCreate::preflight(PreflightContext const& ctx)
src/xrpld/app/tx/detail/AMMCreate.cpp:43:    auto const amount = ctx.tx[sfAmount];
src/xrpld/app/tx/detail/AMMCreate.cpp:44:    auto const amount2 = ctx.tx[sfAmount2];
src/xrpld/app/tx/detail/AMMCreate.cpp:49:            << "AMM Instance: tokens can not have the same currency/issuer.";
src/xrpld/app/tx/detail/AMMCreate.cpp:50:        return temBAD_AMM_TOKENS;
src/xrpld/app/tx/detail/AMMCreate.cpp:53:    if (auto const err = invalidAMMAmount(amount))
src/xrpld/app/tx/detail/AMMCreate.cpp:55:        JLOG(ctx.j.debug()) << "AMM Instance: invalid asset1 amount.";
src/xrpld/app/tx/detail/AMMCreate.cpp:59:    if (auto const err = invalidAMMAmount(amount2))
src/xrpld/app/tx/detail/AMMCreate.cpp:61:        JLOG(ctx.j.debug()) << "AMM Instance: invalid asset2 amount.";
src/xrpld/app/tx/detail/AMMCreate.cpp:65:    if (ctx.tx[sfTradingFee] > TRADING_FEE_THRESHOLD)
src/xrpld/app/tx/detail/AMMCreate.cpp:67:        JLOG(ctx.j.debug()) << "AMM Instance: invalid trading fee.";
src/xrpld/app/tx/detail/AMMCreate.cpp:74:XRPAmount
src/xrpld/app/tx/detail/AMMCreate.cpp:75:AMMCreate::calculateBaseFee(ReadView const& view, STTx const& tx)
src/xrpld/app/tx/detail/AMMCreate.cpp:77:    // The fee required for AMMCreate is one owner reserve.
src/xrpld/app/tx/detail/AMMCreate.cpp:82:AMMCreate::preclaim(PreclaimContext const& ctx)
src/xrpld/app/tx/detail/AMMCreate.cpp:85:    auto const amount = ctx.tx[sfAmount];
src/xrpld/app/tx/detail/AMMCreate.cpp:86:    auto const amount2 = ctx.tx[sfAmount2];
src/xrpld/app/tx/detail/AMMCreate.cpp:88:    // Check if AMM already exists for the token pair
src/xrpld/app/tx/detail/AMMCreate.cpp:92:        JLOG(ctx.j.debug()) << "AMM Instance: ltAMM already exists.";
src/xrpld/app/tx/detail/AMMCreate.cpp:100:            << "AMM Instance: account is not authorized, " << amount.issue();
src/xrpld/app/tx/detail/AMMCreate.cpp:108:            << "AMM Instance: account is not authorized, " << amount2.issue();
src/xrpld/app/tx/detail/AMMCreate.cpp:113:    if (isFrozen(ctx.view, accountID, amount.issue()) ||
src/xrpld/app/tx/detail/AMMCreate.cpp:114:        isFrozen(ctx.view, accountID, amount2.issue()))
src/xrpld/app/tx/detail/AMMCreate.cpp:116:        JLOG(ctx.j.debug()) << "AMM Instance: involves frozen asset.";
src/xrpld/app/tx/detail/AMMCreate.cpp:117:        return tecFROZEN;
src/xrpld/app/tx/detail/AMMCreate.cpp:134:        JLOG(ctx.j.debug()) << "AMM Instance: DefaultRipple not set";
src/xrpld/app/tx/detail/AMMCreate.cpp:138:    // Check the reserve for LPToken trustline
src/xrpld/app/tx/detail/AMMCreate.cpp:139:    STAmount const xrpBalance = xrpLiquid(ctx.view, accountID, 1, ctx.j);
src/xrpld/app/tx/detail/AMMCreate.cpp:143:        JLOG(ctx.j.debug()) << "AMM Instance: insufficient reserves";
src/xrpld/app/tx/detail/AMMCreate.cpp:147:    auto insufficientBalance = [&](STAmount const& asset) {
src/xrpld/app/tx/detail/AMMCreate.cpp:155:                FreezeHandling::fhZERO_IF_FROZEN,
src/xrpld/app/tx/detail/AMMCreate.cpp:162:            << "AMM Instance: insufficient funds, " << amount << " " << amount2;
src/xrpld/app/tx/detail/AMMCreate.cpp:163:        return tecUNFUNDED_AMM;
src/xrpld/app/tx/detail/AMMCreate.cpp:166:    auto isLPToken = [&](STAmount const& amount) -> bool {
src/xrpld/app/tx/detail/AMMCreate.cpp:169:            return sle->isFieldPresent(sfAMMID);
src/xrpld/app/tx/detail/AMMCreate.cpp:173:    if (isLPToken(amount) || isLPToken(amount2))
src/xrpld/app/tx/detail/AMMCreate.cpp:175:        JLOG(ctx.j.debug()) << "AMM Instance: can't create with LPTokens "
src/xrpld/app/tx/detail/AMMCreate.cpp:177:        return tecAMM_INVALID_TOKENS;
src/xrpld/app/tx/detail/AMMCreate.cpp:180:    if (ctx.view.rules().enabled(featureSingleAssetVault))
src/xrpld/app/tx/detail/AMMCreate.cpp:188:    // If featureAMMClawback is enabled, allow AMMCreate without checking
src/xrpld/app/tx/detail/AMMCreate.cpp:190:    if (ctx.view.rules().enabled(featureAMMClawback))
src/xrpld/app/tx/detail/AMMCreate.cpp:193:    // Disallow AMM if the issuer has clawback enabled when featureAMMClawback
src/xrpld/app/tx/detail/AMMCreate.cpp:201:        else if (sle->getFlags() & lsfAllowTrustLineClawback)
src/xrpld/app/tx/detail/AMMCreate.cpp:202:            return tecNO_PERMISSION;
src/xrpld/app/tx/detail/AMMCreate.cpp:218:    auto const amount = ctx_.tx[sfAmount];
src/xrpld/app/tx/detail/AMMCreate.cpp:219:    auto const amount2 = ctx_.tx[sfAmount2];
src/xrpld/app/tx/detail/AMMCreate.cpp:224:    auto const maybeAccount = createPseudoAccount(sb, ammKeylet.key, sfAMMID);
src/xrpld/app/tx/detail/AMMCreate.cpp:225:    // AMM account already exists (should not happen)
src/xrpld/app/tx/detail/AMMCreate.cpp:228:        JLOG(j_.error()) << "AMM Instance: failed to create pseudo account.";
src/xrpld/app/tx/detail/AMMCreate.cpp:239:        JLOG(j_.error()) << "AMM Instance: LP Token already exists.";
src/xrpld/app/tx/detail/AMMCreate.cpp:243:    // Note, that the trustlines created by AMM have 0 credit limit.
src/xrpld/app/tx/detail/AMMCreate.cpp:244:    // This prevents shifting the balance between accounts via AMM,
src/xrpld/app/tx/detail/AMMCreate.cpp:245:    // or sending unsolicited LPTokens. This is a desired behavior.
src/xrpld/app/tx/detail/AMMCreate.cpp:246:    // A user can only receive LPTokens through affirmative action -
src/xrpld/app/tx/detail/AMMCreate.cpp:247:    // either an AMMDeposit, TrustSet, crossing an offer, etc.
src/xrpld/app/tx/detail/AMMCreate.cpp:250:    auto const lpTokens = ammLPTokens(amount, amount2, lptIss);
src/xrpld/app/tx/detail/AMMCreate.cpp:252:    // Create ltAMM
src/xrpld/app/tx/detail/AMMCreate.cpp:255:    ammSle->setFieldAmount(sfLPTokenBalance, lpTokens);
src/xrpld/app/tx/detail/AMMCreate.cpp:257:    ammSle->setFieldIssue(sfAsset, STIssue{sfAsset, issue1});
src/xrpld/app/tx/detail/AMMCreate.cpp:258:    ammSle->setFieldIssue(sfAsset2, STIssue{sfAsset2, issue2});
src/xrpld/app/tx/detail/AMMCreate.cpp:259:    // AMM creator gets the auction slot and the voting slot.
src/xrpld/app/tx/detail/AMMCreate.cpp:261:        ctx_.view(), ammSle, account_, lptIss, ctx_.tx[sfTradingFee]);
src/xrpld/app/tx/detail/AMMCreate.cpp:263:    // Add owner directory to link the root account and AMM object.
src/xrpld/app/tx/detail/AMMCreate.cpp:266:        JLOG(j_.debug()) << "AMM Instance: failed to insert owner dir";
src/xrpld/app/tx/detail/AMMCreate.cpp:272:    auto res = accountSend(sb, accountId, account_, lpTokens, ctx_.journal);
src/xrpld/app/tx/detail/AMMCreate.cpp:275:        JLOG(j_.debug()) << "AMM Instance: failed to send LPT " << lpTokens;
src/xrpld/app/tx/detail/AMMCreate.cpp:279:    auto sendAndTrustSet = [&](STAmount const& amount) -> TER {
src/xrpld/app/tx/detail/AMMCreate.cpp:280:        if (auto const res = accountSend(
src/xrpld/app/tx/detail/AMMCreate.cpp:288:        // Set AMM flag on AMM trustline
src/xrpld/app/tx/detail/AMMCreate.cpp:298:                sleRippleState->setFieldU32(sfFlags, flags | lsfAMMNode);
src/xrpld/app/tx/detail/AMMCreate.cpp:309:        JLOG(j_.debug()) << "AMM Instance: failed to send " << amount;
src/xrpld/app/tx/detail/AMMCreate.cpp:317:        JLOG(j_.debug()) << "AMM Instance: failed to send " << amount2;
src/xrpld/app/tx/detail/AMMCreate.cpp:321:    JLOG(j_.debug()) << "AMM Instance: success " << accountId << " "
src/xrpld/app/tx/detail/AMMCreate.cpp:339:AMMCreate::doApply()
src/xrpld/app/tx/detail/AMMDeposit.cpp:20:#include <xrpld/app/misc/AMMHelpers.h>
src/xrpld/app/tx/detail/AMMDeposit.cpp:21:#include <xrpld/app/misc/AMMUtils.h>
src/xrpld/app/tx/detail/AMMDeposit.cpp:22:#include <xrpld/app/tx/detail/AMMDeposit.h>
src/xrpld/app/tx/detail/AMMDeposit.cpp:26:#include <xrpl/protocol/AMMCore.h>
src/xrpld/app/tx/detail/AMMDeposit.cpp:33:AMMDeposit::checkExtraFeatures(PreflightContext const& ctx)
src/xrpld/app/tx/detail/AMMDeposit.cpp:39:AMMDeposit::getFlagsMask(PreflightContext const& ctx)
src/xrpld/app/tx/detail/AMMDeposit.cpp:46:AMMDeposit::preflight(PreflightContext const& ctx)
src/xrpld/app/tx/detail/AMMDeposit.cpp:50:    auto const amount = ctx.tx[~sfAmount];
src/xrpld/app/tx/detail/AMMDeposit.cpp:51:    auto const amount2 = ctx.tx[~sfAmount2];
src/xrpld/app/tx/detail/AMMDeposit.cpp:52:    auto const ePrice = ctx.tx[~sfEPrice];
src/xrpld/app/tx/detail/AMMDeposit.cpp:53:    auto const lpTokens = ctx.tx[~sfLPTokenOut];
src/xrpld/app/tx/detail/AMMDeposit.cpp:54:    auto const tradingFee = ctx.tx[~sfTradingFee];
src/xrpld/app/tx/detail/AMMDeposit.cpp:56:    //   tfLPTokens: LPTokenOut, [Amount, Amount2]
src/xrpld/app/tx/detail/AMMDeposit.cpp:57:    //   tfSingleAsset: Amount, [LPTokenOut]
src/xrpld/app/tx/detail/AMMDeposit.cpp:58:    //   tfTwoAsset: Amount, Amount2, [LPTokenOut]
src/xrpld/app/tx/detail/AMMDeposit.cpp:59:    //   tfTwoAssetIfEmpty: Amount, Amount2, [sfTradingFee]
src/xrpld/app/tx/detail/AMMDeposit.cpp:60:    //   tfOnAssetLPToken: Amount and LPTokenOut
src/xrpld/app/tx/detail/AMMDeposit.cpp:61:    //   tfLimitLPToken: Amount and EPrice
src/xrpld/app/tx/detail/AMMDeposit.cpp:64:        JLOG(ctx.j.debug()) << "AMM Deposit: invalid flags.";
src/xrpld/app/tx/detail/AMMDeposit.cpp:67:    if (flags & tfLPToken)
src/xrpld/app/tx/detail/AMMDeposit.cpp:74:    else if (flags & tfSingleAsset)
src/xrpld/app/tx/detail/AMMDeposit.cpp:80:    else if (flags & tfTwoAsset)
src/xrpld/app/tx/detail/AMMDeposit.cpp:86:    else if (flags & tfOneAssetLPToken)
src/xrpld/app/tx/detail/AMMDeposit.cpp:91:    else if (flags & tfLimitLPToken)
src/xrpld/app/tx/detail/AMMDeposit.cpp:96:    else if (flags & tfTwoAssetIfEmpty)
src/xrpld/app/tx/detail/AMMDeposit.cpp:102:    auto const asset = ctx.tx[sfAsset].get<Issue>();
src/xrpld/app/tx/detail/AMMDeposit.cpp:103:    auto const asset2 = ctx.tx[sfAsset2].get<Issue>();
src/xrpld/app/tx/detail/AMMDeposit.cpp:104:    if (auto const res = invalidAMMAssetPair(asset, asset2))
src/xrpld/app/tx/detail/AMMDeposit.cpp:106:        JLOG(ctx.j.debug()) << "AMM Deposit: invalid asset pair.";
src/xrpld/app/tx/detail/AMMDeposit.cpp:112:        JLOG(ctx.j.debug()) << "AMM Deposit: invalid tokens, same issue."
src/xrpld/app/tx/detail/AMMDeposit.cpp:114:        return temBAD_AMM_TOKENS;
src/xrpld/app/tx/detail/AMMDeposit.cpp:119:        JLOG(ctx.j.debug()) << "AMM Deposit: invalid LPTokens";
src/xrpld/app/tx/detail/AMMDeposit.cpp:120:        return temBAD_AMM_TOKENS;
src/xrpld/app/tx/detail/AMMDeposit.cpp:125:        if (auto const res = invalidAMMAmount(
src/xrpld/app/tx/detail/AMMDeposit.cpp:130:            JLOG(ctx.j.debug()) << "AMM Deposit: invalid amount";
src/xrpld/app/tx/detail/AMMDeposit.cpp:137:        if (auto const res = invalidAMMAmount(
src/xrpld/app/tx/detail/AMMDeposit.cpp:140:            JLOG(ctx.j.debug()) << "AMM Deposit: invalid amount2";
src/xrpld/app/tx/detail/AMMDeposit.cpp:148:        if (auto const res = invalidAMMAmount(
src/xrpld/app/tx/detail/AMMDeposit.cpp:153:            JLOG(ctx.j.debug()) << "AMM Deposit: invalid EPrice";
src/xrpld/app/tx/detail/AMMDeposit.cpp:160:        JLOG(ctx.j.debug()) << "AMM Deposit: invalid trading fee.";
src/xrpld/app/tx/detail/AMMDeposit.cpp:168:AMMDeposit::preclaim(PreclaimContext const& ctx)
src/xrpld/app/tx/detail/AMMDeposit.cpp:173:        ctx.view.read(keylet::amm(ctx.tx[sfAsset], ctx.tx[sfAsset2]));
src/xrpld/app/tx/detail/AMMDeposit.cpp:176:        JLOG(ctx.j.debug()) << "AMM Deposit: Invalid asset pair.";
src/xrpld/app/tx/detail/AMMDeposit.cpp:177:        return terNO_AMM;
src/xrpld/app/tx/detail/AMMDeposit.cpp:180:    auto const expected = ammHolds(
src/xrpld/app/tx/detail/AMMDeposit.cpp:185:        FreezeHandling::fhIGNORE_FREEZE,
src/xrpld/app/tx/detail/AMMDeposit.cpp:189:    auto const [amountBalance, amount2Balance, lptAMMBalance] = *expected;
src/xrpld/app/tx/detail/AMMDeposit.cpp:190:    if (ctx.tx.getFlags() & tfTwoAssetIfEmpty)
src/xrpld/app/tx/detail/AMMDeposit.cpp:192:        if (lptAMMBalance != beast::zero)
src/xrpld/app/tx/detail/AMMDeposit.cpp:193:            return tecAMM_NOT_EMPTY;
src/xrpld/app/tx/detail/AMMDeposit.cpp:197:            JLOG(ctx.j.debug()) << "AMM Deposit: tokens balance is not zero.";
src/xrpld/app/tx/detail/AMMDeposit.cpp:204:        if (lptAMMBalance == beast::zero)
src/xrpld/app/tx/detail/AMMDeposit.cpp:205:            return tecAMM_EMPTY;
src/xrpld/app/tx/detail/AMMDeposit.cpp:207:            lptAMMBalance < beast::zero)
src/xrpld/app/tx/detail/AMMDeposit.cpp:211:                << "AMM Deposit: reserves or tokens balance is zero.";
src/xrpld/app/tx/detail/AMMDeposit.cpp:225:            auto const lpIssue = (*ammSle)[sfLPTokenBalance].issue();
src/xrpld/app/tx/detail/AMMDeposit.cpp:226:            // Adjust the reserve if LP doesn't have LPToken trustline
src/xrpld/app/tx/detail/AMMDeposit.cpp:232:                return tecUNFUNDED_AMM;
src/xrpld/app/tx/detail/AMMDeposit.cpp:240:                    FreezeHandling::fhIGNORE_FREEZE,
src/xrpld/app/tx/detail/AMMDeposit.cpp:243:            : tecUNFUNDED_AMM;
src/xrpld/app/tx/detail/AMMDeposit.cpp:246:    if (ctx.view.rules().enabled(featureAMMClawback))
src/xrpld/app/tx/detail/AMMDeposit.cpp:248:        // Check if either of the assets is frozen, AMMDeposit is not allowed
src/xrpld/app/tx/detail/AMMDeposit.cpp:250:        auto checkAsset = [&](Issue const& asset) -> TER {
src/xrpld/app/tx/detail/AMMDeposit.cpp:254:                    << "AMM Deposit: account is not authorized, " << asset;
src/xrpld/app/tx/detail/AMMDeposit.cpp:258:            if (isFrozen(ctx.view, accountID, asset))
src/xrpld/app/tx/detail/AMMDeposit.cpp:261:                    << "AMM Deposit: account or currency is frozen, "
src/xrpld/app/tx/detail/AMMDeposit.cpp:264:                return tecFROZEN;
src/xrpld/app/tx/detail/AMMDeposit.cpp:270:        if (auto const ter = checkAsset(ctx.tx[sfAsset].get<Issue>()))
src/xrpld/app/tx/detail/AMMDeposit.cpp:273:        if (auto const ter = checkAsset(ctx.tx[sfAsset2].get<Issue>()))
src/xrpld/app/tx/detail/AMMDeposit.cpp:277:    auto const amount = ctx.tx[~sfAmount];
src/xrpld/app/tx/detail/AMMDeposit.cpp:278:    auto const amount2 = ctx.tx[~sfAmount2];
src/xrpld/app/tx/detail/AMMDeposit.cpp:281:    auto checkAmount = [&](std::optional<STAmount> const& amount,
src/xrpld/app/tx/detail/AMMDeposit.cpp:293:                    << "AMM Deposit: account is not authorized, "
src/xrpld/app/tx/detail/AMMDeposit.cpp:298:            // AMM account or currency frozen
src/xrpld/app/tx/detail/AMMDeposit.cpp:299:            if (isFrozen(ctx.view, ammAccountID, amount->issue()))
src/xrpld/app/tx/detail/AMMDeposit.cpp:302:                    << "AMM Deposit: AMM account or currency is frozen, "
src/xrpld/app/tx/detail/AMMDeposit.cpp:304:                return tecFROZEN;
src/xrpld/app/tx/detail/AMMDeposit.cpp:307:            if (isIndividualFrozen(ctx.view, accountID, amount->issue()))
src/xrpld/app/tx/detail/AMMDeposit.cpp:309:                JLOG(ctx.j.debug()) << "AMM Deposit: account is frozen, "
src/xrpld/app/tx/detail/AMMDeposit.cpp:312:                return tecFROZEN;
src/xrpld/app/tx/detail/AMMDeposit.cpp:319:                        << "AMM Deposit: account has insufficient funds, "
src/xrpld/app/tx/detail/AMMDeposit.cpp:328:    // amount and amount2 are deposit min in case of tfLPToken
src/xrpld/app/tx/detail/AMMDeposit.cpp:329:    if (!(ctx.tx.getFlags() & tfLPToken))
src/xrpld/app/tx/detail/AMMDeposit.cpp:331:        if (auto const ter = checkAmount(amount, true))
src/xrpld/app/tx/detail/AMMDeposit.cpp:334:        if (auto const ter = checkAmount(amount2, true))
src/xrpld/app/tx/detail/AMMDeposit.cpp:339:        if (auto const ter = checkAmount(amountBalance, false))
src/xrpld/app/tx/detail/AMMDeposit.cpp:341:        if (auto const ter = checkAmount(amount2Balance, false))
src/xrpld/app/tx/detail/AMMDeposit.cpp:346:    if (auto const lpTokens = ctx.tx[~sfLPTokenOut];
src/xrpld/app/tx/detail/AMMDeposit.cpp:347:        lpTokens && lpTokens->issue() != lptAMMBalance.issue())
src/xrpld/app/tx/detail/AMMDeposit.cpp:349:        JLOG(ctx.j.debug()) << "AMM Deposit: invalid LPTokens.";
src/xrpld/app/tx/detail/AMMDeposit.cpp:350:        return temBAD_AMM_TOKENS;
src/xrpld/app/tx/detail/AMMDeposit.cpp:353:    // Check the reserve for LPToken trustline if not LP.
src/xrpld/app/tx/detail/AMMDeposit.cpp:355:    if (ammLPHolds(ctx.view, *ammSle, accountID, ctx.j) == beast::zero)
src/xrpld/app/tx/detail/AMMDeposit.cpp:357:        STAmount const xrpBalance = xrpLiquid(ctx.view, accountID, 1, ctx.j);
src/xrpld/app/tx/detail/AMMDeposit.cpp:361:            JLOG(ctx.j.debug()) << "AMM Instance: insufficient reserves";
src/xrpld/app/tx/detail/AMMDeposit.cpp:370:AMMDeposit::applyGuts(Sandbox& sb)
src/xrpld/app/tx/detail/AMMDeposit.cpp:372:    auto const amount = ctx_.tx[~sfAmount];
src/xrpld/app/tx/detail/AMMDeposit.cpp:373:    auto const amount2 = ctx_.tx[~sfAmount2];
src/xrpld/app/tx/detail/AMMDeposit.cpp:374:    auto const ePrice = ctx_.tx[~sfEPrice];
src/xrpld/app/tx/detail/AMMDeposit.cpp:375:    auto const lpTokensDeposit = ctx_.tx[~sfLPTokenOut];
src/xrpld/app/tx/detail/AMMDeposit.cpp:376:    auto ammSle = sb.peek(keylet::amm(ctx_.tx[sfAsset], ctx_.tx[sfAsset2]));
src/xrpld/app/tx/detail/AMMDeposit.cpp:381:    auto const expected = ammHolds(
src/xrpld/app/tx/detail/AMMDeposit.cpp:386:        FreezeHandling::fhZERO_IF_FROZEN,
src/xrpld/app/tx/detail/AMMDeposit.cpp:390:    auto const [amountBalance, amount2Balance, lptAMMBalance] = *expected;
src/xrpld/app/tx/detail/AMMDeposit.cpp:391:    auto const tfee = (lptAMMBalance == beast::zero)
src/xrpld/app/tx/detail/AMMDeposit.cpp:392:        ? ctx_.tx[~sfTradingFee].value_or(0)
src/xrpld/app/tx/detail/AMMDeposit.cpp:393:        : getTradingFee(ctx_.view(), *ammSle, account_);
src/xrpld/app/tx/detail/AMMDeposit.cpp:397:    auto const [result, newLPTokenBalance] =
src/xrpld/app/tx/detail/AMMDeposit.cpp:401:         &lptAMMBalance = lptAMMBalance]() -> std::pair<TER, STAmount> {
src/xrpld/app/tx/detail/AMMDeposit.cpp:402:        if (subTxType & tfTwoAsset)
src/xrpld/app/tx/detail/AMMDeposit.cpp:408:                lptAMMBalance,
src/xrpld/app/tx/detail/AMMDeposit.cpp:413:        if (subTxType & tfOneAssetLPToken)
src/xrpld/app/tx/detail/AMMDeposit.cpp:419:                lptAMMBalance,
src/xrpld/app/tx/detail/AMMDeposit.cpp:422:        if (subTxType & tfLimitLPToken)
src/xrpld/app/tx/detail/AMMDeposit.cpp:423:            return singleDepositEPrice(
src/xrpld/app/tx/detail/AMMDeposit.cpp:428:                lptAMMBalance,
src/xrpld/app/tx/detail/AMMDeposit.cpp:431:        if (subTxType & tfSingleAsset)
src/xrpld/app/tx/detail/AMMDeposit.cpp:436:                lptAMMBalance,
src/xrpld/app/tx/detail/AMMDeposit.cpp:440:        if (subTxType & tfLPToken)
src/xrpld/app/tx/detail/AMMDeposit.cpp:446:                lptAMMBalance,
src/xrpld/app/tx/detail/AMMDeposit.cpp:451:        if (subTxType & tfTwoAssetIfEmpty)
src/xrpld/app/tx/detail/AMMDeposit.cpp:457:                lptAMMBalance.issue(),
src/xrpld/app/tx/detail/AMMDeposit.cpp:461:        JLOG(j_.error()) << "AMM Deposit: invalid options.";
src/xrpld/app/tx/detail/AMMDeposit.cpp:462:        return std::make_pair(tecINTERNAL, STAmount{});
src/xrpld/app/tx/detail/AMMDeposit.cpp:469:            newLPTokenBalance > beast::zero,
src/xrpld/app/tx/detail/AMMDeposit.cpp:470:            "ripple::AMMDeposit::applyGuts : valid new LP token balance");
src/xrpld/app/tx/detail/AMMDeposit.cpp:471:        ammSle->setFieldAmount(sfLPTokenBalance, newLPTokenBalance);
src/xrpld/app/tx/detail/AMMDeposit.cpp:472:        // LP depositing into AMM empty state gets the auction slot
src/xrpld/app/tx/detail/AMMDeposit.cpp:474:        if (lptAMMBalance == beast::zero)
src/xrpld/app/tx/detail/AMMDeposit.cpp:476:                sb, ammSle, account_, lptAMMBalance.issue(), tfee);
src/xrpld/app/tx/detail/AMMDeposit.cpp:485:AMMDeposit::doApply()
src/xrpld/app/tx/detail/AMMDeposit.cpp:498:std::pair<TER, STAmount>
src/xrpld/app/tx/detail/AMMDeposit.cpp:499:AMMDeposit::deposit(
src/xrpld/app/tx/detail/AMMDeposit.cpp:502:    STAmount const& amountBalance,
src/xrpld/app/tx/detail/AMMDeposit.cpp:503:    STAmount const& amountDeposit,
src/xrpld/app/tx/detail/AMMDeposit.cpp:504:    std::optional<STAmount> const& amount2Deposit,
src/xrpld/app/tx/detail/AMMDeposit.cpp:505:    STAmount const& lptAMMBalance,
src/xrpld/app/tx/detail/AMMDeposit.cpp:506:    STAmount const& lpTokensDeposit,
src/xrpld/app/tx/detail/AMMDeposit.cpp:507:    std::optional<STAmount> const& depositMin,
src/xrpld/app/tx/detail/AMMDeposit.cpp:508:    std::optional<STAmount> const& deposit2Min,
src/xrpld/app/tx/detail/AMMDeposit.cpp:509:    std::optional<STAmount> const& lpTokensDepositMin,
src/xrpld/app/tx/detail/AMMDeposit.cpp:514:    auto checkBalance = [&](auto const& depositAmount) -> TER {
src/xrpld/app/tx/detail/AMMDeposit.cpp:515:        if (depositAmount <= beast::zero)
src/xrpld/app/tx/detail/AMMDeposit.cpp:517:        if (isXRP(depositAmount))
src/xrpld/app/tx/detail/AMMDeposit.cpp:520:            // Adjust the reserve if LP doesn't have LPToken trustline
src/xrpld/app/tx/detail/AMMDeposit.cpp:523:            if (xrpLiquid(view, account_, !sle, j_) >= depositAmount)
src/xrpld/app/tx/detail/AMMDeposit.cpp:527:            account_ == depositAmount.issue().account ||
src/xrpld/app/tx/detail/AMMDeposit.cpp:531:                depositAmount.issue(),
src/xrpld/app/tx/detail/AMMDeposit.cpp:532:                FreezeHandling::fhIGNORE_FREEZE,
src/xrpld/app/tx/detail/AMMDeposit.cpp:533:                ctx_.journal) >= depositAmount)
src/xrpld/app/tx/detail/AMMDeposit.cpp:535:        return tecUNFUNDED_AMM;
src/xrpld/app/tx/detail/AMMDeposit.cpp:540:            adjustAmountsByLPTokens(
src/xrpld/app/tx/detail/AMMDeposit.cpp:544:                lptAMMBalance,
src/xrpld/app/tx/detail/AMMDeposit.cpp:551:        JLOG(ctx_.journal.debug()) << "AMM Deposit: adjusted tokens zero";
src/xrpld/app/tx/detail/AMMDeposit.cpp:552:        return {tecAMM_INVALID_TOKENS, STAmount{}};
src/xrpld/app/tx/detail/AMMDeposit.cpp:560:            << "AMM Deposit: min deposit fails " << amountDepositActual << " "
src/xrpld/app/tx/detail/AMMDeposit.cpp:561:            << depositMin.value_or(STAmount{}) << " "
src/xrpld/app/tx/detail/AMMDeposit.cpp:562:            << amount2DepositActual.value_or(STAmount{}) << " "
src/xrpld/app/tx/detail/AMMDeposit.cpp:563:            << deposit2Min.value_or(STAmount{}) << " " << lpTokensDepositActual
src/xrpld/app/tx/detail/AMMDeposit.cpp:564:            << " " << lpTokensDepositMin.value_or(STAmount{});
src/xrpld/app/tx/detail/AMMDeposit.cpp:565:        return {tecAMM_FAILED, STAmount{}};
src/xrpld/app/tx/detail/AMMDeposit.cpp:571:        JLOG(ctx_.journal.debug()) << "AMM Deposit: account has insufficient "
src/xrpld/app/tx/detail/AMMDeposit.cpp:574:        return {ter, STAmount{}};
src/xrpld/app/tx/detail/AMMDeposit.cpp:577:    auto res = accountSend(
src/xrpld/app/tx/detail/AMMDeposit.cpp:587:            << "AMM Deposit: failed to deposit " << amountDepositActual;
src/xrpld/app/tx/detail/AMMDeposit.cpp:588:        return {res, STAmount{}};
src/xrpld/app/tx/detail/AMMDeposit.cpp:597:                << "AMM Deposit: account has insufficient checkBalance to "
src/xrpld/app/tx/detail/AMMDeposit.cpp:600:            return {ter, STAmount{}};
src/xrpld/app/tx/detail/AMMDeposit.cpp:603:        res = accountSend(
src/xrpld/app/tx/detail/AMMDeposit.cpp:613:                << "AMM Deposit: failed to deposit " << *amount2DepositActual;
src/xrpld/app/tx/detail/AMMDeposit.cpp:614:            return {res, STAmount{}};
src/xrpld/app/tx/detail/AMMDeposit.cpp:619:    res = accountSend(
src/xrpld/app/tx/detail/AMMDeposit.cpp:623:        JLOG(ctx_.journal.debug()) << "AMM Deposit: failed to deposit LPTokens";
src/xrpld/app/tx/detail/AMMDeposit.cpp:624:        return {res, STAmount{}};
src/xrpld/app/tx/detail/AMMDeposit.cpp:627:    return {tesSUCCESS, lptAMMBalance + lpTokensDepositActual};
src/xrpld/app/tx/detail/AMMDeposit.cpp:630:static STAmount
src/xrpld/app/tx/detail/AMMDeposit.cpp:631:adjustLPTokensOut(
src/xrpld/app/tx/detail/AMMDeposit.cpp:633:    STAmount const& lptAMMBalance,
src/xrpld/app/tx/detail/AMMDeposit.cpp:634:    STAmount const& lpTokensDeposit)
src/xrpld/app/tx/detail/AMMDeposit.cpp:636:    if (!rules.enabled(fixAMMv1_3))
src/xrpld/app/tx/detail/AMMDeposit.cpp:638:    return adjustLPTokens(lptAMMBalance, lpTokensDeposit, IsDeposit::Yes);
src/xrpld/app/tx/detail/AMMDeposit.cpp:642: * amount of LPTokens.
src/xrpld/app/tx/detail/AMMDeposit.cpp:644:std::pair<TER, STAmount>
src/xrpld/app/tx/detail/AMMDeposit.cpp:645:AMMDeposit::equalDepositTokens(
src/xrpld/app/tx/detail/AMMDeposit.cpp:648:    STAmount const& amountBalance,
src/xrpld/app/tx/detail/AMMDeposit.cpp:649:    STAmount const& amount2Balance,
src/xrpld/app/tx/detail/AMMDeposit.cpp:650:    STAmount const& lptAMMBalance,
src/xrpld/app/tx/detail/AMMDeposit.cpp:651:    STAmount const& lpTokensDeposit,
src/xrpld/app/tx/detail/AMMDeposit.cpp:652:    std::optional<STAmount> const& depositMin,
src/xrpld/app/tx/detail/AMMDeposit.cpp:653:    std::optional<STAmount> const& deposit2Min,
src/xrpld/app/tx/detail/AMMDeposit.cpp:659:            adjustLPTokensOut(view.rules(), lptAMMBalance, lpTokensDeposit);
src/xrpld/app/tx/detail/AMMDeposit.cpp:660:        if (view.rules().enabled(fixAMMv1_3) && tokensAdj == beast::zero)
src/xrpld/app/tx/detail/AMMDeposit.cpp:661:            return {tecAMM_INVALID_TOKENS, STAmount{}};
src/xrpld/app/tx/detail/AMMDeposit.cpp:663:            divide(tokensAdj, lptAMMBalance, lptAMMBalance.issue());
src/xrpld/app/tx/detail/AMMDeposit.cpp:666:            getRoundedAsset(view.rules(), amountBalance, frac, IsDeposit::Yes);
src/xrpld/app/tx/detail/AMMDeposit.cpp:668:            getRoundedAsset(view.rules(), amount2Balance, frac, IsDeposit::Yes);
src/xrpld/app/tx/detail/AMMDeposit.cpp:675:            lptAMMBalance,
src/xrpld/app/tx/detail/AMMDeposit.cpp:685:        JLOG(j_.error()) << "AMMDeposit::equalDepositTokens exception "
src/xrpld/app/tx/detail/AMMDeposit.cpp:687:        return {tecINTERNAL, STAmount{}};
src/xrpld/app/tx/detail/AMMDeposit.cpp:698: *      T: current balance of outstanding LPTokens
src/xrpld/app/tx/detail/AMMDeposit.cpp:701: *      t: balance of LPTokens issued to LP after a successful transaction
src/xrpld/app/tx/detail/AMMDeposit.cpp:702: * Use equation 1 to compute the amount of t, given the amount in Asset1In.
src/xrpld/app/tx/detail/AMMDeposit.cpp:706: * If X <= amount in Asset2In:
src/xrpld/app/tx/detail/AMMDeposit.cpp:707: *   The amount of asset1 to be deposited is the one specified in Asset1In
src/xrpld/app/tx/detail/AMMDeposit.cpp:709: *   The amount of LPTokens to be issued is Z
src/xrpld/app/tx/detail/AMMDeposit.cpp:710: * If X > amount in Asset2In:
src/xrpld/app/tx/detail/AMMDeposit.cpp:711: *   Use equation 2 to compute , given the amount in Asset2In. Let this be W
src/xrpld/app/tx/detail/AMMDeposit.cpp:714: *   If Y <= amount in Asset1In:
src/xrpld/app/tx/detail/AMMDeposit.cpp:716: *     The amount of asset2 to be deposited is the one specified in Asset2In
src/xrpld/app/tx/detail/AMMDeposit.cpp:717: *     The amount of LPTokens to be issued is W
src/xrpld/app/tx/detail/AMMDeposit.cpp:720:std::pair<TER, STAmount>
src/xrpld/app/tx/detail/AMMDeposit.cpp:721:AMMDeposit::equalDepositLimit(
src/xrpld/app/tx/detail/AMMDeposit.cpp:724:    STAmount const& amountBalance,
src/xrpld/app/tx/detail/AMMDeposit.cpp:725:    STAmount const& amount2Balance,
src/xrpld/app/tx/detail/AMMDeposit.cpp:726:    STAmount const& lptAMMBalance,
src/xrpld/app/tx/detail/AMMDeposit.cpp:727:    STAmount const& amount,
src/xrpld/app/tx/detail/AMMDeposit.cpp:728:    STAmount const& amount2,
src/xrpld/app/tx/detail/AMMDeposit.cpp:729:    std::optional<STAmount> const& lpTokensDepositMin,
src/xrpld/app/tx/detail/AMMDeposit.cpp:734:        getRoundedLPTokens(view.rules(), lptAMMBalance, frac, IsDeposit::Yes);
src/xrpld/app/tx/detail/AMMDeposit.cpp:737:        if (!view.rules().enabled(fixAMMv1_3))
src/xrpld/app/tx/detail/AMMDeposit.cpp:738:            return {tecAMM_FAILED, STAmount{}};  // LCOV_EXCL_LINE
src/xrpld/app/tx/detail/AMMDeposit.cpp:740:            return {tecAMM_INVALID_TOKENS, STAmount{}};
src/xrpld/app/tx/detail/AMMDeposit.cpp:743:    frac = adjustFracByTokens(view.rules(), lptAMMBalance, tokensAdj, frac);
src/xrpld/app/tx/detail/AMMDeposit.cpp:745:        getRoundedAsset(view.rules(), amount2Balance, frac, IsDeposit::Yes);
src/xrpld/app/tx/detail/AMMDeposit.cpp:753:            lptAMMBalance,
src/xrpld/app/tx/detail/AMMDeposit.cpp:761:        getRoundedLPTokens(view.rules(), lptAMMBalance, frac, IsDeposit::Yes);
src/xrpld/app/tx/detail/AMMDeposit.cpp:764:        if (!view.rules().enabled(fixAMMv1_3))
src/xrpld/app/tx/detail/AMMDeposit.cpp:765:            return {tecAMM_FAILED, STAmount{}};  // LCOV_EXCL_LINE
src/xrpld/app/tx/detail/AMMDeposit.cpp:767:            return {tecAMM_INVALID_TOKENS, STAmount{}};  // LCOV_EXCL_LINE
src/xrpld/app/tx/detail/AMMDeposit.cpp:770:    frac = adjustFracByTokens(view.rules(), lptAMMBalance, tokensAdj, frac);
src/xrpld/app/tx/detail/AMMDeposit.cpp:772:        getRoundedAsset(view.rules(), amountBalance, frac, IsDeposit::Yes);
src/xrpld/app/tx/detail/AMMDeposit.cpp:780:            lptAMMBalance,
src/xrpld/app/tx/detail/AMMDeposit.cpp:786:    return {tecAMM_FAILED, STAmount{}};
src/xrpld/app/tx/detail/AMMDeposit.cpp:789:/** Single asset deposit of the amount of asset specified by Asset1In.
src/xrpld/app/tx/detail/AMMDeposit.cpp:794: * Use equation 3 @see singleDeposit to compute amount of LPTokens to be issued,
src/xrpld/app/tx/detail/AMMDeposit.cpp:795: * given the amount in Asset1In.
src/xrpld/app/tx/detail/AMMDeposit.cpp:797:std::pair<TER, STAmount>
src/xrpld/app/tx/detail/AMMDeposit.cpp:798:AMMDeposit::singleDeposit(
src/xrpld/app/tx/detail/AMMDeposit.cpp:801:    STAmount const& amountBalance,
src/xrpld/app/tx/detail/AMMDeposit.cpp:802:    STAmount const& lptAMMBalance,
src/xrpld/app/tx/detail/AMMDeposit.cpp:803:    STAmount const& amount,
src/xrpld/app/tx/detail/AMMDeposit.cpp:804:    std::optional<STAmount> const& lpTokensDepositMin,
src/xrpld/app/tx/detail/AMMDeposit.cpp:807:    auto const tokens = adjustLPTokensOut(
src/xrpld/app/tx/detail/AMMDeposit.cpp:809:        lptAMMBalance,
src/xrpld/app/tx/detail/AMMDeposit.cpp:810:        lpTokensOut(amountBalance, amount, lptAMMBalance, tfee));
src/xrpld/app/tx/detail/AMMDeposit.cpp:813:        if (!view.rules().enabled(fixAMMv1_3))
src/xrpld/app/tx/detail/AMMDeposit.cpp:814:            return {tecAMM_FAILED, STAmount{}};  // LCOV_EXCL_LINE
src/xrpld/app/tx/detail/AMMDeposit.cpp:816:            return {tecAMM_INVALID_TOKENS, STAmount{}};
src/xrpld/app/tx/detail/AMMDeposit.cpp:819:    auto const [tokensAdj, amountDepositAdj] = adjustAssetInByTokens(
src/xrpld/app/tx/detail/AMMDeposit.cpp:820:        view.rules(), amountBalance, amount, lptAMMBalance, tokens, tfee);
src/xrpld/app/tx/detail/AMMDeposit.cpp:821:    if (view.rules().enabled(fixAMMv1_3) && tokensAdj == beast::zero)
src/xrpld/app/tx/detail/AMMDeposit.cpp:822:        return {tecAMM_INVALID_TOKENS, STAmount{}};  // LCOV_EXCL_LINE
src/xrpld/app/tx/detail/AMMDeposit.cpp:829:        lptAMMBalance,
src/xrpld/app/tx/detail/AMMDeposit.cpp:838: * the AMM instance's pools represented by amount of LPTokens.
src/xrpld/app/tx/detail/AMMDeposit.cpp:840: * given t represented by amount of LPTokens. Equation 4 solves
src/xrpld/app/tx/detail/AMMDeposit.cpp:844:std::pair<TER, STAmount>
src/xrpld/app/tx/detail/AMMDeposit.cpp:845:AMMDeposit::singleDepositTokens(
src/xrpld/app/tx/detail/AMMDeposit.cpp:848:    STAmount const& amountBalance,
src/xrpld/app/tx/detail/AMMDeposit.cpp:849:    STAmount const& amount,
src/xrpld/app/tx/detail/AMMDeposit.cpp:850:    STAmount const& lptAMMBalance,
src/xrpld/app/tx/detail/AMMDeposit.cpp:851:    STAmount const& lpTokensDeposit,
src/xrpld/app/tx/detail/AMMDeposit.cpp:855:        adjustLPTokensOut(view.rules(), lptAMMBalance, lpTokensDeposit);
src/xrpld/app/tx/detail/AMMDeposit.cpp:856:    if (view.rules().enabled(fixAMMv1_3) && tokensAdj == beast::zero)
src/xrpld/app/tx/detail/AMMDeposit.cpp:857:        return {tecAMM_INVALID_TOKENS, STAmount{}};
src/xrpld/app/tx/detail/AMMDeposit.cpp:860:        ammAssetIn(amountBalance, lptAMMBalance, tokensAdj, tfee);
src/xrpld/app/tx/detail/AMMDeposit.cpp:862:        return {tecAMM_FAILED, STAmount{}};
src/xrpld/app/tx/detail/AMMDeposit.cpp:869:        lptAMMBalance,
src/xrpld/app/tx/detail/AMMDeposit.cpp:878: * a. Amount of asset1 if specified (not 0) in Asset1In specifies the maximum
src/xrpld/app/tx/detail/AMMDeposit.cpp:880: * b. The effective-price of the LPToken traded out does not exceed
src/xrpld/app/tx/detail/AMMDeposit.cpp:881: *     the specified EPrice.
src/xrpld/app/tx/detail/AMMDeposit.cpp:886: * Use equation 3 @see singleDeposit to compute the amount of LPTokens out,
src/xrpld/app/tx/detail/AMMDeposit.cpp:887: *   given the amount of Asset1In. Let this be X.
src/xrpld/app/tx/detail/AMMDeposit.cpp:889: *   Asset1In amount as the asset in and the LPTokens amount X as asset out.
src/xrpld/app/tx/detail/AMMDeposit.cpp:891: * If Y <= amount in EPrice:
src/xrpld/app/tx/detail/AMMDeposit.cpp:892: *  The amount of asset1 to be deposited is given by amount in Asset1In
src/xrpld/app/tx/detail/AMMDeposit.cpp:893: *  The amount of LPTokens to be issued is X
src/xrpld/app/tx/detail/AMMDeposit.cpp:894: * If (Y>EPrice) OR (amount in Asset1In does not exist):
src/xrpld/app/tx/detail/AMMDeposit.cpp:895: *   Use equations 3 @see singleDeposit & III and the given EPrice to compute
src/xrpld/app/tx/detail/AMMDeposit.cpp:898: *       The amount of LPTokens out. Let this be W
src/xrpld/app/tx/detail/AMMDeposit.cpp:900: *   The amount of LPTokens to be issued is W
src/xrpld/app/tx/detail/AMMDeposit.cpp:902:std::pair<TER, STAmount>
src/xrpld/app/tx/detail/AMMDeposit.cpp:903:AMMDeposit::singleDepositEPrice(
src/xrpld/app/tx/detail/AMMDeposit.cpp:906:    STAmount const& amountBalance,
src/xrpld/app/tx/detail/AMMDeposit.cpp:907:    STAmount const& amount,
src/xrpld/app/tx/detail/AMMDeposit.cpp:908:    STAmount const& lptAMMBalance,
src/xrpld/app/tx/detail/AMMDeposit.cpp:909:    STAmount const& ePrice,
src/xrpld/app/tx/detail/AMMDeposit.cpp:914:        auto const tokens = adjustLPTokensOut(
src/xrpld/app/tx/detail/AMMDeposit.cpp:916:            lptAMMBalance,
src/xrpld/app/tx/detail/AMMDeposit.cpp:917:            lpTokensOut(amountBalance, amount, lptAMMBalance, tfee));
src/xrpld/app/tx/detail/AMMDeposit.cpp:920:            if (!view.rules().enabled(fixAMMv1_3))
src/xrpld/app/tx/detail/AMMDeposit.cpp:921:                return {tecAMM_FAILED, STAmount{}};  // LCOV_EXCL_LINE
src/xrpld/app/tx/detail/AMMDeposit.cpp:923:                return {tecAMM_INVALID_TOKENS, STAmount{}};
src/xrpld/app/tx/detail/AMMDeposit.cpp:926:        auto const [tokensAdj, amountDepositAdj] = adjustAssetInByTokens(
src/xrpld/app/tx/detail/AMMDeposit.cpp:927:            view.rules(), amountBalance, amount, lptAMMBalance, tokens, tfee);
src/xrpld/app/tx/detail/AMMDeposit.cpp:928:        if (view.rules().enabled(fixAMMv1_3) && tokensAdj == beast::zero)
src/xrpld/app/tx/detail/AMMDeposit.cpp:929:            return {tecAMM_INVALID_TOKENS, STAmount{}};  // LCOV_EXCL_LINE
src/xrpld/app/tx/detail/AMMDeposit.cpp:938:                lptAMMBalance,
src/xrpld/app/tx/detail/AMMDeposit.cpp:946:    // LPTokens is asset out => E = b / t
src/xrpld/app/tx/detail/AMMDeposit.cpp:965:    auto const c = f1 * amountBalance / (ePrice * lptAMMBalance);
src/xrpld/app/tx/detail/AMMDeposit.cpp:974:    auto const amountDeposit = getRoundedAsset(
src/xrpld/app/tx/detail/AMMDeposit.cpp:977:        return {tecAMM_FAILED, STAmount{}};
src/xrpld/app/tx/detail/AMMDeposit.cpp:980:    auto const tokens = getRoundedLPTokens(
src/xrpld/app/tx/detail/AMMDeposit.cpp:981:        view.rules(), tokNoRoundCb, lptAMMBalance, tokProdCb, IsDeposit::Yes);
src/xrpld/app/tx/detail/AMMDeposit.cpp:983:    auto const [tokensAdj, amountDepositAdj] = adjustAssetInByTokens(
src/xrpld/app/tx/detail/AMMDeposit.cpp:987:        lptAMMBalance,
src/xrpld/app/tx/detail/AMMDeposit.cpp:990:    if (view.rules().enabled(fixAMMv1_3) && tokensAdj == beast::zero)
src/xrpld/app/tx/detail/AMMDeposit.cpp:991:        return {tecAMM_INVALID_TOKENS, STAmount{}};  // LCOV_EXCL_LINE
src/xrpld/app/tx/detail/AMMDeposit.cpp:999:        lptAMMBalance,
src/xrpld/app/tx/detail/AMMDeposit.cpp:1007:std::pair<TER, STAmount>
src/xrpld/app/tx/detail/AMMDeposit.cpp:1008:AMMDeposit::equalDepositInEmptyState(
src/xrpld/app/tx/detail/AMMDeposit.cpp:1011:    STAmount const& amount,
src/xrpld/app/tx/detail/AMMDeposit.cpp:1012:    STAmount const& amount2,
src/xrpld/app/tx/detail/AMMDeposit.cpp:1022:        STAmount{lptIssue, 0},
src/xrpld/app/tx/detail/AMMDeposit.cpp:1023:        ammLPTokens(amount, amount2, lptIssue),
src/xrpld/app/misc/detail/AMMHelpers.cpp:20:#include <xrpld/app/misc/AMMHelpers.h>
src/xrpld/app/misc/detail/AMMHelpers.cpp:24:STAmount
src/xrpld/app/misc/detail/AMMHelpers.cpp:25:ammLPTokens(
src/xrpld/app/misc/detail/AMMHelpers.cpp:26:    STAmount const& asset1,
src/xrpld/app/misc/detail/AMMHelpers.cpp:27:    STAmount const& asset2,
src/xrpld/app/misc/detail/AMMHelpers.cpp:30:    // AMM invariant: sqrt(asset1 * asset2) >= LPTokensBalance
src/xrpld/app/misc/detail/AMMHelpers.cpp:32:        isFeatureEnabled(fixAMMv1_3) ? Number::downward : Number::getround();
src/xrpld/app/misc/detail/AMMHelpers.cpp:35:    return toSTAmount(lptIssue, tokens);
src/xrpld/app/misc/detail/AMMHelpers.cpp:44:STAmount
src/xrpld/app/misc/detail/AMMHelpers.cpp:46:    STAmount const& asset1Balance,
src/xrpld/app/misc/detail/AMMHelpers.cpp:47:    STAmount const& asset1Deposit,
src/xrpld/app/misc/detail/AMMHelpers.cpp:48:    STAmount const& lptAMMBalance,
src/xrpld/app/misc/detail/AMMHelpers.cpp:55:    if (!isFeatureEnabled(fixAMMv1_3))
src/xrpld/app/misc/detail/AMMHelpers.cpp:57:        auto const t = lptAMMBalance * (r - c) / (1 + c);
src/xrpld/app/misc/detail/AMMHelpers.cpp:58:        return toSTAmount(lptAMMBalance.issue(), t);
src/xrpld/app/misc/detail/AMMHelpers.cpp:64:        return multiply(lptAMMBalance, frac, Number::downward);
src/xrpld/app/misc/detail/AMMHelpers.cpp:79:STAmount
src/xrpld/app/misc/detail/AMMHelpers.cpp:80:ammAssetIn(
src/xrpld/app/misc/detail/AMMHelpers.cpp:81:    STAmount const& asset1Balance,
src/xrpld/app/misc/detail/AMMHelpers.cpp:82:    STAmount const& lptAMMBalance,
src/xrpld/app/misc/detail/AMMHelpers.cpp:83:    STAmount const& lpTokens,
src/xrpld/app/misc/detail/AMMHelpers.cpp:88:    auto const t1 = lpTokens / lptAMMBalance;
src/xrpld/app/misc/detail/AMMHelpers.cpp:94:    if (!isFeatureEnabled(fixAMMv1_3))
src/xrpld/app/misc/detail/AMMHelpers.cpp:96:        return toSTAmount(
src/xrpld/app/misc/detail/AMMHelpers.cpp:111:STAmount
src/xrpld/app/misc/detail/AMMHelpers.cpp:113:    STAmount const& asset1Balance,
src/xrpld/app/misc/detail/AMMHelpers.cpp:114:    STAmount const& asset1Withdraw,
src/xrpld/app/misc/detail/AMMHelpers.cpp:115:    STAmount const& lptAMMBalance,
src/xrpld/app/misc/detail/AMMHelpers.cpp:121:    if (!isFeatureEnabled(fixAMMv1_3))
src/xrpld/app/misc/detail/AMMHelpers.cpp:123:        auto const t = lptAMMBalance * (c - root2(c * c - 4 * fr)) / 2;
src/xrpld/app/misc/detail/AMMHelpers.cpp:124:        return toSTAmount(lptAMMBalance.issue(), t);
src/xrpld/app/misc/detail/AMMHelpers.cpp:130:        return multiply(lptAMMBalance, frac, Number::upward);
src/xrpld/app/misc/detail/AMMHelpers.cpp:144:STAmount
src/xrpld/app/misc/detail/AMMHelpers.cpp:145:ammAssetOut(
src/xrpld/app/misc/detail/AMMHelpers.cpp:146:    STAmount const& assetBalance,
src/xrpld/app/misc/detail/AMMHelpers.cpp:147:    STAmount const& lptAMMBalance,
src/xrpld/app/misc/detail/AMMHelpers.cpp:148:    STAmount const& lpTokens,
src/xrpld/app/misc/detail/AMMHelpers.cpp:152:    Number const t1 = lpTokens / lptAMMBalance;
src/xrpld/app/misc/detail/AMMHelpers.cpp:153:    if (!isFeatureEnabled(fixAMMv1_3))
src/xrpld/app/misc/detail/AMMHelpers.cpp:156:        return toSTAmount(assetBalance.issue(), b);
src/xrpld/app/misc/detail/AMMHelpers.cpp:172:STAmount
src/xrpld/app/misc/detail/AMMHelpers.cpp:173:adjustLPTokens(
src/xrpld/app/misc/detail/AMMHelpers.cpp:174:    STAmount const& lptAMMBalance,
src/xrpld/app/misc/detail/AMMHelpers.cpp:175:    STAmount const& lpTokens,
src/xrpld/app/misc/detail/AMMHelpers.cpp:182:        return (lptAMMBalance + lpTokens) - lptAMMBalance;
src/xrpld/app/misc/detail/AMMHelpers.cpp:183:    return (lpTokens - lptAMMBalance) + lptAMMBalance;
src/xrpld/app/misc/detail/AMMHelpers.cpp:186:std::tuple<STAmount, std::optional<STAmount>, STAmount>
src/xrpld/app/misc/detail/AMMHelpers.cpp:187:adjustAmountsByLPTokens(
src/xrpld/app/misc/detail/AMMHelpers.cpp:188:    STAmount const& amountBalance,
src/xrpld/app/misc/detail/AMMHelpers.cpp:189:    STAmount const& amount,
src/xrpld/app/misc/detail/AMMHelpers.cpp:190:    std::optional<STAmount> const& amount2,
src/xrpld/app/misc/detail/AMMHelpers.cpp:191:    STAmount const& lptAMMBalance,
src/xrpld/app/misc/detail/AMMHelpers.cpp:192:    STAmount const& lpTokens,
src/xrpld/app/misc/detail/AMMHelpers.cpp:196:    // AMMv1_3 amendment adjusts tokens and amounts in deposit/withdraw
src/xrpld/app/misc/detail/AMMHelpers.cpp:197:    if (isFeatureEnabled(fixAMMv1_3))
src/xrpld/app/misc/detail/AMMHelpers.cpp:201:        adjustLPTokens(lptAMMBalance, lpTokens, isDeposit);
src/xrpld/app/misc/detail/AMMHelpers.cpp:206:            amount2 ? std::make_optional(STAmount{}) : std::nullopt;
src/xrpld/app/misc/detail/AMMHelpers.cpp:207:        return std::make_tuple(STAmount{}, amount2Opt, lpTokensActual);
src/xrpld/app/misc/detail/AMMHelpers.cpp:214:                rules && rules->enabled(fixAMMv1_1))
src/xrpld/app/misc/detail/AMMHelpers.cpp:223:            auto const amountActual = toSTAmount(amount.issue(), fr * amount);
src/xrpld/app/misc/detail/AMMHelpers.cpp:225:                toSTAmount(amount2->issue(), fr * *amount2);
src/xrpld/app/misc/detail/AMMHelpers.cpp:239:                return ammAssetIn(
src/xrpld/app/misc/detail/AMMHelpers.cpp:240:                    amountBalance, lptAMMBalance, lpTokensActual, tfee);
src/xrpld/app/misc/detail/AMMHelpers.cpp:242:                return ammAssetOut(
src/xrpld/app/misc/detail/AMMHelpers.cpp:243:                    amountBalance, lptAMMBalance, lpTokens, tfee);
src/xrpld/app/misc/detail/AMMHelpers.cpp:245:                return ammAssetOut(
src/xrpld/app/misc/detail/AMMHelpers.cpp:246:                    amountBalance, lptAMMBalance, lpTokensActual, tfee);
src/xrpld/app/misc/detail/AMMHelpers.cpp:258:        "ripple::adjustAmountsByLPTokens : LP tokens match actual");
src/xrpld/app/misc/detail/AMMHelpers.cpp:284:STAmount
src/xrpld/app/misc/detail/AMMHelpers.cpp:285:multiply(STAmount const& amount, Number const& frac, Number::rounding_mode rm)
src/xrpld/app/misc/detail/AMMHelpers.cpp:289:    return toSTAmount(amount.issue(), t, rm);
src/xrpld/app/misc/detail/AMMHelpers.cpp:292:STAmount
src/xrpld/app/misc/detail/AMMHelpers.cpp:293:getRoundedAsset(
src/xrpld/app/misc/detail/AMMHelpers.cpp:296:    STAmount const& balance,
src/xrpld/app/misc/detail/AMMHelpers.cpp:300:    if (!rules.enabled(fixAMMv1_3))
src/xrpld/app/misc/detail/AMMHelpers.cpp:301:        return toSTAmount(balance.issue(), noRoundCb());
src/xrpld/app/misc/detail/AMMHelpers.cpp:303:    auto const rm = detail::getAssetRounding(isDeposit);
src/xrpld/app/misc/detail/AMMHelpers.cpp:307:    return toSTAmount(balance.issue(), productCb(), rm);
src/xrpld/app/misc/detail/AMMHelpers.cpp:310:STAmount
src/xrpld/app/misc/detail/AMMHelpers.cpp:311:getRoundedLPTokens(
src/xrpld/app/misc/detail/AMMHelpers.cpp:313:    STAmount const& balance,
src/xrpld/app/misc/detail/AMMHelpers.cpp:317:    if (!rules.enabled(fixAMMv1_3))
src/xrpld/app/misc/detail/AMMHelpers.cpp:318:        return toSTAmount(balance.issue(), balance * frac);
src/xrpld/app/misc/detail/AMMHelpers.cpp:320:    auto const rm = detail::getLPTokenRounding(isDeposit);
src/xrpld/app/misc/detail/AMMHelpers.cpp:322:    return adjustLPTokens(balance, tokens, isDeposit);
src/xrpld/app/misc/detail/AMMHelpers.cpp:325:STAmount
src/xrpld/app/misc/detail/AMMHelpers.cpp:326:getRoundedLPTokens(
src/xrpld/app/misc/detail/AMMHelpers.cpp:329:    STAmount const& lptAMMBalance,
src/xrpld/app/misc/detail/AMMHelpers.cpp:333:    if (!rules.enabled(fixAMMv1_3))
src/xrpld/app/misc/detail/AMMHelpers.cpp:334:        return toSTAmount(lptAMMBalance.issue(), noRoundCb());
src/xrpld/app/misc/detail/AMMHelpers.cpp:337:        auto const rm = detail::getLPTokenRounding(isDeposit);
src/xrpld/app/misc/detail/AMMHelpers.cpp:341:            return toSTAmount(lptAMMBalance.issue(), productCb(), rm);
src/xrpld/app/misc/detail/AMMHelpers.cpp:343:        return multiply(lptAMMBalance, productCb(), rm);
src/xrpld/app/misc/detail/AMMHelpers.cpp:345:    return adjustLPTokens(lptAMMBalance, tokens, isDeposit);
src/xrpld/app/misc/detail/AMMHelpers.cpp:348:std::pair<STAmount, STAmount>
src/xrpld/app/misc/detail/AMMHelpers.cpp:349:adjustAssetInByTokens(
src/xrpld/app/misc/detail/AMMHelpers.cpp:351:    STAmount const& balance,
src/xrpld/app/misc/detail/AMMHelpers.cpp:352:    STAmount const& amount,
src/xrpld/app/misc/detail/AMMHelpers.cpp:353:    STAmount const& lptAMMBalance,
src/xrpld/app/misc/detail/AMMHelpers.cpp:354:    STAmount const& tokens,
src/xrpld/app/misc/detail/AMMHelpers.cpp:357:    if (!rules.enabled(fixAMMv1_3))
src/xrpld/app/misc/detail/AMMHelpers.cpp:359:    auto assetAdj = ammAssetIn(balance, lptAMMBalance, tokens, tfee);
src/xrpld/app/misc/detail/AMMHelpers.cpp:366:        auto const adjAmount = amount - (assetAdj - amount);
src/xrpld/app/misc/detail/AMMHelpers.cpp:367:        auto const t = lpTokensOut(balance, adjAmount, lptAMMBalance, tfee);
src/xrpld/app/misc/detail/AMMHelpers.cpp:368:        tokensAdj = adjustLPTokens(lptAMMBalance, t, IsDeposit::Yes);
src/xrpld/app/misc/detail/AMMHelpers.cpp:369:        assetAdj = ammAssetIn(balance, lptAMMBalance, tokensAdj, tfee);
src/xrpld/app/misc/detail/AMMHelpers.cpp:374:std::pair<STAmount, STAmount>
src/xrpld/app/misc/detail/AMMHelpers.cpp:375:adjustAssetOutByTokens(
src/xrpld/app/misc/detail/AMMHelpers.cpp:377:    STAmount const& balance,
src/xrpld/app/misc/detail/AMMHelpers.cpp:378:    STAmount const& amount,
src/xrpld/app/misc/detail/AMMHelpers.cpp:379:    STAmount const& lptAMMBalance,
src/xrpld/app/misc/detail/AMMHelpers.cpp:380:    STAmount const& tokens,
src/xrpld/app/misc/detail/AMMHelpers.cpp:383:    if (!rules.enabled(fixAMMv1_3))
src/xrpld/app/misc/detail/AMMHelpers.cpp:385:    auto assetAdj = ammAssetOut(balance, lptAMMBalance, tokens, tfee);
src/xrpld/app/misc/detail/AMMHelpers.cpp:392:        auto const adjAmount = amount - (assetAdj - amount);
src/xrpld/app/misc/detail/AMMHelpers.cpp:393:        auto const t = lpTokensIn(balance, adjAmount, lptAMMBalance, tfee);
src/xrpld/app/misc/detail/AMMHelpers.cpp:394:        tokensAdj = adjustLPTokens(lptAMMBalance, t, IsDeposit::No);
src/xrpld/app/misc/detail/AMMHelpers.cpp:395:        assetAdj = ammAssetOut(balance, lptAMMBalance, tokensAdj, tfee);
src/xrpld/app/misc/detail/AMMHelpers.cpp:403:    STAmount const& lptAMMBalance,
src/xrpld/app/misc/detail/AMMHelpers.cpp:404:    STAmount const& tokens,
src/xrpld/app/misc/detail/AMMHelpers.cpp:407:    if (!rules.enabled(fixAMMv1_3))
src/xrpld/app/misc/detail/AMMHelpers.cpp:409:    return tokens / lptAMMBalance;
src/xrpld/app/misc/AMMUtils.h:20:#ifndef RIPPLE_APP_MISC_AMMUTILS_H_INCLUDED
src/xrpld/app/misc/AMMUtils.h:21:#define RIPPLE_APP_MISC_AMMUTILS_H_INCLUDED
src/xrpld/app/misc/AMMUtils.h:26:#include <xrpl/protocol/STAmount.h>
src/xrpld/app/misc/AMMUtils.h:37:/** Get AMM pool balances.
src/xrpld/app/misc/AMMUtils.h:39:std::pair<STAmount, STAmount>
src/xrpld/app/misc/AMMUtils.h:45:    FreezeHandling freezeHandling,
src/xrpld/app/misc/AMMUtils.h:48:/** Get AMM pool and LP token balances. If both optIssue are
src/xrpld/app/misc/AMMUtils.h:49: * provided then they are used as the AMM token pair issues.
src/xrpld/app/misc/AMMUtils.h:52:Expected<std::tuple<STAmount, STAmount, STAmount>, TER>
src/xrpld/app/misc/AMMUtils.h:53:ammHolds(
src/xrpld/app/misc/AMMUtils.h:58:    FreezeHandling freezeHandling,
src/xrpld/app/misc/AMMUtils.h:63:STAmount
src/xrpld/app/misc/AMMUtils.h:64:ammLPHolds(
src/xrpld/app/misc/AMMUtils.h:72:STAmount
src/xrpld/app/misc/AMMUtils.h:73:ammLPHolds(
src/xrpld/app/misc/AMMUtils.h:79:/** Get AMM trading fee for the given account. The fee is discounted
src/xrpld/app/misc/AMMUtils.h:84:getTradingFee(
src/xrpld/app/misc/AMMUtils.h:89:/** Returns total amount held by AMM for the given token.
src/xrpld/app/misc/AMMUtils.h:91:STAmount
src/xrpld/app/misc/AMMUtils.h:97:/** Delete trustlines to AMM. If all trustlines are deleted then
src/xrpld/app/misc/AMMUtils.h:98: * AMM object and account are deleted. Otherwise tecIMPCOMPLETE is returned.
src/xrpld/app/misc/AMMUtils.h:101:deleteAMMAccount(
src/xrpld/app/misc/AMMUtils.h:117:/** Return true if the Liquidity Provider is the only AMM provider, false
src/xrpld/app/misc/AMMUtils.h:119: * for instance Liquidity Provider has more than one LPToken trustline.
src/xrpld/app/misc/AMMUtils.h:127:/** Due to rounding, the LPTokenBalance of the last LP might
src/xrpld/app/misc/AMMUtils.h:129: * update LPTokenBalance to match the LP's trustline balance.
src/xrpld/app/misc/AMMUtils.h:132:verifyAndAdjustLPTokenBalance(
src/xrpld/app/misc/AMMUtils.h:134:    STAmount const& lpTokens,
src/xrpld/app/misc/AMMUtils.h:140:#endif  // RIPPLE_APP_MISC_AMMUTILS_H_INCLUDED
src/xrpld/app/misc/AMMHelpers.h:20:#ifndef RIPPLE_APP_MISC_AMMHELPERS_H_INCLUDED
src/xrpld/app/misc/AMMHelpers.h:21:#define RIPPLE_APP_MISC_AMMHELPERS_H_INCLUDED
src/xrpld/app/misc/AMMHelpers.h:26:#include <xrpl/protocol/AMMCore.h>
src/xrpld/app/misc/AMMHelpers.h:27:#include <xrpl/protocol/AmountConversions.h>
src/xrpld/app/misc/AMMHelpers.h:29:#include <xrpl/protocol/IOUAmount.h>
src/xrpld/app/misc/AMMHelpers.h:33:#include <xrpl/protocol/STAmount.h>
src/xrpld/app/misc/AMMHelpers.h:53:/** Calculate LP Tokens given AMM pool reserves.
src/xrpld/app/misc/AMMHelpers.h:54: * @param asset1 AMM one side of the pool reserve
src/xrpld/app/misc/AMMHelpers.h:55: * @param asset2 AMM another side of the pool reserve
src/xrpld/app/misc/AMMHelpers.h:58:STAmount
src/xrpld/app/misc/AMMHelpers.h:59:ammLPTokens(
src/xrpld/app/misc/AMMHelpers.h:60:    STAmount const& asset1,
src/xrpld/app/misc/AMMHelpers.h:61:    STAmount const& asset2,
src/xrpld/app/misc/AMMHelpers.h:65: * @param asset1Balance current AMM asset1 balance
src/xrpld/app/misc/AMMHelpers.h:67: * @param lptAMMBalance AMM LPT balance
src/xrpld/app/misc/AMMHelpers.h:71:STAmount
src/xrpld/app/misc/AMMHelpers.h:73:    STAmount const& asset1Balance,
src/xrpld/app/misc/AMMHelpers.h:74:    STAmount const& asset1Deposit,
src/xrpld/app/misc/AMMHelpers.h:75:    STAmount const& lptAMMBalance,
src/xrpld/app/misc/AMMHelpers.h:79: * @param asset1Balance current AMM asset1 balance
src/xrpld/app/misc/AMMHelpers.h:81: * @param lptAMMBalance AMM LPT balance
src/xrpld/app/misc/AMMHelpers.h:85:STAmount
src/xrpld/app/misc/AMMHelpers.h:86:ammAssetIn(
src/xrpld/app/misc/AMMHelpers.h:87:    STAmount const& asset1Balance,
src/xrpld/app/misc/AMMHelpers.h:88:    STAmount const& lptAMMBalance,
src/xrpld/app/misc/AMMHelpers.h:89:    STAmount const& lpTokens,
src/xrpld/app/misc/AMMHelpers.h:94: * @param asset1Balance current AMM asset1 balance
src/xrpld/app/misc/AMMHelpers.h:96: * @param lptAMMBalance AMM LPT balance
src/xrpld/app/misc/AMMHelpers.h:100:STAmount
src/xrpld/app/misc/AMMHelpers.h:102:    STAmount const& asset1Balance,
src/xrpld/app/misc/AMMHelpers.h:103:    STAmount const& asset1Withdraw,
src/xrpld/app/misc/AMMHelpers.h:104:    STAmount const& lptAMMBalance,
src/xrpld/app/misc/AMMHelpers.h:109: * @param lptAMMBalance total AMM Tokens balance
src/xrpld/app/misc/AMMHelpers.h:114:STAmount
src/xrpld/app/misc/AMMHelpers.h:115:ammAssetOut(
src/xrpld/app/misc/AMMHelpers.h:116:    STAmount const& assetBalance,
src/xrpld/app/misc/AMMHelpers.h:117:    STAmount const& lptAMMBalance,
src/xrpld/app/misc/AMMHelpers.h:118:    STAmount const& lpTokens,
src/xrpld/app/misc/AMMHelpers.h:153:        std::is_same_v<Amt, STAmount> || std::is_same_v<Amt, IOUAmount> ||
src/xrpld/app/misc/AMMHelpers.h:154:        std::is_same_v<Amt, XRPAmount> || std::is_same_v<Amt, Number>)
src/xrpld/app/misc/AMMHelpers.h:171:/** Generate AMM offer starting with takerGets when AMM pool
src/xrpld/app/misc/AMMHelpers.h:195:std::optional<TAmounts<TIn, TOut>>
src/xrpld/app/misc/AMMHelpers.h:196:getAMMOfferStartWithTakerGets(
src/xrpld/app/misc/AMMHelpers.h:197:    TAmounts<TIn, TOut> const& pool,
src/xrpld/app/misc/AMMHelpers.h:224:    auto getAmounts = [&pool, &tfee](Number const& nTakerGetsProposed) {
src/xrpld/app/misc/AMMHelpers.h:227:        auto const takerGets = toAmount<TOut>(
src/xrpld/app/misc/AMMHelpers.h:229:        return TAmounts<TIn, TOut>{
src/xrpld/app/misc/AMMHelpers.h:230:            swapAssetOut(pool, takerGets, tfee), takerGets};
src/xrpld/app/misc/AMMHelpers.h:235:    if (auto const amounts = getAmounts(*nTakerGets);
src/xrpld/app/misc/AMMHelpers.h:237:        return getAmounts(detail::reduceOffer(amounts.out));
src/xrpld/app/misc/AMMHelpers.h:242:/** Generate AMM offer starting with takerPays when AMM pool
src/xrpld/app/misc/AMMHelpers.h:266:std::optional<TAmounts<TIn, TOut>>
src/xrpld/app/misc/AMMHelpers.h:267:getAMMOfferStartWithTakerPays(
src/xrpld/app/misc/AMMHelpers.h:268:    TAmounts<TIn, TOut> const& pool,
src/xrpld/app/misc/AMMHelpers.h:295:    auto getAmounts = [&pool, &tfee](Number const& nTakerPaysProposed) {
src/xrpld/app/misc/AMMHelpers.h:298:        auto const takerPays = toAmount<TIn>(
src/xrpld/app/misc/AMMHelpers.h:300:        return TAmounts<TIn, TOut>{
src/xrpld/app/misc/AMMHelpers.h:301:            takerPays, swapAssetIn(pool, takerPays, tfee)};
src/xrpld/app/misc/AMMHelpers.h:306:    if (auto const amounts = getAmounts(*nTakerPays);
src/xrpld/app/misc/AMMHelpers.h:308:        return getAmounts(detail::reduceOffer(amounts.in));
src/xrpld/app/misc/AMMHelpers.h:313:/**   Generate AMM offer so that either updated Spot Price Quality (SPQ)
src/xrpld/app/misc/AMMHelpers.h:314: * is equal to LOB quality (in this case AMM offer quality is
src/xrpld/app/misc/AMMHelpers.h:315: * better than LOB quality) or AMM offer is equal to LOB quality
src/xrpld/app/misc/AMMHelpers.h:322: *   It might not be possible to match either SPQ or AMM offer to LOB
src/xrpld/app/misc/AMMHelpers.h:324: * @param pool AMM pool balances
src/xrpld/app/misc/AMMHelpers.h:330:std::optional<TAmounts<TIn, TOut>>
src/xrpld/app/misc/AMMHelpers.h:332:    TAmounts<TIn, TOut> const& pool,
src/xrpld/app/misc/AMMHelpers.h:338:    if (!rules.enabled(fixAMMv1_1))
src/xrpld/app/misc/AMMHelpers.h:342:        // Where takerGets is calculated as the swapAssetIn (see below).
src/xrpld/app/misc/AMMHelpers.h:345:        // which is solved for i, and o is found with swapAssetIn().
src/xrpld/app/misc/AMMHelpers.h:357:                // The fee might make the AMM offer quality less than CLOB
src/xrpld/app/misc/AMMHelpers.h:358:                // quality. Therefore, AMM offer has to satisfy this constraint:
src/xrpld/app/misc/AMMHelpers.h:359:                // o / i >= q. Substituting o with swapAssetIn() gives: i <= O /
src/xrpld/app/misc/AMMHelpers.h:376:                toAmount<TIn>(getIssue(pool.in), nTakerPays, Number::upward);
src/xrpld/app/misc/AMMHelpers.h:379:                    TAmounts<TIn, TOut>{
src/xrpld/app/misc/AMMHelpers.h:380:                        takerPays, swapAssetIn(pool, takerPays, tfee)};
src/xrpld/app/misc/AMMHelpers.h:412:            return getAMMOfferStartWithTakerGets(pool, quality, tfee);
src/xrpld/app/misc/AMMHelpers.h:413:        return getAMMOfferStartWithTakerPays(pool, quality, tfee);
src/xrpld/app/misc/AMMHelpers.h:441:/** AMM pool invariant - the product (A * B) after swap in/out has to remain
src/xrpld/app/misc/AMMHelpers.h:454: * of the other asset. Implements AMM Swap in.
src/xrpld/app/misc/AMMHelpers.h:455: * @see [XLS30d:AMM
src/xrpld/app/misc/AMMHelpers.h:457: * @param pool current AMM pool balances
src/xrpld/app/misc/AMMHelpers.h:464:swapAssetIn(
src/xrpld/app/misc/AMMHelpers.h:465:    TAmounts<TIn, TOut> const& pool,
src/xrpld/app/misc/AMMHelpers.h:470:        rules && rules->enabled(fixAMMv1_1))
src/xrpld/app/misc/AMMHelpers.h:503:            return toAmount<TOut>(getIssue(pool.out), 0);
src/xrpld/app/misc/AMMHelpers.h:512:            return toAmount<TOut>(getIssue(pool.out), 0);
src/xrpld/app/misc/AMMHelpers.h:514:        return toAmount<TOut>(getIssue(pool.out), swapOut, Number::downward);
src/xrpld/app/misc/AMMHelpers.h:518:        return toAmount<TOut>(
src/xrpld/app/misc/AMMHelpers.h:527: * of the other asset. Implements AMM Swap out.
src/xrpld/app/misc/AMMHelpers.h:528: * @see [XLS30d:AMM
src/xrpld/app/misc/AMMHelpers.h:530: * @param pool current AMM pool balances
src/xrpld/app/misc/AMMHelpers.h:537:swapAssetOut(
src/xrpld/app/misc/AMMHelpers.h:538:    TAmounts<TIn, TOut> const& pool,
src/xrpld/app/misc/AMMHelpers.h:543:        rules && rules->enabled(fixAMMv1_1))
src/xrpld/app/misc/AMMHelpers.h:571:            return toMaxAmount<TIn>(getIssue(pool.in));
src/xrpld/app/misc/AMMHelpers.h:585:            return toAmount<TIn>(getIssue(pool.in), 0);
src/xrpld/app/misc/AMMHelpers.h:587:        return toAmount<TIn>(getIssue(pool.in), swapIn, Number::upward);
src/xrpld/app/misc/AMMHelpers.h:591:        return toAmount<TIn>(
src/xrpld/app/misc/AMMHelpers.h:605: * Amount type keeps 16 digits. Maintaining the LP balance by adding
src/xrpld/app/misc/AMMHelpers.h:611: * @param lptAMMBalance LPT AMM Balance
src/xrpld/app/misc/AMMHelpers.h:615:STAmount
src/xrpld/app/misc/AMMHelpers.h:616:adjustLPTokens(
src/xrpld/app/misc/AMMHelpers.h:617:    STAmount const& lptAMMBalance,
src/xrpld/app/misc/AMMHelpers.h:618:    STAmount const& lpTokens,
src/xrpld/app/misc/AMMHelpers.h:621:/** Calls adjustLPTokens() and adjusts deposit or withdraw amounts if
src/xrpld/app/misc/AMMHelpers.h:626: * @param lptAMMBalance LPT AMM Balance
src/xrpld/app/misc/AMMHelpers.h:632:std::tuple<STAmount, std::optional<STAmount>, STAmount>
src/xrpld/app/misc/AMMHelpers.h:633:adjustAmountsByLPTokens(
src/xrpld/app/misc/AMMHelpers.h:634:    STAmount const& amountBalance,
src/xrpld/app/misc/AMMHelpers.h:635:    STAmount const& amount,
src/xrpld/app/misc/AMMHelpers.h:636:    std::optional<STAmount> const& amount2,
src/xrpld/app/misc/AMMHelpers.h:637:    STAmount const& lptAMMBalance,
src/xrpld/app/misc/AMMHelpers.h:638:    STAmount const& lpTokens,
src/xrpld/app/misc/AMMHelpers.h:648:STAmount
src/xrpld/app/misc/AMMHelpers.h:649:multiply(STAmount const& amount, Number const& frac, Number::rounding_mode rm);
src/xrpld/app/misc/AMMHelpers.h:654:getLPTokenRounding(IsDeposit isDeposit)
src/xrpld/app/misc/AMMHelpers.h:657:    // AMM invariant sqrt(poolAsset1 * poolAsset2) >= LPTokensBalance
src/xrpld/app/misc/AMMHelpers.h:662:getAssetRounding(IsDeposit isDeposit)
src/xrpld/app/misc/AMMHelpers.h:665:    // AMM invariant sqrt(poolAsset1 * poolAsset2) >= LPTokensBalance
src/xrpld/app/misc/AMMHelpers.h:671:/** Round AMM equal deposit/withdrawal amount. Deposit/withdrawal formulas
src/xrpld/app/misc/AMMHelpers.h:674: * AMMv1_3 is enabled.
src/xrpld/app/misc/AMMHelpers.h:677:STAmount
src/xrpld/app/misc/AMMHelpers.h:678:getRoundedAsset(
src/xrpld/app/misc/AMMHelpers.h:680:    STAmount const& balance,
src/xrpld/app/misc/AMMHelpers.h:684:    if (!rules.enabled(fixAMMv1_3))
src/xrpld/app/misc/AMMHelpers.h:686:        if constexpr (std::is_same_v<A, STAmount>)
src/xrpld/app/misc/AMMHelpers.h:689:            return toSTAmount(balance.issue(), balance * frac);
src/xrpld/app/misc/AMMHelpers.h:691:    auto const rm = detail::getAssetRounding(isDeposit);
src/xrpld/app/misc/AMMHelpers.h:695:/** Round AMM single deposit/withdrawal amount.
src/xrpld/app/misc/AMMHelpers.h:698: * called if AMMv1_3 is disabled. Otherwise, the rounding is set and
src/xrpld/app/misc/AMMHelpers.h:704:STAmount
src/xrpld/app/misc/AMMHelpers.h:705:getRoundedAsset(
src/xrpld/app/misc/AMMHelpers.h:708:    STAmount const& balance,
src/xrpld/app/misc/AMMHelpers.h:712:/** Round AMM deposit/withdrawal LPToken amount. Deposit/withdrawal formulas
src/xrpld/app/misc/AMMHelpers.h:713: * calculate the lptokens as a fractional value of the AMM total lptokens.
src/xrpld/app/misc/AMMHelpers.h:715: * the fraction if AMMv1_3 is enabled. The tokens are then
src/xrpld/app/misc/AMMHelpers.h:719:STAmount
src/xrpld/app/misc/AMMHelpers.h:720:getRoundedLPTokens(
src/xrpld/app/misc/AMMHelpers.h:722:    STAmount const& balance,
src/xrpld/app/misc/AMMHelpers.h:726:/** Round AMM single deposit/withdrawal LPToken amount.
src/xrpld/app/misc/AMMHelpers.h:729: * noRoundCb() is called if AMMv1_3 is disabled. Otherwise, the rounding is set
src/xrpld/app/misc/AMMHelpers.h:737:STAmount
src/xrpld/app/misc/AMMHelpers.h:738:getRoundedLPTokens(
src/xrpld/app/misc/AMMHelpers.h:741:    STAmount const& lptAMMBalance,
src/xrpld/app/misc/AMMHelpers.h:756:std::pair<STAmount, STAmount>
src/xrpld/app/misc/AMMHelpers.h:757:adjustAssetInByTokens(
src/xrpld/app/misc/AMMHelpers.h:759:    STAmount const& balance,
src/xrpld/app/misc/AMMHelpers.h:760:    STAmount const& amount,
src/xrpld/app/misc/AMMHelpers.h:761:    STAmount const& lptAMMBalance,
src/xrpld/app/misc/AMMHelpers.h:762:    STAmount const& tokens,
src/xrpld/app/misc/AMMHelpers.h:764:std::pair<STAmount, STAmount>
src/xrpld/app/misc/AMMHelpers.h:765:adjustAssetOutByTokens(
src/xrpld/app/misc/AMMHelpers.h:767:    STAmount const& balance,
src/xrpld/app/misc/AMMHelpers.h:768:    STAmount const& amount,
src/xrpld/app/misc/AMMHelpers.h:769:    STAmount const& lptAMMBalance,
src/xrpld/app/misc/AMMHelpers.h:770:    STAmount const& tokens,
src/xrpld/app/misc/AMMHelpers.h:779:    STAmount const& lptAMMBalance,
src/xrpld/app/misc/AMMHelpers.h:780:    STAmount const& tokens,
src/xrpld/app/misc/AMMHelpers.h:785:#endif  // RIPPLE_APP_MISC_AMMHELPERS_H_INCLUDED
src/test/app/Offer_test.cpp:33:    XRPAmount
src/test/app/Offer_test.cpp:294:        // STAmount to incorrectly round to zero when the next offer
src/test/app/Offer_test.cpp:296:        // stAmountCalcSwitchover2 patch was inactive)
src/test/app/Offer_test.cpp:308:        // stAmountCalcSwitchover2 was inactive.)
src/test/app/Offer_test.cpp:491:        auto tinyAmount = [&](IOU const& iou) -> PrettyAmount {
src/test/app/Offer_test.cpp:492:            STAmount amt(
src/test/app/Offer_test.cpp:496:            return PrettyAmount(amt, iou.account.name());
src/test/app/Offer_test.cpp:509:            auto initialCarolUSD = tinyAmount(USD);
src/test/app/Offer_test.cpp:574:            auto const initialCarolUSD = tinyAmount(USD);
src/test/app/Offer_test.cpp:1421:                STAmount{bob["USD"].issue(), UINT64_C(2710505431213761), -33};
src/test/app/Offer_test.cpp:2091:            STAmount(env.current()->fees().accountReserve(3)).getText());
src/test/app/Offer_test.cpp:2190:            STAmount(env.current()->fees().accountReserve(1)).getText());
src/test/app/Offer_test.cpp:2235:            STAmount(env.current()->fees().accountReserve(1)).getText());
src/test/app/Offer_test.cpp:2323:        jtx::PrettyAmount const& expectBalance)
src/test/app/Offer_test.cpp:2333:            STAmount low{issue};
src/test/app/Offer_test.cpp:2334:            STAmount high{issue};
src/test/app/Offer_test.cpp:2339:            BEAST_EXPECT(sleTrust->getFieldAmount(sfLowLimit) == low);
src/test/app/Offer_test.cpp:2340:            BEAST_EXPECT(sleTrust->getFieldAmount(sfHighLimit) == high);
src/test/app/Offer_test.cpp:2342:            STAmount actualBalance{sleTrust->getFieldAmount(sfBalance)};
src/test/app/Offer_test.cpp:2376:            STAmount fundXrp;         // Account funded with
src/test/app/Offer_test.cpp:2377:            int bookAmount;           // USD -> XRP offer on the books
src/test/app/Offer_test.cpp:2379:            int offerAmount;          // Account offers this much XRP -> USD
src/test/app/Offer_test.cpp:2381:            STAmount spentXrp;        // Amount removed from fundXrp
src/test/app/Offer_test.cpp:2382:            PrettyAmount balanceUsd;  // Balance on account end
src/test/app/Offer_test.cpp:2442:            auto const book = t.bookAmount;
src/test/app/Offer_test.cpp:2462:                auto const acctOffer = t.offerAmount;
src/test/app/Offer_test.cpp:2480:                auto const leftover = t.offerAmount - t.bookAmount;
src/test/app/Offer_test.cpp:2828:            STAmount fundXrp;     // XRP acct funded with
src/test/app/Offer_test.cpp:2829:            STAmount fundUSD;     // USD acct funded with
src/test/app/Offer_test.cpp:2830:            STAmount gwGets;      // gw's offer
src/test/app/Offer_test.cpp:2831:            STAmount gwPays;      //
src/test/app/Offer_test.cpp:2832:            STAmount acctGets;    // acct's offer
src/test/app/Offer_test.cpp:2833:            STAmount acctPays;    //
src/test/app/Offer_test.cpp:2835:            STAmount spentXrp;    // Amount removed from fundXrp
src/test/app/Offer_test.cpp:2836:            STAmount finalUsd;    // Final USD balance on acct
src/test/app/Offer_test.cpp:2839:            STAmount takerGets;   // Remainder of acct's offer
src/test/app/Offer_test.cpp:2840:            STAmount takerPays;   //
src/test/app/Offer_test.cpp:2845:                STAmount const& fundXrp_,    // XRP acct funded with
src/test/app/Offer_test.cpp:2846:                STAmount const& fundUSD_,    // USD acct funded with
src/test/app/Offer_test.cpp:2847:                STAmount const& gwGets_,     // gw's offer
src/test/app/Offer_test.cpp:2848:                STAmount const& gwPays_,     //
src/test/app/Offer_test.cpp:2849:                STAmount const& acctGets_,   // acct's offer
src/test/app/Offer_test.cpp:2850:                STAmount const& acctPays_,   //
src/test/app/Offer_test.cpp:2852:                STAmount const& spentXrp_,   // Amount removed from fundXrp
src/test/app/Offer_test.cpp:2853:                STAmount const& finalUsd_,   // Final USD balance on acct
src/test/app/Offer_test.cpp:2856:                STAmount const& takerGets_,  // Remainder of acct's offer
src/test/app/Offer_test.cpp:2857:                STAmount const& takerPays_)  //
src/test/app/Offer_test.cpp:2878:                STAmount const& fundXrp_,   // XRP acct funded with
src/test/app/Offer_test.cpp:2879:                STAmount const& fundUSD_,   // USD acct funded with
src/test/app/Offer_test.cpp:2880:                STAmount const& gwGets_,    // gw's offer
src/test/app/Offer_test.cpp:2881:                STAmount const& gwPays_,    //
src/test/app/Offer_test.cpp:2882:                STAmount const& acctGets_,  // acct's offer
src/test/app/Offer_test.cpp:2883:                STAmount const& acctPays_,  //
src/test/app/Offer_test.cpp:2885:                STAmount const& spentXrp_,  // Amount removed from fundXrp
src/test/app/Offer_test.cpp:2886:                STAmount const& finalUsd_,  // Final USD balance on acct
src/test/app/Offer_test.cpp:2902:                      STAmount{0},
src/test/app/Offer_test.cpp:2903:                      STAmount{0})
src/test/app/Offer_test.cpp:3478:            STAmount fundXRP;    // XRP acct funded with
src/test/app/Offer_test.cpp:3479:            STAmount fundUSD;    // USD acct funded with
src/test/app/Offer_test.cpp:3480:            STAmount fundEUR;    // EUR acct funded with
src/test/app/Offer_test.cpp:3874:                STAmount(JPY.issue(), std::uint64_t(2230682446713524ul), -12));
src/test/app/Offer_test.cpp:3911:                STAmount{USD.issue(), std::uint64_t(2185410179555600), -14}));
src/test/app/Offer_test.cpp:3915:                STAmount{JPY.issue(), std::uint64_t(6351823459548956), -12}));
src/test/app/Offer_test.cpp:3920:            STAmount{USD.issue(), std::uint64_t(4371257532306000), -17},
src/test/app/Offer_test.cpp:3921:            STAmount{JPY.issue(), std::uint64_t(4573216636606000), -15}));
src/test/app/Offer_test.cpp:3927:            STAmount{JPY.issue(), std::uint64_t(2291181510070762), -12},
src/test/app/Offer_test.cpp:3928:            STAmount{USD.issue(), std::uint64_t(2190218999914694), -14}));
src/test/app/Offer_test.cpp:3939:                STAmount(USD.issue(), std::uint64_t(2185847305256635), -14));
src/test/app/Offer_test.cpp:3942:                STAmount(JPY.issue(), std::uint64_t(2286608293434156), -12));
src/test/app/Offer_test.cpp:3970:        STAmount const alicesCnyOffer{
src/test/app/Offer_test.cpp:3977:        STAmount const bobsCnyStartBalance{
src/test/app/Offer_test.cpp:3985:            STAmount{CNY.issue(), std::uint64_t(1000000000000000), -20}));
src/test/app/Offer_test.cpp:4054:            PrettyAmount xrp;  // final expected after crossing
src/test/app/Offer_test.cpp:4055:            PrettyAmount btc;  // final expected after crossing
src/test/app/Offer_test.cpp:4056:            PrettyAmount usd;  // final expected after crossing
src/test/app/Offer_test.cpp:4067:            PrettyAmount btcStart;
src/test/app/Offer_test.cpp:4205:            PrettyAmount xrp;  // final expected after crossing
src/test/app/Offer_test.cpp:4206:            PrettyAmount btc;  // final expected after crossing
src/test/app/Offer_test.cpp:4207:            PrettyAmount usd;  // final expected after crossing
src/test/app/Offer_test.cpp:4218:            PrettyAmount btcStart;
src/test/app/Offer_test.cpp:4299:    testRequireAuth(FeatureBitset features)
src/test/app/Offer_test.cpp:4301:        testcase("lsfRequireAuth");
src/test/app/Offer_test.cpp:4318:        env(fset(gw, asfRequireAuth));
src/test/app/Offer_test.cpp:4355:        //    gw adds lsfRequireAuth.  Then, later, alice's offer is crossed.
src/test/app/Offer_test.cpp:4360:        //    lsfRequireAuth set.  This time the offer create fails because
src/test/app/Offer_test.cpp:4390:        env(fset(gw, asfRequireAuth));
src/test/app/Offer_test.cpp:4434:        env(offer(alice, gwUSD(40), XRP(4000)), ter(tecNO_AUTH));
src/test/app/Offer_test.cpp:4501:            env(fset(cold, asfRequireAuth));
src/test/app/Offer_test.cpp:4582:        // Since gw has an offer out, gw should not be able to set RequireAuth.
src/test/app/Offer_test.cpp:4583:        env(fset(gw, asfRequireAuth), ter(tecOWNERS));
src/test/app/Offer_test.cpp:4586:        // Cancel gw's offer so we can set RequireAuth.
src/test/app/Offer_test.cpp:4592:        env(fset(gw, asfRequireAuth));
src/test/app/Offer_test.cpp:4598:        // Before DepositPreauth an account with lsfRequireAuth set could not
src/test/app/Offer_test.cpp:4807:        std::map<std::uint32_t, std::pair<STAmount, STAmount>> offers;
src/test/app/Offer_test.cpp:5351:        testRequireAuth(features);
src/test/app/DepositAuth_test.cpp:31:static XRPAmount
src/test/app/DepositAuth_test.cpp:39:hasDepositAuth(jtx::Env const& env, jtx::Account const& acct)
src/test/app/DepositAuth_test.cpp:41:    return ((*env.le(acct))[sfFlags] & lsfDepositAuth) == lsfDepositAuth;
src/test/app/DepositAuth_test.cpp:44:struct DepositAuth_test : public beast::unit_test::suite
src/test/app/DepositAuth_test.cpp:55:            // featureDepositAuth is disabled.
src/test/app/DepositAuth_test.cpp:56:            Env env(*this, testable_amendments() - featureDepositAuth);
src/test/app/DepositAuth_test.cpp:60:            env(fset(alice, asfDepositAuth));
src/test/app/DepositAuth_test.cpp:62:            BEAST_EXPECT(!hasDepositAuth(env, alice));
src/test/app/DepositAuth_test.cpp:64:            env(fclear(alice, asfDepositAuth));
src/test/app/DepositAuth_test.cpp:66:            BEAST_EXPECT(!hasDepositAuth(env, alice));
src/test/app/DepositAuth_test.cpp:69:            // featureDepositAuth is enabled.
src/test/app/DepositAuth_test.cpp:73:            env(fset(alice, asfDepositAuth));
src/test/app/DepositAuth_test.cpp:75:            BEAST_EXPECT(hasDepositAuth(env, alice));
src/test/app/DepositAuth_test.cpp:77:            env(fclear(alice, asfDepositAuth));
src/test/app/DepositAuth_test.cpp:79:            BEAST_EXPECT(!hasDepositAuth(env, alice));
src/test/app/DepositAuth_test.cpp:87:        // that has the lsfDepositAuth flag set.
src/test/app/DepositAuth_test.cpp:112:        // bob sets the lsfDepositAuth flag.
src/test/app/DepositAuth_test.cpp:113:        env(fset(bob, asfDepositAuth), require(flags(bob, asfDepositAuth)));
src/test/app/DepositAuth_test.cpp:118:            env.require(flags(bob, asfDepositAuth));
src/test/app/DepositAuth_test.cpp:121:            PrettyAmount const bobXrpBalance{env.balance(bob, XRP)};
src/test/app/DepositAuth_test.cpp:122:            PrettyAmount const bobUsdBalance{env.balance(bob, USD)};
src/test/app/DepositAuth_test.cpp:124:            env(pay(alice, bob, USD(50)), ter(tecNO_PERMISSION));
src/test/app/DepositAuth_test.cpp:131:                ter(tecNO_PERMISSION));
src/test/app/DepositAuth_test.cpp:142:        // bob can make payments while his lsfDepositAuth flag is set.
src/test/app/DepositAuth_test.cpp:147:            STAmount const bobPaysXRP{env.balance(bob, XRP) - reserve(env, 1)};
src/test/app/DepositAuth_test.cpp:148:            XRPAmount const bobPaysFee{reserve(env, 1) - reserve(env, 0)};
src/test/app/DepositAuth_test.cpp:165:        // Give bob enough XRP for the fee to clear the lsfDepositAuth flag.
src/test/app/DepositAuth_test.cpp:168:        // bob clears the lsfDepositAuth and the next payment succeeds.
src/test/app/DepositAuth_test.cpp:169:        env(fclear(bob, asfDepositAuth));
src/test/app/DepositAuth_test.cpp:183:        // lsfDepositAuth flag set.
src/test/app/DepositAuth_test.cpp:196:        // bob sets the lsfDepositAuth flag.
src/test/app/DepositAuth_test.cpp:197:        env(fset(bob, asfDepositAuth), fee(drops(baseFee)));
src/test/app/DepositAuth_test.cpp:202:        env(pay(alice, bob, drops(1)), ter(tecNO_PERMISSION));
src/test/app/DepositAuth_test.cpp:208:            STAmount const bobPaysXRP{env.balance(bob, XRP) - reserve(env, 1)};
src/test/app/DepositAuth_test.cpp:209:            XRPAmount const bobPaysFee{reserve(env, 1) - reserve(env, 0)};
src/test/app/DepositAuth_test.cpp:222:        env(pay(alice, bob, drops(1)), ter(tecNO_PERMISSION));
src/test/app/DepositAuth_test.cpp:231:        env(pay(alice, bob, reserve(env, 0) + drops(1)), ter(tecNO_PERMISSION));
src/test/app/DepositAuth_test.cpp:246:        env(pay(alice, bob, drops(1)), ter(tecNO_PERMISSION));
src/test/app/DepositAuth_test.cpp:256:        // bob should not be able to clear lsfDepositAuth.
src/test/app/DepositAuth_test.cpp:257:        env(fclear(bob, asfDepositAuth), ter(terINSUF_FEE_B));
src/test/app/DepositAuth_test.cpp:265:        // Pay bob enough so he can afford the fee to clear lsfDepositAuth.
src/test/app/DepositAuth_test.cpp:270:        // request to clear lsfDepositAuth.  So the balance should be zero
src/test/app/DepositAuth_test.cpp:271:        // and lsfDepositAuth should be cleared.
src/test/app/DepositAuth_test.cpp:273:        env.require(nflags(bob, asfDepositAuth));
src/test/app/DepositAuth_test.cpp:275:        // Since bob no longer has lsfDepositAuth set we should be able to
src/test/app/DepositAuth_test.cpp:285:        // It its current incarnation the DepositAuth flag does not change
src/test/app/DepositAuth_test.cpp:302:                              bool withDepositAuth) {
src/test/app/DepositAuth_test.cpp:303:            assert(!withDepositAuth || features[featureDepositAuth]);
src/test/app/DepositAuth_test.cpp:315:            if (withDepositAuth)
src/test/app/DepositAuth_test.cpp:316:                env(fset(gw1, asfDepositAuth));
src/test/app/DepositAuth_test.cpp:326:                                 bool withDepositAuth) {
src/test/app/DepositAuth_test.cpp:327:            assert(!withDepositAuth || features[featureDepositAuth]);
src/test/app/DepositAuth_test.cpp:337:            if (withDepositAuth)
src/test/app/DepositAuth_test.cpp:338:                env(fset(alice, asfDepositAuth));
src/test/app/DepositAuth_test.cpp:348:        // Test every combo of noRipplePrev, noRippleNext, and withDepositAuth
src/test/app/DepositAuth_test.cpp:353:            auto const withDepositAuth = i & 0x4;
src/test/app/DepositAuth_test.cpp:355:                testable_amendments() | featureDepositAuth,
src/test/app/DepositAuth_test.cpp:358:                withDepositAuth);
src/test/app/DepositAuth_test.cpp:360:            if (!withDepositAuth)
src/test/app/DepositAuth_test.cpp:362:                    testable_amendments() - featureDepositAuth,
src/test/app/DepositAuth_test.cpp:365:                    withDepositAuth);
src/test/app/DepositAuth_test.cpp:368:                testable_amendments() | featureDepositAuth,
src/test/app/DepositAuth_test.cpp:371:                withDepositAuth);
src/test/app/DepositAuth_test.cpp:373:            if (!withDepositAuth)
src/test/app/DepositAuth_test.cpp:375:                    testable_amendments() - featureDepositAuth,
src/test/app/DepositAuth_test.cpp:378:                    withDepositAuth);
src/test/app/DepositAuth_test.cpp:627:            // The initial implementation of DepositAuth had a bug where an
src/test/app/DepositAuth_test.cpp:628:            // account with the DepositAuth flag set could not make a payment
src/test/app/DepositAuth_test.cpp:651:            env(fset(becky, asfDepositAuth));
src/test/app/DepositAuth_test.cpp:657:                supportsPreauth ? TER{tesSUCCESS} : TER{tecNO_PERMISSION}};
src/test/app/DepositAuth_test.cpp:679:                        : (!supportsPreauth ? TER(tecNO_PERMISSION)
src/test/app/DepositAuth_test.cpp:724:                        ter(tecNO_PERMISSION));
src/test/app/DepositAuth_test.cpp:754:            env(fset(becky, asfDepositAuth));
src/test/app/DepositAuth_test.cpp:758:            env(pay(alice, becky, XRP(100)), ter(tecNO_PERMISSION));
src/test/app/DepositAuth_test.cpp:759:            env(pay(alice, becky, USD(100)), ter(tecNO_PERMISSION));
src/test/app/DepositAuth_test.cpp:768:            env(pay(alice, becky, XRP(100)), ter(tecNO_PERMISSION));
src/test/app/DepositAuth_test.cpp:769:            env(pay(alice, becky, USD(100)), ter(tecNO_PERMISSION));
src/test/app/DepositAuth_test.cpp:782:            env(fset(alice, asfDepositAuth));
src/test/app/DepositAuth_test.cpp:787:            env(pay(becky, alice, XRP(100)), ter(tecNO_PERMISSION));
src/test/app/DepositAuth_test.cpp:788:            env(pay(becky, alice, USD(100)), ter(tecNO_PERMISSION));
src/test/app/DepositAuth_test.cpp:803:            env(pay(alice, becky, XRP(100)), ter(tecNO_PERMISSION));
src/test/app/DepositAuth_test.cpp:804:            env(pay(alice, becky, USD(100)), ter(tecNO_PERMISSION));
src/test/app/DepositAuth_test.cpp:809:            env(fclear(becky, asfDepositAuth));
src/test/app/DepositAuth_test.cpp:839:            env(fset(bob, asfDepositAuth));
src/test/app/DepositAuth_test.cpp:880:            env(fset(bob, asfDepositAuth));
src/test/app/DepositAuth_test.cpp:926:            env(fset(john, asfDepositAuth));
src/test/app/DepositAuth_test.cpp:958:            env(fset(bob, asfDepositAuth));
src/test/app/DepositAuth_test.cpp:965:                    ter(tecNO_PERMISSION));
src/test/app/DepositAuth_test.cpp:1009:                    ter(tecNO_PERMISSION));
src/test/app/DepositAuth_test.cpp:1256:            env(fset(bob, asfDepositAuth));
src/test/app/DepositAuth_test.cpp:1383:            env(fset(bob, asfDepositAuth));
src/test/app/DepositAuth_test.cpp:1578:BEAST_DEFINE_TESTSUITE(DepositAuth, app, ripple);
src/test/app/Clawback_test.cpp:27:class Clawback_test : public beast::unit_test::suite
src/test/app/Clawback_test.cpp:48:    getLineFreezeFlag(
src/test/app/Clawback_test.cpp:57:            return sle->isFlag(useHigh ? lsfHighFreeze : lsfLowFreeze);
src/test/app/Clawback_test.cpp:59:        Throw<std::runtime_error>("No line in getLineFreezeFlag");
src/test/app/Clawback_test.cpp:64:    testAllowTrustLineClawbackFlag(FeatureBitset features)
src/test/app/Clawback_test.cpp:66:        testcase("Enable AllowTrustLineClawback flag");
src/test/app/Clawback_test.cpp:69:        // Test that one can successfully set asfAllowTrustLineClawback flag.
src/test/app/Clawback_test.cpp:70:        // If successful, asfNoFreeze can no longer be set.
src/test/app/Clawback_test.cpp:71:        // Also, asfAllowTrustLineClawback cannot be cleared.
src/test/app/Clawback_test.cpp:79:            // set asfAllowTrustLineClawback
src/test/app/Clawback_test.cpp:80:            env(fset(alice, asfAllowTrustLineClawback));
src/test/app/Clawback_test.cpp:82:            env.require(flags(alice, asfAllowTrustLineClawback));
src/test/app/Clawback_test.cpp:84:            // clear asfAllowTrustLineClawback does nothing
src/test/app/Clawback_test.cpp:85:            env(fclear(alice, asfAllowTrustLineClawback));
src/test/app/Clawback_test.cpp:87:            env.require(flags(alice, asfAllowTrustLineClawback));
src/test/app/Clawback_test.cpp:89:            // asfNoFreeze cannot be set when asfAllowTrustLineClawback is set
src/test/app/Clawback_test.cpp:90:            env.require(nflags(alice, asfNoFreeze));
src/test/app/Clawback_test.cpp:91:            env(fset(alice, asfNoFreeze), ter(tecNO_PERMISSION));
src/test/app/Clawback_test.cpp:95:        // Test that asfAllowTrustLineClawback cannot be set when
src/test/app/Clawback_test.cpp:96:        // asfNoFreeze has been set
src/test/app/Clawback_test.cpp:104:            env.require(nflags(alice, asfNoFreeze));
src/test/app/Clawback_test.cpp:106:            // set asfNoFreeze
src/test/app/Clawback_test.cpp:107:            env(fset(alice, asfNoFreeze));
src/test/app/Clawback_test.cpp:110:            // NoFreeze is set
src/test/app/Clawback_test.cpp:111:            env.require(flags(alice, asfNoFreeze));
src/test/app/Clawback_test.cpp:113:            // asfAllowTrustLineClawback cannot be set if asfNoFreeze is set
src/test/app/Clawback_test.cpp:114:            env(fset(alice, asfAllowTrustLineClawback), ter(tecNO_PERMISSION));
src/test/app/Clawback_test.cpp:117:            env.require(nflags(alice, asfAllowTrustLineClawback));
src/test/app/Clawback_test.cpp:120:        // Test that asfAllowTrustLineClawback is not allowed when owner dir is
src/test/app/Clawback_test.cpp:132:            env.require(nflags(alice, asfAllowTrustLineClawback));
src/test/app/Clawback_test.cpp:143:            env(fset(alice, asfAllowTrustLineClawback), ter(tecOWNERS));
src/test/app/Clawback_test.cpp:154:            // alice now is able to set asfAllowTrustLineClawback
src/test/app/Clawback_test.cpp:155:            env(fset(alice, asfAllowTrustLineClawback));
src/test/app/Clawback_test.cpp:157:            env.require(flags(alice, asfAllowTrustLineClawback));
src/test/app/Clawback_test.cpp:163:        // Test that one cannot enable asfAllowTrustLineClawback when
src/test/app/Clawback_test.cpp:164:        // featureClawback amendment is disabled
src/test/app/Clawback_test.cpp:166:            Env env(*this, features - featureClawback);
src/test/app/Clawback_test.cpp:173:            env.require(nflags(alice, asfAllowTrustLineClawback));
src/test/app/Clawback_test.cpp:175:            // alice attempts to set asfAllowTrustLineClawback flag while
src/test/app/Clawback_test.cpp:178:            env(fset(alice, asfAllowTrustLineClawback));
src/test/app/Clawback_test.cpp:180:            env.require(nflags(alice, asfAllowTrustLineClawback));
src/test/app/Clawback_test.cpp:183:            env.enableFeature(featureClawback);
src/test/app/Clawback_test.cpp:186:            // asfAllowTrustLineClawback can be set
src/test/app/Clawback_test.cpp:187:            env(fset(alice, asfAllowTrustLineClawback));
src/test/app/Clawback_test.cpp:189:            env.require(flags(alice, asfAllowTrustLineClawback));
src/test/app/Clawback_test.cpp:199:        // Test that Clawback tx fails for the following:
src/test/app/Clawback_test.cpp:201:        // 2. when asfAllowTrustLineClawback flag has not been set
src/test/app/Clawback_test.cpp:203:            Env env(*this, features - featureClawback);
src/test/app/Clawback_test.cpp:211:            env.require(nflags(alice, asfAllowTrustLineClawback));
src/test/app/Clawback_test.cpp:228:            env.enableFeature(featureClawback);
src/test/app/Clawback_test.cpp:231:            // clawback fails because asfAllowTrustLineClawback has not been set
src/test/app/Clawback_test.cpp:232:            env(claw(alice, bob["USD"](5)), ter(tecNO_PERMISSION));
src/test/app/Clawback_test.cpp:239:        // Test that Clawback tx fails for the following:
src/test/app/Clawback_test.cpp:241:        // 2. negative STAmount
src/test/app/Clawback_test.cpp:242:        // 3. zero STAmount
src/test/app/Clawback_test.cpp:256:            // alice sets asfAllowTrustLineClawback
src/test/app/Clawback_test.cpp:257:            env(fset(alice, asfAllowTrustLineClawback));
src/test/app/Clawback_test.cpp:259:            env.require(flags(alice, asfAllowTrustLineClawback));
src/test/app/Clawback_test.cpp:341:            // alice sets asfAllowTrustLineClawback
src/test/app/Clawback_test.cpp:342:            env(fset(alice, asfAllowTrustLineClawback));
src/test/app/Clawback_test.cpp:344:            env.require(flags(alice, asfAllowTrustLineClawback));
src/test/app/Clawback_test.cpp:365:            // alice sets asfAllowTrustLineClawback
src/test/app/Clawback_test.cpp:366:            env(fset(alice, asfAllowTrustLineClawback));
src/test/app/Clawback_test.cpp:368:            env.require(flags(alice, asfAllowTrustLineClawback));
src/test/app/Clawback_test.cpp:370:            // cindy sets asfAllowTrustLineClawback
src/test/app/Clawback_test.cpp:371:            env(fset(cindy, asfAllowTrustLineClawback));
src/test/app/Clawback_test.cpp:373:            env.require(flags(cindy, asfAllowTrustLineClawback));
src/test/app/Clawback_test.cpp:408:            // alice sets asfAllowTrustLineClawback
src/test/app/Clawback_test.cpp:409:            env(fset(alice, asfAllowTrustLineClawback));
src/test/app/Clawback_test.cpp:411:            env.require(flags(alice, asfAllowTrustLineClawback));
src/test/app/Clawback_test.cpp:413:            // bob sets asfAllowTrustLineClawback
src/test/app/Clawback_test.cpp:414:            env(fset(bob, asfAllowTrustLineClawback));
src/test/app/Clawback_test.cpp:416:            env.require(flags(bob, asfAllowTrustLineClawback));
src/test/app/Clawback_test.cpp:434:                env(claw(bob, alice["USD"](5)), ter(tecNO_PERMISSION));
src/test/app/Clawback_test.cpp:454:                env(claw(alice, bob["CAD"](5)), ter(tecNO_PERMISSION));
src/test/app/Clawback_test.cpp:477:        // alice sets asfAllowTrustLineClawback
src/test/app/Clawback_test.cpp:478:        env(fset(alice, asfAllowTrustLineClawback));
src/test/app/Clawback_test.cpp:480:        env.require(flags(alice, asfAllowTrustLineClawback));
src/test/app/Clawback_test.cpp:527:            // alice sets asfAllowTrustLineClawback
src/test/app/Clawback_test.cpp:528:            env(fset(alice, asfAllowTrustLineClawback));
src/test/app/Clawback_test.cpp:530:            env.require(flags(alice, asfAllowTrustLineClawback));
src/test/app/Clawback_test.cpp:532:            // bob sets asfAllowTrustLineClawback
src/test/app/Clawback_test.cpp:533:            env(fset(bob, asfAllowTrustLineClawback));
src/test/app/Clawback_test.cpp:535:            env.require(flags(bob, asfAllowTrustLineClawback));
src/test/app/Clawback_test.cpp:587:            // alice sets asfAllowTrustLineClawback
src/test/app/Clawback_test.cpp:588:            env(fset(alice, asfAllowTrustLineClawback));
src/test/app/Clawback_test.cpp:590:            env.require(flags(alice, asfAllowTrustLineClawback));
src/test/app/Clawback_test.cpp:654:        // alice sets asfAllowTrustLineClawback
src/test/app/Clawback_test.cpp:655:        env(fset(alice, asfAllowTrustLineClawback));
src/test/app/Clawback_test.cpp:657:        env.require(flags(alice, asfAllowTrustLineClawback));
src/test/app/Clawback_test.cpp:659:        // bob sets asfAllowTrustLineClawback
src/test/app/Clawback_test.cpp:660:        env(fset(bob, asfAllowTrustLineClawback));
src/test/app/Clawback_test.cpp:662:        env.require(flags(bob, asfAllowTrustLineClawback));
src/test/app/Clawback_test.cpp:694:        env(claw(alice, bob["USD"](200)), ter(tecNO_PERMISSION));
src/test/app/Clawback_test.cpp:715:        env(claw(bob, alice["USD"](200)), ter(tecNO_PERMISSION));
src/test/app/Clawback_test.cpp:743:        // alice sets asfAllowTrustLineClawback
src/test/app/Clawback_test.cpp:744:        env(fset(alice, asfAllowTrustLineClawback));
src/test/app/Clawback_test.cpp:746:        env.require(flags(alice, asfAllowTrustLineClawback));
src/test/app/Clawback_test.cpp:777:    testFrozenLine(FeatureBitset features)
src/test/app/Clawback_test.cpp:779:        testcase("Frozen trustline");
src/test/app/Clawback_test.cpp:793:        // alice sets asfAllowTrustLineClawback
src/test/app/Clawback_test.cpp:794:        env(fset(alice, asfAllowTrustLineClawback));
src/test/app/Clawback_test.cpp:796:        env.require(flags(alice, asfAllowTrustLineClawback));
src/test/app/Clawback_test.cpp:807:        env(trust(alice, bob["USD"](0), tfSetFreeze));
src/test/app/Clawback_test.cpp:819:        BEAST_EXPECT(getLineFreezeFlag(env, alice, bob, USD.currency));
src/test/app/Clawback_test.cpp:823:    testAmountExceedsAvailable(FeatureBitset features)
src/test/app/Clawback_test.cpp:825:        testcase("Amount exceeds available");
src/test/app/Clawback_test.cpp:839:        // alice sets asfAllowTrustLineClawback
src/test/app/Clawback_test.cpp:840:        env(fset(alice, asfAllowTrustLineClawback));
src/test/app/Clawback_test.cpp:842:        env.require(flags(alice, asfAllowTrustLineClawback));
src/test/app/Clawback_test.cpp:891:        // alice sets asfAllowTrustLineClawback
src/test/app/Clawback_test.cpp:892:        env(fset(alice, asfAllowTrustLineClawback));
src/test/app/Clawback_test.cpp:894:        env.require(flags(alice, asfAllowTrustLineClawback));
src/test/app/Clawback_test.cpp:935:        testAllowTrustLineClawbackFlag(features);
src/test/app/Clawback_test.cpp:942:        testFrozenLine(features);
src/test/app/Clawback_test.cpp:943:        testAmountExceedsAvailable(features);
src/test/app/Clawback_test.cpp:959:BEAST_DEFINE_TESTSUITE(Clawback, app, ripple);
src/test/app/AMMCalc_test.cpp:22:#include <xrpld/app/misc/AMMHelpers.h>
src/test/app/AMMCalc_test.cpp:31:/** AMM Calculator. Uses AMM formulas to simulate the payment engine
src/test/app/AMMCalc_test.cpp:34: *  - swapIn, find out given in. in can flow through multiple AMM/Offer steps.
src/test/app/AMMCalc_test.cpp:35: *  - swapOut, find in given out. out can flow through multiple AMM/Offer steps.
src/test/app/AMMCalc_test.cpp:37: *  - changespq, change AMM spot price (SP) quality. given AMM and Offer
src/test/app/AMMCalc_test.cpp:38: *      find out AMM offer, which changes AMM's SP quality to
src/test/app/AMMCalc_test.cpp:41:class AMMCalc_test : public beast::unit_test::suite
src/test/app/AMMCalc_test.cpp:44:    using steps = std::vector<std::pair<Amounts, bool>>;
src/test/app/AMMCalc_test.cpp:46:    using swapargs = std::tuple<steps, STAmount, trates, std::uint32_t>;
src/test/app/AMMCalc_test.cpp:50:    std::optional<STAmount>
src/test/app/AMMCalc_test.cpp:55:            return STAmount{};
src/test/app/AMMCalc_test.cpp:69:                return XRPAmount{std::stoll(match[2])};
src/test/app/AMMCalc_test.cpp:107:    std::optional<std::pair<Amounts, bool>>
src/test/app/AMMCalc_test.cpp:108:    getAmounts(token_iter& p)
src/test/app/AMMCalc_test.cpp:158:        // get AMM or offer
src/test/app/AMMCalc_test.cpp:161:            auto const res = getAmounts(p);
src/test/app/AMMCalc_test.cpp:179:    toString(STAmount const& a)
src/test/app/AMMCalc_test.cpp:186:    STAmount
src/test/app/AMMCalc_test.cpp:187:    mulratio(STAmount const& amt, std::uint32_t a, std::uint32_t b, bool round)
src/test/app/AMMCalc_test.cpp:192:            return toSTAmount(mulRatio(amt.xrp(), a, b, round), amt.issue());
src/test/app/AMMCalc_test.cpp:193:        return toSTAmount(mulRatio(amt.iou(), a, b, round), amt.issue());
src/test/app/AMMCalc_test.cpp:200:        STAmount sout = std::get<STAmount>(args);
src/test/app/AMMCalc_test.cpp:203:        STAmount resultOut = sout;
src/test/app/AMMCalc_test.cpp:204:        STAmount resultIn{};
src/test/app/AMMCalc_test.cpp:205:        STAmount sin{};
src/test/app/AMMCalc_test.cpp:207:        STAmount limitStepOut{};
src/test/app/AMMCalc_test.cpp:222:                sin = swapAssetOut(amts, sout, fee);
src/test/app/AMMCalc_test.cpp:247:                sout = swapAssetIn(amts, sin, fee);
src/test/app/AMMCalc_test.cpp:265:        STAmount sin = std::get<STAmount>(args);
src/test/app/AMMCalc_test.cpp:268:        STAmount resultIn = sin;
src/test/app/AMMCalc_test.cpp:269:        STAmount resultOut{};
src/test/app/AMMCalc_test.cpp:270:        STAmount sout{};
src/test/app/AMMCalc_test.cpp:272:        STAmount limitStepIn{};
src/test/app/AMMCalc_test.cpp:290:                sout = swapAssetIn(amts, sin, fee);
src/test/app/AMMCalc_test.cpp:315:                sin = swapAssetOut(amts, sout, fee);
src/test/app/AMMCalc_test.cpp:338:        // AMM is denoted as A(CUR1(xxx1),CUR2(xxx2)), for instance:
src/test/app/AMMCalc_test.cpp:350:        // AMM trading fee is an integer in {0,1000}, 1000 represents 1%
src/test/app/AMMCalc_test.cpp:360:            //     consisting of AMM and Offer.
src/test/app/AMMCalc_test.cpp:361:            //   XRP(11) is the swapIn value. Note the order of tokens in AMM;
src/test/app/AMMCalc_test.cpp:364:            //   1000 is AMM trading fee of 1%, the fee is optional.
src/test/app/AMMCalc_test.cpp:377:            //     consisting of AMM.
src/test/app/AMMCalc_test.cpp:378:            //   XRP(10) is the swapOut value. Note the order of tokens in AMM:
src/test/app/AMMCalc_test.cpp:381:            //   100 is AMM trading fee of 0.1%.
src/test/app/AMMCalc_test.cpp:390:            // Calculate AMM lptokens
src/test/app/AMMCalc_test.cpp:396:                if (auto const pool = getAmounts(++p); pool)
src/test/app/AMMCalc_test.cpp:402:                               ammLPTokens(pool->first.in, pool->first.out, LPT)
src/test/app/AMMCalc_test.cpp:408:            // Change spot price quality - generates AMM offer such that
src/test/app/AMMCalc_test.cpp:409:            // when consumed the updated AMM spot price quality is equal
src/test/app/AMMCalc_test.cpp:413:            //     A(...) is AMM
src/test/app/AMMCalc_test.cpp:415:            //     10 is AMM trading fee
src/test/app/AMMCalc_test.cpp:419:                if (auto const pool = getAmounts(++p))
src/test/app/AMMCalc_test.cpp:421:                    if (auto const offer = getAmounts(p))
src/test/app/AMMCalc_test.cpp:461:BEAST_DEFINE_TESTSUITE_MANUAL(AMMCalc, app, ripple);
src/xrpld/app/tx/detail/SetTrust.cpp:25:#include <xrpl/protocol/AMMCore.h>
src/xrpld/app/tx/detail/SetTrust.cpp:35:computeFreezeFlags(
src/xrpld/app/tx/detail/SetTrust.cpp:38:    bool bNoFreeze,
src/xrpld/app/tx/detail/SetTrust.cpp:39:    bool bSetFreeze,
src/xrpld/app/tx/detail/SetTrust.cpp:40:    bool bClearFreeze,
src/xrpld/app/tx/detail/SetTrust.cpp:41:    bool bSetDeepFreeze,
src/xrpld/app/tx/detail/SetTrust.cpp:42:    bool bClearDeepFreeze)
src/xrpld/app/tx/detail/SetTrust.cpp:44:    if (bSetFreeze && !bClearFreeze && !bNoFreeze)
src/xrpld/app/tx/detail/SetTrust.cpp:46:        uFlags |= (bHigh ? ripple::lsfHighFreeze : ripple::lsfLowFreeze);
src/xrpld/app/tx/detail/SetTrust.cpp:48:    else if (bClearFreeze && !bSetFreeze)
src/xrpld/app/tx/detail/SetTrust.cpp:50:        uFlags &= ~(bHigh ? ripple::lsfHighFreeze : ripple::lsfLowFreeze);
src/xrpld/app/tx/detail/SetTrust.cpp:52:    if (bSetDeepFreeze && !bClearDeepFreeze && !bNoFreeze)
src/xrpld/app/tx/detail/SetTrust.cpp:55:            (bHigh ? ripple::lsfHighDeepFreeze : ripple::lsfLowDeepFreeze);
src/xrpld/app/tx/detail/SetTrust.cpp:57:    else if (bClearDeepFreeze && !bSetDeepFreeze)
src/xrpld/app/tx/detail/SetTrust.cpp:60:            ~(bHigh ? ripple::lsfHighDeepFreeze : ripple::lsfLowDeepFreeze);
src/xrpld/app/tx/detail/SetTrust.cpp:84:    if (!ctx.rules.enabled(featureDeepFreeze))
src/xrpld/app/tx/detail/SetTrust.cpp:88:        if (uTxFlags & (tfSetDeepFreeze | tfClearDeepFreeze))
src/xrpld/app/tx/detail/SetTrust.cpp:94:    STAmount const saLimitAmount(tx.getFieldAmount(sfLimitAmount));
src/xrpld/app/tx/detail/SetTrust.cpp:96:    if (!isLegalNet(saLimitAmount))
src/xrpld/app/tx/detail/SetTrust.cpp:99:    if (saLimitAmount.native())
src/xrpld/app/tx/detail/SetTrust.cpp:102:                        << saLimitAmount.getFullText();
src/xrpld/app/tx/detail/SetTrust.cpp:106:    if (badCurrency() == saLimitAmount.getCurrency())
src/xrpld/app/tx/detail/SetTrust.cpp:112:    if (saLimitAmount < beast::zero)
src/xrpld/app/tx/detail/SetTrust.cpp:119:    auto const& issuer = saLimitAmount.getIssuer();
src/xrpld/app/tx/detail/SetTrust.cpp:148:    // Currently we only support TrustlineAuthorize, TrustlineFreeze and
src/xrpld/app/tx/detail/SetTrust.cpp:157:    auto const saLimitAmount = tx.getFieldAmount(sfLimitAmount);
src/xrpld/app/tx/detail/SetTrust.cpp:159:        tx[sfAccount], saLimitAmount.getIssuer(), saLimitAmount.getCurrency()));
src/xrpld/app/tx/detail/SetTrust.cpp:172:    if (txFlags & tfSetFreeze && !granularPermissions.contains(TrustlineFreeze))
src/xrpld/app/tx/detail/SetTrust.cpp:174:    if (txFlags & tfClearFreeze &&
src/xrpld/app/tx/detail/SetTrust.cpp:178:    // updating LimitAmount is not allowed only with granular permissions,
src/xrpld/app/tx/detail/SetTrust.cpp:180:    auto const curLimit = tx[sfAccount] > saLimitAmount.getIssuer()
src/xrpld/app/tx/detail/SetTrust.cpp:181:        ? sleRippleState->getFieldAmount(sfHighLimit)
src/xrpld/app/tx/detail/SetTrust.cpp:182:        : sleRippleState->getFieldAmount(sfLowLimit);
src/xrpld/app/tx/detail/SetTrust.cpp:184:    STAmount saLimitAllow = saLimitAmount;
src/xrpld/app/tx/detail/SetTrust.cpp:206:    if (bSetAuth && !(sle->getFieldU32(sfFlags) & lsfRequireAuth))
src/xrpld/app/tx/detail/SetTrust.cpp:212:    auto const saLimitAmount = ctx.tx[sfLimitAmount];
src/xrpld/app/tx/detail/SetTrust.cpp:214:    auto const currency = saLimitAmount.getCurrency();
src/xrpld/app/tx/detail/SetTrust.cpp:215:    auto const uDstAccountID = saLimitAmount.getIssuer();
src/xrpld/app/tx/detail/SetTrust.cpp:243:    if ((ctx.view.rules().enabled(featureDisallowIncoming) ||
src/xrpld/app/tx/detail/SetTrust.cpp:245:         ctx.view.rules().enabled(featureSingleAssetVault)) &&
src/xrpld/app/tx/detail/SetTrust.cpp:251:    if (ctx.view.rules().enabled(featureDisallowIncoming))
src/xrpld/app/tx/detail/SetTrust.cpp:253:        if (sleDst->getFlags() & lsfDisallowIncomingTrustline)
src/xrpld/app/tx/detail/SetTrust.cpp:255:            // The original implementation of featureDisallowIncoming was
src/xrpld/app/tx/detail/SetTrust.cpp:257:            //   o fixDisallowIncomingV1 is enabled and
src/xrpld/app/tx/detail/SetTrust.cpp:260:            if (ctx.view.rules().enabled(fixDisallowIncomingV1) &&
src/xrpld/app/tx/detail/SetTrust.cpp:266:                return tecNO_PERMISSION;
src/xrpld/app/tx/detail/SetTrust.cpp:276:        // If destination is AMM and the trustline doesn't exist then only allow
src/xrpld/app/tx/detail/SetTrust.cpp:277:        // SetTrust if the asset is AMM LP token and AMM is not in empty state.
src/xrpld/app/tx/detail/SetTrust.cpp:278:        if (sleDst->isFieldPresent(sfAMMID))
src/xrpld/app/tx/detail/SetTrust.cpp:286:                    ctx.view.read({ltAMM, sleDst->getFieldH256(sfAMMID)}))
src/xrpld/app/tx/detail/SetTrust.cpp:289:                        ammSle->getFieldAmount(sfLPTokenBalance);
src/xrpld/app/tx/detail/SetTrust.cpp:291:                    return tecAMM_EMPTY;
src/xrpld/app/tx/detail/SetTrust.cpp:292:                else if (lpTokens.getCurrency() != saLimitAmount.getCurrency())
src/xrpld/app/tx/detail/SetTrust.cpp:293:                    return tecNO_PERMISSION;
src/xrpld/app/tx/detail/SetTrust.cpp:303:                return tecNO_PERMISSION;
src/xrpld/app/tx/detail/SetTrust.cpp:310:    // Checking all freeze/deep freeze flag invariants.
src/xrpld/app/tx/detail/SetTrust.cpp:311:    if (ctx.view.rules().enabled(featureDeepFreeze))
src/xrpld/app/tx/detail/SetTrust.cpp:313:        bool const bNoFreeze = sle->isFlag(lsfNoFreeze);
src/xrpld/app/tx/detail/SetTrust.cpp:314:        bool const bSetFreeze = (uTxFlags & tfSetFreeze);
src/xrpld/app/tx/detail/SetTrust.cpp:315:        bool const bSetDeepFreeze = (uTxFlags & tfSetDeepFreeze);
src/xrpld/app/tx/detail/SetTrust.cpp:317:        if (bNoFreeze && (bSetFreeze || bSetDeepFreeze))
src/xrpld/app/tx/detail/SetTrust.cpp:319:            // Cannot freeze the trust line if NoFreeze is set
src/xrpld/app/tx/detail/SetTrust.cpp:320:            return tecNO_PERMISSION;
src/xrpld/app/tx/detail/SetTrust.cpp:323:        bool const bClearFreeze = (uTxFlags & tfClearFreeze);
src/xrpld/app/tx/detail/SetTrust.cpp:324:        bool const bClearDeepFreeze = (uTxFlags & tfClearDeepFreeze);
src/xrpld/app/tx/detail/SetTrust.cpp:325:        if ((bSetFreeze || bSetDeepFreeze) &&
src/xrpld/app/tx/detail/SetTrust.cpp:326:            (bClearFreeze || bClearDeepFreeze))
src/xrpld/app/tx/detail/SetTrust.cpp:330:            return tecNO_PERMISSION;
src/xrpld/app/tx/detail/SetTrust.cpp:340:        uFlags = computeFreezeFlags(
src/xrpld/app/tx/detail/SetTrust.cpp:343:            bNoFreeze,
src/xrpld/app/tx/detail/SetTrust.cpp:344:            bSetFreeze,
src/xrpld/app/tx/detail/SetTrust.cpp:345:            bClearFreeze,
src/xrpld/app/tx/detail/SetTrust.cpp:346:            bSetDeepFreeze,
src/xrpld/app/tx/detail/SetTrust.cpp:347:            bClearDeepFreeze);
src/xrpld/app/tx/detail/SetTrust.cpp:349:        auto const frozen = uFlags & (bHigh ? lsfHighFreeze : lsfLowFreeze);
src/xrpld/app/tx/detail/SetTrust.cpp:350:        auto const deepFrozen =
src/xrpld/app/tx/detail/SetTrust.cpp:351:            uFlags & (bHigh ? lsfHighDeepFreeze : lsfLowDeepFreeze);
src/xrpld/app/tx/detail/SetTrust.cpp:356:        if (deepFrozen && !frozen)
src/xrpld/app/tx/detail/SetTrust.cpp:358:            return tecNO_PERMISSION;
src/xrpld/app/tx/detail/SetTrust.cpp:370:    STAmount const saLimitAmount(ctx_.tx.getFieldAmount(sfLimitAmount));
src/xrpld/app/tx/detail/SetTrust.cpp:374:    Currency const currency(saLimitAmount.getCurrency());
src/xrpld/app/tx/detail/SetTrust.cpp:375:    AccountID uDstAccountID(saLimitAmount.getIssuer());
src/xrpld/app/tx/detail/SetTrust.cpp:382:        return tefINTERNAL;  // LCOV_EXCL_LINE
src/xrpld/app/tx/detail/SetTrust.cpp:384:    std::uint32_t const uOwnerCount = sle->getFieldU32(sfOwnerCount);
src/xrpld/app/tx/detail/SetTrust.cpp:404:    XRPAmount const reserveCreate(
src/xrpld/app/tx/detail/SetTrust.cpp:405:        (uOwnerCount < 2) ? XRPAmount(beast::zero)
src/xrpld/app/tx/detail/SetTrust.cpp:406:                          : view().fees().accountReserve(uOwnerCount + 1));
src/xrpld/app/tx/detail/SetTrust.cpp:420:    bool const bSetFreeze = (uTxFlags & tfSetFreeze);
src/xrpld/app/tx/detail/SetTrust.cpp:421:    bool const bClearFreeze = (uTxFlags & tfClearFreeze);
src/xrpld/app/tx/detail/SetTrust.cpp:422:    bool const bSetDeepFreeze = (uTxFlags & tfSetDeepFreeze);
src/xrpld/app/tx/detail/SetTrust.cpp:423:    bool const bClearDeepFreeze = (uTxFlags & tfClearDeepFreeze);
src/xrpld/app/tx/detail/SetTrust.cpp:451:    STAmount saLimitAllow = saLimitAmount;
src/xrpld/app/tx/detail/SetTrust.cpp:459:        STAmount saLowBalance;
src/xrpld/app/tx/detail/SetTrust.cpp:460:        STAmount saLowLimit;
src/xrpld/app/tx/detail/SetTrust.cpp:461:        STAmount saHighBalance;
src/xrpld/app/tx/detail/SetTrust.cpp:462:        STAmount saHighLimit;
src/xrpld/app/tx/detail/SetTrust.cpp:476:        saLowBalance = sleRippleState->getFieldAmount(sfBalance);
src/xrpld/app/tx/detail/SetTrust.cpp:483:        sleRippleState->setFieldAmount(
src/xrpld/app/tx/detail/SetTrust.cpp:487:            !bHigh ? saLimitAllow : sleRippleState->getFieldAmount(sfLowLimit);
src/xrpld/app/tx/detail/SetTrust.cpp:489:            bHigh ? saLimitAllow : sleRippleState->getFieldAmount(sfHighLimit);
src/xrpld/app/tx/detail/SetTrust.cpp:583:                return tecNO_PERMISSION;
src/xrpld/app/tx/detail/SetTrust.cpp:590:        // Have to use lsfNoFreeze to maintain pre-deep freeze behavior
src/xrpld/app/tx/detail/SetTrust.cpp:591:        bool const bNoFreeze = sle->isFlag(lsfNoFreeze);
src/xrpld/app/tx/detail/SetTrust.cpp:592:        uFlagsOut = computeFreezeFlags(
src/xrpld/app/tx/detail/SetTrust.cpp:595:            bNoFreeze,
src/xrpld/app/tx/detail/SetTrust.cpp:596:            bSetFreeze,
src/xrpld/app/tx/detail/SetTrust.cpp:597:            bClearFreeze,
src/xrpld/app/tx/detail/SetTrust.cpp:598:            bSetDeepFreeze,
src/xrpld/app/tx/detail/SetTrust.cpp:599:            bClearDeepFreeze);
src/xrpld/app/tx/detail/SetTrust.cpp:613:            (uFlagsOut & lsfLowFreeze) || saLowLimit ||
src/xrpld/app/tx/detail/SetTrust.cpp:619:            (uFlagsOut & lsfHighFreeze) || saHighLimit ||
src/xrpld/app/tx/detail/SetTrust.cpp:638:            adjustOwnerCount(view(), sleLowAccount, 1, viewJ);
src/xrpld/app/tx/detail/SetTrust.cpp:648:            adjustOwnerCount(view(), sleLowAccount, -1, viewJ);
src/xrpld/app/tx/detail/SetTrust.cpp:655:            adjustOwnerCount(view(), sleHighAccount, 1, viewJ);
src/xrpld/app/tx/detail/SetTrust.cpp:665:            adjustOwnerCount(view(), sleHighAccount, -1, viewJ);
src/xrpld/app/tx/detail/SetTrust.cpp:698:        !saLimitAmount &&                  // Setting default limit.
src/xrpld/app/tx/detail/SetTrust.cpp:722:        STAmount saBalance(Issue{currency, noAccount()});
src/xrpld/app/tx/detail/SetTrust.cpp:739:            bSetFreeze && !bClearFreeze,
src/xrpld/app/tx/detail/SetTrust.cpp:740:            bSetDeepFreeze,
src/test/app/Freeze_test.cpp:21:#include <test/jtx/AMM.h>
src/test/app/Freeze_test.cpp:31:class Freeze_test : public beast::unit_test::suite
src/test/app/Freeze_test.cpp:36:        testcase("RippleState Freeze");
src/test/app/Freeze_test.cpp:88:            // Is created via a TrustSet with SetFreeze flag
src/test/app/Freeze_test.cpp:89:            //   test: sets LowFreeze | HighFreeze flags
src/test/app/Freeze_test.cpp:90:            env(trust(G1, bob["USD"](0), tfSetFreeze));
src/test/app/Freeze_test.cpp:100:            BEAST_EXPECT(ff[jss::Flags].asUInt() & lsfLowFreeze);
src/test/app/Freeze_test.cpp:101:            BEAST_EXPECT(!(ff[jss::Flags].asUInt() & lsfHighFreeze));
src/test/app/Freeze_test.cpp:118:            auto amt = STAmount{Issue{to_currency("USD"), noAccount()}, -15}
src/test/app/Freeze_test.cpp:174:            // Is cleared via a TrustSet with ClearFreeze flag
src/test/app/Freeze_test.cpp:175:            //    test: sets LowFreeze | HighFreeze flags
src/test/app/Freeze_test.cpp:176:            env(trust(G1, bob["USD"](0), tfClearFreeze));
src/test/app/Freeze_test.cpp:186:            BEAST_EXPECT(!(ff[jss::Flags].asUInt() & lsfLowFreeze));
src/test/app/Freeze_test.cpp:187:            BEAST_EXPECT(!(ff[jss::Flags].asUInt() & lsfHighFreeze));
src/test/app/Freeze_test.cpp:193:    testDeepFreeze(FeatureBitset features)
src/test/app/Freeze_test.cpp:195:        testcase("Deep Freeze");
src/test/app/Freeze_test.cpp:209:        if (features[featureDeepFreeze])
src/test/app/Freeze_test.cpp:213:            env(trust(G1, A1["USD"](0), tfSetFreeze | tfSetDeepFreeze));
src/test/app/Freeze_test.cpp:216:                BEAST_EXPECT(flags & lsfLowFreeze);
src/test/app/Freeze_test.cpp:217:                BEAST_EXPECT(flags & lsfLowDeepFreeze);
src/test/app/Freeze_test.cpp:218:                BEAST_EXPECT(!(flags & (lsfHighFreeze | lsfHighDeepFreeze)));
src/test/app/Freeze_test.cpp:224:            env(trust(G1, A1["USD"](0), tfClearFreeze | tfClearDeepFreeze));
src/test/app/Freeze_test.cpp:227:                BEAST_EXPECT(!(flags & (lsfLowFreeze | lsfLowDeepFreeze)));
src/test/app/Freeze_test.cpp:228:                BEAST_EXPECT(!(flags & (lsfHighFreeze | lsfHighDeepFreeze)));
src/test/app/Freeze_test.cpp:233:            env(trust(G1, A1["USD"](0), tfSetDeepFreeze),
src/test/app/Freeze_test.cpp:234:                ter(tecNO_PERMISSION));
src/test/app/Freeze_test.cpp:236:            env(trust(G1, A1["USD"](0), tfSetFreeze));
src/test/app/Freeze_test.cpp:240:            env(trust(G1, A1["USD"](0), tfSetDeepFreeze));
src/test/app/Freeze_test.cpp:243:                BEAST_EXPECT(flags & lsfLowFreeze);
src/test/app/Freeze_test.cpp:244:                BEAST_EXPECT(flags & lsfLowDeepFreeze);
src/test/app/Freeze_test.cpp:245:                BEAST_EXPECT(!(flags & (lsfHighFreeze | lsfHighDeepFreeze)));
src/test/app/Freeze_test.cpp:251:            env(trust(A1, G1["USD"](0), tfClearFreeze | tfClearDeepFreeze));
src/test/app/Freeze_test.cpp:254:                BEAST_EXPECT(flags & lsfLowFreeze);
src/test/app/Freeze_test.cpp:255:                BEAST_EXPECT(flags & lsfLowDeepFreeze);
src/test/app/Freeze_test.cpp:256:                BEAST_EXPECT(!(flags & (lsfHighFreeze | lsfHighDeepFreeze)));
src/test/app/Freeze_test.cpp:261:            env(trust(G1, A1["USD"](0), tfClearFreeze), ter(tecNO_PERMISSION));
src/test/app/Freeze_test.cpp:265:            env(trust(G1, A1["USD"](0), tfClearDeepFreeze));
src/test/app/Freeze_test.cpp:268:                BEAST_EXPECT(flags & lsfLowFreeze);
src/test/app/Freeze_test.cpp:269:                BEAST_EXPECT(!(flags & lsfLowDeepFreeze));
src/test/app/Freeze_test.cpp:270:                BEAST_EXPECT(!(flags & (lsfHighFreeze | lsfHighDeepFreeze)));
src/test/app/Freeze_test.cpp:277:            env(trust(G1, A1["USD"](0), tfSetDeepFreeze), ter(temINVALID_FLAG));
src/test/app/Freeze_test.cpp:280:            env(trust(G1, A1["USD"](0), tfClearDeepFreeze),
src/test/app/Freeze_test.cpp:286:    testCreateFrozenTrustline(FeatureBitset features)
src/test/app/Freeze_test.cpp:288:        testcase("Create Frozen Trustline");
src/test/app/Freeze_test.cpp:301:            env(trust(G1, A1["USD"](1000), tfSetFreeze));
src/test/app/Freeze_test.cpp:303:            BEAST_EXPECT(flags & lsfLowFreeze);
src/test/app/Freeze_test.cpp:309:        env(trust(G1, A1["USD"](0), tfClearFreeze));
src/test/app/Freeze_test.cpp:315:        if (features[featureDeepFreeze])
src/test/app/Freeze_test.cpp:317:            env(trust(G1, A1["USD"](1000), tfSetDeepFreeze),
src/test/app/Freeze_test.cpp:318:                ter(tecNO_PERMISSION));
src/test/app/Freeze_test.cpp:324:        if (features[featureDeepFreeze])
src/test/app/Freeze_test.cpp:326:            env(trust(G1, A1["USD"](1000), tfSetFreeze | tfSetDeepFreeze));
src/test/app/Freeze_test.cpp:328:            BEAST_EXPECT(flags & lsfLowFreeze);
src/test/app/Freeze_test.cpp:329:            BEAST_EXPECT(flags & lsfLowDeepFreeze);
src/test/app/Freeze_test.cpp:338:        testcase("Freeze Set and Clear");
src/test/app/Freeze_test.cpp:352:        if (features[featureDeepFreeze])
src/test/app/Freeze_test.cpp:356:            env(trust(G1, A1["USD"](0), tfSetFreeze | tfClearFreeze),
src/test/app/Freeze_test.cpp:357:                ter(tecNO_PERMISSION));
src/test/app/Freeze_test.cpp:358:            env(trust(G1, A1["USD"](0), tfSetFreeze | tfClearDeepFreeze),
src/test/app/Freeze_test.cpp:359:                ter(tecNO_PERMISSION));
src/test/app/Freeze_test.cpp:360:            env(trust(G1, A1["USD"](0), tfSetDeepFreeze | tfClearFreeze),
src/test/app/Freeze_test.cpp:361:                ter(tecNO_PERMISSION));
src/test/app/Freeze_test.cpp:362:            env(trust(G1, A1["USD"](0), tfSetDeepFreeze | tfClearDeepFreeze),
src/test/app/Freeze_test.cpp:363:                ter(tecNO_PERMISSION));
src/test/app/Freeze_test.cpp:369:            env(trust(G1, A1["USD"](0), tfSetFreeze | tfClearFreeze));
src/test/app/Freeze_test.cpp:380:    testGlobalFreeze(FeatureBitset features)
src/test/app/Freeze_test.cpp:382:        testcase("Global Freeze");
src/test/app/Freeze_test.cpp:418:            //    test: SetFlag GlobalFreeze
src/test/app/Freeze_test.cpp:419:            env.require(nflags(G1, asfGlobalFreeze));
src/test/app/Freeze_test.cpp:420:            env(fset(G1, asfGlobalFreeze));
src/test/app/Freeze_test.cpp:421:            env.require(flags(G1, asfGlobalFreeze));
src/test/app/Freeze_test.cpp:422:            env.require(nflags(G1, asfNoFreeze));
src/test/app/Freeze_test.cpp:424:            //    test: ClearFlag GlobalFreeze
src/test/app/Freeze_test.cpp:425:            env(fclear(G1, asfGlobalFreeze));
src/test/app/Freeze_test.cpp:426:            env.require(nflags(G1, asfGlobalFreeze));
src/test/app/Freeze_test.cpp:427:            env.require(nflags(G1, asfNoFreeze));
src/test/app/Freeze_test.cpp:431:            // Account without GlobalFreeze (proving operations normally work)
src/test/app/Freeze_test.cpp:485:            // Account with GlobalFreeze
src/test/app/Freeze_test.cpp:486:            //  set GlobalFreeze first
src/test/app/Freeze_test.cpp:487:            //    test: SetFlag GlobalFreeze will toggle back to freeze
src/test/app/Freeze_test.cpp:488:            env.require(nflags(G1, asfGlobalFreeze));
src/test/app/Freeze_test.cpp:489:            env(fset(G1, asfGlobalFreeze));
src/test/app/Freeze_test.cpp:490:            env.require(flags(G1, asfGlobalFreeze));
src/test/app/Freeze_test.cpp:491:            env.require(nflags(G1, asfNoFreeze));
src/test/app/Freeze_test.cpp:494:            env(offer(A3, G1["BTC"](1), XRP(1)), ter(tecFROZEN));
src/test/app/Freeze_test.cpp:497:            env(offer(A4, XRP(1), G1["BTC"](1)), ter(tecFROZEN));
src/test/app/Freeze_test.cpp:538:    testNoFreeze(FeatureBitset features)
src/test/app/Freeze_test.cpp:540:        testcase("No Freeze");
src/test/app/Freeze_test.cpp:548:        Account deepFrozenAcc{"A3"};
src/test/app/Freeze_test.cpp:553:        env.fund(XRP(1000), deepFrozenAcc);
src/test/app/Freeze_test.cpp:558:        env.trust(G1["USD"](1000), deepFrozenAcc);
src/test/app/Freeze_test.cpp:563:        env(pay(G1, deepFrozenAcc, G1["USD"](1000)));
src/test/app/Freeze_test.cpp:567:        env(trust(G1, frozenAcc["USD"](0), tfSetFreeze));
src/test/app/Freeze_test.cpp:570:            BEAST_EXPECT(flags & lsfLowFreeze);
src/test/app/Freeze_test.cpp:571:            BEAST_EXPECT(!(flags & lsfHighFreeze));
src/test/app/Freeze_test.cpp:573:        if (features[featureDeepFreeze])
src/test/app/Freeze_test.cpp:576:                G1, deepFrozenAcc["USD"](0), tfSetFreeze | tfSetDeepFreeze));
src/test/app/Freeze_test.cpp:579:                BEAST_EXPECT(!(flags & (lsfLowFreeze | lsfLowDeepFreeze)));
src/test/app/Freeze_test.cpp:580:                BEAST_EXPECT(flags & lsfHighFreeze);
src/test/app/Freeze_test.cpp:581:                BEAST_EXPECT(flags & lsfHighDeepFreeze);
src/test/app/Freeze_test.cpp:586:        // TrustSet NoFreeze
src/test/app/Freeze_test.cpp:587:        //    test: should set NoFreeze in Flags
src/test/app/Freeze_test.cpp:588:        env.require(nflags(G1, asfNoFreeze));
src/test/app/Freeze_test.cpp:589:        env(fset(G1, asfNoFreeze));
src/test/app/Freeze_test.cpp:590:        env.require(flags(G1, asfNoFreeze));
src/test/app/Freeze_test.cpp:591:        env.require(nflags(G1, asfGlobalFreeze));
src/test/app/Freeze_test.cpp:594:        env(fclear(G1, asfNoFreeze));
src/test/app/Freeze_test.cpp:595:        env.require(flags(G1, asfNoFreeze));
src/test/app/Freeze_test.cpp:596:        env.require(nflags(G1, asfGlobalFreeze));
src/test/app/Freeze_test.cpp:598:        //    test: can set GlobalFreeze
src/test/app/Freeze_test.cpp:599:        env(fset(G1, asfGlobalFreeze));
src/test/app/Freeze_test.cpp:600:        env.require(flags(G1, asfNoFreeze));
src/test/app/Freeze_test.cpp:601:        env.require(flags(G1, asfGlobalFreeze));
src/test/app/Freeze_test.cpp:603:        //    test: cannot unset GlobalFreeze
src/test/app/Freeze_test.cpp:604:        env(fclear(G1, asfGlobalFreeze));
src/test/app/Freeze_test.cpp:605:        env.require(flags(G1, asfNoFreeze));
src/test/app/Freeze_test.cpp:606:        env.require(flags(G1, asfGlobalFreeze));
src/test/app/Freeze_test.cpp:609:        if (features[featureDeepFreeze])
src/test/app/Freeze_test.cpp:611:            env(trust(G1, A1["USD"](0), tfSetFreeze), ter(tecNO_PERMISSION));
src/test/app/Freeze_test.cpp:615:            env(trust(G1, frozenAcc["USD"](0), tfSetDeepFreeze),
src/test/app/Freeze_test.cpp:616:                ter(tecNO_PERMISSION));
src/test/app/Freeze_test.cpp:622:            env(trust(G1, A1["USD"](0), tfSetFreeze));
src/test/app/Freeze_test.cpp:634:        env(trust(G1, frozenAcc["USD"](0), tfClearFreeze));
src/test/app/Freeze_test.cpp:637:            BEAST_EXPECT(!(flags & lsfLowFreeze));
src/test/app/Freeze_test.cpp:640:        if (features[featureDeepFreeze])
src/test/app/Freeze_test.cpp:643:            env(trust(G1, deepFrozenAcc["USD"](0), tfClearDeepFreeze));
src/test/app/Freeze_test.cpp:646:                BEAST_EXPECT(flags & lsfHighFreeze);
src/test/app/Freeze_test.cpp:647:                BEAST_EXPECT(!(flags & lsfHighDeepFreeze));
src/test/app/Freeze_test.cpp:653:    testOffersWhenFrozen(FeatureBitset features)
src/test/app/Freeze_test.cpp:655:        testcase("Offers for Frozen Trust Lines");
src/test/app/Freeze_test.cpp:699:        env(trust(G1, A3["USD"](0), tfSetFreeze));
src/test/app/Freeze_test.cpp:709:        BEAST_EXPECT(!(ff[jss::Flags].asUInt() & lsfLowFreeze));
src/test/app/Freeze_test.cpp:710:        BEAST_EXPECT(ff[jss::Flags].asUInt() & lsfHighFreeze);
src/test/app/Freeze_test.cpp:729:        env(trust(G1, A4["USD"](0), tfSetFreeze));
src/test/app/Freeze_test.cpp:738:        BEAST_EXPECT(ff[jss::Flags].asUInt() & lsfLowFreeze);
src/test/app/Freeze_test.cpp:739:        BEAST_EXPECT(!(ff[jss::Flags].asUInt() & lsfHighFreeze));
src/test/app/Freeze_test.cpp:760:    testOffersWhenDeepFrozen(FeatureBitset features)
src/test/app/Freeze_test.cpp:807:            env(trust(G1, A1["USD"](0), tfSetFreeze));
src/test/app/Freeze_test.cpp:839:            env(trust(G1, A1["USD"](0), tfClearFreeze));
src/test/app/Freeze_test.cpp:845:        if (features[featureDeepFreeze])
src/test/app/Freeze_test.cpp:847:            env(trust(G1, A1["USD"](0), tfSetFreeze | tfSetDeepFreeze));
src/test/app/Freeze_test.cpp:853:                ter(tecFROZEN));
src/test/app/Freeze_test.cpp:859:                ter(tecFROZEN));
src/test/app/Freeze_test.cpp:874:            env(trust(G1, A1["USD"](0), tfClearFreeze | tfClearDeepFreeze));
src/test/app/Freeze_test.cpp:888:            env(trust(G1, A1["USD"](0), tfSetFreeze));
src/test/app/Freeze_test.cpp:908:            env(trust(G1, A1["USD"](0), tfClearFreeze));
src/test/app/Freeze_test.cpp:914:        if (features[featureDeepFreeze])
src/test/app/Freeze_test.cpp:922:            env(trust(G1, A1["USD"](0), tfSetFreeze | tfSetDeepFreeze));
src/test/app/Freeze_test.cpp:944:            env(trust(G1, A1["USD"](0), tfClearFreeze | tfClearDeepFreeze));
src/test/app/Freeze_test.cpp:951:            env(trust(A1, limit, tfSetFreeze));
src/test/app/Freeze_test.cpp:985:            env(trust(A1, limit, tfClearFreeze));
src/test/app/Freeze_test.cpp:991:        if (features[featureDeepFreeze])
src/test/app/Freeze_test.cpp:993:            env(trust(A1, limit, tfSetFreeze | tfSetDeepFreeze));
src/test/app/Freeze_test.cpp:999:                ter(tecFROZEN));
src/test/app/Freeze_test.cpp:1005:                ter(tecFROZEN));
src/test/app/Freeze_test.cpp:1020:            env(trust(A1, limit, tfClearFreeze | tfClearDeepFreeze));
src/test/app/Freeze_test.cpp:1026:    testPathsWhenFrozen(FeatureBitset features)
src/test/app/Freeze_test.cpp:1054:            env(trust(G1, A2["USD"](0), tfSetFreeze));
src/test/app/Freeze_test.cpp:1073:            env(trust(G1, A2["USD"](0), tfClearFreeze));
src/test/app/Freeze_test.cpp:1078:        if (features[featureDeepFreeze])
src/test/app/Freeze_test.cpp:1080:            env(trust(G1, A2["USD"](0), tfSetFreeze | tfSetDeepFreeze));
src/test/app/Freeze_test.cpp:1099:            env(trust(G1, A2["USD"](0), tfClearFreeze | tfClearDeepFreeze));
src/test/app/Freeze_test.cpp:1106:            env(trust(A2, limit, tfSetFreeze));
src/test/app/Freeze_test.cpp:1123:            env(trust(A2, limit, tfClearFreeze));
src/test/app/Freeze_test.cpp:1129:        if (features[featureDeepFreeze])
src/test/app/Freeze_test.cpp:1131:            env(trust(A2, limit, tfSetFreeze | tfSetDeepFreeze));
src/test/app/Freeze_test.cpp:1150:            env(trust(A2, limit, tfClearFreeze | tfClearDeepFreeze));
src/test/app/Freeze_test.cpp:1164:            env(trust(G1, A2["USD"](0), tfSetFreeze));
src/test/app/Freeze_test.cpp:1181:            env(trust(G1, A2["USD"](0), tfClearFreeze));
src/test/app/Freeze_test.cpp:1187:        if (features[featureDeepFreeze])
src/test/app/Freeze_test.cpp:1189:            env(trust(G1, A2["USD"](0), tfSetFreeze | tfSetDeepFreeze));
src/test/app/Freeze_test.cpp:1208:            env(trust(G1, A2["USD"](0), tfClearFreeze | tfClearDeepFreeze));
src/test/app/Freeze_test.cpp:1215:            env(trust(A2, limit, tfSetFreeze));
src/test/app/Freeze_test.cpp:1232:            env(trust(A2, limit, tfClearFreeze));
src/test/app/Freeze_test.cpp:1238:        if (features[featureDeepFreeze])
src/test/app/Freeze_test.cpp:1240:            env(trust(A2, limit, tfSetFreeze | tfSetDeepFreeze));
src/test/app/Freeze_test.cpp:1259:            env(trust(A2, limit, tfClearFreeze | tfClearDeepFreeze));
src/test/app/Freeze_test.cpp:1270:    testPaymentsWhenDeepFrozen(FeatureBitset features)
src/test/app/Freeze_test.cpp:1304:        // Freeze A1
src/test/app/Freeze_test.cpp:1305:        env(trust(G1, A1["USD"](0), tfSetFreeze));
src/test/app/Freeze_test.cpp:1320:        if (features[featureDeepFreeze])
src/test/app/Freeze_test.cpp:1323:            env(trust(G1, A1["USD"](0), tfSetDeepFreeze));
src/test/app/Freeze_test.cpp:1338:            env(trust(G1, A1["USD"](0), tfClearDeepFreeze));
src/test/app/Freeze_test.cpp:1343:        env(trust(G1, A1["USD"](0), tfClearFreeze));
src/test/app/Freeze_test.cpp:1347:        env(trust(A1, limit, tfSetFreeze));
src/test/app/Freeze_test.cpp:1367:        if (features[featureDeepFreeze])
src/test/app/Freeze_test.cpp:1370:            env(trust(A1, limit, tfSetDeepFreeze));
src/test/app/Freeze_test.cpp:1392:    testChecksWhenFrozen(FeatureBitset features)
src/test/app/Freeze_test.cpp:1467:            env(trust(G1, A1["USD"](0), tfSetFreeze));
src/test/app/Freeze_test.cpp:1475:                env(check::cash(A1, checkId, USD(10)), ter(tecFROZEN));
src/test/app/Freeze_test.cpp:1485:                env(check::cash(A1, checkId, USD(10)), ter(tecFROZEN));
src/test/app/Freeze_test.cpp:1491:                env(check::create(A1, G1, USD(10)), ter(tecFROZEN));
src/test/app/Freeze_test.cpp:1498:                env(check::create(A1, A2, USD(10)), ter(tecFROZEN));
src/test/app/Freeze_test.cpp:1504:            env(trust(G1, A1["USD"](0), tfClearFreeze));
src/test/app/Freeze_test.cpp:1514:            env(trust(G1, A1["USD"](0), tfSetFreeze));
src/test/app/Freeze_test.cpp:1529:            env(trust(G1, A1["USD"](0), tfClearFreeze));
src/test/app/Freeze_test.cpp:1535:        if (features[featureDeepFreeze])
src/test/app/Freeze_test.cpp:1537:            env(trust(G1, A1["USD"](0), tfSetFreeze | tfSetDeepFreeze));
src/test/app/Freeze_test.cpp:1546:                env(check::cash(A1, checkId, USD(10)), ter(tecFROZEN));
src/test/app/Freeze_test.cpp:1556:                env(check::cash(A1, checkId, USD(10)), ter(tecFROZEN));
src/test/app/Freeze_test.cpp:1562:                env(check::create(A1, G1, USD(10)), ter(tecFROZEN));
src/test/app/Freeze_test.cpp:1569:                env(check::create(A1, A2, USD(10)), ter(tecFROZEN));
src/test/app/Freeze_test.cpp:1575:            env(trust(G1, A1["USD"](0), tfClearFreeze | tfClearDeepFreeze));
src/test/app/Freeze_test.cpp:1585:            env(trust(G1, A1["USD"](0), tfSetFreeze | tfSetDeepFreeze));
src/test/app/Freeze_test.cpp:1600:            env(trust(G1, A1["USD"](0), tfClearFreeze | tfClearDeepFreeze));
src/test/app/Freeze_test.cpp:1607:            env(trust(A1, limit, tfSetFreeze));
src/test/app/Freeze_test.cpp:1612:                env(check::create(G1, A1, USD(10)), ter(tecFROZEN));
src/test/app/Freeze_test.cpp:1618:                env(check::create(A2, A1, USD(10)), ter(tecFROZEN));
src/test/app/Freeze_test.cpp:1640:            env(trust(A1, limit, tfClearFreeze));
src/test/app/Freeze_test.cpp:1646:        if (features[featureDeepFreeze])
src/test/app/Freeze_test.cpp:1648:            env(trust(A1, limit, tfSetFreeze | tfSetDeepFreeze));
src/test/app/Freeze_test.cpp:1653:                env(check::create(G1, A1, USD(10)), ter(tecFROZEN));
src/test/app/Freeze_test.cpp:1659:                env(check::create(A2, A1, USD(10)), ter(tecFROZEN));
src/test/app/Freeze_test.cpp:1681:            env(trust(A1, limit, tfClearFreeze | tfClearDeepFreeze));
src/test/app/Freeze_test.cpp:1687:    testAMMWhenFreeze(FeatureBitset features)
src/test/app/Freeze_test.cpp:1689:        testcase("AMM payments on frozen trust lines");
src/test/app/Freeze_test.cpp:1709:        AMM ammG1(env, G1, XRP(1'000), USD(1'000));
src/test/app/Freeze_test.cpp:1712:        // Testing basic payment using AMM when freezing one of the trust lines.
src/test/app/Freeze_test.cpp:1714:            env(trust(G1, A1["USD"](0), tfSetFreeze));
src/test/app/Freeze_test.cpp:1746:            env(trust(G1, A1["USD"](0), tfClearFreeze));
src/test/app/Freeze_test.cpp:1750:        // Testing basic payment using AMM when deep freezing one of the trust
src/test/app/Freeze_test.cpp:1752:        if (features[featureDeepFreeze])
src/test/app/Freeze_test.cpp:1754:            env(trust(G1, A1["USD"](0), tfSetFreeze | tfSetDeepFreeze));
src/test/app/Freeze_test.cpp:1787:            env(trust(G1, A1["USD"](0), tfClearFreeze | tfClearDeepFreeze));
src/test/app/Freeze_test.cpp:1793:    testNFTOffersWhenFreeze(FeatureBitset features)
src/test/app/Freeze_test.cpp:1818:            env(trust(G1, A2["USD"](0), tfSetFreeze));
src/test/app/Freeze_test.cpp:1825:            env(trust(G1, A2["USD"](0), tfClearFreeze));
src/test/app/Freeze_test.cpp:1830:        if (features[featureDeepFreeze])
src/test/app/Freeze_test.cpp:1834:            env(trust(G1, A2["USD"](0), tfSetFreeze | tfSetDeepFreeze));
src/test/app/Freeze_test.cpp:1838:            env(token::acceptSellOffer(A1, sellOfferIndex), ter(tecFROZEN));
src/test/app/Freeze_test.cpp:1841:            env(trust(G1, A2["USD"](0), tfClearFreeze | tfClearDeepFreeze));
src/test/app/Freeze_test.cpp:1848:            env(trust(G1, A2["USD"](0), tfSetFreeze));
src/test/app/Freeze_test.cpp:1856:            env(trust(G1, A2["USD"](0), tfClearFreeze));
src/test/app/Freeze_test.cpp:1861:        if (features[featureDeepFreeze])
src/test/app/Freeze_test.cpp:1864:            env(trust(G1, A2["USD"](0), tfSetFreeze | tfSetDeepFreeze));
src/test/app/Freeze_test.cpp:1872:            env(trust(G1, A2["USD"](0), tfClearFreeze | tfClearDeepFreeze));
src/test/app/Freeze_test.cpp:1877:        if (features[featureDeepFreeze] &&
src/test/app/Freeze_test.cpp:1880:            env(trust(G1, A2["USD"](0), tfSetFreeze | tfSetDeepFreeze));
src/test/app/Freeze_test.cpp:1891:            env(token::acceptBuyOffer(A2, buyIdx), ter(tecFROZEN));
src/test/app/Freeze_test.cpp:1894:            env(trust(G1, A2["USD"](0), tfClearFreeze | tfClearDeepFreeze));
src/test/app/Freeze_test.cpp:1904:            env(trust(A2, limit, tfSetFreeze));
src/test/app/Freeze_test.cpp:1911:            env(trust(A2, limit, tfClearFreeze));
src/test/app/Freeze_test.cpp:1916:        if (features[featureDeepFreeze])
src/test/app/Freeze_test.cpp:1920:            env(trust(A2, limit, tfSetFreeze | tfSetDeepFreeze));
src/test/app/Freeze_test.cpp:1924:            env(token::acceptSellOffer(A1, sellOfferIndex), ter(tecFROZEN));
src/test/app/Freeze_test.cpp:1927:            env(trust(A2, limit, tfClearFreeze | tfClearDeepFreeze));
src/test/app/Freeze_test.cpp:1934:            env(trust(A2, limit, tfSetFreeze));
src/test/app/Freeze_test.cpp:1941:            env(trust(A2, limit, tfClearFreeze));
src/test/app/Freeze_test.cpp:1946:        if (features[featureDeepFreeze])
src/test/app/Freeze_test.cpp:1949:            env(trust(A2, limit, tfSetFreeze | tfSetDeepFreeze));
src/test/app/Freeze_test.cpp:1957:            env(trust(A2, limit, tfClearFreeze | tfClearDeepFreeze));
src/test/app/Freeze_test.cpp:1962:        if (features[featureDeepFreeze] &&
src/test/app/Freeze_test.cpp:1968:            env(trust(G1, broker["USD"](1000), tfSetFreeze | tfSetDeepFreeze));
src/test/app/Freeze_test.cpp:1984:                ter(tecFROZEN));
src/test/app/Freeze_test.cpp:1989:        if (features[featureDeepFreeze] &&
src/test/app/Freeze_test.cpp:2017:            env(trust(G1, minter["USD"](1000), tfSetFreeze | tfSetDeepFreeze));
src/test/app/Freeze_test.cpp:2019:            env(token::acceptSellOffer(A1, sellIdx), ter(tecFROZEN));
src/test/app/Freeze_test.cpp:2061:        test::jtx::PrettyAmount const& currency)
src/test/app/Freeze_test.cpp:2083:            testDeepFreeze(features);
src/test/app/Freeze_test.cpp:2084:            testCreateFrozenTrustline(features);
src/test/app/Freeze_test.cpp:2086:            testGlobalFreeze(features);
src/test/app/Freeze_test.cpp:2087:            testNoFreeze(features);
src/test/app/Freeze_test.cpp:2088:            testOffersWhenFrozen(features);
src/test/app/Freeze_test.cpp:2089:            testOffersWhenDeepFrozen(features);
src/test/app/Freeze_test.cpp:2090:            testPaymentsWhenDeepFrozen(features);
src/test/app/Freeze_test.cpp:2091:            testChecksWhenFrozen(features);
src/test/app/Freeze_test.cpp:2092:            testAMMWhenFreeze(features);
src/test/app/Freeze_test.cpp:2093:            testPathsWhenFrozen(features);
src/test/app/Freeze_test.cpp:2094:            testNFTOffersWhenFreeze(features);
src/test/app/Freeze_test.cpp:2099:            sa - featureDeepFreeze - featurePermissionedDEX -
src/test/app/Freeze_test.cpp:2102:        testAll(sa - featureDeepFreeze - featurePermissionedDEX);
src/test/app/Freeze_test.cpp:2105:        testAll(sa - featureDeepFreeze);
src/test/app/Freeze_test.cpp:2110:BEAST_DEFINE_TESTSUITE(Freeze, app, ripple);
src/xrpld/app/tx/detail/CancelOffer.cpp:71:        return tefINTERNAL;  // LCOV_EXCL_LINE
src/xrpld/app/tx/detail/Clawback.cpp:20:#include <xrpld/app/tx/detail/Clawback.h>
src/xrpld/app/tx/detail/Clawback.cpp:25:#include <xrpl/protocol/MPTAmount.h>
src/xrpld/app/tx/detail/Clawback.cpp:43:    STAmount const clawAmount = ctx.tx[sfAmount];
src/xrpld/app/tx/detail/Clawback.cpp:46:    AccountID const& holder = clawAmount.getIssuer();
src/xrpld/app/tx/detail/Clawback.cpp:48:    if (issuer == holder || isXRP(clawAmount) || clawAmount <= beast::zero)
src/xrpld/app/tx/detail/Clawback.cpp:62:    auto const clawAmount = ctx.tx[sfAmount];
src/xrpld/app/tx/detail/Clawback.cpp:71:    if (clawAmount.mpt() > MPTAmount{maxMPTokenAmount} ||
src/xrpld/app/tx/detail/Clawback.cpp:72:        clawAmount <= beast::zero)
src/xrpld/app/tx/detail/Clawback.cpp:79:Clawback::getFlagsMask(PreflightContext const& ctx)
src/xrpld/app/tx/detail/Clawback.cpp:81:    return tfClawbackMask;
src/xrpld/app/tx/detail/Clawback.cpp:85:Clawback::preflight(PreflightContext const& ctx)
src/xrpld/app/tx/detail/Clawback.cpp:89:            ctx.tx[sfAmount].asset().value());
src/xrpld/app/tx/detail/Clawback.cpp:103:    STAmount const& clawAmount);
src/xrpld/app/tx/detail/Clawback.cpp:112:    STAmount const& clawAmount)
src/xrpld/app/tx/detail/Clawback.cpp:116:    // If AllowTrustLineClawback is not set or NoFreeze is set, return no
src/xrpld/app/tx/detail/Clawback.cpp:118:    if (!(issuerFlagsIn & lsfAllowTrustLineClawback) ||
src/xrpld/app/tx/detail/Clawback.cpp:119:        (issuerFlagsIn & lsfNoFreeze))
src/xrpld/app/tx/detail/Clawback.cpp:120:        return tecNO_PERMISSION;
src/xrpld/app/tx/detail/Clawback.cpp:123:        ctx.view.read(keylet::line(holder, issuer, clawAmount.getCurrency()));
src/xrpld/app/tx/detail/Clawback.cpp:127:    STAmount const balance = (*sleRippleState)[sfBalance];
src/xrpld/app/tx/detail/Clawback.cpp:131:        return tecNO_PERMISSION;
src/xrpld/app/tx/detail/Clawback.cpp:135:        return tecNO_PERMISSION;
src/xrpld/app/tx/detail/Clawback.cpp:149:            clawAmount.getCurrency(),
src/xrpld/app/tx/detail/Clawback.cpp:165:    STAmount const& clawAmount)
src/xrpld/app/tx/detail/Clawback.cpp:168:        keylet::mptIssuance(clawAmount.get<MPTIssue>().getMptID());
src/xrpld/app/tx/detail/Clawback.cpp:173:    if (!((*sleIssuance)[sfFlags] & lsfMPTCanClawback))
src/xrpld/app/tx/detail/Clawback.cpp:174:        return tecNO_PERMISSION;
src/xrpld/app/tx/detail/Clawback.cpp:177:        return tecNO_PERMISSION;
src/xrpld/app/tx/detail/Clawback.cpp:185:            clawAmount.get<MPTIssue>(),
src/xrpld/app/tx/detail/Clawback.cpp:195:Clawback::preclaim(PreclaimContext const& ctx)
src/xrpld/app/tx/detail/Clawback.cpp:198:    auto const clawAmount = ctx.tx[sfAmount];
src/xrpld/app/tx/detail/Clawback.cpp:200:        clawAmount.holds<Issue>() ? clawAmount.getIssuer() : ctx.tx[sfHolder];
src/xrpld/app/tx/detail/Clawback.cpp:208:    // the one which follows `sleHolder->isFieldPresent(sfAMMID)` redundant.
src/xrpld/app/tx/detail/Clawback.cpp:209:    if (ctx.view.rules().enabled(featureSingleAssetVault) &&
src/xrpld/app/tx/detail/Clawback.cpp:212:    else if (sleHolder->isFieldPresent(sfAMMID))
src/xrpld/app/tx/detail/Clawback.cpp:213:        return tecAMM_ACCOUNT;
src/xrpld/app/tx/detail/Clawback.cpp:218:                ctx, *sleIssuer, issuer, holder, clawAmount);
src/xrpld/app/tx/detail/Clawback.cpp:220:        ctx.tx[sfAmount].asset().value());
src/xrpld/app/tx/detail/Clawback.cpp:232:    STAmount clawAmount = ctx.tx[sfAmount];
src/xrpld/app/tx/detail/Clawback.cpp:233:    AccountID const holder = clawAmount.getIssuer();  // cannot be reference
src/xrpld/app/tx/detail/Clawback.cpp:236:    clawAmount.setIssuer(issuer);
src/xrpld/app/tx/detail/Clawback.cpp:241:    STAmount const spendableAmount = accountHolds(
src/xrpld/app/tx/detail/Clawback.cpp:244:        clawAmount.getCurrency(),
src/xrpld/app/tx/detail/Clawback.cpp:245:        clawAmount.getIssuer(),
src/xrpld/app/tx/detail/Clawback.cpp:249:    return rippleCredit(
src/xrpld/app/tx/detail/Clawback.cpp:253:        std::min(spendableAmount, clawAmount),
src/xrpld/app/tx/detail/Clawback.cpp:263:    auto clawAmount = ctx.tx[sfAmount];
src/xrpld/app/tx/detail/Clawback.cpp:267:    STAmount const spendableAmount = accountHolds(
src/xrpld/app/tx/detail/Clawback.cpp:270:        clawAmount.get<MPTIssue>(),
src/xrpld/app/tx/detail/Clawback.cpp:275:    return rippleCredit(
src/xrpld/app/tx/detail/Clawback.cpp:279:        std::min(spendableAmount, clawAmount),
src/xrpld/app/tx/detail/Clawback.cpp:285:Clawback::doApply()
src/xrpld/app/tx/detail/Clawback.cpp:289:        ctx_.tx[sfAmount].asset().value());
src/xrpld/app/tx/detail/InvariantCheck.cpp:20:#include <xrpld/app/misc/AMMHelpers.h>
src/xrpld/app/tx/detail/InvariantCheck.cpp:21:#include <xrpld/app/misc/AMMUtils.h>
src/xrpld/app/tx/detail/InvariantCheck.cpp:36:#include <xrpl/protocol/STAmount.h>
src/xrpld/app/tx/detail/InvariantCheck.cpp:54:named `enforce` when an invariant fails. At first glance, those asserts may look
src/xrpld/app/tx/detail/InvariantCheck.cpp:62:This makes `assert(enforce)` sort of a second-layer of invariant enforcement
src/xrpld/app/tx/detail/InvariantCheck.cpp:64:violates an invariant, and runs it in unit tests or a develop build that _does
src/xrpld/app/tx/detail/InvariantCheck.cpp:80:    overrideFreeze = 0x0010,   // The transaction can override some freeze rules
src/xrpld/app/tx/detail/InvariantCheck.cpp:141:    XRPAmount const fee,
src/xrpld/app/tx/detail/InvariantCheck.cpp:164:    if (fee > tx.getFieldAmount(sfFee).xrp())
src/xrpld/app/tx/detail/InvariantCheck.cpp:198:                    ((*before)[sfAmount] - (*before)[sfBalance]).xrp().drops();
src/xrpld/app/tx/detail/InvariantCheck.cpp:201:                if (isXRP((*before)[sfAmount]))
src/xrpld/app/tx/detail/InvariantCheck.cpp:202:                    drops_ -= (*before)[sfAmount].xrp().drops();
src/xrpld/app/tx/detail/InvariantCheck.cpp:218:                    drops_ += ((*after)[sfAmount] - (*after)[sfBalance])
src/xrpld/app/tx/detail/InvariantCheck.cpp:223:                if (!isDelete && isXRP((*after)[sfAmount]))
src/xrpld/app/tx/detail/InvariantCheck.cpp:224:                    drops_ += (*after)[sfAmount].xrp().drops();
src/xrpld/app/tx/detail/InvariantCheck.cpp:236:    XRPAmount const fee,
src/xrpld/app/tx/detail/InvariantCheck.cpp:268:    auto isBad = [](STAmount const& balance) {
src/xrpld/app/tx/detail/InvariantCheck.cpp:280:        if (drops < XRPAmount{0})
src/xrpld/app/tx/detail/InvariantCheck.cpp:297:    XRPAmount const,
src/xrpld/app/tx/detail/InvariantCheck.cpp:318:    auto isBad = [](STAmount const& pays, STAmount const& gets) {
src/xrpld/app/tx/detail/InvariantCheck.cpp:341:    XRPAmount const,
src/xrpld/app/tx/detail/InvariantCheck.cpp:362:    auto isBad = [](STAmount const& amount) {
src/xrpld/app/tx/detail/InvariantCheck.cpp:366:            if (amount.xrp() <= XRPAmount{0})
src/xrpld/app/tx/detail/InvariantCheck.cpp:390:                if (amount.mpt() > MPTAmount{maxMPTokenAmount})
src/xrpld/app/tx/detail/InvariantCheck.cpp:398:        bad_ |= isBad((*before)[sfAmount]);
src/xrpld/app/tx/detail/InvariantCheck.cpp:401:        bad_ |= isBad((*after)[sfAmount]);
src/xrpld/app/tx/detail/InvariantCheck.cpp:403:    auto checkAmount = [this](std::int64_t amount) {
src/xrpld/app/tx/detail/InvariantCheck.cpp:404:        if (amount > maxMPTokenAmount || amount < 0)
src/xrpld/app/tx/detail/InvariantCheck.cpp:412:        auto const outstanding = (*after)[sfOutstandingAmount];
src/xrpld/app/tx/detail/InvariantCheck.cpp:413:        checkAmount(outstanding);
src/xrpld/app/tx/detail/InvariantCheck.cpp:414:        if (auto const locked = (*after)[~sfLockedAmount])
src/xrpld/app/tx/detail/InvariantCheck.cpp:416:            checkAmount(*locked);
src/xrpld/app/tx/detail/InvariantCheck.cpp:427:        auto const mptAmount = (*after)[sfMPTAmount];
src/xrpld/app/tx/detail/InvariantCheck.cpp:428:        checkAmount(mptAmount);
src/xrpld/app/tx/detail/InvariantCheck.cpp:429:        if (auto const locked = (*after)[~sfLockedAmount])
src/xrpld/app/tx/detail/InvariantCheck.cpp:431:            checkAmount(*locked);
src/xrpld/app/tx/detail/InvariantCheck.cpp:440:    XRPAmount const,
src/xrpld/app/tx/detail/InvariantCheck.cpp:469:    XRPAmount const,
src/xrpld/app/tx/detail/InvariantCheck.cpp:473:    // AMM account root can be deleted as the result of AMM withdraw/delete
src/xrpld/app/tx/detail/InvariantCheck.cpp:474:    // transaction when the total AMM LP Tokens balance goes to 0.
src/xrpld/app/tx/detail/InvariantCheck.cpp:475:    // A successful AccountDelete or AMMDelete MUST delete exactly
src/xrpld/app/tx/detail/InvariantCheck.cpp:491:    // A successful AMMWithdraw/AMMClawback MAY delete one account root
src/xrpld/app/tx/detail/InvariantCheck.cpp:492:    // when the total AMM LP Tokens balance goes to 0. Not every AMM withdraw
src/xrpld/app/tx/detail/InvariantCheck.cpp:493:    // deletes the AMM account, accountsDeleted_ is set if it is deleted.
src/xrpld/app/tx/detail/InvariantCheck.cpp:521:    XRPAmount const,
src/xrpld/app/tx/detail/InvariantCheck.cpp:531:        view.rules().enabled(featureSingleAssetVault) ||
src/xrpld/app/tx/detail/InvariantCheck.cpp:578:        if (after->at(sfOwnerCount) != 0)
src/xrpld/app/tx/detail/InvariantCheck.cpp:612:        // also be deleted. e.g. AMM, Vault, etc.
src/xrpld/app/tx/detail/InvariantCheck.cpp:664:    XRPAmount const,
src/xrpld/app/tx/detail/InvariantCheck.cpp:700:            after->getFieldAmount(sfLowLimit).asset() == xrpIssue() ||
src/xrpld/app/tx/detail/InvariantCheck.cpp:701:            after->getFieldAmount(sfHighLimit).asset() == xrpIssue();
src/xrpld/app/tx/detail/InvariantCheck.cpp:713:    XRPAmount const,
src/xrpld/app/tx/detail/InvariantCheck.cpp:727:NoDeepFreezeTrustLinesWithoutFreeze::visitEntry(
src/xrpld/app/tx/detail/InvariantCheck.cpp:738:        bool const lowFreeze = uFlags & lsfLowFreeze;
src/xrpld/app/tx/detail/InvariantCheck.cpp:739:        bool const lowDeepFreeze = uFlags & lsfLowDeepFreeze;
src/xrpld/app/tx/detail/InvariantCheck.cpp:741:        bool const highFreeze = uFlags & lsfHighFreeze;
src/xrpld/app/tx/detail/InvariantCheck.cpp:742:        bool const highDeepFreeze = uFlags & lsfHighDeepFreeze;
src/xrpld/app/tx/detail/InvariantCheck.cpp:745:            (lowDeepFreeze && !lowFreeze) || (highDeepFreeze && !highFreeze);
src/xrpld/app/tx/detail/InvariantCheck.cpp:747:            deepFreezeWithoutFreeze_ |= bad;
src/xrpld/app/tx/detail/InvariantCheck.cpp:749:            deepFreezeWithoutFreeze_ = bad;
src/xrpld/app/tx/detail/InvariantCheck.cpp:754:NoDeepFreezeTrustLinesWithoutFreeze::finalize(
src/xrpld/app/tx/detail/InvariantCheck.cpp:757:    XRPAmount const,
src/xrpld/app/tx/detail/InvariantCheck.cpp:761:    if (!deepFreezeWithoutFreeze_)
src/xrpld/app/tx/detail/InvariantCheck.cpp:772:TransfersNotFrozen::visitEntry(
src/xrpld/app/tx/detail/InvariantCheck.cpp:802:TransfersNotFrozen::finalize(
src/xrpld/app/tx/detail/InvariantCheck.cpp:805:    XRPAmount const fee,
src/xrpld/app/tx/detail/InvariantCheck.cpp:810:     * We check this invariant regardless of deep freeze amendment status,
src/xrpld/app/tx/detail/InvariantCheck.cpp:822:     * enforce = view.rules().enabled(featureDeepFreeze) ||
src/xrpld/app/tx/detail/InvariantCheck.cpp:823:     *           view.rules().enabled(fixFreezeExploit);
src/xrpld/app/tx/detail/InvariantCheck.cpp:826:        view.rules().enabled(featureDeepFreeze);
src/xrpld/app/tx/detail/InvariantCheck.cpp:839:                "ripple::TransfersNotFrozen::finalize : enforce "
src/xrpld/app/tx/detail/InvariantCheck.cpp:840:                "invariant.");
src/xrpld/app/tx/detail/InvariantCheck.cpp:858:TransfersNotFrozen::isValidEntry(
src/xrpld/app/tx/detail/InvariantCheck.cpp:864:        after, "ripple::TransfersNotFrozen::isValidEntry : valid after.");
src/xrpld/app/tx/detail/InvariantCheck.cpp:876:    /* While LedgerEntryTypesMatch invariant also checks types, all invariants
src/xrpld/app/tx/detail/InvariantCheck.cpp:886:STAmount
src/xrpld/app/tx/detail/InvariantCheck.cpp:887:TransfersNotFrozen::calculateBalanceChange(
src/xrpld/app/tx/detail/InvariantCheck.cpp:893:        STAmount amt =
src/xrpld/app/tx/detail/InvariantCheck.cpp:916:TransfersNotFrozen::recordBalance(Issue const& issue, BalanceChange change)
src/xrpld/app/tx/detail/InvariantCheck.cpp:920:        "ripple::TransfersNotFrozen::recordBalance : valid trustline "
src/xrpld/app/tx/detail/InvariantCheck.cpp:930:TransfersNotFrozen::recordBalanceChanges(
src/xrpld/app/tx/detail/InvariantCheck.cpp:932:    STAmount const& balanceChange)
src/xrpld/app/tx/detail/InvariantCheck.cpp:949:TransfersNotFrozen::findIssuer(AccountID const& issuerID, ReadView const& view)
src/xrpld/app/tx/detail/InvariantCheck.cpp:960:TransfersNotFrozen::validateIssuerChanges(
src/xrpld/app/tx/detail/InvariantCheck.cpp:972:    bool const globalFreeze = issuer->isFlag(lsfGlobalFreeze);
src/xrpld/app/tx/detail/InvariantCheck.cpp:992:            if (!validateFrozenState(
src/xrpld/app/tx/detail/InvariantCheck.cpp:993:                    change, high, tx, j, enforce, globalFreeze))
src/xrpld/app/tx/detail/InvariantCheck.cpp:1003:TransfersNotFrozen::validateFrozenState(
src/xrpld/app/tx/detail/InvariantCheck.cpp:1009:    bool globalFreeze)
src/xrpld/app/tx/detail/InvariantCheck.cpp:1012:        change.line->isFlag(high ? lsfLowFreeze : lsfHighFreeze);
src/xrpld/app/tx/detail/InvariantCheck.cpp:1013:    bool const deepFreeze =
src/xrpld/app/tx/detail/InvariantCheck.cpp:1014:        change.line->isFlag(high ? lsfLowDeepFreeze : lsfHighDeepFreeze);
src/xrpld/app/tx/detail/InvariantCheck.cpp:1015:    bool const frozen = globalFreeze || deepFreeze || freeze;
src/xrpld/app/tx/detail/InvariantCheck.cpp:1017:    bool const isAMMLine = change.line->isFlag(lsfAMMNode);
src/xrpld/app/tx/detail/InvariantCheck.cpp:1024:    // AMMClawbacks are allowed to override some freeze rules
src/xrpld/app/tx/detail/InvariantCheck.cpp:1025:    if ((!isAMMLine || globalFreeze) && hasPrivilege(tx, overrideFreeze))
src/xrpld/app/tx/detail/InvariantCheck.cpp:1029:                        << " a frozen trustline for AMMClawback "
src/xrpld/app/tx/detail/InvariantCheck.cpp:1039:        "ripple::TransfersNotFrozen::validateFrozenState : enforce "
src/xrpld/app/tx/detail/InvariantCheck.cpp:1040:        "invariant.");
src/xrpld/app/tx/detail/InvariantCheck.cpp:1071:    XRPAmount const,
src/xrpld/app/tx/detail/InvariantCheck.cpp:1090:             (view.rules().enabled(featureSingleAssetVault) ||
src/xrpld/app/tx/detail/InvariantCheck.cpp:1117:                (lsfDisableMaster | lsfDefaultRipple | lsfDepositAuth);
src/xrpld/app/tx/detail/InvariantCheck.cpp:1247:    XRPAmount const,
src/xrpld/app/tx/detail/InvariantCheck.cpp:1323:    XRPAmount const,
src/xrpld/app/tx/detail/InvariantCheck.cpp:1407:ValidClawback::visitEntry(
src/xrpld/app/tx/detail/InvariantCheck.cpp:1420:ValidClawback::finalize(
src/xrpld/app/tx/detail/InvariantCheck.cpp:1423:    XRPAmount const,
src/xrpld/app/tx/detail/InvariantCheck.cpp:1449:            STAmount const& amount = tx.getFieldAmount(sfAmount);
src/xrpld/app/tx/detail/InvariantCheck.cpp:1451:            STAmount const holderBalance = accountHolds(
src/xrpld/app/tx/detail/InvariantCheck.cpp:1516:    XRPAmount const _fee,
src/xrpld/app/tx/detail/InvariantCheck.cpp:1524:        bool enforceCreatedByIssuer = rules.enabled(featureSingleAssetVault) ||
src/xrpld/app/tx/detail/InvariantCheck.cpp:1589:            (view.rules().enabled(featureSingleAssetVault) ||
src/xrpld/app/tx/detail/InvariantCheck.cpp:1723:    XRPAmount const,
src/xrpld/app/tx/detail/InvariantCheck.cpp:1869:            // 3. The lsfDisableMaster, lsfDefaultRipple, and lsfDepositAuth
src/xrpld/app/tx/detail/InvariantCheck.cpp:1895:                    lsfDisableMaster | lsfDefaultRipple | lsfDepositAuth))
src/xrpld/app/tx/detail/InvariantCheck.cpp:1911:    XRPAmount const,
src/xrpld/app/tx/detail/InvariantCheck.cpp:1915:    bool const enforce = view.rules().enabled(featureSingleAssetVault);
src/xrpld/app/tx/detail/InvariantCheck.cpp:1919:        "changes or enforce invariant");
src/xrpld/app/tx/detail/InvariantCheck.cpp:1974:    XRPAmount const,
src/xrpld/app/tx/detail/InvariantCheck.cpp:2027:ValidAMM::visitEntry(
src/xrpld/app/tx/detail/InvariantCheck.cpp:2038:        // AMM object changed
src/xrpld/app/tx/detail/InvariantCheck.cpp:2039:        if (type == ltAMM)
src/xrpld/app/tx/detail/InvariantCheck.cpp:2042:            lptAMMBalanceAfter_ = after->getFieldAmount(sfLPTokenBalance);
src/xrpld/app/tx/detail/InvariantCheck.cpp:2044:        // AMM pool changed
src/xrpld/app/tx/detail/InvariantCheck.cpp:2046:            (type == ltRIPPLE_STATE && after->getFlags() & lsfAMMNode) ||
src/xrpld/app/tx/detail/InvariantCheck.cpp:2047:            (type == ltACCOUNT_ROOT && after->isFieldPresent(sfAMMID)))
src/xrpld/app/tx/detail/InvariantCheck.cpp:2055:        // AMM object changed
src/xrpld/app/tx/detail/InvariantCheck.cpp:2056:        if (before->getType() == ltAMM)
src/xrpld/app/tx/detail/InvariantCheck.cpp:2058:            lptAMMBalanceBefore_ = before->getFieldAmount(sfLPTokenBalance);
src/xrpld/app/tx/detail/InvariantCheck.cpp:2065:    STAmount const& amount,
src/xrpld/app/tx/detail/InvariantCheck.cpp:2066:    STAmount const& amount2,
src/xrpld/app/tx/detail/InvariantCheck.cpp:2067:    STAmount const& lptAMMBalance,
src/xrpld/app/tx/detail/InvariantCheck.cpp:2068:    ValidAMM::ZeroAllowed zeroAllowed)
src/xrpld/app/tx/detail/InvariantCheck.cpp:2071:        lptAMMBalance > beast::zero;
src/xrpld/app/tx/detail/InvariantCheck.cpp:2072:    if (zeroAllowed == ValidAMM::ZeroAllowed::Yes)
src/xrpld/app/tx/detail/InvariantCheck.cpp:2075:             lptAMMBalance == beast::zero);
src/xrpld/app/tx/detail/InvariantCheck.cpp:2080:ValidAMM::finalizeVote(bool enforce, beast::Journal const& j) const
src/xrpld/app/tx/detail/InvariantCheck.cpp:2082:    if (lptAMMBalanceAfter_ != lptAMMBalanceBefore_ || ammPoolChanged_)
src/xrpld/app/tx/detail/InvariantCheck.cpp:2084:        // LPTokens and the pool can not change on vote
src/xrpld/app/tx/detail/InvariantCheck.cpp:2086:        JLOG(j.error()) << "AMMVote invariant failed: "
src/xrpld/app/tx/detail/InvariantCheck.cpp:2087:                        << lptAMMBalanceBefore_.value_or(STAmount{}) << " "
src/xrpld/app/tx/detail/InvariantCheck.cpp:2088:                        << lptAMMBalanceAfter_.value_or(STAmount{}) << " "
src/xrpld/app/tx/detail/InvariantCheck.cpp:2099:ValidAMM::finalizeBid(bool enforce, beast::Journal const& j) const
src/xrpld/app/tx/detail/InvariantCheck.cpp:2105:        JLOG(j.error()) << "AMMBid invariant failed: pool changed";
src/xrpld/app/tx/detail/InvariantCheck.cpp:2110:    // LPTokens are burnt, therefore there should be fewer LPTokens
src/xrpld/app/tx/detail/InvariantCheck.cpp:2112:        lptAMMBalanceBefore_ && lptAMMBalanceAfter_ &&
src/xrpld/app/tx/detail/InvariantCheck.cpp:2113:        (*lptAMMBalanceAfter_ > *lptAMMBalanceBefore_ ||
src/xrpld/app/tx/detail/InvariantCheck.cpp:2114:         *lptAMMBalanceAfter_ <= beast::zero))
src/xrpld/app/tx/detail/InvariantCheck.cpp:2117:        JLOG(j.error()) << "AMMBid invariant failed: " << *lptAMMBalanceBefore_
src/xrpld/app/tx/detail/InvariantCheck.cpp:2118:                        << " " << *lptAMMBalanceAfter_;
src/xrpld/app/tx/detail/InvariantCheck.cpp:2128:ValidAMM::finalizeCreate(
src/xrpld/app/tx/detail/InvariantCheck.cpp:2138:            << "AMMCreate invariant failed: AMM object is not created";
src/xrpld/app/tx/detail/InvariantCheck.cpp:2148:            tx[sfAmount].get<Issue>(),
src/xrpld/app/tx/detail/InvariantCheck.cpp:2149:            tx[sfAmount2].get<Issue>(),
src/xrpld/app/tx/detail/InvariantCheck.cpp:2152:        // Create invariant:
src/xrpld/app/tx/detail/InvariantCheck.cpp:2153:        // sqrt(amount * amount2) == LPTokens
src/xrpld/app/tx/detail/InvariantCheck.cpp:2156:                amount, amount2, *lptAMMBalanceAfter_, ZeroAllowed::No) ||
src/xrpld/app/tx/detail/InvariantCheck.cpp:2157:            ammLPTokens(amount, amount2, lptAMMBalanceAfter_->issue()) !=
src/xrpld/app/tx/detail/InvariantCheck.cpp:2158:                *lptAMMBalanceAfter_)
src/xrpld/app/tx/detail/InvariantCheck.cpp:2160:            JLOG(j.error()) << "AMMCreate invariant failed: " << amount << " "
src/xrpld/app/tx/detail/InvariantCheck.cpp:2161:                            << amount2 << " " << *lptAMMBalanceAfter_;
src/xrpld/app/tx/detail/InvariantCheck.cpp:2171:ValidAMM::finalizeDelete(bool enforce, TER res, beast::Journal const& j) const
src/xrpld/app/tx/detail/InvariantCheck.cpp:2177:            ? "AMM object is not deleted on tesSUCCESS"
src/xrpld/app/tx/detail/InvariantCheck.cpp:2178:            : "AMM object is changed on tecINCOMPLETE";
src/xrpld/app/tx/detail/InvariantCheck.cpp:2179:        JLOG(j.error()) << "AMMDelete invariant failed: " << msg;
src/xrpld/app/tx/detail/InvariantCheck.cpp:2189:ValidAMM::finalizeDEX(bool enforce, beast::Journal const& j) const
src/xrpld/app/tx/detail/InvariantCheck.cpp:2194:        JLOG(j.error()) << "AMM swap invariant failed: AMM object changed";
src/xrpld/app/tx/detail/InvariantCheck.cpp:2204:ValidAMM::generalInvariant(
src/xrpld/app/tx/detail/InvariantCheck.cpp:2213:        tx[sfAsset].get<Issue>(),
src/xrpld/app/tx/detail/InvariantCheck.cpp:2214:        tx[sfAsset2].get<Issue>(),
src/xrpld/app/tx/detail/InvariantCheck.cpp:2217:    // Deposit and Withdrawal invariant:
src/xrpld/app/tx/detail/InvariantCheck.cpp:2218:    // sqrt(amount * amount2) >= LPTokens
src/xrpld/app/tx/detail/InvariantCheck.cpp:2223:        validBalances(amount, amount2, *lptAMMBalanceAfter_, zeroAllowed);
src/xrpld/app/tx/detail/InvariantCheck.cpp:2224:    bool const strongInvariantCheck = poolProductMean >= *lptAMMBalanceAfter_;
src/xrpld/app/tx/detail/InvariantCheck.cpp:2227:        return *lptAMMBalanceAfter_ != beast::zero &&
src/xrpld/app/tx/detail/InvariantCheck.cpp:2229:                poolProductMean, Number{*lptAMMBalanceAfter_}, Number{1, -11});
src/xrpld/app/tx/detail/InvariantCheck.cpp:2234:        JLOG(j.error()) << "AMM " << tx.getTxnType() << " invariant failed: "
src/xrpld/app/tx/detail/InvariantCheck.cpp:2238:                        << lptAMMBalanceAfter_->getText() << " "
src/xrpld/app/tx/detail/InvariantCheck.cpp:2239:                        << ((*lptAMMBalanceAfter_ == beast::zero)
src/xrpld/app/tx/detail/InvariantCheck.cpp:2241:                                : ((*lptAMMBalanceAfter_ - poolProductMean) /
src/xrpld/app/tx/detail/InvariantCheck.cpp:2250:ValidAMM::finalizeDeposit(
src/xrpld/app/tx/detail/InvariantCheck.cpp:2259:        JLOG(j.error()) << "AMMDeposit invariant failed: AMM object is deleted";
src/xrpld/app/tx/detail/InvariantCheck.cpp:2271:ValidAMM::finalizeWithdraw(
src/xrpld/app/tx/detail/InvariantCheck.cpp:2279:        // Last Withdraw or Clawback deleted AMM
src/xrpld/app/tx/detail/InvariantCheck.cpp:2291:ValidAMM::finalize(
src/xrpld/app/tx/detail/InvariantCheck.cpp:2294:    XRPAmount const,
src/xrpld/app/tx/detail/InvariantCheck.cpp:2303:    bool const enforce = view.rules().enabled(fixAMMv1_3);
src/xrpld/app/tx/detail/InvariantCheck.cpp:2307:        case ttAMM_CREATE:
src/xrpld/app/tx/detail/InvariantCheck.cpp:2309:        case ttAMM_DEPOSIT:
src/xrpld/app/tx/detail/InvariantCheck.cpp:2311:        case ttAMM_CLAWBACK:
src/xrpld/app/tx/detail/InvariantCheck.cpp:2312:        case ttAMM_WITHDRAW:
src/xrpld/app/tx/detail/InvariantCheck.cpp:2314:        case ttAMM_BID:
src/xrpld/app/tx/detail/InvariantCheck.cpp:2316:        case ttAMM_VOTE:
src/xrpld/app/tx/detail/InvariantCheck.cpp:2318:        case ttAMM_DELETE:
src/xrpld/app/tx/detail/InvariantCheck.cpp:2350:    XRPAmount const,
src/xrpld/app/tx/detail/InvariantCheck.cpp:2372:                 * We check this invariant regardless of lending protocol
src/xrpld/app/tx/detail/InvariantCheck.cpp:2391:                 * We check this invariant regardless of lending protocol
src/xrpld/app/tx/detail/InvariantCheck.cpp:2419:                 * We check this invariant regardless of lending protocol
src/xrpld/app/tx/detail/InvariantCheck.cpp:2434:            "changes or enforce invariant");
src/xrpld/app/tx/detail/InvariantCheck.cpp:2493:                           "OwnerCount has multiple directory pages";
src/xrpld/app/tx/detail/InvariantCheck.cpp:2501:               "OwnerCount has multiple indexes in the Directory root";
src/xrpld/app/tx/detail/InvariantCheck.cpp:2518:                   "OwnerCount has an unexpected entry in the directory";
src/xrpld/app/tx/detail/InvariantCheck.cpp:2530:    XRPAmount const,
src/xrpld/app/tx/detail/InvariantCheck.cpp:2582:        // https://github.com/Tapanito/XRPL-Standards/blob/xls-66-lending-protocol/XLS-0066d-lending-protocol/README.md#3123-invariants
src/xrpld/app/tx/detail/InvariantCheck.cpp:2583:        // If `LoanBroker.OwnerCount = 0` the `DirectoryNode` will have at most
src/xrpld/app/tx/detail/InvariantCheck.cpp:2586:        if (after->at(sfOwnerCount) == 0)
src/xrpld/app/tx/detail/InvariantCheck.cpp:2622:        auto const& vaultAsset = vault->at(sfAsset);
src/xrpld/app/tx/detail/InvariantCheck.cpp:2626:            vaultAsset,
src/xrpld/app/tx/detail/InvariantCheck.cpp:2627:            FreezeHandling::fhIGNORE_FREEZE,
src/xrpld/app/tx/detail/InvariantCheck.cpp:2672:    XRPAmount const,
src/xrpld/app/tx/detail/InvariantCheck.cpp:2681:        // https://github.com/Tapanito/XRPL-Standards/blob/xls-66-lending-protocol/XLS-0066d-lending-protocol/README.md#3223-invariants
src/xrpld/app/tx/detail/InvariantCheck.cpp:2752:    self.asset = from.at(sfAsset);
src/xrpld/app/tx/detail/InvariantCheck.cpp:2756:    self.assetsTotal = from.at(sfAssetsTotal);
src/xrpld/app/tx/detail/InvariantCheck.cpp:2757:    self.assetsAvailable = from.at(sfAssetsAvailable);
src/xrpld/app/tx/detail/InvariantCheck.cpp:2758:    self.assetsMaximum = from.at(sfAssetsMaximum);
src/xrpld/app/tx/detail/InvariantCheck.cpp:2773:    self.sharesTotal = from.at(sfOutstandingAmount);
src/xrpld/app/tx/detail/InvariantCheck.cpp:2774:    self.sharesMaximum = from[~sfMaximumAmount].value_or(maxMPTokenAmount);
src/xrpld/app/tx/detail/InvariantCheck.cpp:2812:                    before->getFieldU64(sfOutstandingAmount));
src/xrpld/app/tx/detail/InvariantCheck.cpp:2819:                    static_cast<std::int64_t>(before->getFieldU64(sfMPTAmount));
src/xrpld/app/tx/detail/InvariantCheck.cpp:2825:                balanceDelta.delta = before->getFieldAmount(sfBalance);
src/xrpld/app/tx/detail/InvariantCheck.cpp:2832:                auto const amount = before->getFieldAmount(sfBalance);
src/xrpld/app/tx/detail/InvariantCheck.cpp:2834:                // Trust Line balances are STAmounts, so we can use the exponent
src/xrpld/app/tx/detail/InvariantCheck.cpp:2856:                    after->getFieldU64(sfOutstandingAmount)));
src/xrpld/app/tx/detail/InvariantCheck.cpp:2863:                    static_cast<std::int64_t>(after->getFieldU64(sfMPTAmount)));
src/xrpld/app/tx/detail/InvariantCheck.cpp:2869:                balanceDelta.delta -= Number(after->getFieldAmount(sfBalance));
src/xrpld/app/tx/detail/InvariantCheck.cpp:2876:                auto const amount = after->getFieldAmount(sfBalance);
src/xrpld/app/tx/detail/InvariantCheck.cpp:2878:                // Trust Line balances are STAmounts, so we can use the exponent
src/xrpld/app/tx/detail/InvariantCheck.cpp:2910:    XRPAmount const fee,
src/xrpld/app/tx/detail/InvariantCheck.cpp:2914:    bool const enforce = view.rules().enabled(featureSingleAssetVault);
src/xrpld/app/tx/detail/InvariantCheck.cpp:2927:                enforce, "ripple::ValidVault::finalize : vault noop invariant");
src/xrpld/app/tx/detail/InvariantCheck.cpp:2941:            "invariant");
src/xrpld/app/tx/detail/InvariantCheck.cpp:2950:            enforce, "ripple::ValidVault::finalize : single vault invariant");
src/xrpld/app/tx/detail/InvariantCheck.cpp:2967:                "invariant");
src/xrpld/app/tx/detail/InvariantCheck.cpp:2993:                "ripple::ValidVault::finalize : shares deletion invariant");
src/xrpld/app/tx/detail/InvariantCheck.cpp:3024:            enforce, "ripple::ValidVault::finalize : vault deletion invariant");
src/xrpld/app/tx/detail/InvariantCheck.cpp:3074:            "ripple::ValidVault::finalize : vault has shares invariant");
src/xrpld/app/tx/detail/InvariantCheck.cpp:3138:    // enforcing invariants on transaction types other than ttVAULT_CREATE
src/xrpld/app/tx/detail/InvariantCheck.cpp:3144:            enforce, "ripple::ValidVault::finalize : vault creation invariant");
src/xrpld/app/tx/detail/InvariantCheck.cpp:3179:            enforce, "ripple::ValidVault::finalize : shares noop invariant");
src/xrpld/app/tx/detail/InvariantCheck.cpp:3183:    auto const& vaultAsset = afterVault.asset;
src/xrpld/app/tx/detail/InvariantCheck.cpp:3184:    auto const deltaAssets =
src/xrpld/app/tx/detail/InvariantCheck.cpp:3211:            vaultAsset.value());
src/xrpld/app/tx/detail/InvariantCheck.cpp:3213:    auto const deltaAssetsTxAccount = [&]() -> std::optional<DeltaInfo> {
src/xrpld/app/tx/detail/InvariantCheck.cpp:3214:        auto ret = deltaAssets(tx[sfAccount]);
src/xrpld/app/tx/detail/InvariantCheck.cpp:3216:        if (!ret.has_value() || !vaultAsset.native())
src/xrpld/app/tx/detail/InvariantCheck.cpp:3243:    auto const vaultHoldsNoAssets = [&](Vault const& vault) {
src/xrpld/app/tx/detail/InvariantCheck.cpp:3319:                auto const vaultDeltaAssets = deltaAssets(afterVault.pseudoId);
src/xrpld/app/tx/detail/InvariantCheck.cpp:3320:                if (vaultDeltaAssets)
src/xrpld/app/tx/detail/InvariantCheck.cpp:3371:                auto const maybeVaultDeltaAssets =
src/xrpld/app/tx/detail/InvariantCheck.cpp:3372:                    deltaAssets(afterVault.pseudoId);
src/xrpld/app/tx/detail/InvariantCheck.cpp:3373:                if (!maybeVaultDeltaAssets)
src/xrpld/app/tx/detail/InvariantCheck.cpp:3384:                    vaultAsset);
src/xrpld/app/tx/detail/InvariantCheck.cpp:3388:                    vaultAsset);
src/xrpld/app/tx/detail/InvariantCheck.cpp:3390:                    *maybeVaultDeltaAssets,
src/xrpld/app/tx/detail/InvariantCheck.cpp:3395:                auto const vaultDeltaAssets = roundToAsset(
src/xrpld/app/tx/detail/InvariantCheck.cpp:3396:                    vaultAsset, maybeVaultDeltaAssets->delta, minScale);
src/xrpld/app/tx/detail/InvariantCheck.cpp:3397:                auto const txAmount =
src/xrpld/app/tx/detail/InvariantCheck.cpp:3398:                    roundToAsset(vaultAsset, tx[sfAmount], minScale);
src/xrpld/app/tx/detail/InvariantCheck.cpp:3400:                if (vaultDeltaAssets > txAmount)
src/xrpld/app/tx/detail/InvariantCheck.cpp:3408:                if (vaultDeltaAssets <= zero)
src/xrpld/app/tx/detail/InvariantCheck.cpp:3418:                    if (vaultAsset.native())
src/xrpld/app/tx/detail/InvariantCheck.cpp:3420:                    return tx[sfAccount] == vaultAsset.getIssuer();
src/xrpld/app/tx/detail/InvariantCheck.cpp:3425:                    auto const maybeAccDeltaAssets = deltaAssetsTxAccount();
src/xrpld/app/tx/detail/InvariantCheck.cpp:3426:                    if (!maybeAccDeltaAssets)
src/xrpld/app/tx/detail/InvariantCheck.cpp:3434:                        minScale, computeCoarsestScale({*maybeAccDeltaAssets}));
src/xrpld/app/tx/detail/InvariantCheck.cpp:3436:                    auto const accountDeltaAssets = roundToAsset(
src/xrpld/app/tx/detail/InvariantCheck.cpp:3437:                        vaultAsset, maybeAccDeltaAssets->delta, localMinScale);
src/xrpld/app/tx/detail/InvariantCheck.cpp:3438:                    auto const localVaultDeltaAssets = roundToAsset(
src/xrpld/app/tx/detail/InvariantCheck.cpp:3439:                        vaultAsset, vaultDeltaAssets, localMinScale);
src/xrpld/app/tx/detail/InvariantCheck.cpp:3441:                    if (accountDeltaAssets >= zero)
src/xrpld/app/tx/detail/InvariantCheck.cpp:3449:                    if (localVaultDeltaAssets * -1 != accountDeltaAssets)
src/xrpld/app/tx/detail/InvariantCheck.cpp:3505:                auto const assetTotalDelta = roundToAsset(
src/xrpld/app/tx/detail/InvariantCheck.cpp:3506:                    vaultAsset,
src/xrpld/app/tx/detail/InvariantCheck.cpp:3509:                if (assetTotalDelta != vaultDeltaAssets)
src/xrpld/app/tx/detail/InvariantCheck.cpp:3516:                auto const assetAvailableDelta = roundToAsset(
src/xrpld/app/tx/detail/InvariantCheck.cpp:3517:                    vaultAsset,
src/xrpld/app/tx/detail/InvariantCheck.cpp:3520:                if (assetAvailableDelta != vaultDeltaAssets)
src/xrpld/app/tx/detail/InvariantCheck.cpp:3538:                auto const maybeVaultDeltaAssets =
src/xrpld/app/tx/detail/InvariantCheck.cpp:3539:                    deltaAssets(afterVault.pseudoId);
src/xrpld/app/tx/detail/InvariantCheck.cpp:3541:                if (!maybeVaultDeltaAssets)
src/xrpld/app/tx/detail/InvariantCheck.cpp:3552:                    vaultAsset);
src/xrpld/app/tx/detail/InvariantCheck.cpp:3556:                    vaultAsset);
src/xrpld/app/tx/detail/InvariantCheck.cpp:3558:                    {*maybeVaultDeltaAssets, totalDelta, availableDelta});
src/xrpld/app/tx/detail/InvariantCheck.cpp:3560:                auto const vaultPseudoDeltaAssets = roundToAsset(
src/xrpld/app/tx/detail/InvariantCheck.cpp:3561:                    vaultAsset, maybeVaultDeltaAssets->delta, minScale);
src/xrpld/app/tx/detail/InvariantCheck.cpp:3563:                if (vaultPseudoDeltaAssets >= zero)
src/xrpld/app/tx/detail/InvariantCheck.cpp:3573:                    if (vaultAsset.native())
src/xrpld/app/tx/detail/InvariantCheck.cpp:3577:                    return destination == vaultAsset.getIssuer();
src/xrpld/app/tx/detail/InvariantCheck.cpp:3582:                    auto const maybeAccDelta = deltaAssetsTxAccount();
src/xrpld/app/tx/detail/InvariantCheck.cpp:3587:                            return deltaAssets(*destination);
src/xrpld/app/tx/detail/InvariantCheck.cpp:3608:                    auto const roundedDestinationDelta = roundToAsset(
src/xrpld/app/tx/detail/InvariantCheck.cpp:3609:                        vaultAsset, destinationDelta.delta, localMinScale);
src/xrpld/app/tx/detail/InvariantCheck.cpp:3619:                    auto const localPseudoDeltaAssets = roundToAsset(
src/xrpld/app/tx/detail/InvariantCheck.cpp:3620:                        vaultAsset, vaultPseudoDeltaAssets, localMinScale);
src/xrpld/app/tx/detail/InvariantCheck.cpp:3621:                    if (localPseudoDeltaAssets * -1 != roundedDestinationDelta)
src/xrpld/app/tx/detail/InvariantCheck.cpp:3665:                auto const assetTotalDelta = roundToAsset(
src/xrpld/app/tx/detail/InvariantCheck.cpp:3666:                    vaultAsset,
src/xrpld/app/tx/detail/InvariantCheck.cpp:3670:                if (assetTotalDelta != vaultPseudoDeltaAssets)
src/xrpld/app/tx/detail/InvariantCheck.cpp:3677:                auto const assetAvailableDelta = roundToAsset(
src/xrpld/app/tx/detail/InvariantCheck.cpp:3678:                    vaultAsset,
src/xrpld/app/tx/detail/InvariantCheck.cpp:3682:                if (assetAvailableDelta != vaultPseudoDeltaAssets)
src/xrpld/app/tx/detail/InvariantCheck.cpp:3699:                if (vaultAsset.native() ||
src/xrpld/app/tx/detail/InvariantCheck.cpp:3700:                    vaultAsset.getIssuer() != tx[sfAccount])
src/xrpld/app/tx/detail/InvariantCheck.cpp:3705:                          vaultHoldsNoAssets(beforeVault) &&
src/xrpld/app/tx/detail/InvariantCheck.cpp:3716:                auto const maybeVaultDeltaAssets =
src/xrpld/app/tx/detail/InvariantCheck.cpp:3717:                    deltaAssets(afterVault.pseudoId);
src/xrpld/app/tx/detail/InvariantCheck.cpp:3718:                if (maybeVaultDeltaAssets)
src/xrpld/app/tx/detail/InvariantCheck.cpp:3723:                        vaultAsset);
src/xrpld/app/tx/detail/InvariantCheck.cpp:3727:                        vaultAsset);
src/xrpld/app/tx/detail/InvariantCheck.cpp:3729:                        {*maybeVaultDeltaAssets, totalDelta, availableDelta});
src/xrpld/app/tx/detail/InvariantCheck.cpp:3730:                    auto const vaultDeltaAssets = roundToAsset(
src/xrpld/app/tx/detail/InvariantCheck.cpp:3731:                        vaultAsset, maybeVaultDeltaAssets->delta, minScale);
src/xrpld/app/tx/detail/InvariantCheck.cpp:3732:                    if (vaultDeltaAssets >= zero)
src/xrpld/app/tx/detail/InvariantCheck.cpp:3740:                    auto const assetsTotalDelta = roundToAsset(
src/xrpld/app/tx/detail/InvariantCheck.cpp:3741:                        vaultAsset,
src/xrpld/app/tx/detail/InvariantCheck.cpp:3744:                    if (assetsTotalDelta != vaultDeltaAssets)
src/xrpld/app/tx/detail/InvariantCheck.cpp:3752:                    auto const assetAvailableDelta = roundToAsset(
src/xrpld/app/tx/detail/InvariantCheck.cpp:3753:                        vaultAsset,
src/xrpld/app/tx/detail/InvariantCheck.cpp:3757:                    if (assetAvailableDelta != vaultDeltaAssets)
src/xrpld/app/tx/detail/InvariantCheck.cpp:3765:                else if (!vaultHoldsNoAssets(beforeVault))
src/xrpld/app/tx/detail/InvariantCheck.cpp:3829:        XRPL_ASSERT(enforce, "ripple::ValidVault::finalize : vault invariants");
src/xrpld/app/tx/detail/InvariantCheck.cpp:3840:    Asset const& asset)
src/xrpld/app/tx/detail/InvariantCheck.cpp:3861:    return max->scale.value_or(STAmount::cMaxOffset);
src/xrpld/app/tx/detail/AMMClawback.cpp:20:#include <xrpld/app/misc/AMMHelpers.h>
src/xrpld/app/tx/detail/AMMClawback.cpp:21:#include <xrpld/app/misc/AMMUtils.h>
src/xrpld/app/tx/detail/AMMClawback.cpp:22:#include <xrpld/app/tx/detail/AMMClawback.h>
src/xrpld/app/tx/detail/AMMClawback.cpp:23:#include <xrpld/app/tx/detail/AMMWithdraw.h>
src/xrpld/app/tx/detail/AMMClawback.cpp:37:AMMClawback::getFlagsMask(PreflightContext const& ctx)
src/xrpld/app/tx/detail/AMMClawback.cpp:39:    return tfAMMClawbackMask;
src/xrpld/app/tx/detail/AMMClawback.cpp:43:AMMClawback::preflight(PreflightContext const& ctx)
src/xrpld/app/tx/detail/AMMClawback.cpp:51:            << "AMMClawback: holder cannot be the same as issuer.";
src/xrpld/app/tx/detail/AMMClawback.cpp:55:    std::optional<STAmount> const clawAmount = ctx.tx[~sfAmount];
src/xrpld/app/tx/detail/AMMClawback.cpp:56:    auto const asset = ctx.tx[sfAsset].get<Issue>();
src/xrpld/app/tx/detail/AMMClawback.cpp:57:    auto const asset2 = ctx.tx[sfAsset2].get<Issue>();
src/xrpld/app/tx/detail/AMMClawback.cpp:64:    if (flags & tfClawTwoAssets && asset.account != asset2.account)
src/xrpld/app/tx/detail/AMMClawback.cpp:67:            << "AMMClawback: tfClawTwoAssets can only be enabled when two "
src/xrpld/app/tx/detail/AMMClawback.cpp:68:               "assets in the AMM pool are both issued by the issuer";
src/xrpld/app/tx/detail/AMMClawback.cpp:74:        JLOG(ctx.j.trace()) << "AMMClawback: Asset's account does not "
src/xrpld/app/tx/detail/AMMClawback.cpp:79:    if (clawAmount && clawAmount->get<Issue>() != asset)
src/xrpld/app/tx/detail/AMMClawback.cpp:81:        JLOG(ctx.j.trace()) << "AMMClawback: Amount's issuer/currency subfield "
src/xrpld/app/tx/detail/AMMClawback.cpp:82:                               "does not match Asset field";
src/xrpld/app/tx/detail/AMMClawback.cpp:86:    if (clawAmount && *clawAmount <= beast::zero)
src/xrpld/app/tx/detail/AMMClawback.cpp:93:AMMClawback::preclaim(PreclaimContext const& ctx)
src/xrpld/app/tx/detail/AMMClawback.cpp:95:    auto const asset = ctx.tx[sfAsset].get<Issue>();
src/xrpld/app/tx/detail/AMMClawback.cpp:96:    auto const asset2 = ctx.tx[sfAsset2].get<Issue>();
src/xrpld/app/tx/detail/AMMClawback.cpp:107:        JLOG(ctx.j.debug()) << "AMM Clawback: Invalid asset pair.";
src/xrpld/app/tx/detail/AMMClawback.cpp:108:        return terNO_AMM;
src/xrpld/app/tx/detail/AMMClawback.cpp:113:    // If AllowTrustLineClawback is not set or NoFreeze is set, return no
src/xrpld/app/tx/detail/AMMClawback.cpp:115:    if (!(issuerFlagsIn & lsfAllowTrustLineClawback) ||
src/xrpld/app/tx/detail/AMMClawback.cpp:116:        (issuerFlagsIn & lsfNoFreeze))
src/xrpld/app/tx/detail/AMMClawback.cpp:117:        return tecNO_PERMISSION;
src/xrpld/app/tx/detail/AMMClawback.cpp:123:AMMClawback::doApply()
src/xrpld/app/tx/detail/AMMClawback.cpp:135:AMMClawback::applyGuts(Sandbox& sb)
src/xrpld/app/tx/detail/AMMClawback.cpp:137:    std::optional<STAmount> const clawAmount = ctx_.tx[~sfAmount];
src/xrpld/app/tx/detail/AMMClawback.cpp:140:    Issue const asset = ctx_.tx[sfAsset].get<Issue>();
src/xrpld/app/tx/detail/AMMClawback.cpp:141:    Issue const asset2 = ctx_.tx[sfAsset2].get<Issue>();
src/xrpld/app/tx/detail/AMMClawback.cpp:152:    if (sb.rules().enabled(fixAMMClawbackRounding))
src/xrpld/app/tx/detail/AMMClawback.cpp:156:        auto const lpTokenBalance = ammLPHolds(sb, *ammSle, holder, j_);
src/xrpld/app/tx/detail/AMMClawback.cpp:158:            return tecAMM_BALANCE;
src/xrpld/app/tx/detail/AMMClawback.cpp:160:        if (auto const res = verifyAndAdjustLPTokenBalance(
src/xrpld/app/tx/detail/AMMClawback.cpp:166:    auto const expected = ammHolds(
src/xrpld/app/tx/detail/AMMClawback.cpp:171:        FreezeHandling::fhIGNORE_FREEZE,
src/xrpld/app/tx/detail/AMMClawback.cpp:176:    auto const [amountBalance, amount2Balance, lptAMMBalance] = *expected;
src/xrpld/app/tx/detail/AMMClawback.cpp:179:    STAmount newLPTokenBalance;
src/xrpld/app/tx/detail/AMMClawback.cpp:180:    STAmount amountWithdraw;
src/xrpld/app/tx/detail/AMMClawback.cpp:181:    std::optional<STAmount> amount2Withdraw;
src/xrpld/app/tx/detail/AMMClawback.cpp:183:    auto const holdLPtokens = ammLPHolds(sb, *ammSle, holder, j_);
src/xrpld/app/tx/detail/AMMClawback.cpp:185:        return tecAMM_BALANCE;
src/xrpld/app/tx/detail/AMMClawback.cpp:187:    if (!clawAmount)
src/xrpld/app/tx/detail/AMMClawback.cpp:190:        std::tie(result, newLPTokenBalance, amountWithdraw, amount2Withdraw) =
src/xrpld/app/tx/detail/AMMClawback.cpp:191:            AMMWithdraw::equalWithdrawTokens(
src/xrpld/app/tx/detail/AMMClawback.cpp:198:                lptAMMBalance,
src/xrpld/app/tx/detail/AMMClawback.cpp:202:                FreezeHandling::fhIGNORE_FREEZE,
src/xrpld/app/tx/detail/AMMClawback.cpp:207:        std::tie(result, newLPTokenBalance, amountWithdraw, amount2Withdraw) =
src/xrpld/app/tx/detail/AMMClawback.cpp:208:            equalWithdrawMatchingOneAmount(
src/xrpld/app/tx/detail/AMMClawback.cpp:215:                lptAMMBalance,
src/xrpld/app/tx/detail/AMMClawback.cpp:217:                *clawAmount);
src/xrpld/app/tx/detail/AMMClawback.cpp:222:    auto const res = AMMWithdraw::deleteAMMAccountIfEmpty(
src/xrpld/app/tx/detail/AMMClawback.cpp:223:        sb, ammSle, newLPTokenBalance, asset, asset2, j_);
src/xrpld/app/tx/detail/AMMClawback.cpp:228:        << "AMM Withdraw during AMMClawback: lptoken new balance: "
src/xrpld/app/tx/detail/AMMClawback.cpp:229:        << to_string(newLPTokenBalance.iou())
src/xrpld/app/tx/detail/AMMClawback.cpp:230:        << " old balance: " << to_string(lptAMMBalance.iou());
src/xrpld/app/tx/detail/AMMClawback.cpp:232:    auto const ter = rippleCredit(sb, holder, issuer, amountWithdraw, true, j_);
src/xrpld/app/tx/detail/AMMClawback.cpp:236:    // if the issuer issues both assets and sets flag tfClawTwoAssets, we
src/xrpld/app/tx/detail/AMMClawback.cpp:238:    // tfClawTwoAssets is enabled, the two assets have to be issued by the
src/xrpld/app/tx/detail/AMMClawback.cpp:244:    if (flags & tfClawTwoAssets)
src/xrpld/app/tx/detail/AMMClawback.cpp:245:        return rippleCredit(sb, holder, issuer, *amount2Withdraw, true, j_);
src/xrpld/app/tx/detail/AMMClawback.cpp:250:std::tuple<TER, STAmount, STAmount, std::optional<STAmount>>
src/xrpld/app/tx/detail/AMMClawback.cpp:251:AMMClawback::equalWithdrawMatchingOneAmount(
src/xrpld/app/tx/detail/AMMClawback.cpp:256:    STAmount const& amountBalance,
src/xrpld/app/tx/detail/AMMClawback.cpp:257:    STAmount const& amount2Balance,
src/xrpld/app/tx/detail/AMMClawback.cpp:258:    STAmount const& lptAMMBalance,
src/xrpld/app/tx/detail/AMMClawback.cpp:259:    STAmount const& holdLPtokens,
src/xrpld/app/tx/detail/AMMClawback.cpp:260:    STAmount const& amount)
src/xrpld/app/tx/detail/AMMClawback.cpp:266:        toSTAmount(lptAMMBalance.issue(), lptAMMBalance * frac);
src/xrpld/app/tx/detail/AMMClawback.cpp:272:        return AMMWithdraw::equalWithdrawTokens(
src/xrpld/app/tx/detail/AMMClawback.cpp:279:            lptAMMBalance,
src/xrpld/app/tx/detail/AMMClawback.cpp:283:            FreezeHandling::fhIGNORE_FREEZE,
src/xrpld/app/tx/detail/AMMClawback.cpp:289:    if (rules.enabled(fixAMMClawbackRounding))
src/xrpld/app/tx/detail/AMMClawback.cpp:292:            getRoundedLPTokens(rules, lptAMMBalance, frac, IsDeposit::No);
src/xrpld/app/tx/detail/AMMClawback.cpp:297:                tecAMM_INVALID_TOKENS, STAmount{}, STAmount{}, std::nullopt};
src/xrpld/app/tx/detail/AMMClawback.cpp:300:        frac = adjustFracByTokens(rules, lptAMMBalance, tokensAdj, frac);
src/xrpld/app/tx/detail/AMMClawback.cpp:302:            getRoundedAsset(rules, amount2Balance, frac, IsDeposit::No);
src/xrpld/app/tx/detail/AMMClawback.cpp:305:            getRoundedAsset(rules, amountBalance, frac, IsDeposit::No);
src/xrpld/app/tx/detail/AMMClawback.cpp:307:        return AMMWithdraw::withdraw(
src/xrpld/app/tx/detail/AMMClawback.cpp:315:            lptAMMBalance,
src/xrpld/app/tx/detail/AMMClawback.cpp:318:            FreezeHandling::fhIGNORE_FREEZE,
src/xrpld/app/tx/detail/AMMClawback.cpp:326:    return AMMWithdraw::withdraw(
src/xrpld/app/tx/detail/AMMClawback.cpp:333:        toSTAmount(amount2Balance.issue(), amount2Withdraw),
src/xrpld/app/tx/detail/AMMClawback.cpp:334:        lptAMMBalance,
src/xrpld/app/tx/detail/AMMClawback.cpp:335:        toSTAmount(lptAMMBalance.issue(), lptAMMBalance * frac),
src/xrpld/app/tx/detail/AMMClawback.cpp:337:        FreezeHandling::fhIGNORE_FREEZE,
src/test/app/Invariants_test.cpp:21:#include <test/jtx/AMM.h>
src/test/app/Invariants_test.cpp:39:#include <xrpl/protocol/XRPAmount.h>
src/test/app/Invariants_test.cpp:57:    // this is common setup/method for running a failing invariant check. The
src/test/app/Invariants_test.cpp:69:            featureInvariantsV1_1 | featureSingleAssetVault | fixCleanup3_1_3;
src/test/app/Invariants_test.cpp:73:     * detected by an invariant. Simulates the actions of a transaction that
src/test/app/Invariants_test.cpp:74:     * would violate an invariant.
src/test/app/Invariants_test.cpp:76:     * @param expect_logs One or more messages related to the failing invariant
src/test/app/Invariants_test.cpp:80:     * @tx A mock transaction that took the actions to trigger the invariant. In
src/test/app/Invariants_test.cpp:82:     * @ters The TER results expected on the two passes of the invariant
src/test/app/Invariants_test.cpp:93:        XRPAmount fee = XRPAmount{},
src/test/app/Invariants_test.cpp:96:            {tecINVARIANT_FAILED, tefINVARIANT_FAILED},
src/test/app/Invariants_test.cpp:112:     * detected by an invariant. Simulates the actions of a transaction that
src/test/app/Invariants_test.cpp:113:     * would violate an invariant.
src/test/app/Invariants_test.cpp:116:     * @param expect_logs One or more messages related to the failing invariant
src/test/app/Invariants_test.cpp:120:     * @tx A mock transaction that took the actions to trigger the invariant. In
src/test/app/Invariants_test.cpp:122:     * @ters The TER results expected on the two passes of the invariant
src/test/app/Invariants_test.cpp:133:        XRPAmount fee = XRPAmount{},
src/test/app/Invariants_test.cpp:136:            {tecINVARIANT_FAILED, tefINVARIANT_FAILED},
src/test/app/Invariants_test.cpp:166:        XRPAmount fee = XRPAmount{},
src/test/app/Invariants_test.cpp:169:            tecINVARIANT_FAILED,
src/test/app/Invariants_test.cpp:231:                auto amt = sle->getFieldAmount(sfBalance);
src/test/app/Invariants_test.cpp:232:                sle->setFieldAmount(sfBalance, amt + STAmount{500});
src/test/app/Invariants_test.cpp:262:        // Note that this is a case where a second invocation of the invariant
src/test/app/Invariants_test.cpp:263:        // checker returns a tecINVARIANT_FAILED, not a tefINVARIANT_FAILED.
src/test/app/Invariants_test.cpp:270:            XRPAmount{},
src/test/app/Invariants_test.cpp:272:            {tecINVARIANT_FAILED, tecINVARIANT_FAILED});
src/test/app/Invariants_test.cpp:292:            XRPAmount{},
src/test/app/Invariants_test.cpp:317:            XRPAmount{},
src/test/app/Invariants_test.cpp:332:                BEAST_EXPECT(sleA1->at(sfOwnerCount) == 0);
src/test/app/Invariants_test.cpp:333:                adjustOwnerCount(ac.view(), sleA1, 1, ac.journal);
src/test/app/Invariants_test.cpp:339:            XRPAmount{},
src/test/app/Invariants_test.cpp:377:                XRPAmount{},
src/test/app/Invariants_test.cpp:393:                sle->at(sfOwnerCount) = 0;
src/test/app/Invariants_test.cpp:397:            XRPAmount{},
src/test/app/Invariants_test.cpp:399:            {tecINVARIANT_FAILED, tefINVARIANT_FAILED},
src/test/app/Invariants_test.cpp:408:        // AMM special cases
src/test/app/Invariants_test.cpp:415:                // Delete the AMM account without cleaning up the directory or
src/test/app/Invariants_test.cpp:416:                // deleting the AMM object
src/test/app/Invariants_test.cpp:421:                BEAST_EXPECT(sle->at(~sfAMMID));
src/test/app/Invariants_test.cpp:422:                BEAST_EXPECT(sle->at(~sfAMMID) == ammKey);
src/test/app/Invariants_test.cpp:428:                sle->at(sfOwnerCount) = 0;
src/test/app/Invariants_test.cpp:433:            XRPAmount{},
src/test/app/Invariants_test.cpp:434:            STTx{ttAMM_WITHDRAW, [](STObject& tx) {}},
src/test/app/Invariants_test.cpp:435:            {tecINVARIANT_FAILED, tefINVARIANT_FAILED},
src/test/app/Invariants_test.cpp:437:                // Preclose callback to create the AMM which will be partially
src/test/app/Invariants_test.cpp:439:                AMM const amm(env, A1, XRP(100), A1["USD"](50));
src/test/app/Invariants_test.cpp:446:            {{"account deletion left behind a AMM object"}},
src/test/app/Invariants_test.cpp:448:                // Delete all the AMM's trust lines, remove the AMM from the AMM
src/test/app/Invariants_test.cpp:450:                // the AMM account. Do not delete the AMM object.
src/test/app/Invariants_test.cpp:455:                BEAST_EXPECT(sle->at(~sfAMMID));
src/test/app/Invariants_test.cpp:456:                BEAST_EXPECT(sle->at(~sfAMMID) == ammKey);
src/test/app/Invariants_test.cpp:468:                        STAmount const lowLimit = line->at(sfLowLimit);
src/test/app/Invariants_test.cpp:469:                        STAmount const highLimit = line->at(sfHighLimit);
src/test/app/Invariants_test.cpp:485:                BEAST_EXPECT(ac.view().dirRemove(
src/test/app/Invariants_test.cpp:495:                sle->at(sfOwnerCount) = 0;
src/test/app/Invariants_test.cpp:500:            XRPAmount{},
src/test/app/Invariants_test.cpp:501:            STTx{ttAMM_WITHDRAW, [](STObject& tx) {}},
src/test/app/Invariants_test.cpp:502:            {tecINVARIANT_FAILED, tefINVARIANT_FAILED},
src/test/app/Invariants_test.cpp:504:                // Preclose callback to create the AMM which will be partially
src/test/app/Invariants_test.cpp:506:                AMM const amm(env, A1, XRP(100), A1["USD"](50));
src/test/app/Invariants_test.cpp:541:                // unsupported value so that the valid type invariant check
src/test/app/Invariants_test.cpp:571:    testNoDeepFreezeTrustLinesWithoutFreeze()
src/test/app/Invariants_test.cpp:582:                sleNew->setFieldAmount(sfLowLimit, A1["USD"](0));
src/test/app/Invariants_test.cpp:583:                sleNew->setFieldAmount(sfHighLimit, A1["USD"](0));
src/test/app/Invariants_test.cpp:586:                uFlags |= lsfLowDeepFreeze;
src/test/app/Invariants_test.cpp:598:                sleNew->setFieldAmount(sfLowLimit, A1["USD"](0));
src/test/app/Invariants_test.cpp:599:                sleNew->setFieldAmount(sfHighLimit, A1["USD"](0));
src/test/app/Invariants_test.cpp:601:                uFlags |= lsfHighDeepFreeze;
src/test/app/Invariants_test.cpp:613:                sleNew->setFieldAmount(sfLowLimit, A1["USD"](0));
src/test/app/Invariants_test.cpp:614:                sleNew->setFieldAmount(sfHighLimit, A1["USD"](0));
src/test/app/Invariants_test.cpp:616:                uFlags |= lsfLowDeepFreeze | lsfHighDeepFreeze;
src/test/app/Invariants_test.cpp:628:                sleNew->setFieldAmount(sfLowLimit, A1["USD"](0));
src/test/app/Invariants_test.cpp:629:                sleNew->setFieldAmount(sfHighLimit, A1["USD"](0));
src/test/app/Invariants_test.cpp:631:                uFlags |= lsfLowDeepFreeze | lsfHighFreeze;
src/test/app/Invariants_test.cpp:643:                sleNew->setFieldAmount(sfLowLimit, A1["USD"](0));
src/test/app/Invariants_test.cpp:644:                sleNew->setFieldAmount(sfHighLimit, A1["USD"](0));
src/test/app/Invariants_test.cpp:646:                uFlags |= lsfLowFreeze | lsfHighDeepFreeze;
src/test/app/Invariants_test.cpp:654:    testTransfersNotFrozen()
src/test/app/Invariants_test.cpp:677:        auto const A1FrozenByIssuer =
src/test/app/Invariants_test.cpp:680:                env(trust(G1, A1["USD"](10000), tfSetFreeze));
src/test/app/Invariants_test.cpp:686:        auto const A1DeepFrozenByIssuer =
src/test/app/Invariants_test.cpp:688:                A1FrozenByIssuer(A1, A2, env);
src/test/app/Invariants_test.cpp:689:                env(trust(G1, A1["USD"](10000), tfSetDeepFreeze));
src/test/app/Invariants_test.cpp:703:            sleA1->setFieldAmount(sfBalance, G1["USD"](A1Balance));
src/test/app/Invariants_test.cpp:704:            sleA2->setFieldAmount(sfBalance, G1["USD"](A2Balance));
src/test/app/Invariants_test.cpp:717:            XRPAmount{},
src/test/app/Invariants_test.cpp:719:            {tecINVARIANT_FAILED, tefINVARIANT_FAILED},
src/test/app/Invariants_test.cpp:720:            A1FrozenByIssuer);
src/test/app/Invariants_test.cpp:729:            XRPAmount{},
src/test/app/Invariants_test.cpp:731:            {tecINVARIANT_FAILED, tefINVARIANT_FAILED},
src/test/app/Invariants_test.cpp:732:            A1DeepFrozenByIssuer);
src/test/app/Invariants_test.cpp:741:            XRPAmount{},
src/test/app/Invariants_test.cpp:743:            {tecINVARIANT_FAILED, tefINVARIANT_FAILED},
src/test/app/Invariants_test.cpp:744:            A1DeepFrozenByIssuer);
src/test/app/Invariants_test.cpp:754:            {{"Cannot return non-native STAmount as XRPAmount"}},
src/test/app/Invariants_test.cpp:760:                STAmount const nonNative(A2["USD"](51));
src/test/app/Invariants_test.cpp:761:                sle->setFieldAmount(sfBalance, nonNative);
src/test/app/Invariants_test.cpp:774:                // Use `drops(1)` to bypass a call to STAmount::canonicalize
src/test/app/Invariants_test.cpp:776:                sle->setFieldAmount(sfBalance, INITIAL_XRP + drops(1));
src/test/app/Invariants_test.cpp:777:                BEAST_EXPECT(!sle->getFieldAmount(sfBalance).negative());
src/test/app/Invariants_test.cpp:790:                sle->setFieldAmount(sfBalance, STAmount{1, true});
src/test/app/Invariants_test.cpp:791:                BEAST_EXPECT(sle->getFieldAmount(sfBalance).negative());
src/test/app/Invariants_test.cpp:808:            XRPAmount{-1});
src/test/app/Invariants_test.cpp:815:            XRPAmount{INITIAL_XRP});
src/test/app/Invariants_test.cpp:821:            XRPAmount{20},
src/test/app/Invariants_test.cpp:823:                     tx.setFieldAmount(sfFee, XRPAmount{10});
src/test/app/Invariants_test.cpp:844:                sleNew->setFieldAmount(sfTakerPays, XRP(-1));
src/test/app/Invariants_test.cpp:860:                sleNew->setFieldAmount(sfTakerPays, A1["USD"](10));
src/test/app/Invariants_test.cpp:861:                sleNew->setFieldAmount(sfTakerGets, XRP(-1));
src/test/app/Invariants_test.cpp:877:                sleNew->setFieldAmount(sfTakerPays, XRP(10));
src/test/app/Invariants_test.cpp:878:                sleNew->setFieldAmount(sfTakerGets, XRP(11));
src/test/app/Invariants_test.cpp:900:                sleNew->setFieldAmount(sfAmount, XRP(-1));
src/test/app/Invariants_test.cpp:915:                // Use `drops(1)` to bypass a call to STAmount::canonicalize
src/test/app/Invariants_test.cpp:917:                sleNew->setFieldAmount(sfAmount, INITIAL_XRP + drops(1));
src/test/app/Invariants_test.cpp:935:                STAmount amt(usd, -1);
src/test/app/Invariants_test.cpp:936:                sleNew->setFieldAmount(sfAmount, amt);
src/test/app/Invariants_test.cpp:953:                STAmount amt(bad, 1);
src/test/app/Invariants_test.cpp:954:                sleNew->setFieldAmount(sfAmount, amt);
src/test/app/Invariants_test.cpp:972:                STAmount amt(mpt, -1);
src/test/app/Invariants_test.cpp:973:                sleNew->setFieldAmount(sfAmount, amt);
src/test/app/Invariants_test.cpp:978:        // MPT OutstandingAmount < 0
src/test/app/Invariants_test.cpp:991:                sleNew->setFieldU64(sfOutstandingAmount, -1);
src/test/app/Invariants_test.cpp:996:        // MPT LockedAmount < 0
src/test/app/Invariants_test.cpp:1009:                sleNew->setFieldU64(sfLockedAmount, -1);
src/test/app/Invariants_test.cpp:1014:        // MPT OutstandingAmount < LockedAmount
src/test/app/Invariants_test.cpp:1027:                sleNew->setFieldU64(sfOutstandingAmount, 1);
src/test/app/Invariants_test.cpp:1028:                sleNew->setFieldU64(sfLockedAmount, 10);
src/test/app/Invariants_test.cpp:1033:        // MPT MPTAmount < 0
src/test/app/Invariants_test.cpp:1046:                sleNew->setFieldU64(sfMPTAmount, -1);
src/test/app/Invariants_test.cpp:1051:        // MPT LockedAmount < 0
src/test/app/Invariants_test.cpp:1064:                sleNew->setFieldU64(sfLockedAmount, -1);
src/test/app/Invariants_test.cpp:1118:            XRPAmount{},
src/test/app/Invariants_test.cpp:1128:                sleNew->setFieldH256(sfAMMID, uint256(1));
src/test/app/Invariants_test.cpp:1135:            XRPAmount{},
src/test/app/Invariants_test.cpp:1145:                sleNew->setFieldH256(sfAMMID, uint256(1));
src/test/app/Invariants_test.cpp:1148:                    lsfDisableMaster | lsfDefaultRipple | lsfDepositAuth);
src/test/app/Invariants_test.cpp:1152:            XRPAmount{},
src/test/app/Invariants_test.cpp:1153:            STTx{ttAMM_CREATE, [](STObject& tx) {}});
src/test/app/Invariants_test.cpp:1162:                sleNew->setFieldH256(sfAMMID, uint256(1));
src/test/app/Invariants_test.cpp:1168:            XRPAmount{},
src/test/app/Invariants_test.cpp:1178:                sleNew->setFieldH256(sfAMMID, uint256(1));
src/test/app/Invariants_test.cpp:1181:                    lsfDisableMaster | lsfDefaultRipple | lsfDepositAuth |
src/test/app/Invariants_test.cpp:1186:            XRPAmount{},
src/test/app/Invariants_test.cpp:1187:            STTx{ttAMM_CREATE, [](STObject& tx) {}});
src/test/app/Invariants_test.cpp:1379:            tecINVARIANT_FAILED, tecINVARIANT_FAILED};
src/test/app/Invariants_test.cpp:1381:            tecINVARIANT_FAILED, tefINVARIANT_FAILED};
src/test/app/Invariants_test.cpp:1392:            XRPAmount{},
src/test/app/Invariants_test.cpp:1406:            XRPAmount{},
src/test/app/Invariants_test.cpp:1433:            XRPAmount{},
src/test/app/Invariants_test.cpp:1456:            XRPAmount{},
src/test/app/Invariants_test.cpp:1477:            XRPAmount{},
src/test/app/Invariants_test.cpp:1511:            XRPAmount{},
src/test/app/Invariants_test.cpp:1544:            XRPAmount{},
src/test/app/Invariants_test.cpp:1573:            XRPAmount{},
src/test/app/Invariants_test.cpp:1600:                XRPAmount{},
src/test/app/Invariants_test.cpp:1633:                XRPAmount{},
src/test/app/Invariants_test.cpp:1646:                XRPAmount{},
src/test/app/Invariants_test.cpp:1675:                XRPAmount{},
src/test/app/Invariants_test.cpp:1704:                XRPAmount{},
src/test/app/Invariants_test.cpp:1718:                XRPAmount{},
src/test/app/Invariants_test.cpp:1732:                XRPAmount{},
src/test/app/Invariants_test.cpp:1748:                PrettyAsset const xrpAsset{xrpIssue(), 1'000'000};
src/test/app/Invariants_test.cpp:1753:                    vault.create({.owner = a, .asset = xrpAsset});
src/test/app/Invariants_test.cpp:1790:                [](SLE::pointer& sle) { sle->at(sfFlags) = lsfNoFreeze; },
src/test/app/Invariants_test.cpp:1812:                XRPAmount{},
src/test/app/Invariants_test.cpp:1814:                {tecINVARIANT_FAILED, tefINVARIANT_FAILED},
src/test/app/Invariants_test.cpp:1837:                XRPAmount{},
src/test/app/Invariants_test.cpp:1839:                {tecINVARIANT_FAILED, tefINVARIANT_FAILED},
src/test/app/Invariants_test.cpp:1901:                sleOffer->setFieldAmount(sfTakerPays, A1["USD"](10));
src/test/app/Invariants_test.cpp:1902:                sleOffer->setFieldAmount(sfTakerGets, XRP(1));
src/test/app/Invariants_test.cpp:1906:            XRPAmount{},
src/test/app/Invariants_test.cpp:1916:                    tx.setFieldAmount(sfTakerPays, A1["USD"](10));
src/test/app/Invariants_test.cpp:1917:                    tx.setFieldAmount(sfTakerGets, XRP(1));
src/test/app/Invariants_test.cpp:1919:            {tecINVARIANT_FAILED, tecINVARIANT_FAILED});
src/test/app/Invariants_test.cpp:1929:                sleOffer->setFieldAmount(sfTakerPays, A1["USD"](10));
src/test/app/Invariants_test.cpp:1930:                sleOffer->setFieldAmount(sfTakerGets, XRP(1));
src/test/app/Invariants_test.cpp:1939:            XRPAmount{},
src/test/app/Invariants_test.cpp:1941:            {tecINVARIANT_FAILED, tecINVARIANT_FAILED});
src/test/app/Invariants_test.cpp:1965:                    sleOffer->setFieldAmount(sfTakerPays, A1["USD"](10));
src/test/app/Invariants_test.cpp:1966:                    sleOffer->setFieldAmount(sfTakerGets, XRP(1));
src/test/app/Invariants_test.cpp:1977:                XRPAmount{},
src/test/app/Invariants_test.cpp:1979:                {tecINVARIANT_FAILED, tecINVARIANT_FAILED});
src/test/app/Invariants_test.cpp:2004:                    sleOffer->setFieldAmount(sfTakerPays, A1["USD"](10));
src/test/app/Invariants_test.cpp:2005:                    sleOffer->setFieldAmount(sfTakerGets, XRP(1));
src/test/app/Invariants_test.cpp:2014:                XRPAmount{},
src/test/app/Invariants_test.cpp:2016:                {tecINVARIANT_FAILED, tecINVARIANT_FAILED});
src/test/app/Invariants_test.cpp:2041:                    sleOffer->setFieldAmount(sfTakerPays, A1["USD"](10));
src/test/app/Invariants_test.cpp:2042:                    sleOffer->setFieldAmount(sfTakerGets, XRP(1));
src/test/app/Invariants_test.cpp:2048:                XRPAmount{},
src/test/app/Invariants_test.cpp:2050:                {tecINVARIANT_FAILED, tecINVARIANT_FAILED});
src/test/app/Invariants_test.cpp:2076:                    sleOffer->setFieldAmount(sfTakerPays, A1["USD"](10));
src/test/app/Invariants_test.cpp:2077:                    sleOffer->setFieldAmount(sfTakerGets, XRP(1));
src/test/app/Invariants_test.cpp:2082:                XRPAmount{},
src/test/app/Invariants_test.cpp:2087:                        tx.setFieldAmount(sfTakerPays, A1["USD"](10));
src/test/app/Invariants_test.cpp:2088:                        tx.setFieldAmount(sfTakerGets, XRP(1));
src/test/app/Invariants_test.cpp:2090:                {tecINVARIANT_FAILED, tecINVARIANT_FAILED});
src/test/app/Invariants_test.cpp:2114:                    sleOffer->setFieldAmount(sfTakerPays, A1["USD"](10));
src/test/app/Invariants_test.cpp:2115:                    sleOffer->setFieldAmount(sfTakerGets, XRP(1));
src/test/app/Invariants_test.cpp:2119:                XRPAmount{},
src/test/app/Invariants_test.cpp:2125:                        tx.setFieldAmount(sfTakerPays, A1["USD"](10));
src/test/app/Invariants_test.cpp:2126:                        tx.setFieldAmount(sfTakerGets, XRP(1));
src/test/app/Invariants_test.cpp:2128:                {tecINVARIANT_FAILED, tecINVARIANT_FAILED});
src/test/app/Invariants_test.cpp:2136:        jtx::PrettyAsset const& asset)
src/test/app/Invariants_test.cpp:2169:                PrettyAsset const xrpAsset{xrpIssue(), 1'000'000};
src/test/app/Invariants_test.cpp:2171:                loanBrokerKeylet = this->createLoanBroker(a, env, xrpAsset);
src/test/app/Invariants_test.cpp:2213:                    XRPAmount{},
src/test/app/Invariants_test.cpp:2215:                    {tecINVARIANT_FAILED, tefINVARIANT_FAILED},
src/test/app/Invariants_test.cpp:2254:        enum class Asset { XRP, IOU, MPT };
src/test/app/Invariants_test.cpp:2256:            std::to_array({Asset::XRP, Asset::IOU, Asset::MPT});
src/test/app/Invariants_test.cpp:2262:            auto const setupAsset = [&](Account const& alice,
src/test/app/Invariants_test.cpp:2264:                                        Env& env) -> PrettyAsset {
src/test/app/Invariants_test.cpp:2267:                    case Asset::IOU: {
src/test/app/Invariants_test.cpp:2268:                        PrettyAsset const iouAsset = issuer["IOU"];
src/test/app/Invariants_test.cpp:2269:                        env(trust(alice, iouAsset(1000)));
src/test/app/Invariants_test.cpp:2270:                        env(pay(issuer, alice, iouAsset(1000)));
src/test/app/Invariants_test.cpp:2272:                        return iouAsset;
src/test/app/Invariants_test.cpp:2274:                    case Asset::MPT: {
src/test/app/Invariants_test.cpp:2277:                            {.flags = tfMPTCanClawback | tfMPTCanTransfer |
src/test/app/Invariants_test.cpp:2279:                        PrettyAsset const mptAsset = mptt.issuanceID();
src/test/app/Invariants_test.cpp:2281:                        env(pay(issuer, alice, mptAsset(1000)));
src/test/app/Invariants_test.cpp:2283:                        return mptAsset;
src/test/app/Invariants_test.cpp:2285:                    case Asset::XRP:
src/test/app/Invariants_test.cpp:2287:                        return PrettyAsset{xrpIssue(), 1'000'000};
src/test/app/Invariants_test.cpp:2296:                auto const asset = setupAsset(alice, issuer, env);
src/test/app/Invariants_test.cpp:2312:                if (!BEAST_EXPECT(sleBroker->at(sfOwnerCount) == 0))
src/test/app/Invariants_test.cpp:2315:                // modified entries for the invariant to find
src/test/app/Invariants_test.cpp:2348:                {{"Loan Broker with zero OwnerCount has multiple directory "
src/test/app/Invariants_test.cpp:2374:                XRPAmount{},
src/test/app/Invariants_test.cpp:2376:                {tecINVARIANT_FAILED, tefINVARIANT_FAILED},
src/test/app/Invariants_test.cpp:2380:                {{"Loan Broker with zero OwnerCount has multiple indexes in "
src/test/app/Invariants_test.cpp:2401:                XRPAmount{},
src/test/app/Invariants_test.cpp:2403:                {tecINVARIANT_FAILED, tefINVARIANT_FAILED},
src/test/app/Invariants_test.cpp:2431:                XRPAmount{},
src/test/app/Invariants_test.cpp:2433:                {tecINVARIANT_FAILED, tefINVARIANT_FAILED},
src/test/app/Invariants_test.cpp:2437:                {{"Loan Broker with zero OwnerCount has an unexpected entry in "
src/test/app/Invariants_test.cpp:2457:                XRPAmount{},
src/test/app/Invariants_test.cpp:2459:                {tecINVARIANT_FAILED, tefINVARIANT_FAILED},
src/test/app/Invariants_test.cpp:2473:                    // modified entries for the invariant to find
src/test/app/Invariants_test.cpp:2480:                XRPAmount{},
src/test/app/Invariants_test.cpp:2482:                {tecINVARIANT_FAILED, tefINVARIANT_FAILED},
src/test/app/Invariants_test.cpp:2491:                        auto const asset = setupAsset(alice, issuer, env);
src/test/app/Invariants_test.cpp:2514:                    XRPAmount{},
src/test/app/Invariants_test.cpp:2516:                    {tecINVARIANT_FAILED, tefINVARIANT_FAILED},
src/test/app/Invariants_test.cpp:2535:                XRPAmount{},
src/test/app/Invariants_test.cpp:2537:                {tecINVARIANT_FAILED, tefINVARIANT_FAILED},
src/test/app/Invariants_test.cpp:2547:        struct AccountAmount
src/test/app/Invariants_test.cpp:2559:            std::optional<int> vaultAssets = {};
src/test/app/Invariants_test.cpp:2560:            std::optional<AccountAmount> accountAssets = {};
src/test/app/Invariants_test.cpp:2561:            std::optional<AccountAmount> accountShares = {};
src/test/app/Invariants_test.cpp:2579:                (*sleVault)[sfAssetsMaximum] = *args.assetsMaximum;
src/test/app/Invariants_test.cpp:2583:                (*sleVault)[sfAssetsTotal] =
src/test/app/Invariants_test.cpp:2584:                    *(*sleVault)[sfAssetsTotal] + *args.assetsTotal;
src/test/app/Invariants_test.cpp:2586:                (*sleVault)[sfAssetsAvailable] =
src/test/app/Invariants_test.cpp:2587:                    *(*sleVault)[sfAssetsAvailable] + *args.assetsAvailable;
src/test/app/Invariants_test.cpp:2592:                (*sleShares)[sfOutstandingAmount] =
src/test/app/Invariants_test.cpp:2593:                    *(*sleShares)[sfOutstandingAmount] + *args.sharesTotal;
src/test/app/Invariants_test.cpp:2597:            auto const assets = *(*sleVault)[sfAsset];
src/test/app/Invariants_test.cpp:2599:            if (args.vaultAssets)
src/test/app/Invariants_test.cpp:2607:                        *(*slePseudoAccount)[sfBalance] + *args.vaultAssets;
src/test/app/Invariants_test.cpp:2616:                    (*sleMPToken)[sfMPTAmount] =
src/test/app/Invariants_test.cpp:2617:                        *(*sleMPToken)[sfMPTAmount] + *args.vaultAssets;
src/test/app/Invariants_test.cpp:2624:            if (args.accountAssets)
src/test/app/Invariants_test.cpp:2626:                auto const& pair = *args.accountAssets;
src/test/app/Invariants_test.cpp:2643:                    (*sleMPToken)[sfMPTAmount] =
src/test/app/Invariants_test.cpp:2644:                        *(*sleMPToken)[sfMPTAmount] + pair.amount;
src/test/app/Invariants_test.cpp:2658:                (*sleMPToken)[sfMPTAmount] =
src/test/app/Invariants_test.cpp:2659:                    *(*sleMPToken)[sfMPTAmount] + pair.amount;
src/test/app/Invariants_test.cpp:2672:                .vaultAssets = adjustment,
src/test/app/Invariants_test.cpp:2673:                .accountAssets =  //
src/test/app/Invariants_test.cpp:2674:                AccountAmount{id, -adjustment},
src/test/app/Invariants_test.cpp:2676:                AccountAmount{id, adjustment}};
src/test/app/Invariants_test.cpp:2710:            XRPAmount{},
src/test/app/Invariants_test.cpp:2712:            {tecINVARIANT_FAILED, tecINVARIANT_FAILED},
src/test/app/Invariants_test.cpp:2730:            XRPAmount{},
src/test/app/Invariants_test.cpp:2732:            {tecINVARIANT_FAILED, tecINVARIANT_FAILED},
src/test/app/Invariants_test.cpp:2750:            XRPAmount{},
src/test/app/Invariants_test.cpp:2752:            {tecINVARIANT_FAILED, tecINVARIANT_FAILED},
src/test/app/Invariants_test.cpp:2766:                auto const vaultPage = ac.view().dirInsert(
src/test/app/Invariants_test.cpp:2774:            XRPAmount{},
src/test/app/Invariants_test.cpp:2776:            {tecINVARIANT_FAILED, tecINVARIANT_FAILED});
src/test/app/Invariants_test.cpp:2788:            XRPAmount{},
src/test/app/Invariants_test.cpp:2790:            {tecINVARIANT_FAILED, tecINVARIANT_FAILED},
src/test/app/Invariants_test.cpp:2817:            XRPAmount{},
src/test/app/Invariants_test.cpp:2819:            {tecINVARIANT_FAILED, tecINVARIANT_FAILED},
src/test/app/Invariants_test.cpp:2842:                    auto const vaultPage = ac.view().dirInsert(
src/test/app/Invariants_test.cpp:2853:            XRPAmount{},
src/test/app/Invariants_test.cpp:2855:            {tecINVARIANT_FAILED, tecINVARIANT_FAILED});
src/test/app/Invariants_test.cpp:2867:            XRPAmount{},
src/test/app/Invariants_test.cpp:2869:            {tecINVARIANT_FAILED, tecINVARIANT_FAILED},
src/test/app/Invariants_test.cpp:2894:            XRPAmount{},
src/test/app/Invariants_test.cpp:2896:            {tecINVARIANT_FAILED, tefINVARIANT_FAILED},
src/test/app/Invariants_test.cpp:2924:            XRPAmount{},
src/test/app/Invariants_test.cpp:2926:            {tecINVARIANT_FAILED, tecINVARIANT_FAILED},
src/test/app/Invariants_test.cpp:2935:            XRPAmount{},
src/test/app/Invariants_test.cpp:2937:            {tecINVARIANT_FAILED, tecINVARIANT_FAILED},
src/test/app/Invariants_test.cpp:2950:            XRPAmount{},
src/test/app/Invariants_test.cpp:2952:            {tecINVARIANT_FAILED, tecINVARIANT_FAILED},
src/test/app/Invariants_test.cpp:2965:            XRPAmount{},
src/test/app/Invariants_test.cpp:2967:            {tecINVARIANT_FAILED, tecINVARIANT_FAILED},
src/test/app/Invariants_test.cpp:2980:            XRPAmount{},
src/test/app/Invariants_test.cpp:2982:            {tecINVARIANT_FAILED, tecINVARIANT_FAILED},
src/test/app/Invariants_test.cpp:2995:            XRPAmount{},
src/test/app/Invariants_test.cpp:2997:            {tecINVARIANT_FAILED, tecINVARIANT_FAILED},
src/test/app/Invariants_test.cpp:3012:                (*sleVault)[sfAssetsMaximum] = 200;
src/test/app/Invariants_test.cpp:3022:            XRPAmount{},
src/test/app/Invariants_test.cpp:3024:            {tecINVARIANT_FAILED, tefINVARIANT_FAILED},
src/test/app/Invariants_test.cpp:3040:                (*sleVault)[sfAssetsTotal] = 9;
src/test/app/Invariants_test.cpp:3044:            XRPAmount{},
src/test/app/Invariants_test.cpp:3046:            {tecINVARIANT_FAILED, tecINVARIANT_FAILED},
src/test/app/Invariants_test.cpp:3094:            XRPAmount{},
src/test/app/Invariants_test.cpp:3096:            {tecINVARIANT_FAILED, tecINVARIANT_FAILED},
src/test/app/Invariants_test.cpp:3108:                    sfAsset, STIssue{sfAsset, MPTIssue(MPTID(42))});
src/test/app/Invariants_test.cpp:3112:            XRPAmount{},
src/test/app/Invariants_test.cpp:3114:            {tecINVARIANT_FAILED, tecINVARIANT_FAILED},
src/test/app/Invariants_test.cpp:3128:            XRPAmount{},
src/test/app/Invariants_test.cpp:3130:            {tecINVARIANT_FAILED, tecINVARIANT_FAILED},
src/test/app/Invariants_test.cpp:3144:            XRPAmount{},
src/test/app/Invariants_test.cpp:3146:            {tecINVARIANT_FAILED, tecINVARIANT_FAILED},
src/test/app/Invariants_test.cpp:3162:            XRPAmount{},
src/test/app/Invariants_test.cpp:3164:            {tecINVARIANT_FAILED, tecINVARIANT_FAILED},
src/test/app/Invariants_test.cpp:3181:            XRPAmount{},
src/test/app/Invariants_test.cpp:3185:                    tx.setFieldAmount(sfAmount, XRPAmount(200));
src/test/app/Invariants_test.cpp:3187:            {tecINVARIANT_FAILED, tecINVARIANT_FAILED},
src/test/app/Invariants_test.cpp:3202:            XRPAmount{},
src/test/app/Invariants_test.cpp:3204:            {tecINVARIANT_FAILED, tecINVARIANT_FAILED},
src/test/app/Invariants_test.cpp:3219:            XRPAmount{},
src/test/app/Invariants_test.cpp:3221:            {tecINVARIANT_FAILED, tecINVARIANT_FAILED},
src/test/app/Invariants_test.cpp:3239:                (*sleShares)[sfOutstandingAmount] = 0;
src/test/app/Invariants_test.cpp:3243:            XRPAmount{},
src/test/app/Invariants_test.cpp:3245:            {tecINVARIANT_FAILED, tecINVARIANT_FAILED},
src/test/app/Invariants_test.cpp:3260:                (*sleShares)[sfMaximumAmount] = 10;
src/test/app/Invariants_test.cpp:3266:            XRPAmount{},
src/test/app/Invariants_test.cpp:3268:            {tecINVARIANT_FAILED, tecINVARIANT_FAILED},
src/test/app/Invariants_test.cpp:3286:                (*sleShares)[sfOutstandingAmount] = maxMPTokenAmount + 1;
src/test/app/Invariants_test.cpp:3290:            XRPAmount{},
src/test/app/Invariants_test.cpp:3292:            {tecINVARIANT_FAILED, tefINVARIANT_FAILED},
src/test/app/Invariants_test.cpp:3308:                (*sleVault)[sfAssetsTotal] = 9;
src/test/app/Invariants_test.cpp:3312:            XRPAmount{},
src/test/app/Invariants_test.cpp:3314:            {tecINVARIANT_FAILED, tecINVARIANT_FAILED},
src/test/app/Invariants_test.cpp:3335:                (*sleVault)[sfAssetsAvailable] = 9;
src/test/app/Invariants_test.cpp:3339:            XRPAmount{},
src/test/app/Invariants_test.cpp:3341:            {tecINVARIANT_FAILED, tecINVARIANT_FAILED},
src/test/app/Invariants_test.cpp:3367:            XRPAmount{},
src/test/app/Invariants_test.cpp:3369:            {tecINVARIANT_FAILED, tecINVARIANT_FAILED},
src/test/app/Invariants_test.cpp:3393:                (*sleShares)[sfOutstandingAmount] = 9;
src/test/app/Invariants_test.cpp:3397:            XRPAmount{},
src/test/app/Invariants_test.cpp:3399:            {tecINVARIANT_FAILED, tecINVARIANT_FAILED},
src/test/app/Invariants_test.cpp:3418:                (*sleVault)[sfAssetsMaximum] = Number(-1);
src/test/app/Invariants_test.cpp:3422:            XRPAmount{},
src/test/app/Invariants_test.cpp:3424:            {tecINVARIANT_FAILED, tecINVARIANT_FAILED},
src/test/app/Invariants_test.cpp:3452:            XRPAmount{},
src/test/app/Invariants_test.cpp:3454:            {tecINVARIANT_FAILED, tecINVARIANT_FAILED},
src/test/app/Invariants_test.cpp:3468:                // the invariants holding. Except one: it is created by the
src/test/app/Invariants_test.cpp:3473:                auto const vaultPage = ac.view().dirInsert(
src/test/app/Invariants_test.cpp:3485:                sleAccount->setFieldAmount(sfBalance, STAmount{});
src/test/app/Invariants_test.cpp:3487:                    ac.view().rules().enabled(featureSingleAssetVault)  //
src/test/app/Invariants_test.cpp:3493:                    lsfDisableMaster | lsfDefaultRipple | lsfDepositAuth);
src/test/app/Invariants_test.cpp:3500:                auto const sharesPage = ac.view().dirInsert(
src/test/app/Invariants_test.cpp:3508:                sleShares->at(sfOutstandingAmount) = 0;
src/test/app/Invariants_test.cpp:3515:                sleVault->at(sfAssetsTotal) = Number(0);
src/test/app/Invariants_test.cpp:3516:                sleVault->at(sfAssetsAvailable) = Number(0);
src/test/app/Invariants_test.cpp:3526:            XRPAmount{},
src/test/app/Invariants_test.cpp:3528:            {tecINVARIANT_FAILED, tefINVARIANT_FAILED});
src/test/app/Invariants_test.cpp:3537:                auto const vaultPage = ac.view().dirInsert(
src/test/app/Invariants_test.cpp:3549:                sleAccount->setFieldAmount(sfBalance, STAmount{});
src/test/app/Invariants_test.cpp:3551:                    ac.view().rules().enabled(featureSingleAssetVault)  //
src/test/app/Invariants_test.cpp:3557:                    lsfDisableMaster | lsfDefaultRipple | lsfDepositAuth);
src/test/app/Invariants_test.cpp:3566:                auto const sharesPage = ac.view().dirInsert(
src/test/app/Invariants_test.cpp:3574:                sleShares->at(sfOutstandingAmount) = 0;
src/test/app/Invariants_test.cpp:3583:                sleVault->at(sfAssetsTotal) = Number(0);
src/test/app/Invariants_test.cpp:3584:                sleVault->at(sfAssetsAvailable) = Number(0);
src/test/app/Invariants_test.cpp:3594:            XRPAmount{},
src/test/app/Invariants_test.cpp:3596:            {tecINVARIANT_FAILED, tefINVARIANT_FAILED});
src/test/app/Invariants_test.cpp:3605:                auto const vaultPage = ac.view().dirInsert(
src/test/app/Invariants_test.cpp:3614:                auto const sharesPage = ac.view().dirInsert(
src/test/app/Invariants_test.cpp:3623:                sleShares->at(sfOutstandingAmount) = 0;
src/test/app/Invariants_test.cpp:3630:                sleVault->at(sfAssetsTotal) = Number(0);
src/test/app/Invariants_test.cpp:3631:                sleVault->at(sfAssetsAvailable) = Number(0);
src/test/app/Invariants_test.cpp:3641:            XRPAmount{},
src/test/app/Invariants_test.cpp:3643:            {tecINVARIANT_FAILED, tefINVARIANT_FAILED});
src/test/app/Invariants_test.cpp:3654:                        sample.vaultAssets.reset();
src/test/app/Invariants_test.cpp:3657:            XRPAmount{},
src/test/app/Invariants_test.cpp:3659:            {tecINVARIANT_FAILED, tecINVARIANT_FAILED},
src/test/app/Invariants_test.cpp:3673:            XRPAmount{},
src/test/app/Invariants_test.cpp:3677:                    tx.setFieldAmount(sfAmount, XRPAmount(200));
src/test/app/Invariants_test.cpp:3679:            {tecINVARIANT_FAILED, tecINVARIANT_FAILED},
src/test/app/Invariants_test.cpp:3704:                        sample.accountAssets->amount = -100;
src/test/app/Invariants_test.cpp:3707:            XRPAmount{100},
src/test/app/Invariants_test.cpp:3711:                    tx[sfFee] = XRPAmount(100);
src/test/app/Invariants_test.cpp:3714:            {tecINVARIANT_FAILED, tecINVARIANT_FAILED},
src/test/app/Invariants_test.cpp:3737:                        sample.vaultAssets = -20;
src/test/app/Invariants_test.cpp:3738:                        sample.accountAssets->amount = 10;
src/test/app/Invariants_test.cpp:3741:            XRPAmount{},
src/test/app/Invariants_test.cpp:3744:                [](STObject& tx) { tx[sfAmount] = XRPAmount(10); }},
src/test/app/Invariants_test.cpp:3745:            {tecINVARIANT_FAILED, tecINVARIANT_FAILED},
src/test/app/Invariants_test.cpp:3765:                        sample.accountAssets->amount = 0;
src/test/app/Invariants_test.cpp:3768:            XRPAmount{},
src/test/app/Invariants_test.cpp:3771:                [](STObject& tx) { tx[sfAmount] = XRPAmount(10); }},
src/test/app/Invariants_test.cpp:3772:            {tecINVARIANT_FAILED, tecINVARIANT_FAILED},
src/test/app/Invariants_test.cpp:3787:            XRPAmount{},
src/test/app/Invariants_test.cpp:3790:                [](STObject& tx) { tx[sfAmount] = XRPAmount(10); }},
src/test/app/Invariants_test.cpp:3791:            {tecINVARIANT_FAILED, tecINVARIANT_FAILED},
src/test/app/Invariants_test.cpp:3807:            XRPAmount{},
src/test/app/Invariants_test.cpp:3810:                [](STObject& tx) { tx[sfAmount] = XRPAmount(10); }},
src/test/app/Invariants_test.cpp:3811:            {tecINVARIANT_FAILED, tecINVARIANT_FAILED},
src/test/app/Invariants_test.cpp:3830:            XRPAmount{},
src/test/app/Invariants_test.cpp:3833:                [](STObject& tx) { tx[sfAmount] = XRPAmount(5); }},
src/test/app/Invariants_test.cpp:3834:            {tecINVARIANT_FAILED, tecINVARIANT_FAILED},
src/test/app/Invariants_test.cpp:3853:            XRPAmount{2000},
src/test/app/Invariants_test.cpp:3857:                    tx[sfAmount] = XRPAmount(10);
src/test/app/Invariants_test.cpp:3859:                    tx[sfFee] = XRPAmount(2000);
src/test/app/Invariants_test.cpp:3861:            {tecINVARIANT_FAILED, tecINVARIANT_FAILED},
src/test/app/Invariants_test.cpp:3878:            XRPAmount{},
src/test/app/Invariants_test.cpp:3881:                [](STObject& tx) { tx[sfAmount] = XRPAmount(10); }},
src/test/app/Invariants_test.cpp:3882:            {tecINVARIANT_FAILED, tecINVARIANT_FAILED},
src/test/app/Invariants_test.cpp:3895:                        sample.vaultAssets.reset();
src/test/app/Invariants_test.cpp:3898:            XRPAmount{},
src/test/app/Invariants_test.cpp:3900:            {tecINVARIANT_FAILED, tecINVARIANT_FAILED},
src/test/app/Invariants_test.cpp:3923:                        sample.accountAssets->amount = -100;
src/test/app/Invariants_test.cpp:3926:            XRPAmount{100},
src/test/app/Invariants_test.cpp:3930:                    tx[sfFee] = XRPAmount(100);
src/test/app/Invariants_test.cpp:3932:                    // This commented out line causes the invariant violation.
src/test/app/Invariants_test.cpp:3935:            {tecINVARIANT_FAILED, tecINVARIANT_FAILED},
src/test/app/Invariants_test.cpp:3959:                        sample.vaultAssets = 10;
src/test/app/Invariants_test.cpp:3960:                        sample.accountAssets->amount = -20;
src/test/app/Invariants_test.cpp:3963:            XRPAmount{},
src/test/app/Invariants_test.cpp:3965:            {tecINVARIANT_FAILED, tecINVARIANT_FAILED},
src/test/app/Invariants_test.cpp:3977:                            *sample.vaultAssets -= 5;
src/test/app/Invariants_test.cpp:3987:            XRPAmount{},
src/test/app/Invariants_test.cpp:3991:            {tecINVARIANT_FAILED, tecINVARIANT_FAILED},
src/test/app/Invariants_test.cpp:4006:            XRPAmount{},
src/test/app/Invariants_test.cpp:4008:            {tecINVARIANT_FAILED, tecINVARIANT_FAILED},
src/test/app/Invariants_test.cpp:4023:            XRPAmount{},
src/test/app/Invariants_test.cpp:4025:            {tecINVARIANT_FAILED, tecINVARIANT_FAILED},
src/test/app/Invariants_test.cpp:4043:            XRPAmount{},
src/test/app/Invariants_test.cpp:4045:            {tecINVARIANT_FAILED, tecINVARIANT_FAILED},
src/test/app/Invariants_test.cpp:4062:            XRPAmount{},
src/test/app/Invariants_test.cpp:4064:            {tecINVARIANT_FAILED, tecINVARIANT_FAILED},
src/test/app/Invariants_test.cpp:4083:            XRPAmount{2000},
src/test/app/Invariants_test.cpp:4087:                    tx[sfAmount] = XRPAmount(10);
src/test/app/Invariants_test.cpp:4089:                    tx[sfFee] = XRPAmount(2000);
src/test/app/Invariants_test.cpp:4091:            {tecINVARIANT_FAILED, tecINVARIANT_FAILED},
src/test/app/Invariants_test.cpp:4110:            Asset asset = MPTIssue(mptID);
src/test/app/Invariants_test.cpp:4158:            XRPAmount{},
src/test/app/Invariants_test.cpp:4162:            {tecINVARIANT_FAILED, tecINVARIANT_FAILED},
src/test/app/Invariants_test.cpp:4175:                        sample.vaultAssets.reset();
src/test/app/Invariants_test.cpp:4178:            XRPAmount{},
src/test/app/Invariants_test.cpp:4182:            {tecINVARIANT_FAILED, tecINVARIANT_FAILED},
src/test/app/Invariants_test.cpp:4195:            XRPAmount{},
src/test/app/Invariants_test.cpp:4197:            {tecINVARIANT_FAILED, tecINVARIANT_FAILED},
src/test/app/Invariants_test.cpp:4210:            XRPAmount{},
src/test/app/Invariants_test.cpp:4214:            {tecINVARIANT_FAILED, tecINVARIANT_FAILED},
src/test/app/Invariants_test.cpp:4230:            XRPAmount{},
src/test/app/Invariants_test.cpp:4237:            {tecINVARIANT_FAILED, tecINVARIANT_FAILED},
src/test/app/Invariants_test.cpp:4251:            XRPAmount{},
src/test/app/Invariants_test.cpp:4258:            {tecINVARIANT_FAILED, tecINVARIANT_FAILED},
src/test/app/Invariants_test.cpp:4276:            XRPAmount{},
src/test/app/Invariants_test.cpp:4283:            {tecINVARIANT_FAILED, tecINVARIANT_FAILED},
src/test/app/Invariants_test.cpp:4287:    // Test the invariant overwrite fix for both pre- and post-amendment
src/test/app/Invariants_test.cpp:4297:            tecINVARIANT_FAILED, tefINVARIANT_FAILED};
src/test/app/Invariants_test.cpp:4301:        // With the fix, the invariant catches the violation.
src/test/app/Invariants_test.cpp:4304:        // ordering (the invariant checks sfLowLimit/sfHighLimit issue,
src/test/app/Invariants_test.cpp:4332:                sleBad->setFieldAmount(sfLowLimit, STAmount{xrpIssue(), 0});
src/test/app/Invariants_test.cpp:4333:                sleBad->setFieldAmount(sfHighLimit, A1[bc](0));
src/test/app/Invariants_test.cpp:4338:                sleGood->setFieldAmount(sfLowLimit, A1[gc](0));
src/test/app/Invariants_test.cpp:4339:                sleGood->setFieldAmount(sfHighLimit, A1[gc](0));
src/test/app/Invariants_test.cpp:4343:            XRPAmount{},
src/test/app/Invariants_test.cpp:4348:        testcase << "overwrite: NoDeepFreeze" +
src/test/app/Invariants_test.cpp:4376:                sleBad->setFieldAmount(
src/test/app/Invariants_test.cpp:4377:                    sfLowLimit, STAmount(Issue(badCcy, A1.id()), 0));
src/test/app/Invariants_test.cpp:4378:                sleBad->setFieldAmount(
src/test/app/Invariants_test.cpp:4379:                    sfHighLimit, STAmount(Issue(badCcy, A1.id()), 0));
src/test/app/Invariants_test.cpp:4380:                sleBad->setFieldU32(sfFlags, lsfLowDeepFreeze);
src/test/app/Invariants_test.cpp:4384:                sleGood->setFieldAmount(
src/test/app/Invariants_test.cpp:4385:                    sfLowLimit, STAmount(Issue(goodCcy, A1.id()), 0));
src/test/app/Invariants_test.cpp:4386:                sleGood->setFieldAmount(
src/test/app/Invariants_test.cpp:4387:                    sfHighLimit, STAmount(Issue(goodCcy, A1.id()), 0));
src/test/app/Invariants_test.cpp:4392:            XRPAmount{},
src/test/app/Invariants_test.cpp:4396:        // Regression: MPT OutstandingAmount exceeds max, but locked <=
src/test/app/Invariants_test.cpp:4417:                // outstanding exceeds maxMPTokenAmount -> checkAmount sets bad_
src/test/app/Invariants_test.cpp:4418:                sleNew->setFieldU64(sfOutstandingAmount, maxMPTokenAmount + 1);
src/test/app/Invariants_test.cpp:4420:                sleNew->setFieldU64(sfLockedAmount, 10);
src/test/app/Invariants_test.cpp:4424:            XRPAmount{},
src/test/app/Invariants_test.cpp:4435:        PrettyAsset const vaultAsset = issuer["IOU"];
src/test/app/Invariants_test.cpp:4447:            [&vaultAsset](Number const& n) -> ValidVault::DeltaInfo {
src/test/app/Invariants_test.cpp:4448:            return {n, scale(n, vaultAsset.raw())};
src/test/app/Invariants_test.cpp:4507:                    roundToAsset(vaultAsset, num.delta, actualScale);
src/test/app/Invariants_test.cpp:4550:                        roundToAsset(vaultAsset, num.delta, actualScale);
src/test/app/Invariants_test.cpp:4554:                    roundToAsset(vaultAsset, num.delta, actualScale);
src/test/app/Invariants_test.cpp:4572:        testNoDeepFreezeTrustLinesWithoutFreeze();
src/test/app/Invariants_test.cpp:4573:        testTransfersNotFrozen();
src/xrpld/app/tx/detail/AMMVote.cpp:20:#include <xrpld/app/misc/AMMUtils.h>
src/xrpld/app/tx/detail/AMMVote.cpp:21:#include <xrpld/app/tx/detail/AMMVote.h>
src/xrpld/app/tx/detail/AMMVote.cpp:24:#include <xrpl/protocol/AMMCore.h>
src/xrpld/app/tx/detail/AMMVote.cpp:31:AMMVote::checkExtraFeatures(PreflightContext const& ctx)
src/xrpld/app/tx/detail/AMMVote.cpp:37:AMMVote::preflight(PreflightContext const& ctx)
src/xrpld/app/tx/detail/AMMVote.cpp:39:    if (auto const res = invalidAMMAssetPair(
src/xrpld/app/tx/detail/AMMVote.cpp:40:            ctx.tx[sfAsset].get<Issue>(), ctx.tx[sfAsset2].get<Issue>()))
src/xrpld/app/tx/detail/AMMVote.cpp:42:        JLOG(ctx.j.debug()) << "AMM Vote: invalid asset pair.";
src/xrpld/app/tx/detail/AMMVote.cpp:46:    if (ctx.tx[sfTradingFee] > TRADING_FEE_THRESHOLD)
src/xrpld/app/tx/detail/AMMVote.cpp:48:        JLOG(ctx.j.debug()) << "AMM Vote: invalid trading fee.";
src/xrpld/app/tx/detail/AMMVote.cpp:56:AMMVote::preclaim(PreclaimContext const& ctx)
src/xrpld/app/tx/detail/AMMVote.cpp:59:            ctx.view.read(keylet::amm(ctx.tx[sfAsset], ctx.tx[sfAsset2]));
src/xrpld/app/tx/detail/AMMVote.cpp:62:        JLOG(ctx.j.debug()) << "AMM Vote: Invalid asset pair.";
src/xrpld/app/tx/detail/AMMVote.cpp:63:        return terNO_AMM;
src/xrpld/app/tx/detail/AMMVote.cpp:65:    else if (ammSle->getFieldAmount(sfLPTokenBalance) == beast::zero)
src/xrpld/app/tx/detail/AMMVote.cpp:66:        return tecAMM_EMPTY;
src/xrpld/app/tx/detail/AMMVote.cpp:68:                 ammLPHolds(ctx.view, *ammSle, ctx.tx[sfAccount], ctx.j);
src/xrpld/app/tx/detail/AMMVote.cpp:71:        JLOG(ctx.j.debug()) << "AMM Vote: account is not LP.";
src/xrpld/app/tx/detail/AMMVote.cpp:72:        return tecAMM_INVALID_TOKENS;
src/xrpld/app/tx/detail/AMMVote.cpp:85:    auto const feeNew = ctx_.tx[sfTradingFee];
src/xrpld/app/tx/detail/AMMVote.cpp:86:    auto ammSle = sb.peek(keylet::amm(ctx_.tx[sfAsset], ctx_.tx[sfAsset2]));
src/xrpld/app/tx/detail/AMMVote.cpp:89:    STAmount const lptAMMBalance = (*ammSle)[sfLPTokenBalance];
src/xrpld/app/tx/detail/AMMVote.cpp:90:    auto const lpTokensNew = ammLPHolds(sb, *ammSle, account_, ctx_.journal);
src/xrpld/app/tx/detail/AMMVote.cpp:91:    std::optional<STAmount> minTokens;
src/xrpld/app/tx/detail/AMMVote.cpp:95:    STArray updatedVoteSlots;
src/xrpld/app/tx/detail/AMMVote.cpp:105:    for (auto const& entry : ammSle->getFieldArray(sfVoteSlots))
src/xrpld/app/tx/detail/AMMVote.cpp:108:        auto lpTokens = ammLPHolds(sb, *ammSle, account, ctx_.journal);
src/xrpld/app/tx/detail/AMMVote.cpp:112:                << "AMMVote::applyVote, account " << account << " is not LP";
src/xrpld/app/tx/detail/AMMVote.cpp:115:        auto feeVal = entry[sfTradingFee];
src/xrpld/app/tx/detail/AMMVote.cpp:129:            newEntry.setFieldU16(sfTradingFee, feeVal);
src/xrpld/app/tx/detail/AMMVote.cpp:133:                Number(lpTokens) * VOTE_WEIGHT_SCALE_FACTOR / lptAMMBalance));
src/xrpld/app/tx/detail/AMMVote.cpp:143:            minPos = updatedVoteSlots.size();
src/xrpld/app/tx/detail/AMMVote.cpp:147:        updatedVoteSlots.push_back(std::move(newEntry));
src/xrpld/app/tx/detail/AMMVote.cpp:157:                newEntry.setFieldU16(sfTradingFee, feeNew);
src/xrpld/app/tx/detail/AMMVote.cpp:162:                    lptAMMBalance));
src/xrpld/app/tx/detail/AMMVote.cpp:167:                *(updatedVoteSlots.begin() + *minPos) = std::move(newEntry);
src/xrpld/app/tx/detail/AMMVote.cpp:169:                updatedVoteSlots.push_back(std::move(newEntry));
src/xrpld/app/tx/detail/AMMVote.cpp:173:        if (updatedVoteSlots.size() < VOTE_MAX_SLOTS)
src/xrpld/app/tx/detail/AMMVote.cpp:181:            auto const entry = updatedVoteSlots.begin() + minPos;
src/xrpld/app/tx/detail/AMMVote.cpp:183:            num -= Number((*entry)[~sfTradingFee].value_or(0)) * *minTokens;
src/xrpld/app/tx/detail/AMMVote.cpp:187:        // All slots are full and the account does not hold more LPTokens.
src/xrpld/app/tx/detail/AMMVote.cpp:191:            JLOG(j_.debug()) << "AMMVote::applyVote, insufficient tokens to "
src/xrpld/app/tx/detail/AMMVote.cpp:198:            ammSle->isFieldPresent(sfAuctionSlot),
src/xrpld/app/tx/detail/AMMVote.cpp:202:    ammSle->setFieldArray(sfVoteSlots, updatedVoteSlots);
src/xrpld/app/tx/detail/AMMVote.cpp:205:        ammSle->setFieldU16(sfTradingFee, fee);
src/xrpld/app/tx/detail/AMMVote.cpp:206:        if (ammSle->isFieldPresent(sfAuctionSlot))
src/xrpld/app/tx/detail/AMMVote.cpp:208:            auto& auctionSlot = ammSle->peekFieldObject(sfAuctionSlot);
src/xrpld/app/tx/detail/AMMVote.cpp:218:        if (ammSle->isFieldPresent(sfTradingFee))
src/xrpld/app/tx/detail/AMMVote.cpp:219:            ammSle->makeFieldAbsent(sfTradingFee);
src/xrpld/app/tx/detail/AMMVote.cpp:220:        if (ammSle->isFieldPresent(sfAuctionSlot))
src/xrpld/app/tx/detail/AMMVote.cpp:222:            auto& auctionSlot = ammSle->peekFieldObject(sfAuctionSlot);
src/xrpld/app/tx/detail/AMMVote.cpp:233:AMMVote::doApply()
src/libxrpl/protocol/AMMCore.cpp:23:#include <xrpl/protocol/AMMCore.h>
src/libxrpl/protocol/AMMCore.cpp:29:#include <xrpl/protocol/STAmount.h>
src/libxrpl/protocol/AMMCore.cpp:45:    // AMM LPToken is 0x03 plus 19 bytes of the hash
src/libxrpl/protocol/AMMCore.cpp:46:    std::int32_t constexpr AMMCurrencyCode = 0x03;
src/libxrpl/protocol/AMMCore.cpp:50:    *currency.begin() = AMMCurrencyCode;
src/libxrpl/protocol/AMMCore.cpp:66:invalidAMMAsset(
src/libxrpl/protocol/AMMCore.cpp:75:        return temBAD_AMM_TOKENS;
src/libxrpl/protocol/AMMCore.cpp:80:invalidAMMAssetPair(
src/libxrpl/protocol/AMMCore.cpp:86:        return temBAD_AMM_TOKENS;
src/libxrpl/protocol/AMMCore.cpp:87:    if (auto const res = invalidAMMAsset(issue1, pair))
src/libxrpl/protocol/AMMCore.cpp:89:    if (auto const res = invalidAMMAsset(issue2, pair))
src/libxrpl/protocol/AMMCore.cpp:95:invalidAMMAmount(
src/libxrpl/protocol/AMMCore.cpp:96:    STAmount const& amount,
src/libxrpl/protocol/AMMCore.cpp:100:    if (auto const res = invalidAMMAsset(amount.issue(), pair))
src/libxrpl/protocol/AMMCore.cpp:131:    return rules.enabled(featureAMM) && rules.enabled(fixUniversalNumber);
src/test/app/AMMExtended_test.cpp:21:#include <test/jtx/AMM.h>
src/test/app/AMMExtended_test.cpp:22:#include <test/jtx/AMMTest.h>
src/test/app/AMMExtended_test.cpp:27:#include <xrpld/app/misc/AMMUtils.h>
src/test/app/AMMExtended_test.cpp:28:#include <xrpld/app/paths/AMMContext.h>
src/test/app/AMMExtended_test.cpp:29:#include <xrpld/app/paths/AMMOffer.h>
src/test/app/AMMExtended_test.cpp:44: * Tests of AMM that use offers too.
src/test/app/AMMExtended_test.cpp:46:struct AMMExtended_test : public jtx::AMMTest
src/test/app/AMMExtended_test.cpp:89:        AMM ammCarol(env, carol, BTC(1'000), USD(100'100));
src/test/app/AMMExtended_test.cpp:98:        if (!features[fixAMMv1_1])
src/test/app/AMMExtended_test.cpp:101:                STAmount{BTC, UINT64_C(1'001'000000374812), -12},
src/test/app/AMMExtended_test.cpp:108:                STAmount{BTC, UINT64_C(1'001'000000374815), -12},
src/test/app/AMMExtended_test.cpp:124:            // No ripple with an implied account step after AMM
src/test/app/AMMExtended_test.cpp:146:            AMM ammDan(env, dan, XRP(10'000), USD1(10'000));
src/test/app/AMMExtended_test.cpp:177:            AMM ammDan(env, dan, XRP(10'000), USD1(10'050));
src/test/app/AMMExtended_test.cpp:211:            testAMM(
src/test/app/AMMExtended_test.cpp:212:                [&](AMM& ammAlice, Env& env) {
src/test/app/AMMExtended_test.cpp:223:                    // fee = AMM
src/test/app/AMMExtended_test.cpp:247:            testAMM(
src/test/app/AMMExtended_test.cpp:248:                [&](AMM& ammAlice, Env& env) {
src/test/app/AMMExtended_test.cpp:253:                    // AMM generates a synthetic offer of 100USD/100XRP
src/test/app/AMMExtended_test.cpp:257:                    // +AMM - offer * fee
src/test/app/AMMExtended_test.cpp:260:                    // AMM
src/test/app/AMMExtended_test.cpp:270:            testAMM(
src/test/app/AMMExtended_test.cpp:271:                [&](AMM& ammAlice, Env& env) {
src/test/app/AMMExtended_test.cpp:272:                    // Carol creates a passive offer that could cross AMM.
src/test/app/AMMExtended_test.cpp:277:                        XRP(10'100), STAmount{USD, 10'000}, ammAlice.tokens()));
src/test/app/AMMExtended_test.cpp:279:                        env, carol, 1, {{{XRP(100), STAmount{USD, 100}}}}));
src/test/app/AMMExtended_test.cpp:287:            testAMM(
src/test/app/AMMExtended_test.cpp:288:                [&](AMM& ammAlice, Env& env) {
src/test/app/AMMExtended_test.cpp:293:                    // AMM and leave Alice's offer untouched.
src/test/app/AMMExtended_test.cpp:298:                        STAmount{USD, UINT64_C(9'082'56880733945), -11},
src/test/app/AMMExtended_test.cpp:321:        AMM ammAlice(env, alice, XRP(150'000), USD(50));
src/test/app/AMMExtended_test.cpp:326:        auto const xrpTransferred = XRPAmount{3'061'224'490};
src/test/app/AMMExtended_test.cpp:332:            IOUAmount{273'861'278752583, -8}));
src/test/app/AMMExtended_test.cpp:334:        BEAST_EXPECT(expectHolding(env, bob, STAmount{USD, 101}));
src/test/app/AMMExtended_test.cpp:356:        AMM ammAlice(env, alice, XRP(150'000), USD(51));
src/test/app/AMMExtended_test.cpp:391:        AMM ammBob(env, bob, USD(200), XRP(1'500));
src/test/app/AMMExtended_test.cpp:413:        testAMM(
src/test/app/AMMExtended_test.cpp:414:            [&](AMM& ammAlice, Env& env) {
src/test/app/AMMExtended_test.cpp:428:                    XRPAmount{9'900'990'100}, USD(10'100), ammAlice.tokens()));
src/test/app/AMMExtended_test.cpp:429:                // initial 30,000 - 10,000AMM - 100pay
src/test/app/AMMExtended_test.cpp:431:                // initial 30,000 - 10,0000AMM + 99.009900pay - fee*3
src/test/app/AMMExtended_test.cpp:435:                    XRP(30'000) - XRP(10'000) + XRPAmount{99'009'900} -
src/test/app/AMMExtended_test.cpp:451:        testAMM(
src/test/app/AMMExtended_test.cpp:452:            [&](AMM& ammAlice, Env& env) {
src/test/app/AMMExtended_test.cpp:475:        testAMM(
src/test/app/AMMExtended_test.cpp:476:            [&](AMM& ammAlice, Env& env) {
src/test/app/AMMExtended_test.cpp:524:        AMM ammCarol(env, carol, USD1(5'000), XRP(50'000));
src/test/app/AMMExtended_test.cpp:537:            STAmount{USD1, UINT64_C(5'030'181086519115), -12},
src/test/app/AMMExtended_test.cpp:539:        BEAST_EXPECT(expectOffers(env, dan, 1, {{Amounts{XRP(200), EUR(20)}}}));
src/test/app/AMMExtended_test.cpp:540:        BEAST_EXPECT(expectHolding(env, bob, STAmount{EUR1, 30}));
src/test/app/AMMExtended_test.cpp:583:        AMM ammBob(env, bob, XRP(1'000), USD1(1'200));
src/test/app/AMMExtended_test.cpp:592:            STAmount{USD1, UINT64_C(1'090'909090909091), -12},
src/test/app/AMMExtended_test.cpp:623:        AMM ammAlice(env, alice, USD(150), XRP(150'100));
src/test/app/AMMExtended_test.cpp:642:        testAMM(
src/test/app/AMMExtended_test.cpp:643:            [&](AMM& ammAlice, Env& env) {
src/test/app/AMMExtended_test.cpp:680:        AMM ammBob(env, bob, XRP(1'000), USD(2'200));
src/test/app/AMMExtended_test.cpp:716:        AMM ammAlice(env, alice, XTS(100), XXX(100));
src/test/app/AMMExtended_test.cpp:734:        if (!features[fixAMMv1_1])
src/test/app/AMMExtended_test.cpp:737:                STAmount(XTS, UINT64_C(101'010101010101), -12),
src/test/app/AMMExtended_test.cpp:741:                env, bob, STAmount{XTS, UINT64_C(98'989898989899), -12}));
src/test/app/AMMExtended_test.cpp:746:                STAmount(XTS, UINT64_C(101'0101010101011), -13),
src/test/app/AMMExtended_test.cpp:750:                env, bob, STAmount{XTS, UINT64_C(98'9898989898989), -13}));
src/test/app/AMMExtended_test.cpp:773:            //   o USD/XRP AMM is created.
src/test/app/AMMExtended_test.cpp:774:            //   o EUR/XRP AMM is created.
src/test/app/AMMExtended_test.cpp:777:            // placed before AMM is created, then autobridging will not occur.
src/test/app/AMMExtended_test.cpp:778:            AMM ammAlice(env, alice, XRP(10'000), USD(10'100));
src/test/app/AMMExtended_test.cpp:779:            AMM ammBob(env, bob, EUR(10'000), XRP(10'100));
src/test/app/AMMExtended_test.cpp:781:            // Carol makes an offer that consumes AMM liquidity and
src/test/app/AMMExtended_test.cpp:806:            //   o USD/XRP AMM is created.
src/test/app/AMMExtended_test.cpp:810:            // placed before AMM and bob's offer are created, then autobridging
src/test/app/AMMExtended_test.cpp:812:            AMM ammAlice(env, alice, XRP(10'000), USD(10'100));
src/test/app/AMMExtended_test.cpp:816:            // Carol makes an offer that consumes AMM liquidity and
src/test/app/AMMExtended_test.cpp:841:            //   o EUR/XRP AMM is created.
src/test/app/AMMExtended_test.cpp:844:            // placed before AMM and alice's offer are created, then
src/test/app/AMMExtended_test.cpp:848:            AMM ammBob(env, bob, EUR(10'000), XRP(10'100));
src/test/app/AMMExtended_test.cpp:850:            // Carol makes an offer that consumes AMM liquidity and
src/test/app/AMMExtended_test.cpp:880:            AMM ammBob(env, bob, XRP(20'000), USD(200));
src/test/app/AMMExtended_test.cpp:892:            AMM ammBob(env, bob, XRP(20'000), USD(200));
src/test/app/AMMExtended_test.cpp:899:                STAmount{USD, UINT64_C(197'8239366963403), -13},
src/test/app/AMMExtended_test.cpp:902:                env, alice, STAmount{USD, UINT64_C(1'002'17606330366), -11}));
src/test/app/AMMExtended_test.cpp:910:            AMM ammBob(env, bob, XRP(20'000), USD(200));
src/test/app/AMMExtended_test.cpp:917:                STAmount{USD, UINT64_C(186'046511627907), -12},
src/test/app/AMMExtended_test.cpp:920:                env, alice, STAmount{USD, UINT64_C(1'013'953488372093), -12}));
src/test/app/AMMExtended_test.cpp:927:            // all of the offer is consumed because AMM generated offer,
src/test/app/AMMExtended_test.cpp:931:            AMM ammBob(env, bob, XRP(5000), USD(10));
src/test/app/AMMExtended_test.cpp:948:        // AMM XRP/USD. Alice places USD/XRP offer.
src/test/app/AMMExtended_test.cpp:949:        testAMM(
src/test/app/AMMExtended_test.cpp:950:            [&](AMM& ammAlice, Env& env) {
src/test/app/AMMExtended_test.cpp:957:                // AMM doesn't pay the transfer fee
src/test/app/AMMExtended_test.cpp:970:        testAMM(
src/test/app/AMMExtended_test.cpp:971:            [&](AMM& ammAlice, Env& env) {
src/test/app/AMMExtended_test.cpp:1001:            //   o USD/XRP AMM is created.
src/test/app/AMMExtended_test.cpp:1005:            // placed before AMM is created, then autobridging will not occur.
src/test/app/AMMExtended_test.cpp:1006:            AMM ammAlice(env, alice, XRP(10'000), USD(10'100));
src/test/app/AMMExtended_test.cpp:1010:            // Carol makes an offer that consumes AMM liquidity and
src/test/app/AMMExtended_test.cpp:1015:            // AMM doesn't pay the transfer fee
src/test/app/AMMExtended_test.cpp:1027:            // involving AMM as src/dst.
src/test/app/AMMExtended_test.cpp:1038:            //   o USD/XRP AMM is created.
src/test/app/AMMExtended_test.cpp:1042:            // placed before AMM is created, then autobridging will not occur.
src/test/app/AMMExtended_test.cpp:1043:            AMM ammAlice(env, alice, XRP(10'000), USD(10'050));
src/test/app/AMMExtended_test.cpp:1047:            // Carol makes an offer that consumes AMM liquidity and
src/test/app/AMMExtended_test.cpp:1055:            // AMM doesn't pay the transfer fee
src/test/app/AMMExtended_test.cpp:1063:                expectOffers(env, bob, 1, {{Amounts{EUR(50), XRP(50)}}}));
src/test/app/AMMExtended_test.cpp:1069:            // involving AMM as src/dst.
src/test/app/AMMExtended_test.cpp:1086:            //   o USD/XRP AMM is created.
src/test/app/AMMExtended_test.cpp:1090:            // placed before AMM is created, then autobridging will not occur.
src/test/app/AMMExtended_test.cpp:1091:            AMM ammAlice(env, alice, XRP(10'000), USD(10'100));
src/test/app/AMMExtended_test.cpp:1095:            // Carol makes an offer that consumes AMM liquidity and
src/test/app/AMMExtended_test.cpp:1100:            // AMM doesn't pay the transfer fee
src/test/app/AMMExtended_test.cpp:1113:            // involving AMM as src/dst.
src/test/app/AMMExtended_test.cpp:1129:            //   o USD/XRP AMM is created.
src/test/app/AMMExtended_test.cpp:1133:            // placed before AMM is created, then autobridging will not occur.
src/test/app/AMMExtended_test.cpp:1134:            AMM ammAlice(env, alice, XRP(10'000), USD(10'100));
src/test/app/AMMExtended_test.cpp:1138:            // Carol makes an offer that consumes AMM liquidity and
src/test/app/AMMExtended_test.cpp:1143:            // AMM pay doesn't transfer fee
src/test/app/AMMExtended_test.cpp:1158:        // in the Offer_test. It simply tests AMM with self issue and
src/test/app/AMMExtended_test.cpp:1169:        AMM ammBob(env, bob, XRP(10'000), USD_bob(10'100));
src/test/app/AMMExtended_test.cpp:1227:            AMM ammBob(env, bob, A_BUX(30), D_BUX(30));
src/test/app/AMMExtended_test.cpp:1288:        AMM ammCarol(env, carol, A_BUX(300), B_BUX(330));
src/test/app/AMMExtended_test.cpp:1302:        // AMM is consumed up to the first cam Offer quality
src/test/app/AMMExtended_test.cpp:1303:        if (!features[fixAMMv1_1])
src/test/app/AMMExtended_test.cpp:1306:                STAmount{A_BUX, UINT64_C(309'3541659651605), -13},
src/test/app/AMMExtended_test.cpp:1307:                STAmount{B_BUX, UINT64_C(320'0215509984417), -13},
src/test/app/AMMExtended_test.cpp:1313:                {{Amounts{
src/test/app/AMMExtended_test.cpp:1314:                    STAmount{B_BUX, UINT64_C(20'0215509984417), -13},
src/test/app/AMMExtended_test.cpp:1315:                    STAmount{A_BUX, UINT64_C(20'0215509984417), -13}}}}));
src/test/app/AMMExtended_test.cpp:1320:                STAmount{A_BUX, UINT64_C(309'3541659651604), -13},
src/test/app/AMMExtended_test.cpp:1321:                STAmount{B_BUX, UINT64_C(320'0215509984419), -13},
src/test/app/AMMExtended_test.cpp:1327:                {{Amounts{
src/test/app/AMMExtended_test.cpp:1328:                    STAmount{B_BUX, UINT64_C(20'0215509984419), -13},
src/test/app/AMMExtended_test.cpp:1329:                    STAmount{A_BUX, UINT64_C(20'0215509984419), -13}}}}));
src/test/app/AMMExtended_test.cpp:1334:    testRequireAuth(FeatureBitset features)
src/test/app/AMMExtended_test.cpp:1336:        testcase("lsfRequireAuth");
src/test/app/AMMExtended_test.cpp:1349:        env(fset(gw, asfRequireAuth));
src/test/app/AMMExtended_test.cpp:1359:        // Alice is able to create AMM since the GW has authorized her
src/test/app/AMMExtended_test.cpp:1360:        AMM ammAlice(env, alice, USD(1'000), XRP(1'050));
src/test/app/AMMExtended_test.cpp:1362:        // Set up authorized trust line for AMM.
src/test/app/AMMExtended_test.cpp:1363:        env(trust(gw, STAmount{Issue{USD.currency, ammAlice.ammAccount()}, 10}),
src/test/app/AMMExtended_test.cpp:1372:        // Bob's offer should cross Alice's AMM
src/test/app/AMMExtended_test.cpp:1396:            AMM ammAlice(
src/test/app/AMMExtended_test.cpp:1397:                env, alice, USD(1'000), XRP(1'000), ter(tecUNFUNDED_AMM));
src/test/app/AMMExtended_test.cpp:1400:        env(fset(gw, asfRequireAuth));
src/test/app/AMMExtended_test.cpp:1412:        // Alice should not be able to create AMM without authorization.
src/test/app/AMMExtended_test.cpp:1414:            AMM ammAlice(env, alice, USD(1'000), XRP(1'000), ter(tecNO_LINE));
src/test/app/AMMExtended_test.cpp:1418:        // should still not be able to create AMM for USD/gw.
src/test/app/AMMExtended_test.cpp:1423:            AMM ammAlice(env, alice, USD(1'000), XRP(1'000), ter(tecNO_AUTH));
src/test/app/AMMExtended_test.cpp:1427:        // AMM create should succeed.
src/test/app/AMMExtended_test.cpp:1433:        AMM ammAlice(env, alice, USD(1'000), XRP(1'050));
src/test/app/AMMExtended_test.cpp:1435:        // Set up authorized trust line for AMM.
src/test/app/AMMExtended_test.cpp:1436:        env(trust(gw, STAmount{Issue{USD.currency, ammAlice.ammAccount()}, 10}),
src/test/app/AMMExtended_test.cpp:1440:        // Now bob creates his offer again, which crosses with  alice's AMM.
src/test/app/AMMExtended_test.cpp:1457:            testable_amendments() - featureSingleAssetVault -
src/test/app/AMMExtended_test.cpp:1461:        testRmFundedOffer(all - fixAMMv1_1 - fixAMMv1_3);
src/test/app/AMMExtended_test.cpp:1475:        testGatewayCrossCurrency(all - fixAMMv1_1 - fixAMMv1_3);
src/test/app/AMMExtended_test.cpp:1483:        testDirectToDirectPath(all - fixAMMv1_1 - fixAMMv1_3);
src/test/app/AMMExtended_test.cpp:1484:        testRequireAuth(all);
src/test/app/AMMExtended_test.cpp:1498:        AMM ammCarol(env, carol, XRP(100), USD(100));
src/test/app/AMMExtended_test.cpp:1501:        STAmount sa;
src/test/app/AMMExtended_test.cpp:1502:        STAmount da;
src/test/app/AMMExtended_test.cpp:1508:            std::optional<STAmount>(XRP(100'000'000)));
src/test/app/AMMExtended_test.cpp:1515:            std::optional<STAmount>(XRP(100'000'000)));
src/test/app/AMMExtended_test.cpp:1519:        // can get out of AMM for 100,000,000XRP.
src/test/app/AMMExtended_test.cpp:1521:            da, STAmount{bob["USD"].issue(), UINT64_C(99'9999000001), -10}));
src/test/app/AMMExtended_test.cpp:1541:        AMM ammCarol(env, carol, XRP(40), AUD(51));
src/test/app/AMMExtended_test.cpp:1544:        // AMM offer is 51.282052XRP/11AUD, 11AUD/1.1 = 10AUD to bob
src/test/app/AMMExtended_test.cpp:1564:            AMM ammCharlie(env, charlie, XRP(10), USD(11));
src/test/app/AMMExtended_test.cpp:1581:            AMM ammCharlie(env, charlie, XRP(11), USD(10));
src/test/app/AMMExtended_test.cpp:1635:        AMM ammM1_G1_G2(env, M1, G1["XYZ"](1'000), G2["XYZ"](1'000));
src/test/app/AMMExtended_test.cpp:1636:        AMM ammM1_XRP_G3(env, M1, XRP(10'000), G3["ABC"](1'000));
src/test/app/AMMExtended_test.cpp:1639:        STAmount sa, da;
src/test/app/AMMExtended_test.cpp:1664:            BEAST_EXPECT(equal(sa, XRPAmount{101'010'102}));
src/test/app/AMMExtended_test.cpp:1673:            BEAST_EXPECT(equal(sa, XRPAmount{10'010'011}));
src/test/app/AMMExtended_test.cpp:1682:            BEAST_EXPECT(equal(sa, XRPAmount{10'010'011}));
src/test/app/AMMExtended_test.cpp:1711:        AMM ammM1(env, M1, G3["ABC"](1'000), XRP(10'010));
src/test/app/AMMExtended_test.cpp:1714:        STAmount sa, da;
src/test/app/AMMExtended_test.cpp:1764:        AMM ammM1(env, M1, G1["HKD"](1'010), G2["HKD"](1'000));
src/test/app/AMMExtended_test.cpp:1765:        AMM ammM2XRP_G2(env, M2, XRP(10'000), G2["HKD"](1'010));
src/test/app/AMMExtended_test.cpp:1766:        AMM ammM2G1_XRP(env, M2, G1["HKD"](1'010), XRP(10'000));
src/test/app/AMMExtended_test.cpp:1769:        STAmount sa, da;
src/test/app/AMMExtended_test.cpp:1884:        AMM ammM1(env, M1, G1["HKD"](1'010), G2["HKD"](1'000));
src/test/app/AMMExtended_test.cpp:1890:        STAmount sa, da;
src/test/app/AMMExtended_test.cpp:1911:        auto const AMMXRPPool = env.current()->fees().increment * 2;
src/test/app/AMMExtended_test.cpp:1912:        env.fund(reserve(env, 5) + ammCrtFee(env) + AMMXRPPool, bob);
src/test/app/AMMExtended_test.cpp:1928:        AMM ammBob(env, bob, AMMXRPPool, USD(150));
src/test/app/AMMExtended_test.cpp:1958:            AMM ammBob(env, bob, BTC(100), USD(150));
src/test/app/AMMExtended_test.cpp:1981:            AMM ammBobBTC_XRP(env, bob, BTC(100), XRP(150));
src/test/app/AMMExtended_test.cpp:1982:            AMM ammBobXRP_USD(env, bob, XRP(100), USD(150));
src/test/app/AMMExtended_test.cpp:2007:            AMM ammBob(env, bob, XRP(100), USD(150));
src/test/app/AMMExtended_test.cpp:2032:            AMM ammBob(env, bob, USD(100), XRP(150));
src/test/app/AMMExtended_test.cpp:2064:            AMM ammBob(env, bob, EUR(100), USD(150));
src/test/app/AMMExtended_test.cpp:2119:            AMM ammBobBTC_USD(env, bob, BTC(50), USD(50));
src/test/app/AMMExtended_test.cpp:2134:                STAmount deliver(USD(51));
src/test/app/AMMExtended_test.cpp:2135:                STAmount smax(BTC(61));
src/test/app/AMMExtended_test.cpp:2213:            AMM ammBob(env, bob, USD(8), XRPAmount{21});
src/test/app/AMMExtended_test.cpp:2223:                USD(8.4), XRPAmount{20}, ammBob.tokens()));
src/test/app/AMMExtended_test.cpp:2234:            // payment via AMM
src/test/app/AMMExtended_test.cpp:2246:            AMM amm(env, bob, GBP(1'000), USD(1'000));
src/test/app/AMMExtended_test.cpp:2257:            if (!features[fixAMMv1_1])
src/test/app/AMMExtended_test.cpp:2262:                    STAmount{USD, UINT64_C(892'8571428571428), -13},
src/test/app/AMMExtended_test.cpp:2269:                    STAmount{USD, UINT64_C(892'8571428571429), -13},
src/test/app/AMMExtended_test.cpp:2275:                env, carol, STAmount(USD, UINT64_C(1'085'714285714286), -12)));
src/test/app/AMMExtended_test.cpp:2279:            // Payment via offer and AMM
src/test/app/AMMExtended_test.cpp:2295:            AMM amm(env, bob, EUR(1'000), USD(1'000));
src/test/app/AMMExtended_test.cpp:2311:                expectOffers(env, ed, 1, {Amounts{GBP(880), EUR(880)}}));
src/test/app/AMMExtended_test.cpp:2316:                STAmount{USD, UINT64_C(912'4087591240876), -13},
src/test/app/AMMExtended_test.cpp:2320:                env, carol, STAmount(USD, UINT64_C(1'070'07299270073), -11)));
src/test/app/AMMExtended_test.cpp:2323:            // Payment via AMM, AMM
src/test/app/AMMExtended_test.cpp:2336:            AMM amm1(env, bob, GBP(1'000), EUR(1'000));
src/test/app/AMMExtended_test.cpp:2337:            AMM amm2(env, ed, EUR(1'000), USD(1'000));
src/test/app/AMMExtended_test.cpp:2346:            if (!features[fixAMMv1_1])
src/test/app/AMMExtended_test.cpp:2353:                    STAmount{EUR, UINT64_C(892'8571428571428), -13},
src/test/app/AMMExtended_test.cpp:2358:                    STAmount(EUR, UINT64_C(1'085'714285714286), -12),
src/test/app/AMMExtended_test.cpp:2359:                    STAmount{USD, UINT64_C(921'0526315789471), -13},
src/test/app/AMMExtended_test.cpp:2369:                    STAmount{EUR, UINT64_C(892'8571428571429), -13},
src/test/app/AMMExtended_test.cpp:2374:                    STAmount(EUR, UINT64_C(1'085'714285714286), -12),
src/test/app/AMMExtended_test.cpp:2375:                    STAmount{USD, UINT64_C(921'052631578948), -12},
src/test/app/AMMExtended_test.cpp:2380:                env, carol, STAmount(USD, UINT64_C(1'063'157894736842), -12)));
src/test/app/AMMExtended_test.cpp:2383:            // AMM offer crossing
src/test/app/AMMExtended_test.cpp:2390:            AMM amm(env, bob, USD(1'000), EUR(1'100));
src/test/app/AMMExtended_test.cpp:2403:            // Payment via AMM with limit quality
src/test/app/AMMExtended_test.cpp:2415:            AMM amm(env, bob, GBP(1'000), USD(1'000));
src/test/app/AMMExtended_test.cpp:2429:                env, alice, STAmount(GBP, UINT64_C(821'4285714285712), -13)));
src/test/app/AMMExtended_test.cpp:2432:                STAmount{GBP, UINT64_C(1'142'857142857143), -12},
src/test/app/AMMExtended_test.cpp:2440:            // Payment via AMM with limit quality, deliver less
src/test/app/AMMExtended_test.cpp:2453:            AMM amm(env, bob, GBP(1'000), USD(1'200));
src/test/app/AMMExtended_test.cpp:2463:            if (!features[fixAMMv1_1])
src/test/app/AMMExtended_test.cpp:2481:                    STAmount{GBP, UINT64_C(1'169'999999999999), -12}));
src/test/app/AMMExtended_test.cpp:2484:                    STAmount{GBP, UINT64_C(1'024'000000000001), -12},
src/test/app/AMMExtended_test.cpp:2493:            // Payment via offer and AMM with limit quality, deliver less
src/test/app/AMMExtended_test.cpp:2510:            AMM amm(env, bob, EUR(1'000), USD(1'400));
src/test/app/AMMExtended_test.cpp:2520:            if (!features[fixAMMv1_1])
src/test/app/AMMExtended_test.cpp:2528:                    STAmount{GBP, UINT64_C(1'311'973684210527), -12}));
src/test/app/AMMExtended_test.cpp:2534:                    STAmount{EUR, UINT64_C(1'329'578947368421), -12},
src/test/app/AMMExtended_test.cpp:2535:                    STAmount{GBP, UINT64_C(1'470'421052631579), -12}));
src/test/app/AMMExtended_test.cpp:2540:                    {Amounts{
src/test/app/AMMExtended_test.cpp:2541:                        STAmount{GBP, UINT64_C(929'5789473684212), -13},
src/test/app/AMMExtended_test.cpp:2542:                        STAmount{EUR, UINT64_C(929'5789473684212), -13}}}));
src/test/app/AMMExtended_test.cpp:2546:                    STAmount{EUR, UINT64_C(1'056'336842105263), -12},
src/test/app/AMMExtended_test.cpp:2547:                    STAmount{USD, UINT64_C(1'325'334821428571), -12},
src/test/app/AMMExtended_test.cpp:2558:                    STAmount{GBP, UINT64_C(1'311'973684210525), -12}));
src/test/app/AMMExtended_test.cpp:2564:                    STAmount{EUR, UINT64_C(1'329'57894736842), -11},
src/test/app/AMMExtended_test.cpp:2565:                    STAmount{GBP, UINT64_C(1'470'42105263158), -11}));
src/test/app/AMMExtended_test.cpp:2570:                    {Amounts{
src/test/app/AMMExtended_test.cpp:2571:                        STAmount{GBP, UINT64_C(929'57894736842), -11},
src/test/app/AMMExtended_test.cpp:2572:                        STAmount{EUR, UINT64_C(929'57894736842), -11}}}));
src/test/app/AMMExtended_test.cpp:2576:                    STAmount{EUR, UINT64_C(1'056'336842105264), -12},
src/test/app/AMMExtended_test.cpp:2577:                    STAmount{USD, UINT64_C(1'325'334821428571), -12},
src/test/app/AMMExtended_test.cpp:2582:                env, carol, STAmount(USD, UINT64_C(1'459'732142857143), -12)));
src/test/app/AMMExtended_test.cpp:2585:            // Payment via AMM and offer with limit quality, deliver less
src/test/app/AMMExtended_test.cpp:2599:            AMM amm(env, bob, GBP(1'000), EUR(1'000));
src/test/app/AMMExtended_test.cpp:2612:            if (!features[fixAMMv1_1])
src/test/app/AMMExtended_test.cpp:2620:                    STAmount{GBP, UINT64_C(1'329'578947368421), -12}));
src/test/app/AMMExtended_test.cpp:2625:                    STAmount{GBP, UINT64_C(1'056'336842105263), -12},
src/test/app/AMMExtended_test.cpp:2626:                    STAmount{EUR, UINT64_C(946'6677295918366), -13},
src/test/app/AMMExtended_test.cpp:2637:                    STAmount{GBP, UINT64_C(1'329'57894736842), -11}));
src/test/app/AMMExtended_test.cpp:2642:                    STAmount{GBP, UINT64_C(1'056'336842105264), -12},
src/test/app/AMMExtended_test.cpp:2643:                    STAmount{EUR, UINT64_C(946'6677295918366), -13},
src/test/app/AMMExtended_test.cpp:2651:                STAmount{USD, UINT64_C(1'340'267857142857), -12},
src/test/app/AMMExtended_test.cpp:2652:                STAmount{EUR, UINT64_C(1'442'665816326531), -12}));
src/test/app/AMMExtended_test.cpp:2657:                {Amounts{
src/test/app/AMMExtended_test.cpp:2658:                    STAmount{EUR, UINT64_C(957'3341836734693), -13},
src/test/app/AMMExtended_test.cpp:2659:                    STAmount{USD, UINT64_C(1'340'267857142857), -12}}}));
src/test/app/AMMExtended_test.cpp:2662:                env, carol, STAmount(USD, UINT64_C(1'447'785714285714), -12)));
src/test/app/AMMExtended_test.cpp:2665:            // Payment via AMM, AMM  with limit quality, deliver less
src/test/app/AMMExtended_test.cpp:2679:            AMM amm1(env, bob, GBP(1'000), EUR(1'000));
src/test/app/AMMExtended_test.cpp:2680:            AMM amm2(env, ed, EUR(1'000), USD(1'400));
src/test/app/AMMExtended_test.cpp:2690:            if (!features[fixAMMv1_1])
src/test/app/AMMExtended_test.cpp:2698:                    STAmount{GBP, UINT64_C(1'292'469135802469), -12}));
src/test/app/AMMExtended_test.cpp:2701:                    STAmount{GBP, UINT64_C(1'086'024691358025), -12},
src/test/app/AMMExtended_test.cpp:2702:                    STAmount{EUR, UINT64_C(920'78937795562), -11},
src/test/app/AMMExtended_test.cpp:2707:                    STAmount{EUR, UINT64_C(1'063'368497635504), -12},
src/test/app/AMMExtended_test.cpp:2708:                    STAmount{USD, UINT64_C(1'316'570881226053), -12},
src/test/app/AMMExtended_test.cpp:2719:                    STAmount{GBP, UINT64_C(1'292'469135802466), -12}));
src/test/app/AMMExtended_test.cpp:2722:                    STAmount{GBP, UINT64_C(1'086'024691358027), -12},
src/test/app/AMMExtended_test.cpp:2723:                    STAmount{EUR, UINT64_C(920'7893779556188), -13},
src/test/app/AMMExtended_test.cpp:2728:                    STAmount{EUR, UINT64_C(1'063'368497635505), -12},
src/test/app/AMMExtended_test.cpp:2729:                    STAmount{USD, UINT64_C(1'316'570881226053), -12},
src/test/app/AMMExtended_test.cpp:2734:                env, carol, STAmount(USD, UINT64_C(1'466'743295019157), -12)));
src/test/app/AMMExtended_test.cpp:2737:            // Payment by the issuer via AMM, AMM  with limit quality,
src/test/app/AMMExtended_test.cpp:2750:            AMM amm1(env, alice, GBP(1'000), EUR(1'000));
src/test/app/AMMExtended_test.cpp:2751:            AMM amm2(env, bob, EUR(1'000), USD(1'400));
src/test/app/AMMExtended_test.cpp:2761:            if (!features[fixAMMv1_1])
src/test/app/AMMExtended_test.cpp:2765:                    STAmount{GBP, UINT64_C(1'108'148148148149), -12},
src/test/app/AMMExtended_test.cpp:2766:                    STAmount{EUR, UINT64_C(902'4064171122988), -13},
src/test/app/AMMExtended_test.cpp:2771:                    STAmount{EUR, UINT64_C(1'078'074866310161), -12},
src/test/app/AMMExtended_test.cpp:2772:                    STAmount{USD, UINT64_C(1'298'611111111111), -12},
src/test/app/AMMExtended_test.cpp:2779:                    STAmount{GBP, UINT64_C(1'108'148148148151), -12},
src/test/app/AMMExtended_test.cpp:2780:                    STAmount{EUR, UINT64_C(902'4064171122975), -13},
src/test/app/AMMExtended_test.cpp:2785:                    STAmount{EUR, UINT64_C(1'078'074866310162), -12},
src/test/app/AMMExtended_test.cpp:2786:                    STAmount{USD, UINT64_C(1'298'611111111111), -12},
src/test/app/AMMExtended_test.cpp:2791:                env, carol, STAmount{USD, UINT64_C(1'481'111111111111), -12}));
src/test/app/AMMExtended_test.cpp:2810:            AMM ammBob(env, bob, XRP(1'000), USD(1'050));
src/test/app/AMMExtended_test.cpp:2850:            AMM ammAliceXRP_USD(env, alice, XRP(100), USD(101));
src/test/app/AMMExtended_test.cpp:2851:            AMM ammAliceXRP_EUR(env, alice, XRP(100), EUR(101));
src/test/app/AMMExtended_test.cpp:2875:            AMM ammAliceXRP_USD(env, alice, XRP(100), USD(100));
src/test/app/AMMExtended_test.cpp:2876:            AMM ammAliceXRP_EUR(env, alice, XRP(100), EUR(100));
src/test/app/AMMExtended_test.cpp:2899:            AMM ammAliceXRP_USD(env, alice, XRP(100), USD(100));
src/test/app/AMMExtended_test.cpp:2900:            AMM ammAliceXRP_EUR(env, alice, XRP(100), EUR(100));
src/test/app/AMMExtended_test.cpp:2901:            AMM ammAliceXRP_JPY(env, alice, XRP(100), JPY(100));
src/test/app/AMMExtended_test.cpp:2930:        AMM ammEd(env, ed, XRP(9), USD(11));
src/test/app/AMMExtended_test.cpp:2935:        if (!features[fixAMMv1_1])
src/test/app/AMMExtended_test.cpp:2937:                alice, STAmount{USD, UINT64_C(2'050126257867561), -15}));
src/test/app/AMMExtended_test.cpp:2940:                alice, STAmount{USD, UINT64_C(2'050125257867587), -15}));
src/test/app/AMMExtended_test.cpp:2989:            AMM ammCarol(env, carol, XRP(10), USD(15));
src/test/app/AMMExtended_test.cpp:3007:            AMM ammBob(env, bob, XRP(1'000), USD(1'100));
src/test/app/AMMExtended_test.cpp:3021:            AMM ammBob(env, bob, XRP(5'500), USD(1'200));
src/test/app/AMMExtended_test.cpp:3048:            AMM ammDan(env, dan, XRP(1'000), USD(1'100));
src/test/app/AMMExtended_test.cpp:3049:            if (!features[fixAMMv1_1])
src/test/app/AMMExtended_test.cpp:3067:                    sendmax(XRPAmount(200'000'001)));
src/test/app/AMMExtended_test.cpp:3070:                    carol, STAmount{USD, UINT64_C(200'00000090909), -11}));
src/test/app/AMMExtended_test.cpp:3072:                    XRPAmount{1'100'000'001},
src/test/app/AMMExtended_test.cpp:3073:                    STAmount{USD, UINT64_C(999'99999909091), -11},
src/test/app/AMMExtended_test.cpp:3089:        // The initial implementation of DepositAuth had a bug where an
src/test/app/AMMExtended_test.cpp:3090:        // account with the DepositAuth flag set could not make a payment
src/test/app/AMMExtended_test.cpp:3103:        AMM ammAlice(env, alice, XRP(100), USD(140));
src/test/app/AMMExtended_test.cpp:3110:            XRPAmount(107'692'308), USD(130), ammAlice.tokens()));
src/test/app/AMMExtended_test.cpp:3113:        env(fset(becky, asfDepositAuth));
src/test/app/AMMExtended_test.cpp:3119:            supportsPreauth ? TER{tesSUCCESS} : TER{tecNO_PERMISSION}};
src/test/app/AMMExtended_test.cpp:3133:        // that has the lsfDepositAuth flag set.
src/test/app/AMMExtended_test.cpp:3146:        AMM ammCarol(env, carol, USD(100), XRPAmount(101));
src/test/app/AMMExtended_test.cpp:3152:        // bob sets the lsfDepositAuth flag.
src/test/app/AMMExtended_test.cpp:3153:        env(fset(bob, asfDepositAuth), require(flags(bob, asfDepositAuth)));
src/test/app/AMMExtended_test.cpp:3158:            env.require(flags(bob, asfDepositAuth));
src/test/app/AMMExtended_test.cpp:3162:            PrettyAmount const bobXrpBalance{env.balance(bob, XRP)};
src/test/app/AMMExtended_test.cpp:3163:            PrettyAmount const bobUsdBalance{env.balance(bob, USD)};
src/test/app/AMMExtended_test.cpp:3165:            env(pay(alice, bob, USD(50)), ter(tecNO_PERMISSION));
src/test/app/AMMExtended_test.cpp:3173:                ter(tecNO_PERMISSION));
src/test/app/AMMExtended_test.cpp:3184:        // bob can make payments while his lsfDepositAuth flag is set.
src/test/app/AMMExtended_test.cpp:3189:            STAmount const bobPaysXRP{env.balance(bob, XRP) - reserve(env, 1)};
src/test/app/AMMExtended_test.cpp:3190:            XRPAmount const bobPaysFee{reserve(env, 1) - reserve(env, 0)};
src/test/app/AMMExtended_test.cpp:3207:        // Give bob enough XRP for the fee to clear the lsfDepositAuth flag.
src/test/app/AMMExtended_test.cpp:3210:        // bob clears the lsfDepositAuth and the next payment succeeds.
src/test/app/AMMExtended_test.cpp:3211:        env(fclear(bob, asfDepositAuth));
src/test/app/AMMExtended_test.cpp:3220:            USD(101), XRPAmount(100), ammCarol.tokens()));
src/test/app/AMMExtended_test.cpp:3226:        testcase("RippleState Freeze");
src/test/app/AMMExtended_test.cpp:3246:        AMM ammAlice(env, alice, XRP(500), G1["USD"](105));
src/test/app/AMMExtended_test.cpp:3263:            // 105 transferred to AMM
src/test/app/AMMExtended_test.cpp:3275:        // Is created via a TrustSet with SetFreeze flag
src/test/app/AMMExtended_test.cpp:3276:        //   test: sets LowFreeze | HighFreeze flags
src/test/app/AMMExtended_test.cpp:3277:        env(trust(G1, bob["USD"](0), tfSetFreeze));
src/test/app/AMMExtended_test.cpp:3338:            // Is cleared via a TrustSet with ClearFreeze flag
src/test/app/AMMExtended_test.cpp:3339:            //    test: sets LowFreeze | HighFreeze flags
src/test/app/AMMExtended_test.cpp:3340:            env(trust(G1, bob["USD"](0), tfClearFreeze));
src/test/app/AMMExtended_test.cpp:3350:            BEAST_EXPECT(!(ff[jss::Flags].asUInt() & lsfLowFreeze));
src/test/app/AMMExtended_test.cpp:3351:            BEAST_EXPECT(!(ff[jss::Flags].asUInt() & lsfHighFreeze));
src/test/app/AMMExtended_test.cpp:3357:    testGlobalFreeze(FeatureBitset features)
src/test/app/AMMExtended_test.cpp:3359:        testcase("Global Freeze");
src/test/app/AMMExtended_test.cpp:3387:        AMM ammG1(env, G1, XRP(10'000), G1["USD"](100));
src/test/app/AMMExtended_test.cpp:3393:            // Account without GlobalFreeze (proving operations normally
src/test/app/AMMExtended_test.cpp:3428:            AMM ammA3(env, A3, G1["BTC"](1), XRP(1));
src/test/app/AMMExtended_test.cpp:3431:            // AMM is bidirectional
src/test/app/AMMExtended_test.cpp:3448:            // Account with GlobalFreeze
src/test/app/AMMExtended_test.cpp:3449:            //  set GlobalFreeze first
src/test/app/AMMExtended_test.cpp:3450:            //    test: SetFlag GlobalFreeze will toggle back to freeze
src/test/app/AMMExtended_test.cpp:3451:            env.require(nflags(G1, asfGlobalFreeze));
src/test/app/AMMExtended_test.cpp:3452:            env(fset(G1, asfGlobalFreeze));
src/test/app/AMMExtended_test.cpp:3453:            env.require(flags(G1, asfGlobalFreeze));
src/test/app/AMMExtended_test.cpp:3454:            env.require(nflags(G1, asfNoFreeze));
src/test/app/AMMExtended_test.cpp:3457:            AMM ammA3(env, A3, G1["BTC"](1), XRP(1), ter(tecFROZEN));
src/test/app/AMMExtended_test.cpp:3460:            // AMM is bidirectional
src/test/app/AMMExtended_test.cpp:3495:    testOffersWhenFrozen(FeatureBitset features)
src/test/app/AMMExtended_test.cpp:3497:        testcase("Offers for Frozen Trust Lines");
src/test/app/AMMExtended_test.cpp:3520:        AMM ammA3(env, A3, XRP(1'000), G1["USD"](1'001));
src/test/app/AMMExtended_test.cpp:3533:        // The offer consumes AMM offer
src/test/app/AMMExtended_test.cpp:3537:        //    test: AMM line is frozen
src/test/app/AMMExtended_test.cpp:3539:            STAmount{Issue{to_currency("USD"), ammA3.ammAccount()}, 0};
src/test/app/AMMExtended_test.cpp:3540:        env(trust(G1, a3am, tfSetFreeze));
src/test/app/AMMExtended_test.cpp:3548:        // AMM is not consumed
src/test/app/AMMExtended_test.cpp:3554:        env(trust(G1, A4["USD"](0), tfSetFreeze));
src/test/app/AMMExtended_test.cpp:3570:        testcase("Multisign AMM Transactions");
src/test/app/AMMExtended_test.cpp:3593:        // Multisign all AMM transactions
src/test/app/AMMExtended_test.cpp:3594:        AMM ammAlice(
src/test/app/AMMExtended_test.cpp:3611:            XRP(11'000), USD(11'000), IOUAmount{11'000'000, 0}));
src/test/app/AMMExtended_test.cpp:3618:        BEAST_EXPECT(ammAlice.expectTradingFee(1'000));
src/test/app/AMMExtended_test.cpp:3621:        BEAST_EXPECT(ammAlice.expectAuctionSlot(100, 0, IOUAmount{4'000}));
src/test/app/AMMExtended_test.cpp:3624:            XRP(10'000), USD(10'000), IOUAmount{9'996'000, 0}));
src/test/app/AMMExtended_test.cpp:3645:        AMM bobXRP_USD(env, bob, XRP(1'000), USD(1'000));
src/test/app/AMMExtended_test.cpp:3646:        AMM bobUSD_EUR(env, bob, USD(1'000), EUR(1'000));
src/test/app/AMMExtended_test.cpp:3678:            AMM ammBobXRP_USD(env, bob, XRP(100), BobUSD(100));
src/test/app/AMMExtended_test.cpp:3681:            AMM ammBobUSD_EUR(env, bob, BobUSD(100), BobEUR(100));
src/test/app/AMMExtended_test.cpp:3705:            AMM ammBob(env, bob, XRP(100), USD(100));
src/test/app/AMMExtended_test.cpp:3719:            AMM ammBob(env, bob, XRP(100), USD(100));
src/test/app/AMMExtended_test.cpp:3749:            AMM ammBob(env, bob, XRP(100), USD(100));
src/test/app/AMMExtended_test.cpp:3772:            AMM ammBobXRP_USD(env, bob, XRP(100), USD(100));
src/test/app/AMMExtended_test.cpp:3773:            AMM ammBobUSD_EUR(env, bob, USD(100), EUR(100));
src/test/app/AMMExtended_test.cpp:3774:            AMM ammBobEUR_CNY(env, bob, EUR(100), CNY(100));
src/test/app/AMMExtended_test.cpp:3804:            testable_amendments() - featureSingleAssetVault -
src/test/app/AMMExtended_test.cpp:3810:        testTransferRateNoOwnerFee(all - fixAMMv1_1 - fixAMMv1_3);
src/test/app/AMMExtended_test.cpp:3822:            testable_amendments() - featureSingleAssetVault -
src/test/app/AMMExtended_test.cpp:3825:        testStepLimit(all - fixAMMv1_1 - fixAMMv1_3);
src/test/app/AMMExtended_test.cpp:3835:            testable_amendments() - featureSingleAssetVault -
src/test/app/AMMExtended_test.cpp:3838:        test_convert_all_of_an_asset(all - fixAMMv1_1 - fixAMMv1_3);
src/test/app/AMMExtended_test.cpp:3842:    testDepositAuth()
src/test/app/AMMExtended_test.cpp:3847:            jtx::testable_amendments() - featureSingleAssetVault -
src/test/app/AMMExtended_test.cpp:3854:    testFreeze()
src/test/app/AMMExtended_test.cpp:3860:            testable_amendments() - featureSingleAssetVault -
src/test/app/AMMExtended_test.cpp:3863:        testGlobalFreeze(sa);
src/test/app/AMMExtended_test.cpp:3864:        testOffersWhenFrozen(sa);
src/test/app/AMMExtended_test.cpp:3898:        testDepositAuth();
src/test/app/AMMExtended_test.cpp:3899:        testFreeze();
src/test/app/AMMExtended_test.cpp:3905:BEAST_DEFINE_TESTSUITE_PRIO(AMMExtended, app, ripple, 1);
src/xrpld/app/tx/detail/CreateOffer.cpp:29:#include <xrpl/protocol/STAmount.h>
src/xrpld/app/tx/detail/CreateOffer.cpp:38:    auto calculateMaxXRPSpend = [](STTx const& tx) -> XRPAmount {
src/xrpld/app/tx/detail/CreateOffer.cpp:103:    STAmount saTakerPays = tx[sfTakerPays];
src/xrpld/app/tx/detail/CreateOffer.cpp:104:    STAmount saTakerGets = tx[sfTakerGets];
src/xrpld/app/tx/detail/CreateOffer.cpp:171:    if (isGlobalFrozen(ctx.view, uPaysIssuerID) ||
src/xrpld/app/tx/detail/CreateOffer.cpp:172:        isGlobalFrozen(ctx.view, uGetsIssuerID))
src/xrpld/app/tx/detail/CreateOffer.cpp:175:        return tecFROZEN;
src/xrpld/app/tx/detail/CreateOffer.cpp:198:        // us a call to checkAcceptAsset and possible false negative.
src/xrpld/app/tx/detail/CreateOffer.cpp:211:        auto result = checkAcceptAsset(
src/xrpld/app/tx/detail/CreateOffer.cpp:227:            return tecNO_PERMISSION;
src/xrpld/app/tx/detail/CreateOffer.cpp:234:CreateOffer::checkAcceptAsset(
src/xrpld/app/tx/detail/CreateOffer.cpp:244:        "ripple::CreateOffer::checkAcceptAsset : input is not XRP");
src/xrpld/app/tx/detail/CreateOffer.cpp:264:    if ((*issuerAccount)[sfFlags] & lsfRequireAuth)
src/xrpld/app/tx/detail/CreateOffer.cpp:287:            return (flags & tapRETRY) ? TER{terNO_AUTH} : TER{tecNO_AUTH};
src/xrpld/app/tx/detail/CreateOffer.cpp:309:    bool const deepFrozen =
src/xrpld/app/tx/detail/CreateOffer.cpp:310:        (*trustLine)[sfFlags] & (lsfLowDeepFreeze | lsfHighDeepFreeze);
src/xrpld/app/tx/detail/CreateOffer.cpp:312:    if (deepFrozen)
src/xrpld/app/tx/detail/CreateOffer.cpp:314:        return tecFROZEN;
src/xrpld/app/tx/detail/CreateOffer.cpp:320:std::pair<TER, Amounts>
src/xrpld/app/tx/detail/CreateOffer.cpp:324:    Amounts const& takerAmount,
src/xrpld/app/tx/detail/CreateOffer.cpp:335:        STAmount const inStartBalance =
src/xrpld/app/tx/detail/CreateOffer.cpp:336:            accountFunds(psb, account_, takerAmount.in, fhZERO_IF_FROZEN, j_);
src/xrpld/app/tx/detail/CreateOffer.cpp:341:            return {tecUNFUNDED_OFFER, takerAmount};
src/xrpld/app/tx/detail/CreateOffer.cpp:348:        STAmount sendMax = takerAmount.in;
src/xrpld/app/tx/detail/CreateOffer.cpp:355:                    takerAmount.in,
src/xrpld/app/tx/detail/CreateOffer.cpp:357:                    takerAmount.in.issue(),
src/xrpld/app/tx/detail/CreateOffer.cpp:364:        Quality threshold{takerAmount.out, sendMax};
src/xrpld/app/tx/detail/CreateOffer.cpp:377:        // of the takerAmount currencies are XRP then we cross through an
src/xrpld/app/tx/detail/CreateOffer.cpp:381:        if (!takerAmount.in.native() && !takerAmount.out.native())
src/xrpld/app/tx/detail/CreateOffer.cpp:388:        STAmount deliver = takerAmount.out;
src/xrpld/app/tx/detail/CreateOffer.cpp:397:                deliver = STAmount{STAmount::cMaxNative};
src/xrpld/app/tx/detail/CreateOffer.cpp:403:                deliver = STAmount{
src/xrpld/app/tx/detail/CreateOffer.cpp:404:                    takerAmount.out.issue(),
src/xrpld/app/tx/detail/CreateOffer.cpp:405:                    STAmount::cMaxValue / 2,
src/xrpld/app/tx/detail/CreateOffer.cpp:406:                    STAmount::cMaxOffset};
src/xrpld/app/tx/detail/CreateOffer.cpp:435:        auto afterCross = takerAmount;  // If !tesSUCCESS offer unchanged
src/xrpld/app/tx/detail/CreateOffer.cpp:438:            STAmount const takerInBalance = accountFunds(
src/xrpld/app/tx/detail/CreateOffer.cpp:439:                psb, account_, takerAmount.in, fhZERO_IF_FROZEN, j_);
src/xrpld/app/tx/detail/CreateOffer.cpp:450:                STAmount const rate{
src/xrpld/app/tx/detail/CreateOffer.cpp:451:                    Quality{takerAmount.out, takerAmount.in}.rate()};
src/xrpld/app/tx/detail/CreateOffer.cpp:461:                    // actualAmountIn that may have been consumed by a
src/xrpld/app/tx/detail/CreateOffer.cpp:463:                    STAmount nonGatewayAmountIn = result.actualAmountIn;
src/xrpld/app/tx/detail/CreateOffer.cpp:465:                        nonGatewayAmountIn = divideRound(
src/xrpld/app/tx/detail/CreateOffer.cpp:466:                            result.actualAmountIn,
src/xrpld/app/tx/detail/CreateOffer.cpp:468:                            takerAmount.in.issue(),
src/xrpld/app/tx/detail/CreateOffer.cpp:471:                    afterCross.in -= nonGatewayAmountIn;
src/xrpld/app/tx/detail/CreateOffer.cpp:490:                                takerAmount.out.issue(),
src/xrpld/app/tx/detail/CreateOffer.cpp:494:                            afterCross.in, rate, takerAmount.out.issue(), true);
src/xrpld/app/tx/detail/CreateOffer.cpp:502:                    afterCross.out -= result.actualAmountOut;
src/xrpld/app/tx/detail/CreateOffer.cpp:509:                        afterCross.out, rate, takerAmount.in.issue(), true);
src/xrpld/app/tx/detail/CreateOffer.cpp:521:    return {tecINTERNAL, takerAmount};
src/xrpld/app/tx/detail/CreateOffer.cpp:525:CreateOffer::format_amount(STAmount const& amount)
src/xrpld/app/tx/detail/CreateOffer.cpp:538:    STAmount const& saTakerPays,
src/xrpld/app/tx/detail/CreateOffer.cpp:539:    STAmount const& saTakerGets,
src/xrpld/app/tx/detail/CreateOffer.cpp:694:        Amounts const takerAmount(saTakerGets, saTakerPays);
src/xrpld/app/tx/detail/CreateOffer.cpp:697:                         << to_string(takerAmount.in.issue()) << " -> "
src/xrpld/app/tx/detail/CreateOffer.cpp:698:                         << to_string(takerAmount.out.issue());
src/xrpld/app/tx/detail/CreateOffer.cpp:704:            stream << "     in: " << format_amount(takerAmount.in);
src/xrpld/app/tx/detail/CreateOffer.cpp:705:            stream << "    out: " << format_amount(takerAmount.out);
src/xrpld/app/tx/detail/CreateOffer.cpp:711:        Amounts place_offer;
src/xrpld/app/tx/detail/CreateOffer.cpp:716:            flowCross(psbFlow, psbCancelFlow, takerAmount, domainID);
src/xrpld/app/tx/detail/CreateOffer.cpp:750:        if (takerAmount != place_offer)
src/xrpld/app/tx/detail/CreateOffer.cpp:760:            return {tefINTERNAL, true};
src/xrpld/app/tx/detail/CreateOffer.cpp:819:        return {tefINTERNAL, false};
src/xrpld/app/tx/detail/CreateOffer.cpp:822:        XRPAmount reserve =
src/xrpld/app/tx/detail/CreateOffer.cpp:823:            sb.fees().accountReserve(sleCreator->getFieldU32(sfOwnerCount) + 1);
src/xrpld/app/tx/detail/CreateOffer.cpp:846:    auto const ownerNode = sb.dirInsert(
src/xrpld/app/tx/detail/CreateOffer.cpp:859:    adjustOwnerCount(sb, sleCreator, 1, viewJ);
src/xrpld/app/tx/detail/CreateOffer.cpp:909:    sleOffer->setFieldAmount(sfTakerPays, saTakerPays);
src/xrpld/app/tx/detail/CreateOffer.cpp:910:    sleOffer->setFieldAmount(sfTakerGets, saTakerGets);
src/test/app/AMMClawback_test.cpp:19:#include <test/jtx/AMM.h>
src/test/app/AMMClawback_test.cpp:22:#include <xrpld/app/misc/AMMUtils.h>
src/test/app/AMMClawback_test.cpp:28:class AMMClawback_test : public beast::unit_test::suite
src/test/app/AMMClawback_test.cpp:44:            // gw sets asfAllowTrustLineClawback.
src/test/app/AMMClawback_test.cpp:45:            env(fset(gw, asfAllowTrustLineClawback));
src/test/app/AMMClawback_test.cpp:47:            env.require(flags(gw, asfAllowTrustLineClawback));
src/test/app/AMMClawback_test.cpp:53:            AMM amm(env, alice, XRP(100), USD(100));
src/test/app/AMMClawback_test.cpp:56:            env(amm::ammClawback(
src/test/app/AMMClawback_test.cpp:62:        // return terNO_AMM error.
src/test/app/AMMClawback_test.cpp:70:            // gw sets asfAllowTrustLineClawback.
src/test/app/AMMClawback_test.cpp:71:            env(fset(gw, asfAllowTrustLineClawback));
src/test/app/AMMClawback_test.cpp:73:            env.require(flags(gw, asfAllowTrustLineClawback));
src/test/app/AMMClawback_test.cpp:81:            // Withdraw all the tokens from the AMMAccount.
src/test/app/AMMClawback_test.cpp:82:            // The AMMAccount will be auto deleted.
src/test/app/AMMClawback_test.cpp:83:            AMM amm(env, gw, XRP(100), USD(100));
src/test/app/AMMClawback_test.cpp:88:            // The AMM account does not exist at all now.
src/test/app/AMMClawback_test.cpp:89:            // It should return terNO_AMM error.
src/test/app/AMMClawback_test.cpp:90:            env(amm::ammClawback(gw, alice, USD, gw["EUR"], std::nullopt),
src/test/app/AMMClawback_test.cpp:91:                ter(terNO_AMM));
src/test/app/AMMClawback_test.cpp:103:            // gw sets asfAllowTrustLineClawback.
src/test/app/AMMClawback_test.cpp:104:            env(fset(gw, asfAllowTrustLineClawback));
src/test/app/AMMClawback_test.cpp:106:            env.require(flags(gw, asfAllowTrustLineClawback));
src/test/app/AMMClawback_test.cpp:114:            AMM amm(env, gw, XRP(100), USD(100), ter(tesSUCCESS));
src/test/app/AMMClawback_test.cpp:117:            env(amm::ammClawback(gw, gw, USD, XRP, std::nullopt),
src/test/app/AMMClawback_test.cpp:121:            env(amm::ammClawback(alice, alice, USD, XRP, std::nullopt),
src/test/app/AMMClawback_test.cpp:125:        // Test if the Asset field matches the Account field.
src/test/app/AMMClawback_test.cpp:133:            // gw sets asfAllowTrustLineClawback.
src/test/app/AMMClawback_test.cpp:134:            env(fset(gw, asfAllowTrustLineClawback));
src/test/app/AMMClawback_test.cpp:136:            env.require(flags(gw, asfAllowTrustLineClawback));
src/test/app/AMMClawback_test.cpp:144:            AMM amm(env, gw, XRP(100), USD(100), ter(tesSUCCESS));
src/test/app/AMMClawback_test.cpp:146:            // The Asset's issuer field is alice, while the Account field is gw.
src/test/app/AMMClawback_test.cpp:148:            env(amm::ammClawback(
src/test/app/AMMClawback_test.cpp:157:        // Test if the Amount field matches the Asset field.
src/test/app/AMMClawback_test.cpp:165:            // gw sets asfAllowTrustLineClawback.
src/test/app/AMMClawback_test.cpp:166:            env(fset(gw, asfAllowTrustLineClawback));
src/test/app/AMMClawback_test.cpp:168:            env.require(flags(gw, asfAllowTrustLineClawback));
src/test/app/AMMClawback_test.cpp:176:            AMM amm(env, gw, XRP(100), USD(100), ter(tesSUCCESS));
src/test/app/AMMClawback_test.cpp:178:            // The Asset's issuer subfield is gw account and Amount's issuer
src/test/app/AMMClawback_test.cpp:181:            env(amm::ammClawback(
src/test/app/AMMClawback_test.cpp:186:                    STAmount{Issue{gw["USD"].currency, alice.id()}, 1}),
src/test/app/AMMClawback_test.cpp:190:        // Test if the Amount is invalid, which is less than zero.
src/test/app/AMMClawback_test.cpp:198:            // gw sets asfAllowTrustLineClawback.
src/test/app/AMMClawback_test.cpp:199:            env(fset(gw, asfAllowTrustLineClawback));
src/test/app/AMMClawback_test.cpp:201:            env.require(flags(gw, asfAllowTrustLineClawback));
src/test/app/AMMClawback_test.cpp:209:            AMM amm(env, gw, XRP(100), USD(100), ter(tesSUCCESS));
src/test/app/AMMClawback_test.cpp:211:            // Return temBAD_AMOUNT if the Amount value is less than 0.
src/test/app/AMMClawback_test.cpp:212:            env(amm::ammClawback(
src/test/app/AMMClawback_test.cpp:217:                    STAmount{Issue{gw["USD"].currency, gw.id()}, -1}),
src/test/app/AMMClawback_test.cpp:220:            // Return temBAD_AMOUNT if the Amount value is 0.
src/test/app/AMMClawback_test.cpp:221:            env(amm::ammClawback(
src/test/app/AMMClawback_test.cpp:226:                    STAmount{Issue{gw["USD"].currency, gw.id()}, 0}),
src/test/app/AMMClawback_test.cpp:230:        // Test if the issuer did not set asfAllowTrustLineClawback, AMMClawback
src/test/app/AMMClawback_test.cpp:247:            // gw creates AMM pool of XRP/USD.
src/test/app/AMMClawback_test.cpp:248:            AMM amm(env, gw, XRP(100), USD(100), ter(tesSUCCESS));
src/test/app/AMMClawback_test.cpp:250:            // If asfAllowTrustLineClawback is not set, the issuer is not
src/test/app/AMMClawback_test.cpp:251:            // allowed to send the AMMClawback transaction.
src/test/app/AMMClawback_test.cpp:252:            env(amm::ammClawback(gw, alice, USD, XRP, std::nullopt),
src/test/app/AMMClawback_test.cpp:253:                ter(tecNO_PERMISSION));
src/test/app/AMMClawback_test.cpp:264:            // gw sets asfAllowTrustLineClawback.
src/test/app/AMMClawback_test.cpp:265:            env(fset(gw, asfAllowTrustLineClawback));
src/test/app/AMMClawback_test.cpp:267:            env.require(flags(gw, asfAllowTrustLineClawback));
src/test/app/AMMClawback_test.cpp:275:            AMM amm(env, gw, XRP(100), USD(100), ter(tesSUCCESS));
src/test/app/AMMClawback_test.cpp:278:            env(amm::ammClawback(gw, alice, USD, XRP, std::nullopt),
src/test/app/AMMClawback_test.cpp:279:                txflags(tfTwoAssetIfEmpty),
src/test/app/AMMClawback_test.cpp:283:        // Test if tfClawTwoAssets is set when the two assets in the AMM pool
src/test/app/AMMClawback_test.cpp:292:            // gw sets asfAllowTrustLineClawback.
src/test/app/AMMClawback_test.cpp:293:            env(fset(gw, asfAllowTrustLineClawback));
src/test/app/AMMClawback_test.cpp:295:            env.require(flags(gw, asfAllowTrustLineClawback));
src/test/app/AMMClawback_test.cpp:303:            // gw creates AMM pool of XRP/USD.
src/test/app/AMMClawback_test.cpp:304:            AMM amm(env, gw, XRP(100), USD(100), ter(tesSUCCESS));
src/test/app/AMMClawback_test.cpp:306:            // Return temINVALID_FLAG because the issuer set tfClawTwoAssets,
src/test/app/AMMClawback_test.cpp:308:            // allowed to set tfClawTwoAssets flag if he did not issue both
src/test/app/AMMClawback_test.cpp:310:            env(amm::ammClawback(gw, alice, USD, XRP, std::nullopt),
src/test/app/AMMClawback_test.cpp:311:                txflags(tfClawTwoAssets),
src/test/app/AMMClawback_test.cpp:323:            // gw sets asfAllowTrustLineClawback.
src/test/app/AMMClawback_test.cpp:324:            env(fset(gw, asfAllowTrustLineClawback));
src/test/app/AMMClawback_test.cpp:326:            env.require(flags(gw, asfAllowTrustLineClawback));
src/test/app/AMMClawback_test.cpp:334:            // Alice creates AMM pool of XRP/USD.
src/test/app/AMMClawback_test.cpp:335:            AMM amm(env, alice, XRP(1000), USD(2000), ter(tesSUCCESS));
src/test/app/AMMClawback_test.cpp:338:            // Clawback XRP is prohibited.
src/test/app/AMMClawback_test.cpp:339:            env(amm::ammClawback(gw, alice, XRP, USD, std::nullopt),
src/test/app/AMMClawback_test.cpp:347:        testcase("test featureAMMClawback is not enabled.");
src/test/app/AMMClawback_test.cpp:349:        if (!features[featureAMMClawback])
src/test/app/AMMClawback_test.cpp:357:            // gw sets asfAllowTrustLineClawback.
src/test/app/AMMClawback_test.cpp:358:            env(fset(gw, asfAllowTrustLineClawback));
src/test/app/AMMClawback_test.cpp:360:            env.require(flags(gw, asfAllowTrustLineClawback));
src/test/app/AMMClawback_test.cpp:368:            // When featureAMMClawback is not enabled, AMMClawback is disabled.
src/test/app/AMMClawback_test.cpp:369:            // Because when featureAMMClawback is disabled, we can not create
src/test/app/AMMClawback_test.cpp:370:            // amm account, call amm::ammClawback directly for testing purpose.
src/test/app/AMMClawback_test.cpp:371:            env(amm::ammClawback(gw, alice, USD, XRP, std::nullopt),
src/test/app/AMMClawback_test.cpp:377:    testAMMClawbackSpecificAmount(FeatureBitset features)
src/test/app/AMMClawback_test.cpp:379:        testcase("test AMMClawback specific amount");
src/test/app/AMMClawback_test.cpp:382:        // Test AMMClawback for USD/EUR pool. The assets are issued by different
src/test/app/AMMClawback_test.cpp:392:            // gw sets asfAllowTrustLineClawback.
src/test/app/AMMClawback_test.cpp:393:            env(fset(gw, asfAllowTrustLineClawback));
src/test/app/AMMClawback_test.cpp:395:            env.require(flags(gw, asfAllowTrustLineClawback));
src/test/app/AMMClawback_test.cpp:413:            // Alice creates AMM pool of EUR/USD.
src/test/app/AMMClawback_test.cpp:414:            AMM amm(env, alice, EUR(1000), USD(2000), ter(tesSUCCESS));
src/test/app/AMMClawback_test.cpp:418:                USD(2000), EUR(1000), IOUAmount{1414213562373095, -12}));
src/test/app/AMMClawback_test.cpp:420:            // gw clawback 1000 USD from the AMM pool.
src/test/app/AMMClawback_test.cpp:421:            env(amm::ammClawback(gw, alice, USD, EUR, USD(1000)),
src/test/app/AMMClawback_test.cpp:427:            // back from the AMM pool, so she still has 1000 USD.
src/test/app/AMMClawback_test.cpp:437:            // 1000 USD and 500 EUR was withdrawn from the AMM pool, so the
src/test/app/AMMClawback_test.cpp:440:                USD(1000), EUR(500), IOUAmount{7071067811865475, -13}));
src/test/app/AMMClawback_test.cpp:444:                amm.expectLPTokens(alice, IOUAmount{7071067811865475, -13}));
src/test/app/AMMClawback_test.cpp:446:            // gw clawback another 1000 USD from the AMM pool. The AMM pool will
src/test/app/AMMClawback_test.cpp:448:            env(amm::ammClawback(gw, alice, USD, EUR, USD(1000)),
src/test/app/AMMClawback_test.cpp:453:            // AMM pool.
src/test/app/AMMClawback_test.cpp:466:        // Test AMMClawback for USD/XRP pool. Claw back USD, and XRP goes back
src/test/app/AMMClawback_test.cpp:475:            // gw sets asfAllowTrustLineClawback.
src/test/app/AMMClawback_test.cpp:476:            env(fset(gw, asfAllowTrustLineClawback));
src/test/app/AMMClawback_test.cpp:478:            env.require(flags(gw, asfAllowTrustLineClawback));
src/test/app/AMMClawback_test.cpp:488:            // Alice creates AMM pool of XRP/USD.
src/test/app/AMMClawback_test.cpp:489:            AMM amm(env, alice, XRP(1000), USD(2000), ter(tesSUCCESS));
src/test/app/AMMClawback_test.cpp:493:                USD(2000), XRP(1000), IOUAmount{1414213562373095, -9}));
src/test/app/AMMClawback_test.cpp:497:            // gw clawback 1000 USD from the AMM pool.
src/test/app/AMMClawback_test.cpp:498:            env(amm::ammClawback(gw, alice, USD, XRP, USD(1000)),
src/test/app/AMMClawback_test.cpp:504:            // back from the AMM pool, so she still has 1000 USD.
src/test/app/AMMClawback_test.cpp:513:            // 1000 USD and 500 XRP was withdrawn from the AMM pool, so the
src/test/app/AMMClawback_test.cpp:516:                USD(1000), XRP(500), IOUAmount{7071067811865475, -10}));
src/test/app/AMMClawback_test.cpp:520:                amm.expectLPTokens(alice, IOUAmount{7071067811865475, -10}));
src/test/app/AMMClawback_test.cpp:522:            // gw clawback another 1000 USD from the AMM pool. The AMM pool will
src/test/app/AMMClawback_test.cpp:524:            env(amm::ammClawback(gw, alice, USD, XRP, USD(1000)),
src/test/app/AMMClawback_test.cpp:529:            // AMM pool.
src/test/app/AMMClawback_test.cpp:543:    testAMMClawbackExceedBalance(FeatureBitset features)
src/test/app/AMMClawback_test.cpp:546:            "test AMMClawback specific amount which exceeds the current "
src/test/app/AMMClawback_test.cpp:550:        // Test AMMClawback for USD/EUR pool. The assets are issued by different
src/test/app/AMMClawback_test.cpp:552:        // holder. The last AMMClawback transaction exceeds the holder's USD
src/test/app/AMMClawback_test.cpp:553:        // balance in AMM pool.
src/test/app/AMMClawback_test.cpp:562:            // gw sets asfAllowTrustLineClawback.
src/test/app/AMMClawback_test.cpp:563:            env(fset(gw, asfAllowTrustLineClawback));
src/test/app/AMMClawback_test.cpp:565:            env.require(flags(gw, asfAllowTrustLineClawback));
src/test/app/AMMClawback_test.cpp:581:            // Alice creates AMM pool of EUR/USD
src/test/app/AMMClawback_test.cpp:582:            AMM amm(env, alice, EUR(5000), USD(4000), ter(tesSUCCESS));
src/test/app/AMMClawback_test.cpp:585:            if (!features[fixAMMv1_3])
src/test/app/AMMClawback_test.cpp:587:                    USD(4000), EUR(5000), IOUAmount{4472135954999580, -12}));
src/test/app/AMMClawback_test.cpp:590:                    USD(4000), EUR(5000), IOUAmount{4472135954999579, -12}));
src/test/app/AMMClawback_test.cpp:592:            // gw clawback 1000 USD from the AMM pool
src/test/app/AMMClawback_test.cpp:593:            env(amm::ammClawback(gw, alice, USD, EUR, USD(1000)),
src/test/app/AMMClawback_test.cpp:599:            // back from the AMM pool, so she still has 2000 USD.
src/test/app/AMMClawback_test.cpp:607:            // 1000 USD and 1250 EUR was withdrawn from the AMM pool, so the
src/test/app/AMMClawback_test.cpp:609:            if (!features[fixAMMv1_3])
src/test/app/AMMClawback_test.cpp:611:                    USD(3000), EUR(3750), IOUAmount{3354101966249685, -12}));
src/test/app/AMMClawback_test.cpp:614:                    USD(3000), EUR(3750), IOUAmount{3354101966249684, -12}));
src/test/app/AMMClawback_test.cpp:617:            if (!features[fixAMMv1_3])
src/test/app/AMMClawback_test.cpp:618:                BEAST_EXPECT(amm.expectLPTokens(
src/test/app/AMMClawback_test.cpp:619:                    alice, IOUAmount{3354101966249685, -12}));
src/test/app/AMMClawback_test.cpp:621:                BEAST_EXPECT(amm.expectLPTokens(
src/test/app/AMMClawback_test.cpp:622:                    alice, IOUAmount{3354101966249684, -12}));
src/test/app/AMMClawback_test.cpp:624:            // gw clawback another 500 USD from the AMM pool.
src/test/app/AMMClawback_test.cpp:625:            env(amm::ammClawback(gw, alice, USD, EUR, USD(500)),
src/test/app/AMMClawback_test.cpp:630:            // AMM pool.
src/test/app/AMMClawback_test.cpp:633:            if (!features[fixAMMv1_3])
src/test/app/AMMClawback_test.cpp:635:                    STAmount{USD, UINT64_C(2500000000000001), -12},
src/test/app/AMMClawback_test.cpp:636:                    STAmount{EUR, UINT64_C(3125000000000001), -12},
src/test/app/AMMClawback_test.cpp:637:                    IOUAmount{2795084971874738, -12}));
src/test/app/AMMClawback_test.cpp:640:                    USD(2500), EUR(3125), IOUAmount{2795084971874737, -12}));
src/test/app/AMMClawback_test.cpp:642:            if (!features[fixAMMv1_3])
src/test/app/AMMClawback_test.cpp:645:                    STAmount(EUR, UINT64_C(2874999999999999), -12));
src/test/app/AMMClawback_test.cpp:650:            env(amm::ammClawback(gw, alice, USD, EUR, USD(1)), ter(tesSUCCESS));
src/test/app/AMMClawback_test.cpp:656:            if (!features[fixAMMv1_3] && !features[fixAMMClawbackRounding])
src/test/app/AMMClawback_test.cpp:658:                    STAmount{USD, UINT64_C(2499000000000002), -12},
src/test/app/AMMClawback_test.cpp:659:                    STAmount{EUR, UINT64_C(3123750000000002), -12},
src/test/app/AMMClawback_test.cpp:660:                    IOUAmount{2793966937885989, -12}));
src/test/app/AMMClawback_test.cpp:661:            else if (!features[fixAMMClawbackRounding])
src/test/app/AMMClawback_test.cpp:663:                    USD(2499), EUR(3123.75), IOUAmount{2793966937885987, -12}));
src/test/app/AMMClawback_test.cpp:664:            else if (features[fixAMMClawbackRounding] && features[fixAMMv1_3])
src/test/app/AMMClawback_test.cpp:666:                    STAmount{USD, UINT64_C(2499000000000001), -12},
src/test/app/AMMClawback_test.cpp:667:                    STAmount{EUR, UINT64_C(3123750000000001), -12},
src/test/app/AMMClawback_test.cpp:668:                    IOUAmount{2793966937885988, -12}));
src/test/app/AMMClawback_test.cpp:670:            if (!features[fixAMMv1_3] && !features[fixAMMClawbackRounding])
src/test/app/AMMClawback_test.cpp:673:                    STAmount(EUR, UINT64_C(2876'249999999998), -12));
src/test/app/AMMClawback_test.cpp:674:            else if (!features[fixAMMClawbackRounding])
src/test/app/AMMClawback_test.cpp:676:            else if (features[fixAMMClawbackRounding] && features[fixAMMv1_3])
src/test/app/AMMClawback_test.cpp:679:                    STAmount(EUR, UINT64_C(2876'249999999999), -12));
src/test/app/AMMClawback_test.cpp:683:            env(amm::ammClawback(gw, alice, USD, EUR, USD(4000)),
src/test/app/AMMClawback_test.cpp:692:                STAmount(EUR, UINT64_C(6000000000000000), -12));
src/test/app/AMMClawback_test.cpp:698:        // Test AMMClawback for USD/XRP pool. Claw back USD for multiple times,
src/test/app/AMMClawback_test.cpp:699:        // and XRP goes back to the holder. The last AMMClawback transaction
src/test/app/AMMClawback_test.cpp:700:        // exceeds the holder's USD balance in AMM pool. In this case, gw
src/test/app/AMMClawback_test.cpp:701:        // creates the AMM pool USD/XRP, both alice and bob deposit into it. gw2
src/test/app/AMMClawback_test.cpp:702:        // creates the AMM pool EUR/XRP.
src/test/app/AMMClawback_test.cpp:712:            // gw sets asfAllowTrustLineClawback.
src/test/app/AMMClawback_test.cpp:713:            env(fset(gw, asfAllowTrustLineClawback));
src/test/app/AMMClawback_test.cpp:715:            env.require(flags(gw, asfAllowTrustLineClawback));
src/test/app/AMMClawback_test.cpp:717:            // gw2 sets asfAllowTrustLineClawback.
src/test/app/AMMClawback_test.cpp:718:            env(fset(gw2, asfAllowTrustLineClawback));
src/test/app/AMMClawback_test.cpp:720:            env.require(flags(gw2, asfAllowTrustLineClawback));
src/test/app/AMMClawback_test.cpp:738:            // gw creates AMM pool of XRP/USD, alice and bob deposit XRP/USD.
src/test/app/AMMClawback_test.cpp:739:            AMM amm(env, gw, XRP(2000), USD(1000), ter(tesSUCCESS));
src/test/app/AMMClawback_test.cpp:741:                USD(1000), XRP(2000), IOUAmount{1414213562373095, -9}));
src/test/app/AMMClawback_test.cpp:744:                USD(2000), XRP(4000), IOUAmount{2828427124746190, -9}));
src/test/app/AMMClawback_test.cpp:747:                USD(3000), XRP(6000), IOUAmount{4242640687119285, -9}));
src/test/app/AMMClawback_test.cpp:750:            // gw2 creates AMM pool of XRP/EUR, alice and bob deposit XRP/EUR.
src/test/app/AMMClawback_test.cpp:751:            AMM amm2(env, gw2, XRP(3000), EUR(1000), ter(tesSUCCESS));
src/test/app/AMMClawback_test.cpp:752:            if (!features[fixAMMv1_3])
src/test/app/AMMClawback_test.cpp:754:                    EUR(1000), XRP(3000), IOUAmount{1732050807568878, -9}));
src/test/app/AMMClawback_test.cpp:757:                    EUR(1000), XRP(3000), IOUAmount{1732050807568877, -9}));
src/test/app/AMMClawback_test.cpp:760:            if (!features[fixAMMv1_3])
src/test/app/AMMClawback_test.cpp:762:                    EUR(2000), XRP(6000), IOUAmount{3464101615137756, -9}));
src/test/app/AMMClawback_test.cpp:765:                    EUR(2000), XRP(6000), IOUAmount{3464101615137754, -9}));
src/test/app/AMMClawback_test.cpp:768:            if (!features[fixAMMv1_3])
src/test/app/AMMClawback_test.cpp:770:                    EUR(3000), XRP(9000), IOUAmount{5196152422706634, -9}));
src/test/app/AMMClawback_test.cpp:773:                    EUR(3000), XRP(9000), IOUAmount{5196152422706631, -9}));
src/test/app/AMMClawback_test.cpp:780:            env(amm::ammClawback(gw, alice, USD, XRP, USD(500)),
src/test/app/AMMClawback_test.cpp:786:            // back from the AMM pool, so she still has 5000 USD.
src/test/app/AMMClawback_test.cpp:793:            if (features[fixAMMClawbackRounding] && features[fixAMMv1_3])
src/test/app/AMMClawback_test.cpp:795:                    env, alice, aliceXrpBalance + XRP(1000) - XRPAmount(1)));
src/test/app/AMMClawback_test.cpp:801:            if (!features[fixAMMv1_3] && !features[fixAMMClawbackRounding])
src/test/app/AMMClawback_test.cpp:803:                    USD(2500), XRP(5000), IOUAmount{3535533905932738, -9}));
src/test/app/AMMClawback_test.cpp:804:            else if (!features[fixAMMClawbackRounding])
src/test/app/AMMClawback_test.cpp:806:                    USD(2500), XRP(5000), IOUAmount{3535533905932737, -9}));
src/test/app/AMMClawback_test.cpp:807:            else if (features[fixAMMClawbackRounding] && features[fixAMMv1_3])
src/test/app/AMMClawback_test.cpp:810:                    XRPAmount(5000000001),
src/test/app/AMMClawback_test.cpp:811:                    IOUAmount{3'535'533'905932738, -9}));
src/test/app/AMMClawback_test.cpp:813:            if (!features[fixAMMv1_3] && !features[fixAMMClawbackRounding])
src/test/app/AMMClawback_test.cpp:814:                BEAST_EXPECT(amm.expectLPTokens(
src/test/app/AMMClawback_test.cpp:815:                    alice, IOUAmount{7071067811865480, -10}));
src/test/app/AMMClawback_test.cpp:816:            else if (!features[fixAMMClawbackRounding])
src/test/app/AMMClawback_test.cpp:817:                BEAST_EXPECT(amm.expectLPTokens(
src/test/app/AMMClawback_test.cpp:818:                    alice, IOUAmount{7071067811865474, -10}));
src/test/app/AMMClawback_test.cpp:819:            else if (features[fixAMMClawbackRounding] && features[fixAMMv1_3])
src/test/app/AMMClawback_test.cpp:821:                    amm.expectLPTokens(alice, IOUAmount{707106781186548, -9}));
src/test/app/AMMClawback_test.cpp:824:                amm.expectLPTokens(bob, IOUAmount{1414213562373095, -9}));
src/test/app/AMMClawback_test.cpp:827:            env(amm::ammClawback(gw, bob, USD, XRP, USD(10)), ter(tesSUCCESS));
src/test/app/AMMClawback_test.cpp:838:            if (!features[fixAMMv1_3] && !features[fixAMMClawbackRounding])
src/test/app/AMMClawback_test.cpp:840:                    STAmount{USD, UINT64_C(2490000000000001), -12},
src/test/app/AMMClawback_test.cpp:842:                    IOUAmount{3521391770309008, -9}));
src/test/app/AMMClawback_test.cpp:843:            else if (!features[fixAMMClawbackRounding])
src/test/app/AMMClawback_test.cpp:845:                    USD(2'490), XRP(4980), IOUAmount{3521391770309006, -9}));
src/test/app/AMMClawback_test.cpp:846:            else if (features[fixAMMClawbackRounding] && features[fixAMMv1_3])
src/test/app/AMMClawback_test.cpp:848:                    STAmount{USD, UINT64_C(2490000000000001), -12},
src/test/app/AMMClawback_test.cpp:849:                    XRPAmount(4980000001),
src/test/app/AMMClawback_test.cpp:850:                    IOUAmount{3521391'770309008, -9}));
src/test/app/AMMClawback_test.cpp:852:            if (!features[fixAMMv1_3] && !features[fixAMMClawbackRounding])
src/test/app/AMMClawback_test.cpp:853:                BEAST_EXPECT(amm.expectLPTokens(
src/test/app/AMMClawback_test.cpp:854:                    alice, IOUAmount{7071067811865480, -10}));
src/test/app/AMMClawback_test.cpp:855:            else if (!features[fixAMMClawbackRounding])
src/test/app/AMMClawback_test.cpp:856:                BEAST_EXPECT(amm.expectLPTokens(
src/test/app/AMMClawback_test.cpp:857:                    alice, IOUAmount{7071067811865474, -10}));
src/test/app/AMMClawback_test.cpp:858:            else if (features[fixAMMClawbackRounding] && features[fixAMMv1_3])
src/test/app/AMMClawback_test.cpp:860:                    amm.expectLPTokens(alice, IOUAmount{707106781186548, -9}));
src/test/app/AMMClawback_test.cpp:862:            if (!features[fixAMMv1_3] && !features[fixAMMClawbackRounding])
src/test/app/AMMClawback_test.cpp:864:                    amm.expectLPTokens(bob, IOUAmount{1400071426749365, -9}));
src/test/app/AMMClawback_test.cpp:865:            else if (!features[fixAMMClawbackRounding])
src/test/app/AMMClawback_test.cpp:867:                    amm.expectLPTokens(bob, IOUAmount{1400071426749364, -9}));
src/test/app/AMMClawback_test.cpp:868:            else if (features[fixAMMClawbackRounding] && features[fixAMMv1_3])
src/test/app/AMMClawback_test.cpp:870:                    amm.expectLPTokens(bob, IOUAmount{1400071426749365, -9}));
src/test/app/AMMClawback_test.cpp:873:            env(amm::ammClawback(gw2, alice, EUR, XRP, EUR(200)),
src/test/app/AMMClawback_test.cpp:880:            if (!features[fixAMMv1_3] && !features[fixAMMClawbackRounding])
src/test/app/AMMClawback_test.cpp:883:            else if (!features[fixAMMClawbackRounding])
src/test/app/AMMClawback_test.cpp:886:            else if (features[fixAMMClawbackRounding] && features[fixAMMv1_3])
src/test/app/AMMClawback_test.cpp:888:                    env, alice, aliceXrpBalance + XRP(600) - XRPAmount{1}));
src/test/app/AMMClawback_test.cpp:891:            if (!features[fixAMMv1_3] && !features[fixAMMClawbackRounding])
src/test/app/AMMClawback_test.cpp:893:                    EUR(2800), XRP(8400), IOUAmount{4849742261192859, -9}));
src/test/app/AMMClawback_test.cpp:894:            else if (!features[fixAMMClawbackRounding])
src/test/app/AMMClawback_test.cpp:896:                    EUR(2800), XRP(8400), IOUAmount{4849742261192856, -9}));
src/test/app/AMMClawback_test.cpp:897:            else if (features[fixAMMv1_3] && features[fixAMMClawbackRounding])
src/test/app/AMMClawback_test.cpp:900:                    XRPAmount(8400000001),
src/test/app/AMMClawback_test.cpp:901:                    IOUAmount{4849742261192856, -9}));
src/test/app/AMMClawback_test.cpp:903:            if (!features[fixAMMv1_3])
src/test/app/AMMClawback_test.cpp:904:                BEAST_EXPECT(amm2.expectLPTokens(
src/test/app/AMMClawback_test.cpp:905:                    alice, IOUAmount{1385640646055103, -9}));
src/test/app/AMMClawback_test.cpp:907:                BEAST_EXPECT(amm2.expectLPTokens(
src/test/app/AMMClawback_test.cpp:908:                    alice, IOUAmount{1385640646055102, -9}));
src/test/app/AMMClawback_test.cpp:909:            if (!features[fixAMMv1_3])
src/test/app/AMMClawback_test.cpp:911:                    amm2.expectLPTokens(bob, IOUAmount{1732050807568878, -9}));
src/test/app/AMMClawback_test.cpp:914:                    amm2.expectLPTokens(bob, IOUAmount{1732050807568877, -9}));
src/test/app/AMMClawback_test.cpp:919:            env(amm::ammClawback(gw, alice, USD, XRP, USD(1000)),
src/test/app/AMMClawback_test.cpp:927:            if (!features[fixAMMv1_3] && !features[fixAMMClawbackRounding])
src/test/app/AMMClawback_test.cpp:930:            else if (!features[fixAMMClawbackRounding])
src/test/app/AMMClawback_test.cpp:932:                    env, alice, aliceXrpBalance + XRP(1000) - XRPAmount{1}));
src/test/app/AMMClawback_test.cpp:933:            else if (features[fixAMMv1_3] && features[fixAMMClawbackRounding])
src/test/app/AMMClawback_test.cpp:938:            BEAST_EXPECT(amm.expectLPTokens(alice, IOUAmount(0)));
src/test/app/AMMClawback_test.cpp:939:            if (!features[fixAMMv1_3] && !features[fixAMMClawbackRounding])
src/test/app/AMMClawback_test.cpp:941:                    amm.expectLPTokens(bob, IOUAmount{1400071426749365, -9}));
src/test/app/AMMClawback_test.cpp:942:            else if (!features[fixAMMClawbackRounding])
src/test/app/AMMClawback_test.cpp:944:                    amm.expectLPTokens(bob, IOUAmount{1400071426749364, -9}));
src/test/app/AMMClawback_test.cpp:945:            else if (features[fixAMMClawbackRounding] && features[fixAMMv1_3])
src/test/app/AMMClawback_test.cpp:947:                    amm.expectLPTokens(bob, IOUAmount{1400071426749365, -9}));
src/test/app/AMMClawback_test.cpp:949:            if (!features[fixAMMv1_3] && !features[fixAMMClawbackRounding])
src/test/app/AMMClawback_test.cpp:951:                    STAmount{USD, UINT64_C(1990000000000001), -12},
src/test/app/AMMClawback_test.cpp:953:                    IOUAmount{2814284989122460, -9}));
src/test/app/AMMClawback_test.cpp:954:            else if (!features[fixAMMClawbackRounding])
src/test/app/AMMClawback_test.cpp:957:                    XRPAmount{3'980'000'001},
src/test/app/AMMClawback_test.cpp:958:                    IOUAmount{2814284989122459, -9}));
src/test/app/AMMClawback_test.cpp:959:            else if (features[fixAMMv1_3] && features[fixAMMClawbackRounding])
src/test/app/AMMClawback_test.cpp:961:                    STAmount{USD, UINT64_C(1990000000000001), -12},
src/test/app/AMMClawback_test.cpp:962:                    XRPAmount{3'980'000'001},
src/test/app/AMMClawback_test.cpp:963:                    IOUAmount{2814284989122460, -9}));
src/test/app/AMMClawback_test.cpp:968:            env(amm::ammClawback(gw, bob, USD, XRP, USD(1000)),
src/test/app/AMMClawback_test.cpp:982:            BEAST_EXPECT(amm.expectLPTokens(alice, IOUAmount(0)));
src/test/app/AMMClawback_test.cpp:983:            BEAST_EXPECT(amm.expectLPTokens(bob, IOUAmount(0)));
src/test/app/AMMClawback_test.cpp:988:            env(amm::ammClawback(gw2, alice, EUR, XRP, EUR(1000)),
src/test/app/AMMClawback_test.cpp:1004:            BEAST_EXPECT(amm2.expectLPTokens(alice, IOUAmount(0)));
src/test/app/AMMClawback_test.cpp:1006:            if (!features[fixAMMv1_3] && !features[fixAMMClawbackRounding])
src/test/app/AMMClawback_test.cpp:1008:                    EUR(2000), XRP(6000), IOUAmount{3464101615137756, -9}));
src/test/app/AMMClawback_test.cpp:1009:            else if (!features[fixAMMClawbackRounding])
src/test/app/AMMClawback_test.cpp:1011:                    EUR(2000), XRP(6000), IOUAmount{3464101615137754, -9}));
src/test/app/AMMClawback_test.cpp:1012:            else if (features[fixAMMv1_3] && features[fixAMMClawbackRounding])
src/test/app/AMMClawback_test.cpp:1015:                    XRPAmount(6000000001),
src/test/app/AMMClawback_test.cpp:1016:                    IOUAmount{3464101615137754, -9}));
src/test/app/AMMClawback_test.cpp:1021:            env(amm::ammClawback(gw2, bob, EUR, XRP, EUR(2000)),
src/test/app/AMMClawback_test.cpp:1037:            BEAST_EXPECT(amm2.expectLPTokens(alice, IOUAmount(0)));
src/test/app/AMMClawback_test.cpp:1038:            BEAST_EXPECT(amm2.expectLPTokens(bob, IOUAmount(0)));
src/test/app/AMMClawback_test.cpp:1040:            if (!features[fixAMMv1_3] && !features[fixAMMClawbackRounding])
src/test/app/AMMClawback_test.cpp:1042:                    EUR(1000), XRP(3000), IOUAmount{1732050807568878, -9}));
src/test/app/AMMClawback_test.cpp:1043:            else if (!features[fixAMMClawbackRounding])
src/test/app/AMMClawback_test.cpp:1045:                    EUR(1000), XRP(3000), IOUAmount{1732050807568877, -9}));
src/test/app/AMMClawback_test.cpp:1046:            else if (features[fixAMMv1_3] && features[fixAMMClawbackRounding])
src/test/app/AMMClawback_test.cpp:1049:                    XRPAmount(3000000001),
src/test/app/AMMClawback_test.cpp:1050:                    IOUAmount{1732050807568877, -9}));
src/test/app/AMMClawback_test.cpp:1055:    testAMMClawbackAll(FeatureBitset features)
src/test/app/AMMClawback_test.cpp:1057:        testcase("test AMMClawback all the tokens in the AMM pool");
src/test/app/AMMClawback_test.cpp:1060:        // Test AMMClawback for USD/EUR pool. The assets are issued by different
src/test/app/AMMClawback_test.cpp:1072:            // gw sets asfAllowTrustLineClawback.
src/test/app/AMMClawback_test.cpp:1073:            env(fset(gw, asfAllowTrustLineClawback));
src/test/app/AMMClawback_test.cpp:1075:            env.require(flags(gw, asfAllowTrustLineClawback));
src/test/app/AMMClawback_test.cpp:1077:            // gw2 sets asfAllowTrustLineClawback.
src/test/app/AMMClawback_test.cpp:1078:            env(fset(gw2, asfAllowTrustLineClawback));
src/test/app/AMMClawback_test.cpp:1080:            env.require(flags(gw2, asfAllowTrustLineClawback));
src/test/app/AMMClawback_test.cpp:1104:            // Alice creates AMM pool of EUR/USD
src/test/app/AMMClawback_test.cpp:1105:            AMM amm(env, alice, EUR(5000), USD(4000), ter(tesSUCCESS));
src/test/app/AMMClawback_test.cpp:1108:            if (!features[fixAMMv1_3])
src/test/app/AMMClawback_test.cpp:1110:                    USD(4000), EUR(5000), IOUAmount{4472135954999580, -12}));
src/test/app/AMMClawback_test.cpp:1113:                    USD(4000), EUR(5000), IOUAmount{4472135954999579, -12}));
src/test/app/AMMClawback_test.cpp:1115:            if (!features[fixAMMv1_3])
src/test/app/AMMClawback_test.cpp:1117:                    USD(6000), EUR(7500), IOUAmount{6708203932499370, -12}));
src/test/app/AMMClawback_test.cpp:1120:                    USD(6000), EUR(7500), IOUAmount{6708203932499368, -12}));
src/test/app/AMMClawback_test.cpp:1122:            if (!features[fixAMMv1_3])
src/test/app/AMMClawback_test.cpp:1124:                    USD(7000), EUR(8750), IOUAmount{7826237921249265, -12}));
src/test/app/AMMClawback_test.cpp:1127:                    USD(7000), EUR(8750), IOUAmount{7826237921249262, -12}));
src/test/app/AMMClawback_test.cpp:1129:            if (!features[fixAMMv1_3])
src/test/app/AMMClawback_test.cpp:1130:                BEAST_EXPECT(amm.expectLPTokens(
src/test/app/AMMClawback_test.cpp:1131:                    alice, IOUAmount{4472135954999580, -12}));
src/test/app/AMMClawback_test.cpp:1133:                BEAST_EXPECT(amm.expectLPTokens(
src/test/app/AMMClawback_test.cpp:1134:                    alice, IOUAmount{4472135954999579, -12}));
src/test/app/AMMClawback_test.cpp:1135:            if (!features[fixAMMv1_3])
src/test/app/AMMClawback_test.cpp:1137:                    amm.expectLPTokens(bob, IOUAmount{2236067977499790, -12}));
src/test/app/AMMClawback_test.cpp:1140:                    amm.expectLPTokens(bob, IOUAmount{2236067977499789, -12}));
src/test/app/AMMClawback_test.cpp:1141:            if (!features[fixAMMv1_3])
src/test/app/AMMClawback_test.cpp:1142:                BEAST_EXPECT(amm.expectLPTokens(
src/test/app/AMMClawback_test.cpp:1143:                    carol, IOUAmount{1118033988749895, -12}));
src/test/app/AMMClawback_test.cpp:1145:                BEAST_EXPECT(amm.expectLPTokens(
src/test/app/AMMClawback_test.cpp:1146:                    carol, IOUAmount{1118033988749894, -12}));
src/test/app/AMMClawback_test.cpp:1156:            env(amm::ammClawback(gw, bob, USD, EUR, std::nullopt),
src/test/app/AMMClawback_test.cpp:1160:            if (!features[fixAMMv1_3])
src/test/app/AMMClawback_test.cpp:1162:                    STAmount{USD, UINT64_C(4999999999999999), -12},
src/test/app/AMMClawback_test.cpp:1163:                    STAmount{EUR, UINT64_C(6249999999999999), -12},
src/test/app/AMMClawback_test.cpp:1164:                    IOUAmount{5590169943749475, -12}));
src/test/app/AMMClawback_test.cpp:1167:                    STAmount{USD, UINT64_C(5000000000000001), -12},
src/test/app/AMMClawback_test.cpp:1168:                    STAmount{EUR, UINT64_C(6250000000000001), -12},
src/test/app/AMMClawback_test.cpp:1169:                    IOUAmount{5590169943749473, -12}));
src/test/app/AMMClawback_test.cpp:1171:            if (!features[fixAMMv1_3])
src/test/app/AMMClawback_test.cpp:1172:                BEAST_EXPECT(amm.expectLPTokens(
src/test/app/AMMClawback_test.cpp:1173:                    alice, IOUAmount{4472135954999580, -12}));
src/test/app/AMMClawback_test.cpp:1175:                BEAST_EXPECT(amm.expectLPTokens(
src/test/app/AMMClawback_test.cpp:1176:                    alice, IOUAmount{4472135954999579, -12}));
src/test/app/AMMClawback_test.cpp:1177:            BEAST_EXPECT(amm.expectLPTokens(bob, IOUAmount(0)));
src/test/app/AMMClawback_test.cpp:1178:            if (!features[fixAMMv1_3])
src/test/app/AMMClawback_test.cpp:1179:                BEAST_EXPECT(amm.expectLPTokens(
src/test/app/AMMClawback_test.cpp:1180:                    carol, IOUAmount{1118033988749895, -12}));
src/test/app/AMMClawback_test.cpp:1182:                BEAST_EXPECT(amm.expectLPTokens(
src/test/app/AMMClawback_test.cpp:1183:                    carol, IOUAmount{1118033988749894, -12}));
src/test/app/AMMClawback_test.cpp:1190:                STAmount(USD, UINT64_C(3000000000000000), -12));
src/test/app/AMMClawback_test.cpp:1192:            if (!features[fixAMMv1_3])
src/test/app/AMMClawback_test.cpp:1195:                    STAmount(EUR, UINT64_C(5000000000000001), -12));
src/test/app/AMMClawback_test.cpp:1199:                    STAmount(EUR, UINT64_C(4999999999999999), -12));
src/test/app/AMMClawback_test.cpp:1204:            env(amm::ammClawback(gw2, carol, EUR, USD, std::nullopt),
src/test/app/AMMClawback_test.cpp:1207:            if (!features[fixAMMv1_3])
src/test/app/AMMClawback_test.cpp:1209:                    STAmount{USD, UINT64_C(3999999999999999), -12},
src/test/app/AMMClawback_test.cpp:1210:                    STAmount{EUR, UINT64_C(4999999999999999), -12},
src/test/app/AMMClawback_test.cpp:1211:                    IOUAmount{4472135954999580, -12}));
src/test/app/AMMClawback_test.cpp:1214:                    STAmount{USD, UINT64_C(4000000000000001), -12},
src/test/app/AMMClawback_test.cpp:1215:                    STAmount{EUR, UINT64_C(5000000000000002), -12},
src/test/app/AMMClawback_test.cpp:1216:                    IOUAmount{4472135954999579, -12}));
src/test/app/AMMClawback_test.cpp:1218:            if (!features[fixAMMv1_3])
src/test/app/AMMClawback_test.cpp:1219:                BEAST_EXPECT(amm.expectLPTokens(
src/test/app/AMMClawback_test.cpp:1220:                    alice, IOUAmount{4472135954999580, -12}));
src/test/app/AMMClawback_test.cpp:1222:                BEAST_EXPECT(amm.expectLPTokens(
src/test/app/AMMClawback_test.cpp:1223:                    alice, IOUAmount{4472135954999579, -12}));
src/test/app/AMMClawback_test.cpp:1224:            BEAST_EXPECT(amm.expectLPTokens(bob, IOUAmount(0)));
src/test/app/AMMClawback_test.cpp:1225:            BEAST_EXPECT(amm.expectLPTokens(carol, IOUAmount(0)));
src/test/app/AMMClawback_test.cpp:1228:            env(amm::ammClawback(gw2, alice, EUR, USD, std::nullopt),
src/test/app/AMMClawback_test.cpp:1237:        // Test AMMClawback for USD/XRP pool. Claw back all the USD for
src/test/app/AMMClawback_test.cpp:1247:            // gw sets asfAllowTrustLineClawback
src/test/app/AMMClawback_test.cpp:1248:            env(fset(gw, asfAllowTrustLineClawback));
src/test/app/AMMClawback_test.cpp:1250:            env.require(flags(gw, asfAllowTrustLineClawback));
src/test/app/AMMClawback_test.cpp:1260:            // gw creates AMM pool of XRP/USD, alice and bob deposit XRP/USD.
src/test/app/AMMClawback_test.cpp:1261:            AMM amm(env, gw, XRP(2000), USD(10000), ter(tesSUCCESS));
src/test/app/AMMClawback_test.cpp:1262:            if (!features[fixAMMv1_3])
src/test/app/AMMClawback_test.cpp:1264:                    USD(10000), XRP(2000), IOUAmount{4472135954999580, -9}));
src/test/app/AMMClawback_test.cpp:1267:                    USD(10000), XRP(2000), IOUAmount{4472135954999579, -9}));
src/test/app/AMMClawback_test.cpp:1269:            if (!features[fixAMMv1_3])
src/test/app/AMMClawback_test.cpp:1271:                    USD(11000), XRP(2200), IOUAmount{4919349550499538, -9}));
src/test/app/AMMClawback_test.cpp:1274:                    USD(11000), XRP(2200), IOUAmount{4919349550499536, -9}));
src/test/app/AMMClawback_test.cpp:1276:            if (!features[fixAMMv1_3])
src/test/app/AMMClawback_test.cpp:1278:                    USD(13000), XRP(2600), IOUAmount{5813776741499453, -9}));
src/test/app/AMMClawback_test.cpp:1281:                    USD(13000), XRP(2600), IOUAmount{5813776741499451, -9}));
src/test/app/AMMClawback_test.cpp:1288:            env(amm::ammClawback(gw, alice, USD, XRP, std::nullopt),
src/test/app/AMMClawback_test.cpp:1291:            if (!features[fixAMMv1_3])
src/test/app/AMMClawback_test.cpp:1293:                    USD(12000), XRP(2400), IOUAmount{5366563145999495, -9}));
src/test/app/AMMClawback_test.cpp:1297:                    XRPAmount(2400000001),
src/test/app/AMMClawback_test.cpp:1298:                    IOUAmount{5366563145999494, -9}));
src/test/app/AMMClawback_test.cpp:1299:            if (!features[fixAMMv1_3])
src/test/app/AMMClawback_test.cpp:1304:                    env, alice, aliceXrpBalance + XRP(200) - XRPAmount{1}));
src/test/app/AMMClawback_test.cpp:1305:            BEAST_EXPECT(amm.expectLPTokens(alice, IOUAmount(0)));
src/test/app/AMMClawback_test.cpp:1308:            env(amm::ammClawback(gw, bob, USD, XRP, std::nullopt),
src/test/app/AMMClawback_test.cpp:1311:            if (!features[fixAMMv1_3])
src/test/app/AMMClawback_test.cpp:1313:                    USD(10000), XRP(2000), IOUAmount{4472135954999580, -9}));
src/test/app/AMMClawback_test.cpp:1317:                    XRPAmount(2000000001),
src/test/app/AMMClawback_test.cpp:1318:                    IOUAmount{4472135954999579, -9}));
src/test/app/AMMClawback_test.cpp:1321:            BEAST_EXPECT(amm.expectLPTokens(alice, IOUAmount(0)));
src/test/app/AMMClawback_test.cpp:1322:            BEAST_EXPECT(amm.expectLPTokens(bob, IOUAmount(0)));
src/test/app/AMMClawback_test.cpp:1327:    testAMMClawbackSameIssuerAssets(FeatureBitset features)
src/test/app/AMMClawback_test.cpp:1330:            "test AMMClawback from AMM pool with assets having the same "
src/test/app/AMMClawback_test.cpp:1334:        // Test AMMClawback for USD/EUR pool. The assets are issued by different
src/test/app/AMMClawback_test.cpp:1344:        // gw sets asfAllowTrustLineClawback.
src/test/app/AMMClawback_test.cpp:1345:        env(fset(gw, asfAllowTrustLineClawback));
src/test/app/AMMClawback_test.cpp:1347:        env.require(flags(gw, asfAllowTrustLineClawback));
src/test/app/AMMClawback_test.cpp:1367:        AMM amm(env, alice, EUR(2000), USD(8000), ter(tesSUCCESS));
src/test/app/AMMClawback_test.cpp:1370:        BEAST_EXPECT(amm.expectBalances(USD(8000), EUR(2000), IOUAmount(4000)));
src/test/app/AMMClawback_test.cpp:1373:            amm.expectBalances(USD(12000), EUR(3000), IOUAmount(6000)));
src/test/app/AMMClawback_test.cpp:1374:        if (!features[fixAMMv1_3])
src/test/app/AMMClawback_test.cpp:1379:            amm.expectBalances(USD(14000), EUR(3500), IOUAmount(7000)));
src/test/app/AMMClawback_test.cpp:1381:        env(amm::ammClawback(gw, carol, USD, EUR, USD(1000)), ter(tesSUCCESS));
src/test/app/AMMClawback_test.cpp:1384:            amm.expectBalances(USD(13000), EUR(3250), IOUAmount(6500)));
src/test/app/AMMClawback_test.cpp:1386:        BEAST_EXPECT(amm.expectLPTokens(alice, IOUAmount(4000)));
src/test/app/AMMClawback_test.cpp:1387:        BEAST_EXPECT(amm.expectLPTokens(bob, IOUAmount(2000)));
src/test/app/AMMClawback_test.cpp:1388:        BEAST_EXPECT(amm.expectLPTokens(carol, IOUAmount(500)));
src/test/app/AMMClawback_test.cpp:1393:        if (!features[fixAMMv1_3])
src/test/app/AMMClawback_test.cpp:1398:                STAmount(USD, UINT64_C(5999'999999999999), -12));
src/test/app/AMMClawback_test.cpp:1402:        // gw clawback 1000 USD from bob with tfClawTwoAssets flag.
src/test/app/AMMClawback_test.cpp:1405:        env(amm::ammClawback(gw, bob, USD, EUR, USD(1000)),
src/test/app/AMMClawback_test.cpp:1406:            txflags(tfClawTwoAssets),
src/test/app/AMMClawback_test.cpp:1410:            amm.expectBalances(USD(12000), EUR(3000), IOUAmount(6000)));
src/test/app/AMMClawback_test.cpp:1412:        BEAST_EXPECT(amm.expectLPTokens(alice, IOUAmount(4000)));
src/test/app/AMMClawback_test.cpp:1413:        BEAST_EXPECT(amm.expectLPTokens(bob, IOUAmount(1500)));
src/test/app/AMMClawback_test.cpp:1414:        BEAST_EXPECT(amm.expectLPTokens(carol, IOUAmount(500)));
src/test/app/AMMClawback_test.cpp:1418:        // 250 EUR did not go back to bob because tfClawTwoAssets is set.
src/test/app/AMMClawback_test.cpp:1420:        if (!features[fixAMMv1_3])
src/test/app/AMMClawback_test.cpp:1425:                STAmount(USD, UINT64_C(5999'999999999999), -12));
src/test/app/AMMClawback_test.cpp:1428:        // gw clawback all USD from alice and set tfClawTwoAssets.
src/test/app/AMMClawback_test.cpp:1429:        env(amm::ammClawback(gw, alice, USD, EUR, std::nullopt),
src/test/app/AMMClawback_test.cpp:1430:            txflags(tfClawTwoAssets),
src/test/app/AMMClawback_test.cpp:1433:        BEAST_EXPECT(amm.expectBalances(USD(4000), EUR(1000), IOUAmount(2000)));
src/test/app/AMMClawback_test.cpp:1435:        BEAST_EXPECT(amm.expectLPTokens(alice, IOUAmount(0)));
src/test/app/AMMClawback_test.cpp:1436:        BEAST_EXPECT(amm.expectLPTokens(bob, IOUAmount(1500)));
src/test/app/AMMClawback_test.cpp:1437:        BEAST_EXPECT(amm.expectLPTokens(carol, IOUAmount(500)));
src/test/app/AMMClawback_test.cpp:1442:        if (!features[fixAMMv1_3])
src/test/app/AMMClawback_test.cpp:1447:                STAmount(USD, UINT64_C(5999'999999999999), -12));
src/test/app/AMMClawback_test.cpp:1452:    testAMMClawbackSameCurrency(FeatureBitset features)
src/test/app/AMMClawback_test.cpp:1455:            "test AMMClawback from AMM pool with assets having the same "
src/test/app/AMMClawback_test.cpp:1459:        // Test AMMClawback for USD/EUR pool. The assets are issued by different
src/test/app/AMMClawback_test.cpp:1469:        // gw sets asfAllowTrustLineClawback.
src/test/app/AMMClawback_test.cpp:1470:        env(fset(gw, asfAllowTrustLineClawback));
src/test/app/AMMClawback_test.cpp:1472:        env.require(flags(gw, asfAllowTrustLineClawback));
src/test/app/AMMClawback_test.cpp:1474:        // gw2 sets asfAllowTrustLineClawback.
src/test/app/AMMClawback_test.cpp:1475:        env(fset(gw2, asfAllowTrustLineClawback));
src/test/app/AMMClawback_test.cpp:1477:        env.require(flags(gw2, asfAllowTrustLineClawback));
src/test/app/AMMClawback_test.cpp:1490:        AMM amm(env, alice, gw["USD"](1000), gw2["USD"](1500), ter(tesSUCCESS));
src/test/app/AMMClawback_test.cpp:1496:            IOUAmount{1224744871391589, -12}));
src/test/app/AMMClawback_test.cpp:1501:            IOUAmount{3674234614174767, -12}));
src/test/app/AMMClawback_test.cpp:1504:        env(amm::ammClawback(
src/test/app/AMMClawback_test.cpp:1509:                STAmount{Issue{gw2["USD"].currency, gw2.id()}, 500}),
src/test/app/AMMClawback_test.cpp:1513:        env(amm::ammClawback(
src/test/app/AMMClawback_test.cpp:1518:                STAmount{Issue{gw2["USD"].currency, gw2.id()}, 500}),
src/test/app/AMMClawback_test.cpp:1522:            STAmount{gw["USD"], UINT64_C(2666666666666667), -12},
src/test/app/AMMClawback_test.cpp:1524:            IOUAmount{3265986323710904, -12}));
src/test/app/AMMClawback_test.cpp:1527:            amm.expectLPTokens(alice, IOUAmount{8164965809277260, -13}));
src/test/app/AMMClawback_test.cpp:1528:        BEAST_EXPECT(amm.expectLPTokens(bob, IOUAmount{2449489742783178, -12}));
src/test/app/AMMClawback_test.cpp:1531:            STAmount(gw["USD"], UINT64_C(7333333333333333), -12));
src/test/app/AMMClawback_test.cpp:1537:        env(amm::ammClawback(gw, bob, gw["USD"], gw2["USD"], std::nullopt),
src/test/app/AMMClawback_test.cpp:1541:            STAmount{gw["USD"], UINT64_C(6666666666666670), -13},
src/test/app/AMMClawback_test.cpp:1543:            IOUAmount{8164965809277260, -13}));
src/test/app/AMMClawback_test.cpp:1546:            amm.expectLPTokens(alice, IOUAmount{8164965809277260, -13}));
src/test/app/AMMClawback_test.cpp:1547:        BEAST_EXPECT(amm.expectLPTokens(bob, IOUAmount(0)));
src/test/app/AMMClawback_test.cpp:1550:            STAmount(gw["USD"], UINT64_C(7333333333333333), -12));
src/test/app/AMMClawback_test.cpp:1558:    testAMMClawbackIssuesEachOther(FeatureBitset features)
src/test/app/AMMClawback_test.cpp:1560:        testcase("test AMMClawback when issuing token for each other");
src/test/app/AMMClawback_test.cpp:1563:        // gw and gw2 issues token for each other. Test AMMClawback from
src/test/app/AMMClawback_test.cpp:1572:        // gw sets asfAllowTrustLineClawback.
src/test/app/AMMClawback_test.cpp:1573:        env(fset(gw, asfAllowTrustLineClawback));
src/test/app/AMMClawback_test.cpp:1575:        env.require(flags(gw, asfAllowTrustLineClawback));
src/test/app/AMMClawback_test.cpp:1577:        // gw2 sets asfAllowTrustLineClawback.
src/test/app/AMMClawback_test.cpp:1578:        env(fset(gw2, asfAllowTrustLineClawback));
src/test/app/AMMClawback_test.cpp:1580:        env.require(flags(gw2, asfAllowTrustLineClawback));
src/test/app/AMMClawback_test.cpp:1595:        AMM amm(env, gw, USD(1000), EUR(2000), ter(tesSUCCESS));
src/test/app/AMMClawback_test.cpp:1598:            USD(1000), EUR(2000), IOUAmount{1414213562373095, -12}));
src/test/app/AMMClawback_test.cpp:1602:            USD(3000), EUR(6000), IOUAmount{4242640687119285, -12}));
src/test/app/AMMClawback_test.cpp:1606:            USD(6000), EUR(12000), IOUAmount{8485281374238570, -12}));
src/test/app/AMMClawback_test.cpp:1608:        BEAST_EXPECT(amm.expectLPTokens(gw, IOUAmount{1414213562373095, -12}));
src/test/app/AMMClawback_test.cpp:1609:        BEAST_EXPECT(amm.expectLPTokens(gw2, IOUAmount{2828427124746190, -12}));
src/test/app/AMMClawback_test.cpp:1611:            amm.expectLPTokens(alice, IOUAmount{4242640687119285, -12}));
src/test/app/AMMClawback_test.cpp:1614:        env(amm::ammClawback(gw, gw2, USD, EUR, USD(1000)), ter(tesSUCCESS));
src/test/app/AMMClawback_test.cpp:1616:        if (!features[fixAMMv1_3] || !features[fixAMMClawbackRounding])
src/test/app/AMMClawback_test.cpp:1618:                USD(5000), EUR(10000), IOUAmount{7071067811865475, -12}));
src/test/app/AMMClawback_test.cpp:1621:                USD(5000), EUR(10000), IOUAmount{7071067811865474, -12}));
src/test/app/AMMClawback_test.cpp:1623:        BEAST_EXPECT(amm.expectLPTokens(gw, IOUAmount{1414213562373095, -12}));
src/test/app/AMMClawback_test.cpp:1624:        if (!features[fixAMMv1_3] || !features[fixAMMClawbackRounding])
src/test/app/AMMClawback_test.cpp:1626:                amm.expectLPTokens(gw2, IOUAmount{1414213562373095, -12}));
src/test/app/AMMClawback_test.cpp:1629:                amm.expectLPTokens(gw2, IOUAmount{1414213562373094, -12}));
src/test/app/AMMClawback_test.cpp:1631:            amm.expectLPTokens(alice, IOUAmount{4242640687119285, -12}));
src/test/app/AMMClawback_test.cpp:1639:        env(amm::ammClawback(gw2, gw, EUR, USD, EUR(1000)), ter(tesSUCCESS));
src/test/app/AMMClawback_test.cpp:1641:        if (!features[fixAMMv1_3] && !features[fixAMMClawbackRounding])
src/test/app/AMMClawback_test.cpp:1644:                STAmount(EUR, UINT64_C(9000000000000001), -12),
src/test/app/AMMClawback_test.cpp:1645:                IOUAmount{6363961030678928, -12}));
src/test/app/AMMClawback_test.cpp:1646:        else if (!features[fixAMMClawbackRounding])
src/test/app/AMMClawback_test.cpp:1648:                USD(4500), EUR(9000), IOUAmount{6363961030678928, -12}));
src/test/app/AMMClawback_test.cpp:1649:        else if (features[fixAMMv1_3] && features[fixAMMClawbackRounding])
src/test/app/AMMClawback_test.cpp:1652:                STAmount(EUR, UINT64_C(9000000000000001), -12),
src/test/app/AMMClawback_test.cpp:1653:                IOUAmount{6363961030678927, -12}));
src/test/app/AMMClawback_test.cpp:1655:        if (!features[fixAMMv1_3] && !features[fixAMMClawbackRounding])
src/test/app/AMMClawback_test.cpp:1657:                amm.expectLPTokens(gw, IOUAmount{7071067811865480, -13}));
src/test/app/AMMClawback_test.cpp:1658:        else if (!features[fixAMMClawbackRounding])
src/test/app/AMMClawback_test.cpp:1660:                amm.expectLPTokens(gw, IOUAmount{7071067811865475, -13}));
src/test/app/AMMClawback_test.cpp:1661:        else if (features[fixAMMv1_3] && features[fixAMMClawbackRounding])
src/test/app/AMMClawback_test.cpp:1663:                amm.expectLPTokens(gw, IOUAmount{7071067811865480, -13}));
src/test/app/AMMClawback_test.cpp:1665:        if (!features[fixAMMv1_3] || !features[fixAMMClawbackRounding])
src/test/app/AMMClawback_test.cpp:1667:                amm.expectLPTokens(gw2, IOUAmount{1414213562373095, -12}));
src/test/app/AMMClawback_test.cpp:1670:                amm.expectLPTokens(gw2, IOUAmount{1414213562373094, -12}));
src/test/app/AMMClawback_test.cpp:1673:            amm.expectLPTokens(alice, IOUAmount{4242640687119285, -12}));
src/test/app/AMMClawback_test.cpp:1681:        env(amm::ammClawback(gw2, alice, EUR, USD, EUR(4000)), ter(tesSUCCESS));
src/test/app/AMMClawback_test.cpp:1683:        if (!features[fixAMMv1_3] && !features[fixAMMClawbackRounding])
src/test/app/AMMClawback_test.cpp:1686:                STAmount(EUR, UINT64_C(5000000000000001), -12),
src/test/app/AMMClawback_test.cpp:1687:                IOUAmount{3535533905932738, -12}));
src/test/app/AMMClawback_test.cpp:1688:        else if (!features[fixAMMClawbackRounding])
src/test/app/AMMClawback_test.cpp:1690:                USD(2500), EUR(5000), IOUAmount{3535533905932738, -12}));
src/test/app/AMMClawback_test.cpp:1691:        else if (features[fixAMMv1_3] && features[fixAMMClawbackRounding])
src/test/app/AMMClawback_test.cpp:1694:                STAmount(EUR, UINT64_C(5000000000000001), -12),
src/test/app/AMMClawback_test.cpp:1695:                IOUAmount{3535533905932737, -12}));
src/test/app/AMMClawback_test.cpp:1697:        if (!features[fixAMMv1_3] && !features[fixAMMClawbackRounding])
src/test/app/AMMClawback_test.cpp:1699:                amm.expectLPTokens(gw, IOUAmount{7071067811865480, -13}));
src/test/app/AMMClawback_test.cpp:1700:        else if (!features[fixAMMClawbackRounding])
src/test/app/AMMClawback_test.cpp:1702:                amm.expectLPTokens(gw, IOUAmount{7071067811865475, -13}));
src/test/app/AMMClawback_test.cpp:1703:        else if (features[fixAMMv1_3] && features[fixAMMClawbackRounding])
src/test/app/AMMClawback_test.cpp:1705:                amm.expectLPTokens(gw, IOUAmount{7071067811865480, -13}));
src/test/app/AMMClawback_test.cpp:1707:        if (!features[fixAMMv1_3] || !features[fixAMMClawbackRounding])
src/test/app/AMMClawback_test.cpp:1709:                amm.expectLPTokens(gw2, IOUAmount{1414213562373095, -12}));
src/test/app/AMMClawback_test.cpp:1712:                amm.expectLPTokens(gw2, IOUAmount{1414213562373094, -12}));
src/test/app/AMMClawback_test.cpp:1714:            amm.expectLPTokens(alice, IOUAmount{1414213562373095, -12}));
src/test/app/AMMClawback_test.cpp:1726:            "test AMMClawback from account which does not own any lptoken in "
src/test/app/AMMClawback_test.cpp:1736:        // gw sets asfAllowTrustLineClawback.
src/test/app/AMMClawback_test.cpp:1737:        env(fset(gw, asfAllowTrustLineClawback));
src/test/app/AMMClawback_test.cpp:1739:        env.require(flags(gw, asfAllowTrustLineClawback));
src/test/app/AMMClawback_test.cpp:1745:        AMM amm(env, gw, USD(1000), XRP(2000), ter(tesSUCCESS));
src/test/app/AMMClawback_test.cpp:1748:        // Alice did not deposit in the amm pool. So AMMClawback from Alice
src/test/app/AMMClawback_test.cpp:1750:        env(amm::ammClawback(gw, alice, USD, XRP, USD(1000)),
src/test/app/AMMClawback_test.cpp:1751:            ter(tecAMM_BALANCE));
src/test/app/AMMClawback_test.cpp:1755:    testAssetFrozen(FeatureBitset features)
src/test/app/AMMClawback_test.cpp:1769:            // gw sets asfAllowTrustLineClawback.
src/test/app/AMMClawback_test.cpp:1770:            env(fset(gw, asfAllowTrustLineClawback));
src/test/app/AMMClawback_test.cpp:1772:            env.require(flags(gw, asfAllowTrustLineClawback));
src/test/app/AMMClawback_test.cpp:1788:            // Alice creates AMM pool of EUR/USD.
src/test/app/AMMClawback_test.cpp:1789:            AMM amm(env, alice, EUR(1000), USD(2000), ter(tesSUCCESS));
src/test/app/AMMClawback_test.cpp:1793:                USD(2000), EUR(1000), IOUAmount{1414213562373095, -12}));
src/test/app/AMMClawback_test.cpp:1796:            env(trust(gw, alice["USD"](0), tfSetFreeze));
src/test/app/AMMClawback_test.cpp:1799:            // gw clawback 1000 USD from the AMM pool.
src/test/app/AMMClawback_test.cpp:1800:            env(amm::ammClawback(gw, alice, USD, EUR, USD(1000)),
src/test/app/AMMClawback_test.cpp:1807:                USD(1000), EUR(500), IOUAmount{7071067811865475, -13}));
src/test/app/AMMClawback_test.cpp:1811:                amm.expectLPTokens(alice, IOUAmount{7071067811865475, -13}));
src/test/app/AMMClawback_test.cpp:1813:            // gw clawback another 1000 USD from the AMM pool. The AMM pool will
src/test/app/AMMClawback_test.cpp:1815:            env(amm::ammClawback(gw, alice, USD, EUR, USD(1000)),
src/test/app/AMMClawback_test.cpp:1820:            // AMM pool.
src/test/app/AMMClawback_test.cpp:1837:            // gw sets asfAllowTrustLineClawback.
src/test/app/AMMClawback_test.cpp:1838:            env(fset(gw, asfAllowTrustLineClawback));
src/test/app/AMMClawback_test.cpp:1840:            env.require(flags(gw, asfAllowTrustLineClawback));
src/test/app/AMMClawback_test.cpp:1856:            // Alice creates AMM pool of EUR/USD.
src/test/app/AMMClawback_test.cpp:1857:            AMM amm(env, alice, EUR(1000), USD(2000), ter(tesSUCCESS));
src/test/app/AMMClawback_test.cpp:1861:                USD(2000), EUR(1000), IOUAmount{1414213562373095, -12}));
src/test/app/AMMClawback_test.cpp:1864:            env(trust(gw, alice["USD"](0), tfSetFreeze));
src/test/app/AMMClawback_test.cpp:1865:            env(trust(gw2, alice["EUR"](0), tfSetFreeze));
src/test/app/AMMClawback_test.cpp:1868:            // gw clawback 1000 USD from the AMM pool.
src/test/app/AMMClawback_test.cpp:1869:            env(amm::ammClawback(gw, alice, USD, EUR, USD(1000)),
src/test/app/AMMClawback_test.cpp:1876:                USD(1000), EUR(500), IOUAmount{7071067811865475, -13}));
src/test/app/AMMClawback_test.cpp:1878:                amm.expectLPTokens(alice, IOUAmount{7071067811865475, -13}));
src/test/app/AMMClawback_test.cpp:1890:            // gw sets asfAllowTrustLineClawback.
src/test/app/AMMClawback_test.cpp:1891:            env(fset(gw, asfAllowTrustLineClawback));
src/test/app/AMMClawback_test.cpp:1893:            env.require(flags(gw, asfAllowTrustLineClawback));
src/test/app/AMMClawback_test.cpp:1909:            // Alice creates AMM pool of EUR/USD.
src/test/app/AMMClawback_test.cpp:1910:            AMM amm(env, alice, EUR(1000), USD(2000), ter(tesSUCCESS));
src/test/app/AMMClawback_test.cpp:1914:                USD(2000), EUR(1000), IOUAmount{1414213562373095, -12}));
src/test/app/AMMClawback_test.cpp:1917:            env(fset(gw, asfGlobalFreeze));
src/test/app/AMMClawback_test.cpp:1920:            // gw clawback 1000 USD from the AMM pool.
src/test/app/AMMClawback_test.cpp:1921:            env(amm::ammClawback(gw, alice, USD, EUR, USD(1000)),
src/test/app/AMMClawback_test.cpp:1928:                USD(1000), EUR(500), IOUAmount{7071067811865475, -13}));
src/test/app/AMMClawback_test.cpp:1930:                amm.expectLPTokens(alice, IOUAmount{7071067811865475, -13}));
src/test/app/AMMClawback_test.cpp:1944:            // gw sets asfAllowTrustLineClawback.
src/test/app/AMMClawback_test.cpp:1945:            env(fset(gw, asfAllowTrustLineClawback));
src/test/app/AMMClawback_test.cpp:1947:            env.require(flags(gw, asfAllowTrustLineClawback));
src/test/app/AMMClawback_test.cpp:1967:            AMM amm(env, alice, EUR(2000), USD(8000), ter(tesSUCCESS));
src/test/app/AMMClawback_test.cpp:1971:                amm.expectBalances(USD(8000), EUR(2000), IOUAmount(4000)));
src/test/app/AMMClawback_test.cpp:1974:                amm.expectBalances(USD(12000), EUR(3000), IOUAmount(6000)));
src/test/app/AMMClawback_test.cpp:1975:            if (!features[fixAMMv1_3])
src/test/app/AMMClawback_test.cpp:1980:                amm.expectBalances(USD(14000), EUR(3500), IOUAmount(7000)));
src/test/app/AMMClawback_test.cpp:1983:            env(fset(gw, asfGlobalFreeze));
src/test/app/AMMClawback_test.cpp:1987:            env(amm::ammClawback(gw, carol, USD, EUR, USD(1000)),
src/test/app/AMMClawback_test.cpp:1991:                amm.expectBalances(USD(13000), EUR(3250), IOUAmount(6500)));
src/test/app/AMMClawback_test.cpp:1993:            BEAST_EXPECT(amm.expectLPTokens(alice, IOUAmount(4000)));
src/test/app/AMMClawback_test.cpp:1994:            BEAST_EXPECT(amm.expectLPTokens(bob, IOUAmount(2000)));
src/test/app/AMMClawback_test.cpp:1995:            BEAST_EXPECT(amm.expectLPTokens(carol, IOUAmount(500)));
src/test/app/AMMClawback_test.cpp:2000:            if (!features[fixAMMv1_3])
src/test/app/AMMClawback_test.cpp:2005:                    STAmount(USD, UINT64_C(5999'999999999999), -12));
src/test/app/AMMClawback_test.cpp:2009:            // gw clawback 1000 USD from bob with tfClawTwoAssets flag.
src/test/app/AMMClawback_test.cpp:2012:            env(amm::ammClawback(gw, bob, USD, EUR, USD(1000)),
src/test/app/AMMClawback_test.cpp:2013:                txflags(tfClawTwoAssets),
src/test/app/AMMClawback_test.cpp:2017:                amm.expectBalances(USD(12000), EUR(3000), IOUAmount(6000)));
src/test/app/AMMClawback_test.cpp:2019:            BEAST_EXPECT(amm.expectLPTokens(alice, IOUAmount(4000)));
src/test/app/AMMClawback_test.cpp:2020:            BEAST_EXPECT(amm.expectLPTokens(bob, IOUAmount(1500)));
src/test/app/AMMClawback_test.cpp:2021:            BEAST_EXPECT(amm.expectLPTokens(carol, IOUAmount(500)));
src/test/app/AMMClawback_test.cpp:2025:            // 250 EUR did not go back to bob because tfClawTwoAssets is set.
src/test/app/AMMClawback_test.cpp:2027:            if (!features[fixAMMv1_3])
src/test/app/AMMClawback_test.cpp:2032:                    STAmount(USD, UINT64_C(5999'999999999999), -12));
src/test/app/AMMClawback_test.cpp:2035:            // gw clawback all USD from alice and set tfClawTwoAssets.
src/test/app/AMMClawback_test.cpp:2036:            env(amm::ammClawback(gw, alice, USD, EUR, std::nullopt),
src/test/app/AMMClawback_test.cpp:2037:                txflags(tfClawTwoAssets),
src/test/app/AMMClawback_test.cpp:2041:                amm.expectBalances(USD(4000), EUR(1000), IOUAmount(2000)));
src/test/app/AMMClawback_test.cpp:2043:            BEAST_EXPECT(amm.expectLPTokens(alice, IOUAmount(0)));
src/test/app/AMMClawback_test.cpp:2044:            BEAST_EXPECT(amm.expectLPTokens(bob, IOUAmount(1500)));
src/test/app/AMMClawback_test.cpp:2045:            BEAST_EXPECT(amm.expectLPTokens(carol, IOUAmount(500)));
src/test/app/AMMClawback_test.cpp:2050:            if (!features[fixAMMv1_3])
src/test/app/AMMClawback_test.cpp:2055:                    STAmount(USD, UINT64_C(5999'999999999999), -12));
src/test/app/AMMClawback_test.cpp:2061:    testSingleDepositAndClawback(FeatureBitset features)
src/test/app/AMMClawback_test.cpp:2067:        // Test AMMClawback for USD/XRP pool. Claw back USD, and XRP goes back
src/test/app/AMMClawback_test.cpp:2075:        // gw sets asfAllowTrustLineClawback.
src/test/app/AMMClawback_test.cpp:2076:        env(fset(gw, asfAllowTrustLineClawback));
src/test/app/AMMClawback_test.cpp:2078:        env.require(flags(gw, asfAllowTrustLineClawback));
src/test/app/AMMClawback_test.cpp:2087:        // gw creates AMM pool of XRP/USD.
src/test/app/AMMClawback_test.cpp:2088:        AMM amm(env, gw, XRP(100), USD(400), ter(tesSUCCESS));
src/test/app/AMMClawback_test.cpp:2091:        BEAST_EXPECT(amm.expectBalances(USD(400), XRP(100), IOUAmount(200000)));
src/test/app/AMMClawback_test.cpp:2097:            USD(800), XRP(100), IOUAmount{2828427124746190, -10}));
src/test/app/AMMClawback_test.cpp:2101:        env(amm::ammClawback(gw, alice, USD, XRP, USD(400)), ter(tesSUCCESS));
src/test/app/AMMClawback_test.cpp:2104:        if (!features[fixAMMv1_3])
src/test/app/AMMClawback_test.cpp:2106:                STAmount(USD, UINT64_C(5656854249492380), -13),
src/test/app/AMMClawback_test.cpp:2108:                IOUAmount(200000)));
src/test/app/AMMClawback_test.cpp:2111:                STAmount(USD, UINT64_C(565'685424949238), -12),
src/test/app/AMMClawback_test.cpp:2113:                IOUAmount(200000)));
src/test/app/AMMClawback_test.cpp:2114:        BEAST_EXPECT(amm.expectLPTokens(alice, IOUAmount(0)));
src/test/app/AMMClawback_test.cpp:2115:        if (!features[fixAMMv1_3])
src/test/app/AMMClawback_test.cpp:2124:    testLastHolderLPTokenBalance(FeatureBitset features)
src/test/app/AMMClawback_test.cpp:2127:            "test last holder's lptoken balance not equal to AMM's lptoken "
src/test/app/AMMClawback_test.cpp:2136:                env(fset(gw, asfAllowTrustLineClawback));
src/test/app/AMMClawback_test.cpp:2149:        auto getLPTokenBalances =
src/test/app/AMMClawback_test.cpp:2163:        // IOU/XRP pool. AMMClawback almost last holder's USD balance
src/test/app/AMMClawback_test.cpp:2169:            AMM amm(env, alice, XRP(2), USD(1));
src/test/app/AMMClawback_test.cpp:2170:            amm.deposit(alice, IOUAmount{1'876123487565916, -15});
src/test/app/AMMClawback_test.cpp:2171:            amm.deposit(bob, IOUAmount{1'000'000});
src/test/app/AMMClawback_test.cpp:2172:            amm.withdraw(alice, IOUAmount{1'876123487565916, -15});
src/test/app/AMMClawback_test.cpp:2176:                getLPTokenBalances(env, amm, alice);
src/test/app/AMMClawback_test.cpp:2185:            if (!features[fixAMMClawbackRounding] || !features[fixAMMv1_3])
src/test/app/AMMClawback_test.cpp:2187:                env(amm::ammClawback(gw, alice, USD, XRP, USD(1)),
src/test/app/AMMClawback_test.cpp:2188:                    ter(tecAMM_BALANCE));
src/test/app/AMMClawback_test.cpp:2193:                auto const lpBalance = IOUAmount{989, -12};
src/test/app/AMMClawback_test.cpp:2194:                env(amm::ammClawback(gw, alice, USD, XRP, USD(1)));
src/test/app/AMMClawback_test.cpp:2196:                    STAmount(USD, UINT64_C(7000000000000000), -28),
src/test/app/AMMClawback_test.cpp:2197:                    XRPAmount(1),
src/test/app/AMMClawback_test.cpp:2199:                BEAST_EXPECT(amm.expectLPTokens(alice, lpBalance));
src/test/app/AMMClawback_test.cpp:2203:        // IOU/XRP pool. AMMClawback part of last holder's USD balance
src/test/app/AMMClawback_test.cpp:2209:            AMM amm(env, alice, XRP(2), USD(1));
src/test/app/AMMClawback_test.cpp:2210:            amm.deposit(alice, IOUAmount{1'876123487565916, -15});
src/test/app/AMMClawback_test.cpp:2211:            amm.deposit(bob, IOUAmount{1'000'000});
src/test/app/AMMClawback_test.cpp:2215:                getLPTokenBalances(env, amm, alice);
src/test/app/AMMClawback_test.cpp:2224:            env(amm::ammClawback(gw, alice, USD, XRP, USD(0.5)));
src/test/app/AMMClawback_test.cpp:2226:            if (!features[fixAMMv1_3] && !features[fixAMMClawbackRounding])
src/test/app/AMMClawback_test.cpp:2229:                    STAmount(USD, UINT64_C(5013266196406), -13),
src/test/app/AMMClawback_test.cpp:2230:                    XRPAmount(1002653),
src/test/app/AMMClawback_test.cpp:2231:                    IOUAmount{708'9829046744236, -13}));
src/test/app/AMMClawback_test.cpp:2233:            else if (!features[fixAMMClawbackRounding])
src/test/app/AMMClawback_test.cpp:2236:                    STAmount(USD, UINT64_C(5013266196407), -13),
src/test/app/AMMClawback_test.cpp:2237:                    XRPAmount(1002654),
src/test/app/AMMClawback_test.cpp:2238:                    IOUAmount{708'9829046744941, -13}));
src/test/app/AMMClawback_test.cpp:2240:            else if (features[fixAMMv1_3] && features[fixAMMClawbackRounding])
src/test/app/AMMClawback_test.cpp:2242:                auto const lpBalance = IOUAmount{708'9829046743238, -13};
src/test/app/AMMClawback_test.cpp:2244:                    STAmount(USD, UINT64_C(5013266196406999), -16),
src/test/app/AMMClawback_test.cpp:2245:                    XRPAmount(1002655),
src/test/app/AMMClawback_test.cpp:2247:                BEAST_EXPECT(amm.expectLPTokens(alice, lpBalance));
src/test/app/AMMClawback_test.cpp:2251:        // IOU/XRP pool. AMMClawback all of last holder's USD balance
src/test/app/AMMClawback_test.cpp:2257:            AMM amm(env, alice, XRP(2), USD(1));
src/test/app/AMMClawback_test.cpp:2258:            amm.deposit(alice, IOUAmount{1'876123487565916, -15});
src/test/app/AMMClawback_test.cpp:2259:            amm.deposit(bob, IOUAmount{1'000'000});
src/test/app/AMMClawback_test.cpp:2260:            amm.withdraw(alice, IOUAmount{1'876123487565916, -15});
src/test/app/AMMClawback_test.cpp:2264:                getLPTokenBalances(env, amm, alice);
src/test/app/AMMClawback_test.cpp:2273:            if (!features[fixAMMClawbackRounding] && !features[fixAMMv1_3])
src/test/app/AMMClawback_test.cpp:2275:                env(amm::ammClawback(gw, alice, USD, XRP, std::nullopt),
src/test/app/AMMClawback_test.cpp:2276:                    ter(tecAMM_BALANCE));
src/test/app/AMMClawback_test.cpp:2278:            else if (!features[fixAMMClawbackRounding])
src/test/app/AMMClawback_test.cpp:2280:                env(amm::ammClawback(gw, alice, USD, XRP, std::nullopt));
src/test/app/AMMClawback_test.cpp:2282:                    STAmount(USD, UINT64_C(2410000000000000), -28),
src/test/app/AMMClawback_test.cpp:2283:                    XRPAmount(1),
src/test/app/AMMClawback_test.cpp:2284:                    IOUAmount{34, -11}));
src/test/app/AMMClawback_test.cpp:2286:            else if (features[fixAMMv1_3] && features[fixAMMClawbackRounding])
src/test/app/AMMClawback_test.cpp:2288:                env(amm::ammClawback(gw, alice, USD, XRP, std::nullopt));
src/test/app/AMMClawback_test.cpp:2309:            AMM amm(env, alice, USD(2), EUR(1));
src/test/app/AMMClawback_test.cpp:2310:            amm.deposit(alice, IOUAmount{1'576123487565916, -15});
src/test/app/AMMClawback_test.cpp:2311:            amm.deposit(bob, IOUAmount{1'000});
src/test/app/AMMClawback_test.cpp:2312:            amm.withdraw(alice, IOUAmount{1'576123487565916, -15});
src/test/app/AMMClawback_test.cpp:2316:                getLPTokenBalances(env, amm, alice);
src/test/app/AMMClawback_test.cpp:2325:            if (features[fixAMMv1_3] && features[fixAMMClawbackRounding])
src/test/app/AMMClawback_test.cpp:2327:                env(amm::ammClawback(gw, alice, USD, EUR, std::nullopt));
src/test/app/AMMClawback_test.cpp:2332:                env(amm::ammClawback(gw, alice, USD, EUR, std::nullopt),
src/test/app/AMMClawback_test.cpp:2351:            AMM amm(env, alice, USD(1), EUR(2));
src/test/app/AMMClawback_test.cpp:2352:            amm.deposit(alice, IOUAmount{1'076123487565916, -15});
src/test/app/AMMClawback_test.cpp:2353:            amm.deposit(bob, IOUAmount{1'000});
src/test/app/AMMClawback_test.cpp:2354:            amm.withdraw(alice, IOUAmount{1'076123487565916, -15});
src/test/app/AMMClawback_test.cpp:2358:                getLPTokenBalances(env, amm, alice);
src/test/app/AMMClawback_test.cpp:2367:            if (features[fixAMMClawbackRounding])
src/test/app/AMMClawback_test.cpp:2369:                env(amm::ammClawback(gw, alice, USD, EUR, std::nullopt),
src/test/app/AMMClawback_test.cpp:2370:                    txflags(tfClawTwoAssets));
src/test/app/AMMClawback_test.cpp:2375:                env(amm::ammClawback(gw, alice, USD, EUR, std::nullopt),
src/test/app/AMMClawback_test.cpp:2376:                    txflags(tfClawTwoAssets),
src/test/app/AMMClawback_test.cpp:2395:            AMM amm(env, alice, USD(1), EUR(2000000));
src/test/app/AMMClawback_test.cpp:2396:            amm.deposit(alice, IOUAmount{1'076123487565916, -12});
src/test/app/AMMClawback_test.cpp:2397:            amm.deposit(bob, IOUAmount{10000});
src/test/app/AMMClawback_test.cpp:2398:            amm.withdraw(alice, IOUAmount{1'076123487565916, -12});
src/test/app/AMMClawback_test.cpp:2402:                getLPTokenBalances(env, amm, alice);
src/test/app/AMMClawback_test.cpp:2412:            if (!features[fixAMMClawbackRounding] && !features[fixAMMv1_3])
src/test/app/AMMClawback_test.cpp:2414:                env(amm::ammClawback(gw, alice, USD, EUR, USD(1)));
src/test/app/AMMClawback_test.cpp:2416:                    STAmount(USD, UINT64_C(4), -15),
src/test/app/AMMClawback_test.cpp:2417:                    STAmount(EUR, UINT64_C(8), -9),
src/test/app/AMMClawback_test.cpp:2418:                    IOUAmount{6, -12}));
src/test/app/AMMClawback_test.cpp:2420:            else if (!features[fixAMMClawbackRounding])
src/test/app/AMMClawback_test.cpp:2422:                // sqrt(amount * amount2) >= LPTokens and exceeds the allowed
src/test/app/AMMClawback_test.cpp:2424:                env(amm::ammClawback(gw, alice, USD, EUR, USD(1)),
src/test/app/AMMClawback_test.cpp:2425:                    ter(tecINVARIANT_FAILED));
src/test/app/AMMClawback_test.cpp:2428:            else if (features[fixAMMv1_3] && features[fixAMMClawbackRounding])
src/test/app/AMMClawback_test.cpp:2430:                env(amm::ammClawback(gw, alice, USD, EUR, USD(1)),
src/test/app/AMMClawback_test.cpp:2431:                    txflags(tfClawTwoAssets));
src/test/app/AMMClawback_test.cpp:2432:                auto const lpBalance = IOUAmount{5, -12};
src/test/app/AMMClawback_test.cpp:2434:                    STAmount(USD, UINT64_C(4), -15),
src/test/app/AMMClawback_test.cpp:2435:                    STAmount(EUR, UINT64_C(8), -9),
src/test/app/AMMClawback_test.cpp:2437:                BEAST_EXPECT(amm.expectLPTokens(alice, lpBalance));
src/test/app/AMMClawback_test.cpp:2448:            featureSingleAssetVault - featureLendingProtocol;
src/test/app/AMMClawback_test.cpp:2451:        testFeatureDisabled(all - featureAMMClawback);
src/test/app/AMMClawback_test.cpp:2453:             {all - fixAMMv1_3 - fixAMMClawbackRounding,
src/test/app/AMMClawback_test.cpp:2454:              all - fixAMMClawbackRounding,
src/test/app/AMMClawback_test.cpp:2457:            testAMMClawbackSpecificAmount(features);
src/test/app/AMMClawback_test.cpp:2458:            testAMMClawbackExceedBalance(features);
src/test/app/AMMClawback_test.cpp:2459:            testAMMClawbackAll(features);
src/test/app/AMMClawback_test.cpp:2460:            testAMMClawbackSameIssuerAssets(features);
src/test/app/AMMClawback_test.cpp:2461:            testAMMClawbackSameCurrency(features);
src/test/app/AMMClawback_test.cpp:2462:            testAMMClawbackIssuesEachOther(features);
src/test/app/AMMClawback_test.cpp:2464:            testAssetFrozen(features);
src/test/app/AMMClawback_test.cpp:2465:            testSingleDepositAndClawback(features);
src/test/app/AMMClawback_test.cpp:2466:            testLastHolderLPTokenBalance(features);
src/test/app/AMMClawback_test.cpp:2470:BEAST_DEFINE_TESTSUITE(AMMClawback, app, ripple);
src/xrpld/app/tx/detail/AMMDelete.cpp:20:#include <xrpld/app/misc/AMMUtils.h>
src/xrpld/app/tx/detail/AMMDelete.cpp:21:#include <xrpld/app/tx/detail/AMMDelete.h>
src/xrpld/app/tx/detail/AMMDelete.cpp:24:#include <xrpl/protocol/AMMCore.h>
src/xrpld/app/tx/detail/AMMDelete.cpp:31:AMMDelete::checkExtraFeatures(PreflightContext const& ctx)
src/xrpld/app/tx/detail/AMMDelete.cpp:37:AMMDelete::preflight(PreflightContext const& ctx)
src/xrpld/app/tx/detail/AMMDelete.cpp:43:AMMDelete::preclaim(PreclaimContext const& ctx)
src/xrpld/app/tx/detail/AMMDelete.cpp:46:        ctx.view.read(keylet::amm(ctx.tx[sfAsset], ctx.tx[sfAsset2]));
src/xrpld/app/tx/detail/AMMDelete.cpp:49:        JLOG(ctx.j.debug()) << "AMM Delete: Invalid asset pair.";
src/xrpld/app/tx/detail/AMMDelete.cpp:50:        return terNO_AMM;
src/xrpld/app/tx/detail/AMMDelete.cpp:53:    auto const lpTokensBalance = (*ammSle)[sfLPTokenBalance];
src/xrpld/app/tx/detail/AMMDelete.cpp:55:        return tecAMM_NOT_EMPTY;
src/xrpld/app/tx/detail/AMMDelete.cpp:61:AMMDelete::doApply()
src/xrpld/app/tx/detail/AMMDelete.cpp:67:    auto const ter = deleteAMMAccount(
src/xrpld/app/tx/detail/AMMDelete.cpp:68:        sb, ctx_.tx[sfAsset].get<Issue>(), ctx_.tx[sfAsset2].get<Issue>(), j_);
src/libxrpl/ledger/View.cpp:183:isGlobalFrozen(ReadView const& view, AccountID const& issuer)
src/libxrpl/ledger/View.cpp:188:        return sle->isFlag(lsfGlobalFreeze);
src/libxrpl/ledger/View.cpp:193:isGlobalFrozen(ReadView const& view, MPTIssue const& mptIssue)
src/libxrpl/ledger/View.cpp:201:isGlobalFrozen(ReadView const& view, Asset const& asset)
src/libxrpl/ledger/View.cpp:206:                return isGlobalFrozen(view, issue.getIssuer());
src/libxrpl/ledger/View.cpp:208:                return isGlobalFrozen(view, issue);
src/libxrpl/ledger/View.cpp:214:isIndividualFrozen(
src/libxrpl/ledger/View.cpp:227:            sle->isFlag((issuer > account) ? lsfHighFreeze : lsfLowFreeze))
src/libxrpl/ledger/View.cpp:234:isIndividualFrozen(
src/libxrpl/ledger/View.cpp:248:isFrozen(
src/libxrpl/ledger/View.cpp:257:    if (sle && sle->isFlag(lsfGlobalFreeze))
src/libxrpl/ledger/View.cpp:264:            sle->isFlag((issuer > account) ? lsfHighFreeze : lsfLowFreeze))
src/libxrpl/ledger/View.cpp:271:isFrozen(
src/libxrpl/ledger/View.cpp:277:    return isGlobalFrozen(view, mptIssue) ||
src/libxrpl/ledger/View.cpp:278:        isIndividualFrozen(view, account, mptIssue) ||
src/libxrpl/ledger/View.cpp:279:        isVaultPseudoAccountFrozen(view, account, mptIssue, depth);
src/libxrpl/ledger/View.cpp:283:isAnyFrozen(
src/libxrpl/ledger/View.cpp:289:    if (isGlobalFrozen(view, mptIssue))
src/libxrpl/ledger/View.cpp:294:        if (isIndividualFrozen(view, account, mptIssue))
src/libxrpl/ledger/View.cpp:300:        if (isVaultPseudoAccountFrozen(view, account, mptIssue, depth))
src/libxrpl/ledger/View.cpp:308:isVaultPseudoAccountFrozen(
src/libxrpl/ledger/View.cpp:314:    if (!view.rules().enabled(featureSingleAssetVault))
src/libxrpl/ledger/View.cpp:317:    if (depth >= maxAssetCheckDepth)
src/libxrpl/ledger/View.cpp:330:        UNREACHABLE("ripple::isVaultPseudoAccountFrozen : null MPToken issuer");
src/libxrpl/ledger/View.cpp:342:        UNREACHABLE("ripple::isVaultPseudoAccountFrozen : null vault");
src/libxrpl/ledger/View.cpp:347:    return isAnyFrozen(view, {issuer, account}, vault->at(sfAsset), depth + 1);
src/libxrpl/ledger/View.cpp:351:isDeepFrozen(
src/libxrpl/ledger/View.cpp:373:    return sle->isFlag(lsfHighDeepFreeze) || sle->isFlag(lsfLowDeepFreeze);
src/libxrpl/ledger/View.cpp:377:isLPTokenFrozen(
src/libxrpl/ledger/View.cpp:383:    return isFrozen(view, account, asset.currency, asset.account) ||
src/libxrpl/ledger/View.cpp:384:        isFrozen(view, account, asset2.currency, asset2.account);
src/libxrpl/ledger/View.cpp:393:    FreezeHandling zeroIfFrozen,
src/libxrpl/ledger/View.cpp:403:    if (zeroIfFrozen == fhZERO_IF_FROZEN)
src/libxrpl/ledger/View.cpp:405:        if (isFrozen(view, account, currency, issuer) ||
src/libxrpl/ledger/View.cpp:406:            isDeepFrozen(view, account, currency, issuer))
src/libxrpl/ledger/View.cpp:411:        // when fixFrozenLPTokenTransfer is enabled, if currency is lptoken,
src/libxrpl/ledger/View.cpp:413:        if (view.rules().enabled(fixFrozenLPTokenTransfer))
src/libxrpl/ledger/View.cpp:420:            else if (sleIssuer->isFieldPresent(sfAMMID))
src/libxrpl/ledger/View.cpp:423:                    view.read(keylet::amm((*sleIssuer)[sfAMMID]));
src/libxrpl/ledger/View.cpp:426:                    isLPTokenFrozen(
src/libxrpl/ledger/View.cpp:429:                        (*sleAmm)[sfAsset].get<Issue>(),
src/libxrpl/ledger/View.cpp:430:                        (*sleAmm)[sfAsset2].get<Issue>()))
src/libxrpl/ledger/View.cpp:441:static STAmount
src/libxrpl/ledger/View.cpp:451:    STAmount amount;
src/libxrpl/ledger/View.cpp:454:        amount = sle->getFieldAmount(sfBalance);
src/libxrpl/ledger/View.cpp:464:            amount += sle->getFieldAmount(oppositeField);
src/libxrpl/ledger/View.cpp:480:STAmount
src/libxrpl/ledger/View.cpp:486:    FreezeHandling zeroIfFrozen,
src/libxrpl/ledger/View.cpp:490:    STAmount amount;
src/libxrpl/ledger/View.cpp:500:        return STAmount{
src/libxrpl/ledger/View.cpp:501:            Issue{currency, issuer}, STAmount::cMaxValue, STAmount::cMaxOffset};
src/libxrpl/ledger/View.cpp:505:        getLineIfUsable(view, account, currency, issuer, zeroIfFrozen, j);
src/libxrpl/ledger/View.cpp:511:STAmount
src/libxrpl/ledger/View.cpp:516:    FreezeHandling zeroIfFrozen,
src/libxrpl/ledger/View.cpp:525:        zeroIfFrozen,
src/libxrpl/ledger/View.cpp:530:STAmount
src/libxrpl/ledger/View.cpp:535:    FreezeHandling zeroIfFrozen,
src/libxrpl/ledger/View.cpp:551:            return STAmount{mptIssue};
src/libxrpl/ledger/View.cpp:553:        return STAmount{
src/libxrpl/ledger/View.cpp:555:            issuance->at(~sfMaximumAmount).value_or(maxMPTokenAmount) -
src/libxrpl/ledger/View.cpp:556:                issuance->at(sfOutstandingAmount)};
src/libxrpl/ledger/View.cpp:559:    STAmount amount;
src/libxrpl/ledger/View.cpp:567:        zeroIfFrozen == fhZERO_IF_FROZEN && isFrozen(view, account, mptIssue))
src/libxrpl/ledger/View.cpp:571:        amount = STAmount{mptIssue, sleMpt->getFieldU64(sfMPTAmount)};
src/libxrpl/ledger/View.cpp:574:        // operation. Note featureSingleAssetVault will affect error codes.
src/libxrpl/ledger/View.cpp:576:            view.rules().enabled(featureSingleAssetVault))
src/libxrpl/ledger/View.cpp:590:            if (sleIssuance && sleIssuance->isFlag(lsfMPTRequireAuth) &&
src/libxrpl/ledger/View.cpp:599:[[nodiscard]] STAmount
src/libxrpl/ledger/View.cpp:603:    Asset const& asset,
src/libxrpl/ledger/View.cpp:604:    FreezeHandling zeroIfFrozen,
src/libxrpl/ledger/View.cpp:614:                    view, account, value, zeroIfFrozen, j, includeFullBalance);
src/libxrpl/ledger/View.cpp:622:                    zeroIfFrozen,
src/libxrpl/ledger/View.cpp:631:STAmount
src/libxrpl/ledger/View.cpp:635:    STAmount const& saDefault,
src/libxrpl/ledger/View.cpp:636:    FreezeHandling freezeHandling,
src/libxrpl/ledger/View.cpp:658:confineOwnerCount(
src/libxrpl/ledger/View.cpp:689:            XRPL_ASSERT(!id, "ripple::confineOwnerCount : id is not set");
src/libxrpl/ledger/View.cpp:695:XRPAmount
src/libxrpl/ledger/View.cpp:707:    std::uint32_t const ownerCount = confineOwnerCount(
src/libxrpl/ledger/View.cpp:708:        view.ownerCountHook(id, sle->getFieldU32(sfOwnerCount)), ownerCountAdj);
src/libxrpl/ledger/View.cpp:712:        ? XRPAmount{0}
src/libxrpl/ledger/View.cpp:715:    auto const fullBalance = sle->getFieldAmount(sfBalance);
src/libxrpl/ledger/View.cpp:719:    STAmount const amount =
src/libxrpl/ledger/View.cpp:720:        (balance < reserve) ? STAmount{0} : balance - reserve;
src/libxrpl/ledger/View.cpp:864:transferRate(ReadView const& view, STAmount const& amount)
src/libxrpl/ledger/View.cpp:1110:adjustOwnerCount(
src/libxrpl/ledger/View.cpp:1118:    XRPL_ASSERT(amount, "ripple::adjustOwnerCount : nonzero amount input");
src/libxrpl/ledger/View.cpp:1119:    std::uint32_t const current{sle->getFieldU32(sfOwnerCount)};
src/libxrpl/ledger/View.cpp:1121:    std::uint32_t const adjusted = confineOwnerCount(current, amount, id, j);
src/libxrpl/ledger/View.cpp:1122:    view.adjustOwnerCountHook(id, current, adjusted);
src/libxrpl/ledger/View.cpp:1123:    sle->at(sfOwnerCount) = adjusted;
src/libxrpl/ledger/View.cpp:1142:    auto const page = view.dirInsert(
src/libxrpl/ledger/View.cpp:1221:createPseudoAccount(
src/libxrpl/ledger/View.cpp:1235:        "ripple::createPseudoAccount : valid owner field");
src/libxrpl/ledger/View.cpp:1244:    account->setFieldAmount(sfBalance, STAmount{});
src/libxrpl/ledger/View.cpp:1250:        view.rules().enabled(featureSingleAssetVault) ||  //
src/libxrpl/ledger/View.cpp:1259:        sfFlags, lsfDisableMaster | lsfDefaultRipple | lsfDepositAuth);
src/libxrpl/ledger/View.cpp:1291:        return tecNO_AUTH;
src/libxrpl/ledger/View.cpp:1297:canAddHolding(ReadView const& view, Asset const& asset)
src/libxrpl/ledger/View.cpp:1329: * because MPT MaximumAmount relates to token supply, and withdrawal does not
src/libxrpl/ledger/View.cpp:1333: * transfer, the withdrawal cannot violate the MPT MaximumAmount/supply cap
src/libxrpl/ledger/View.cpp:1341:    STAmount const& amount)
src/libxrpl/ledger/View.cpp:1371:    STAmount const& amount,
src/libxrpl/ledger/View.cpp:1380:    if (toSle->isFlag(lsfDepositAuth))
src/libxrpl/ledger/View.cpp:1383:            return tecNO_PERMISSION;
src/libxrpl/ledger/View.cpp:1394:    STAmount const& amount,
src/libxrpl/ledger/View.cpp:1409:        view, from, to, tx[sfAmount], tx.isFieldPresent(sfDestinationTag));
src/libxrpl/ledger/View.cpp:1419:    XRPAmount priorBalance,
src/libxrpl/ledger/View.cpp:1420:    STAmount const& amount,
src/libxrpl/ledger/View.cpp:1444:            FreezeHandling::fhIGNORE_FREEZE,
src/libxrpl/ledger/View.cpp:1451:        return tefINTERNAL;
src/libxrpl/ledger/View.cpp:1457:    return accountSend(
src/libxrpl/ledger/View.cpp:1465:    XRPAmount priorBalance,
src/libxrpl/ledger/View.cpp:1475:    if (isGlobalFrozen(view, issuerId))
src/libxrpl/ledger/View.cpp:1476:        return tecFROZEN;  // LCOV_EXCL_LINE
src/libxrpl/ledger/View.cpp:1485:        return tefINTERNAL;  // LCOV_EXCL_LINE
src/libxrpl/ledger/View.cpp:1493:    std::uint32_t const ownerCount = sleDst->at(sfOwnerCount);
src/libxrpl/ledger/View.cpp:1507:        /*deepFreeze*/ false,
src/libxrpl/ledger/View.cpp:1508:        /*balance=*/STAmount{Issue{currency, noAccount()}},
src/libxrpl/ledger/View.cpp:1509:        /*limit=*/STAmount{Issue{currency, dstId}},
src/libxrpl/ledger/View.cpp:1519:    XRPAmount priorBalance,
src/libxrpl/ledger/View.cpp:1526:        return tefINTERNAL;  // LCOV_EXCL_LINE
src/libxrpl/ledger/View.cpp:1528:        return tefINTERNAL;  // LCOV_EXCL_LINE
src/libxrpl/ledger/View.cpp:1540:    XRPAmount const& priorBalance,
src/libxrpl/ledger/View.cpp:1563:            if (!sleMpt || (*sleMpt)[sfMPTAmount] != 0 ||
src/libxrpl/ledger/View.cpp:1565:                 (*sleMpt)[~sfLockedAmount].value_or(0) != 0))
src/libxrpl/ledger/View.cpp:1568:            if (!view.dirRemove(
src/libxrpl/ledger/View.cpp:1575:            adjustOwnerCount(view, sleAcct, -1, journal);
src/libxrpl/ledger/View.cpp:1590:        std::uint32_t const uOwnerCount = sleAcct->getFieldU32(sfOwnerCount);
src/libxrpl/ledger/View.cpp:1591:        XRPAmount const reserveCreate(
src/libxrpl/ledger/View.cpp:1592:            (uOwnerCount < 2) ? XRPAmount(beast::zero)
src/libxrpl/ledger/View.cpp:1593:                              : view.fees().accountReserve(uOwnerCount + 1));
src/libxrpl/ledger/View.cpp:1621:        adjustOwnerCount(view, sleAcct, 1, journal);
src/libxrpl/ledger/View.cpp:1669:    bool const bFreeze,         // --> funds cannot leave
src/libxrpl/ledger/View.cpp:1670:    bool bDeepFreeze,           // --> can neither receive nor send funds
src/libxrpl/ledger/View.cpp:1671:    STAmount const& saBalance,  // --> balance of account being set.
src/libxrpl/ledger/View.cpp:1673:    STAmount const& saLimit,    // --> limit for account being set.
src/libxrpl/ledger/View.cpp:1697:    auto lowNode = view.dirInsert(
src/libxrpl/ledger/View.cpp:1705:    auto highNode = view.dirInsert(
src/libxrpl/ledger/View.cpp:1718:        return tefINTERNAL;  // LCOV_EXCL_LINE
src/libxrpl/ledger/View.cpp:1733:    sleRippleState->setFieldAmount(
src/libxrpl/ledger/View.cpp:1735:    sleRippleState->setFieldAmount(
src/libxrpl/ledger/View.cpp:1737:        STAmount(Issue{
src/libxrpl/ledger/View.cpp:1758:    if (bFreeze)
src/libxrpl/ledger/View.cpp:1760:        uFlags |= (bSetHigh ? lsfHighFreeze : lsfLowFreeze);
src/libxrpl/ledger/View.cpp:1762:    if (bDeepFreeze)
src/libxrpl/ledger/View.cpp:1764:        uFlags |= (bSetHigh ? lsfHighDeepFreeze : lsfLowDeepFreeze);
src/libxrpl/ledger/View.cpp:1774:    adjustOwnerCount(view, sleAccount, 1, j);
src/libxrpl/ledger/View.cpp:1777:    sleRippleState->setFieldAmount(
src/libxrpl/ledger/View.cpp:1799:        auto const balance = sle->getFieldAmount(sfBalance);
src/libxrpl/ledger/View.cpp:1825:        adjustOwnerCount(view, sleLowAccount, -1, journal);
src/libxrpl/ledger/View.cpp:1840:        adjustOwnerCount(view, sleHighAccount, -1, journal);
src/libxrpl/ledger/View.cpp:1874:    if (mptoken->at(sfMPTAmount) != 0 ||
src/libxrpl/ledger/View.cpp:1876:         (*mptoken)[~sfLockedAmount].value_or(0) != 0))
src/libxrpl/ledger/View.cpp:1903:    if (!view.dirRemove(
src/libxrpl/ledger/View.cpp:1914:    if (!view.dirRemove(
src/libxrpl/ledger/View.cpp:1940:    if (!view.dirRemove(
src/libxrpl/ledger/View.cpp:1949:    if (!view.dirRemove(
src/libxrpl/ledger/View.cpp:1971:            if (!view.dirRemove(
src/libxrpl/ledger/View.cpp:1979:    adjustOwnerCount(view, view.peek(keylet::account(owner)), -1, j);
src/libxrpl/ledger/View.cpp:1991:rippleCreditIOU(
src/libxrpl/ledger/View.cpp:1995:    STAmount const& saAmount,
src/libxrpl/ledger/View.cpp:1999:    AccountID const& issuer = saAmount.getIssuer();
src/libxrpl/ledger/View.cpp:2000:    Currency const& currency = saAmount.getCurrency();
src/libxrpl/ledger/View.cpp:2005:        "ripple::rippleCreditIOU : matching issuer or don't care");
src/libxrpl/ledger/View.cpp:2011:        "ripple::rippleCreditIOU : sender is not receiver");
src/libxrpl/ledger/View.cpp:2018:        "ripple::rippleCreditIOU : sender is not XRP");
src/libxrpl/ledger/View.cpp:2021:        "ripple::rippleCreditIOU : receiver is not XRP");
src/libxrpl/ledger/View.cpp:2026:        STAmount saBalance = sleRippleState->getFieldAmount(sfBalance);
src/libxrpl/ledger/View.cpp:2031:        view.creditHook(uSenderID, uReceiverID, saAmount, saBalance);
src/libxrpl/ledger/View.cpp:2033:        STAmount const saBefore = saBalance;
src/libxrpl/ledger/View.cpp:2035:        saBalance -= saAmount;
src/libxrpl/ledger/View.cpp:2037:        JLOG(j.trace()) << "rippleCreditIOU: " << to_string(uSenderID) << " -> "
src/libxrpl/ledger/View.cpp:2040:                        << " amount=" << saAmount.getFullText()
src/libxrpl/ledger/View.cpp:2060:            !(uFlags & (!bSenderHigh ? lsfLowFreeze : lsfHighFreeze)) &&
src/libxrpl/ledger/View.cpp:2061:            !sleRippleState->getFieldAmount(
src/libxrpl/ledger/View.cpp:2072:            adjustOwnerCount(
src/libxrpl/ledger/View.cpp:2090:        sleRippleState->setFieldAmount(sfBalance, saBalance);
src/libxrpl/ledger/View.cpp:2107:    STAmount const saReceiverLimit(Issue{currency, uReceiverID});
src/libxrpl/ledger/View.cpp:2108:    STAmount saBalance{saAmount};
src/libxrpl/ledger/View.cpp:2112:    JLOG(j.debug()) << "rippleCreditIOU: "
src/libxrpl/ledger/View.cpp:2115:                    << " : " << saAmount.getFullText();
src/libxrpl/ledger/View.cpp:2119:        return tefINTERNAL;  // LCOV_EXCL_LINE
src/libxrpl/ledger/View.cpp:2142:// --> saAmount: Amount/currency/issuer to deliver to receiver.
src/libxrpl/ledger/View.cpp:2143:// <-- saActual: Amount actually cost.  Sender pays fees.
src/libxrpl/ledger/View.cpp:2149:    STAmount const& saAmount,
src/libxrpl/ledger/View.cpp:2150:    STAmount& saActual,
src/libxrpl/ledger/View.cpp:2154:    auto const& issuer = saAmount.getIssuer();
src/libxrpl/ledger/View.cpp:2167:            rippleCreditIOU(view, uSenderID, uReceiverID, saAmount, false, j);
src/libxrpl/ledger/View.cpp:2170:        saActual = saAmount;
src/libxrpl/ledger/View.cpp:2179:        ? saAmount
src/libxrpl/ledger/View.cpp:2180:        : multiply(saAmount, transferRate(view, issuer));
src/libxrpl/ledger/View.cpp:2184:                    << " : deliver=" << saAmount.getFullText()
src/libxrpl/ledger/View.cpp:2188:        rippleCreditIOU(view, issuer, uReceiverID, saAmount, true, j);
src/libxrpl/ledger/View.cpp:2191:        terResult = rippleCreditIOU(view, uSenderID, issuer, saActual, true, j);
src/libxrpl/ledger/View.cpp:2197:// --> receivers: Amount/currency/issuer to deliver to receivers.
src/libxrpl/ledger/View.cpp:2198:// <-- saActual: Amount actually cost to sender.  Sender pays fees.
src/libxrpl/ledger/View.cpp:2205:    STAmount& actual,
src/libxrpl/ledger/View.cpp:2215:    STAmount takeFromSender{issue};
src/libxrpl/ledger/View.cpp:2222:        STAmount amount{issue, r.second};
src/libxrpl/ledger/View.cpp:2237:            if (auto const ter = rippleCreditIOU(
src/libxrpl/ledger/View.cpp:2241:            // Do not add amount to takeFromSender, because rippleCreditIOU took
src/libxrpl/ledger/View.cpp:2251:        STAmount actualSend = (waiveFee == WaiveTransferFee::Yes)
src/libxrpl/ledger/View.cpp:2263:                rippleCreditIOU(view, issuer, receiverID, amount, true, j))
src/libxrpl/ledger/View.cpp:2269:        if (TER const terResult = rippleCreditIOU(
src/libxrpl/ledger/View.cpp:2278:accountSendIOU(
src/libxrpl/ledger/View.cpp:2282:    STAmount const& saAmount,
src/libxrpl/ledger/View.cpp:2286:    if (view.rules().enabled(fixAMMv1_1))
src/libxrpl/ledger/View.cpp:2288:        if (saAmount < beast::zero || saAmount.holds<MPTIssue>())
src/libxrpl/ledger/View.cpp:2297:            saAmount >= beast::zero && !saAmount.holds<MPTIssue>(),
src/libxrpl/ledger/View.cpp:2298:            "ripple::accountSendIOU : minimum amount and not MPT");
src/libxrpl/ledger/View.cpp:2305:    if (!saAmount || (uSenderID == uReceiverID))
src/libxrpl/ledger/View.cpp:2308:    if (!saAmount.native())
src/libxrpl/ledger/View.cpp:2310:        STAmount saActual;
src/libxrpl/ledger/View.cpp:2312:        JLOG(j.trace()) << "accountSendIOU: " << to_string(uSenderID) << " -> "
src/libxrpl/ledger/View.cpp:2314:                        << saAmount.getFullText();
src/libxrpl/ledger/View.cpp:2317:            view, uSenderID, uReceiverID, saAmount, saActual, j, waiveFee);
src/libxrpl/ledger/View.cpp:2340:            sender_bal = sender->getFieldAmount(sfBalance).getFullText();
src/libxrpl/ledger/View.cpp:2343:            receiver_bal = receiver->getFieldAmount(sfBalance).getFullText();
src/libxrpl/ledger/View.cpp:2345:        stream << "accountSendIOU> " << to_string(uSenderID) << " ("
src/libxrpl/ledger/View.cpp:2347:               << receiver_bal << ") : " << saAmount.getFullText();
src/libxrpl/ledger/View.cpp:2352:        if (sender->getFieldAmount(sfBalance) < saAmount)
src/libxrpl/ledger/View.cpp:2363:            auto const sndBal = sender->getFieldAmount(sfBalance);
src/libxrpl/ledger/View.cpp:2364:            view.creditHook(uSenderID, xrpAccount(), saAmount, sndBal);
src/libxrpl/ledger/View.cpp:2367:            sender->setFieldAmount(sfBalance, sndBal - saAmount);
src/libxrpl/ledger/View.cpp:2375:        auto const rcvBal = receiver->getFieldAmount(sfBalance);
src/libxrpl/ledger/View.cpp:2376:        receiver->setFieldAmount(sfBalance, rcvBal + saAmount);
src/libxrpl/ledger/View.cpp:2377:        view.creditHook(xrpAccount(), uReceiverID, saAmount, -rcvBal);
src/libxrpl/ledger/View.cpp:2388:            sender_bal = sender->getFieldAmount(sfBalance).getFullText();
src/libxrpl/ledger/View.cpp:2391:            receiver_bal = receiver->getFieldAmount(sfBalance).getFullText();
src/libxrpl/ledger/View.cpp:2393:        stream << "accountSendIOU< " << to_string(uSenderID) << " ("
src/libxrpl/ledger/View.cpp:2395:               << receiver_bal << ") : " << saAmount.getFullText();
src/libxrpl/ledger/View.cpp:2402:accountSendMultiIOU(
src/libxrpl/ledger/View.cpp:2412:        "ripple::accountSendMultiIOU",
src/libxrpl/ledger/View.cpp:2417:        STAmount actual;
src/libxrpl/ledger/View.cpp:2418:        JLOG(j.trace()) << "accountSendMultiIOU: " << to_string(senderID)
src/libxrpl/ledger/View.cpp:2440:            sender_bal = sender->getFieldAmount(sfBalance).getFullText();
src/libxrpl/ledger/View.cpp:2442:        stream << "accountSendMultiIOU> " << to_string(senderID) << " ("
src/libxrpl/ledger/View.cpp:2447:    STAmount takeFromSender{issue};
src/libxrpl/ledger/View.cpp:2451:        STAmount amount{issue, r.second};
src/libxrpl/ledger/View.cpp:2474:                    receiver->getFieldAmount(sfBalance).getFullText();
src/libxrpl/ledger/View.cpp:2476:            stream << "accountSendMultiIOU> " << to_string(senderID) << " -> "
src/libxrpl/ledger/View.cpp:2484:            auto const rcvBal = receiver->getFieldAmount(sfBalance);
src/libxrpl/ledger/View.cpp:2485:            receiver->setFieldAmount(sfBalance, rcvBal + amount);
src/libxrpl/ledger/View.cpp:2500:                    receiver->getFieldAmount(sfBalance).getFullText();
src/libxrpl/ledger/View.cpp:2502:            stream << "accountSendMultiIOU< " << to_string(senderID) << " -> "
src/libxrpl/ledger/View.cpp:2510:        if (sender->getFieldAmount(sfBalance) < takeFromSender)
src/libxrpl/ledger/View.cpp:2516:            auto const sndBal = sender->getFieldAmount(sfBalance);
src/libxrpl/ledger/View.cpp:2520:            sender->setFieldAmount(sfBalance, sndBal - takeFromSender);
src/libxrpl/ledger/View.cpp:2531:            sender_bal = sender->getFieldAmount(sfBalance).getFullText();
src/libxrpl/ledger/View.cpp:2533:        stream << "accountSendMultiIOU< " << to_string(senderID) << " ("
src/libxrpl/ledger/View.cpp:2540:rippleCreditMPT(
src/libxrpl/ledger/View.cpp:2544:    STAmount const& saAmount,
src/libxrpl/ledger/View.cpp:2548:    auto const mptID = keylet::mptIssuance(saAmount.get<MPTIssue>().getMptID());
src/libxrpl/ledger/View.cpp:2549:    auto const& issuer = saAmount.getIssuer();
src/libxrpl/ledger/View.cpp:2555:        (*sleIssuance)[sfOutstandingAmount] += saAmount.mpt().value();
src/libxrpl/ledger/View.cpp:2563:            auto const amt = sle->getFieldU64(sfMPTAmount);
src/libxrpl/ledger/View.cpp:2564:            auto const pay = saAmount.mpt().value();
src/libxrpl/ledger/View.cpp:2567:            (*sle)[sfMPTAmount] = amt - pay;
src/libxrpl/ledger/View.cpp:2571:            return tecNO_AUTH;
src/libxrpl/ledger/View.cpp:2576:        auto const outstanding = sleIssuance->getFieldU64(sfOutstandingAmount);
src/libxrpl/ledger/View.cpp:2577:        auto const redeem = saAmount.mpt().value();
src/libxrpl/ledger/View.cpp:2580:            sleIssuance->setFieldU64(sfOutstandingAmount, outstanding - redeem);
src/libxrpl/ledger/View.cpp:2591:            (*sle)[sfMPTAmount] += saAmount.mpt().value();
src/libxrpl/ledger/View.cpp:2595:            return tecNO_AUTH;
src/libxrpl/ledger/View.cpp:2606:    STAmount const& saAmount,
src/libxrpl/ledger/View.cpp:2607:    STAmount& saActual,
src/libxrpl/ledger/View.cpp:2615:    // Safe to get MPT since rippleSendMPT is only called by accountSendMPT
src/libxrpl/ledger/View.cpp:2616:    auto const& issuer = saAmount.getIssuer();
src/libxrpl/ledger/View.cpp:2619:        view.read(keylet::mptIssuance(saAmount.get<MPTIssue>().getMptID()));
src/libxrpl/ledger/View.cpp:2625:        // if sender is issuer, check that the new OutstandingAmount will not
src/libxrpl/ledger/View.cpp:2626:        // exceed MaximumAmount
src/libxrpl/ledger/View.cpp:2629:            auto const sendAmount = saAmount.mpt().value();
src/libxrpl/ledger/View.cpp:2630:            auto const maximumAmount =
src/libxrpl/ledger/View.cpp:2631:                sle->at(~sfMaximumAmount).value_or(maxMPTokenAmount);
src/libxrpl/ledger/View.cpp:2632:            if (sendAmount > maximumAmount ||
src/libxrpl/ledger/View.cpp:2633:                sle->getFieldU64(sfOutstandingAmount) >
src/libxrpl/ledger/View.cpp:2634:                    maximumAmount - sendAmount)
src/libxrpl/ledger/View.cpp:2640:            rippleCreditMPT(view, uSenderID, uReceiverID, saAmount, j);
src/libxrpl/ledger/View.cpp:2643:        saActual = saAmount;
src/libxrpl/ledger/View.cpp:2649:        ? saAmount
src/libxrpl/ledger/View.cpp:2651:              saAmount,
src/libxrpl/ledger/View.cpp:2652:              transferRate(view, saAmount.get<MPTIssue>().getMptID()));
src/libxrpl/ledger/View.cpp:2656:                    << " : deliver=" << saAmount.getFullText()
src/libxrpl/ledger/View.cpp:2660:            rippleCreditMPT(view, issuer, uReceiverID, saAmount, j);
src/libxrpl/ledger/View.cpp:2664:    return rippleCreditMPT(view, uSenderID, issuer, saActual, j);
src/libxrpl/ledger/View.cpp:2673:    STAmount& actual,
src/libxrpl/ledger/View.cpp:2684:    // against MaximumAmount. The read-only SLE (view.read) is not updated
src/libxrpl/ledger/View.cpp:2685:    // by rippleCreditMPT, so a per-iteration SLE read would be stale.
src/libxrpl/ledger/View.cpp:2686:    // Use uint64_t, not STAmount, to keep MaximumAmount comparisons in exact
src/libxrpl/ledger/View.cpp:2687:    // integer arithmetic. STAmount implicitly converts to Number, whose
src/libxrpl/ledger/View.cpp:2689:    // maxMPTokenAmount (19 digits).
src/libxrpl/ledger/View.cpp:2690:    std::uint64_t totalSendAmount{0};
src/libxrpl/ledger/View.cpp:2691:    std::uint64_t const maximumAmount =
src/libxrpl/ledger/View.cpp:2692:        sle->at(~sfMaximumAmount).value_or(maxMPTokenAmount);
src/libxrpl/ledger/View.cpp:2693:    std::uint64_t const outstandingAmount =
src/libxrpl/ledger/View.cpp:2694:        sle->getFieldU64(sfOutstandingAmount);
src/libxrpl/ledger/View.cpp:2700:    STAmount takeFromSender{mptIssue};
src/libxrpl/ledger/View.cpp:2705:        STAmount amount{mptIssue, amt};
src/libxrpl/ledger/View.cpp:2722:                std::uint64_t const sendAmount = amount.mpt().value();
src/libxrpl/ledger/View.cpp:2726:                    // Post-fixCleanup3_1_3: aggregate MaximumAmount
src/libxrpl/ledger/View.cpp:2730:                    bool const exceedsMaximumAmount =
src/libxrpl/ledger/View.cpp:2732:                        sendAmount > maximumAmount ||
src/libxrpl/ledger/View.cpp:2734:                        totalSendAmount > maximumAmount - sendAmount ||
src/libxrpl/ledger/View.cpp:2736:                        outstandingAmount >
src/libxrpl/ledger/View.cpp:2737:                            maximumAmount - sendAmount - totalSendAmount;
src/libxrpl/ledger/View.cpp:2739:                    if (exceedsMaximumAmount)
src/libxrpl/ledger/View.cpp:2741:                    totalSendAmount += sendAmount;
src/libxrpl/ledger/View.cpp:2745:                    // Pre-fixCleanup3_1_3: per-iteration MaximumAmount
src/libxrpl/ledger/View.cpp:2746:                    // check. Reads sfOutstandingAmount from a stale
src/libxrpl/ledger/View.cpp:2749:                    if (sendAmount > maximumAmount ||
src/libxrpl/ledger/View.cpp:2750:                        outstandingAmount > maximumAmount - sendAmount)
src/libxrpl/ledger/View.cpp:2757:                    rippleCreditMPT(view, senderID, receiverID, amount, j))
src/libxrpl/ledger/View.cpp:2760:            // Do not add amount to takeFromSender, because rippleCreditMPT
src/libxrpl/ledger/View.cpp:2767:        STAmount actualSend = (waiveFee == WaiveTransferFee::Yes)
src/libxrpl/ledger/View.cpp:2781:                rippleCreditMPT(view, issuer, receiverID, amount, j))
src/libxrpl/ledger/View.cpp:2787:                rippleCreditMPT(view, senderID, issuer, takeFromSender, j))
src/libxrpl/ledger/View.cpp:2795:accountSendMPT(
src/libxrpl/ledger/View.cpp:2799:    STAmount const& saAmount,
src/libxrpl/ledger/View.cpp:2804:        saAmount >= beast::zero && saAmount.holds<MPTIssue>(),
src/libxrpl/ledger/View.cpp:2805:        "ripple::accountSendMPT : minimum amount and MPT");
src/libxrpl/ledger/View.cpp:2810:    if (!saAmount || (uSenderID == uReceiverID))
src/libxrpl/ledger/View.cpp:2813:    STAmount saActual{saAmount.asset()};
src/libxrpl/ledger/View.cpp:2816:        view, uSenderID, uReceiverID, saAmount, saActual, j, waiveFee);
src/libxrpl/ledger/View.cpp:2820:accountSendMultiMPT(
src/libxrpl/ledger/View.cpp:2828:    STAmount actual;
src/libxrpl/ledger/View.cpp:2835:accountSend(
src/libxrpl/ledger/View.cpp:2839:    STAmount const& saAmount,
src/libxrpl/ledger/View.cpp:2846:                return accountSendIOU(
src/libxrpl/ledger/View.cpp:2847:                    view, uSenderID, uReceiverID, saAmount, j, waiveFee);
src/libxrpl/ledger/View.cpp:2849:                return accountSendMPT(
src/libxrpl/ledger/View.cpp:2850:                    view, uSenderID, uReceiverID, saAmount, j, waiveFee);
src/libxrpl/ledger/View.cpp:2852:        saAmount.asset().value());
src/libxrpl/ledger/View.cpp:2856:accountSendMulti(
src/libxrpl/ledger/View.cpp:2859:    Asset const& asset,
src/libxrpl/ledger/View.cpp:2866:        "ripple::accountSendMulti",
src/libxrpl/ledger/View.cpp:2871:                return accountSendMultiIOU(
src/libxrpl/ledger/View.cpp:2874:                return accountSendMultiMPT(
src/libxrpl/ledger/View.cpp:2886:    STAmount const& before,
src/libxrpl/ledger/View.cpp:2887:    STAmount const& after,
src/libxrpl/ledger/View.cpp:2908:        !(flags & (!bSenderHigh ? lsfLowFreeze : lsfHighFreeze)) &&
src/libxrpl/ledger/View.cpp:2909:        !state->getFieldAmount(!bSenderHigh ? sfLowLimit : sfHighLimit)
src/libxrpl/ledger/View.cpp:2919:        adjustOwnerCount(view, sle, -1, j);
src/libxrpl/ledger/View.cpp:2934:issueIOU(
src/libxrpl/ledger/View.cpp:2937:    STAmount const& amount,
src/libxrpl/ledger/View.cpp:2943:        "ripple::issueIOU : neither account nor issuer is XRP");
src/libxrpl/ledger/View.cpp:2946:    XRPL_ASSERT(issue == amount.issue(), "ripple::issueIOU : matching issue");
src/libxrpl/ledger/View.cpp:2950:        issue.account != account, "ripple::issueIOU : not issuer account");
src/libxrpl/ledger/View.cpp:2952:    JLOG(j.trace()) << "issueIOU: " << to_string(account) << ": "
src/libxrpl/ledger/View.cpp:2961:        STAmount final_balance = state->getFieldAmount(sfBalance);
src/libxrpl/ledger/View.cpp:2966:        STAmount const start_balance = final_balance;
src/libxrpl/ledger/View.cpp:2987:        state->setFieldAmount(sfBalance, final_balance);
src/libxrpl/ledger/View.cpp:3004:    STAmount const limit(Issue{issue.currency, account});
src/libxrpl/ledger/View.cpp:3005:    STAmount final_balance = amount;
src/libxrpl/ledger/View.cpp:3011:        return tefINTERNAL;  // LCOV_EXCL_LINE
src/libxrpl/ledger/View.cpp:3037:    STAmount const& amount,
src/libxrpl/ledger/View.cpp:3060:        STAmount final_balance = state->getFieldAmount(sfBalance);
src/libxrpl/ledger/View.cpp:3065:        STAmount const start_balance = final_balance;
src/libxrpl/ledger/View.cpp:3080:        state->setFieldAmount(sfBalance, final_balance);
src/libxrpl/ledger/View.cpp:3104:    return tefINTERNAL;
src/libxrpl/ledger/View.cpp:3113:    STAmount const& amount,
src/libxrpl/ledger/View.cpp:3125:        return tefINTERNAL;  // LCOV_EXCL_LINE
src/libxrpl/ledger/View.cpp:3130:    if (sender->getFieldAmount(sfBalance) < amount)
src/libxrpl/ledger/View.cpp:3142:    sender->setFieldAmount(
src/libxrpl/ledger/View.cpp:3143:        sfBalance, sender->getFieldAmount(sfBalance) - amount);
src/libxrpl/ledger/View.cpp:3146:    receiver->setFieldAmount(
src/libxrpl/ledger/View.cpp:3147:        sfBalance, receiver->getFieldAmount(sfBalance) + amount);
src/libxrpl/ledger/View.cpp:3172:        issuerAccount && (*issuerAccount)[sfFlags] & lsfRequireAuth)
src/libxrpl/ledger/View.cpp:3178:                : TER{tecNO_AUTH};
src/libxrpl/ledger/View.cpp:3205:        view.rules().enabled(featureSingleAssetVault);
src/libxrpl/ledger/View.cpp:3209:        if (depth >= maxAssetCheckDepth)
src/libxrpl/ledger/View.cpp:3215:            return tefINTERNAL;  // LCOV_EXCL_LINE
src/libxrpl/ledger/View.cpp:3222:                return tefINTERNAL;  // LCOV_EXCL_LINE
src/libxrpl/ledger/View.cpp:3224:            auto const asset = sleVault->at(sfAsset);
src/libxrpl/ledger/View.cpp:3245:        return tecNO_AUTH;
src/libxrpl/ledger/View.cpp:3253:            sleIssuance->getFieldU32(sfFlags) & lsfMPTRequireAuth,
src/libxrpl/ledger/View.cpp:3255:        // ter = tefINTERNAL | tecOBJECT_NOT_FOUND | tecNO_AUTH | tecEXPIRED
src/libxrpl/ledger/View.cpp:3274:    if (sleIssuance->isFlag(lsfMPTRequireAuth) &&
src/libxrpl/ledger/View.cpp:3276:        return tecNO_AUTH;
src/libxrpl/ledger/View.cpp:3286:    XRPAmount const& priorBalance,  // for MPToken authorization
src/libxrpl/ledger/View.cpp:3291:        return tefINTERNAL;  // LCOV_EXCL_LINE
src/libxrpl/ledger/View.cpp:3294:        sleIssuance->isFlag(lsfMPTRequireAuth),
src/libxrpl/ledger/View.cpp:3298:        return tefINTERNAL;  // LCOV_EXCL_LINE
src/libxrpl/ledger/View.cpp:3325:        // Either way, return tecNO_AUTH and there is nothing else to do
src/libxrpl/ledger/View.cpp:3326:        return expired ? tecEXPIRED : tecNO_AUTH;
src/libxrpl/ledger/View.cpp:3333:        return expired ? tecEXPIRED : tecNO_AUTH;
src/libxrpl/ledger/View.cpp:3345:        return tecNO_AUTH;
src/libxrpl/ledger/View.cpp:3378:    return tefINTERNAL;
src/libxrpl/ledger/View.cpp:3397:            return TER{tecNO_AUTH};
src/libxrpl/ledger/View.cpp:3417:        return tefINTERNAL;  // LCOV_EXCL_LINE
src/libxrpl/ledger/View.cpp:3521:deleteAMMTrustLine(
src/libxrpl/ledger/View.cpp:3531:        sleState->getFieldAmount(sfLowLimit).getIssuer(),
src/libxrpl/ledger/View.cpp:3532:        sleState->getFieldAmount(sfHighLimit).getIssuer());
src/libxrpl/ledger/View.cpp:3538:    bool const ammLow = sleLow->isFieldPresent(sfAMMID);
src/libxrpl/ledger/View.cpp:3539:    bool const ammHigh = sleHigh->isFieldPresent(sfAMMID);
src/libxrpl/ledger/View.cpp:3541:    // can't both be AMM
src/libxrpl/ledger/View.cpp:3547:        return terNO_AMM;
src/libxrpl/ledger/View.cpp:3551:        return terNO_AMM;
src/libxrpl/ledger/View.cpp:3557:            << "deleteAMMTrustLine: failed to delete the trustline.";
src/libxrpl/ledger/View.cpp:3565:    adjustOwnerCount(view, !ammLow ? sleLow : sleHigh, -1, j);
src/libxrpl/ledger/View.cpp:3571:rippleCredit(
src/libxrpl/ledger/View.cpp:3575:    STAmount const& saAmount,
src/libxrpl/ledger/View.cpp:3583:                return rippleCreditIOU(
src/libxrpl/ledger/View.cpp:3584:                    view, uSenderID, uReceiverID, saAmount, bCheckIssuer, j);
src/libxrpl/ledger/View.cpp:3590:                    "ripple::rippleCredit : not checking issuer");
src/libxrpl/ledger/View.cpp:3591:                return rippleCreditMPT(
src/libxrpl/ledger/View.cpp:3592:                    view, uSenderID, uReceiverID, saAmount, j);
src/libxrpl/ledger/View.cpp:3595:        saAmount.asset().value());
src/libxrpl/ledger/View.cpp:3598:[[nodiscard]] std::optional<STAmount>
src/libxrpl/ledger/View.cpp:3602:    STAmount const& assets)
src/libxrpl/ledger/View.cpp:3608:        assets.asset() == vault->at(sfAsset),
src/libxrpl/ledger/View.cpp:3610:    if (assets.negative() || assets.asset() != vault->at(sfAsset))
src/libxrpl/ledger/View.cpp:3613:    Number const assetTotal = vault->at(sfAssetsTotal);
src/libxrpl/ledger/View.cpp:3614:    STAmount shares{vault->at(sfShareMPTID)};
src/libxrpl/ledger/View.cpp:3616:        return STAmount{
src/libxrpl/ledger/View.cpp:3621:    Number const shareTotal = issuance->at(sfOutstandingAmount);
src/libxrpl/ledger/View.cpp:3626:[[nodiscard]] std::optional<STAmount>
src/libxrpl/ledger/View.cpp:3627:sharesToAssetsDeposit(
src/libxrpl/ledger/View.cpp:3630:    STAmount const& shares)
src/libxrpl/ledger/View.cpp:3634:        "ripple::sharesToAssetsDeposit : non-negative shares");
src/libxrpl/ledger/View.cpp:3637:        "ripple::sharesToAssetsDeposit : shares and vault match");
src/libxrpl/ledger/View.cpp:3641:    Number const assetTotal = vault->at(sfAssetsTotal);
src/libxrpl/ledger/View.cpp:3642:    STAmount assets{vault->at(sfAsset)};
src/libxrpl/ledger/View.cpp:3644:        return STAmount{
src/libxrpl/ledger/View.cpp:3650:    Number const shareTotal = issuance->at(sfOutstandingAmount);
src/libxrpl/ledger/View.cpp:3655:[[nodiscard]] std::optional<STAmount>
src/libxrpl/ledger/View.cpp:3659:    STAmount const& assets,
src/libxrpl/ledger/View.cpp:3666:        assets.asset() == vault->at(sfAsset),
src/libxrpl/ledger/View.cpp:3668:    if (assets.negative() || assets.asset() != vault->at(sfAsset))
src/libxrpl/ledger/View.cpp:3671:    Number assetTotal = vault->at(sfAssetsTotal);
src/libxrpl/ledger/View.cpp:3673:    STAmount shares{vault->at(sfShareMPTID)};
src/libxrpl/ledger/View.cpp:3676:    Number const shareTotal = issuance->at(sfOutstandingAmount);
src/libxrpl/ledger/View.cpp:3684:[[nodiscard]] std::optional<STAmount>
src/libxrpl/ledger/View.cpp:3685:sharesToAssetsWithdraw(
src/libxrpl/ledger/View.cpp:3688:    STAmount const& shares)
src/libxrpl/ledger/View.cpp:3692:        "ripple::sharesToAssetsWithdraw : non-negative shares");
src/libxrpl/ledger/View.cpp:3695:        "ripple::sharesToAssetsWithdraw : shares and vault match");
src/libxrpl/ledger/View.cpp:3699:    Number assetTotal = vault->at(sfAssetsTotal);
src/libxrpl/ledger/View.cpp:3701:    STAmount assets{vault->at(sfAsset)};
src/libxrpl/ledger/View.cpp:3704:    Number const shareTotal = issuance->at(sfOutstandingAmount);
src/libxrpl/ledger/View.cpp:3713:    STAmount const& amount,
src/libxrpl/ledger/View.cpp:3733:    // 1. Decrease the MPT Holder MPTAmount
src/libxrpl/ledger/View.cpp:3734:    // 2. Increase the MPT Holder EscrowedAmount
src/libxrpl/ledger/View.cpp:3745:        auto const amt = sle->getFieldU64(sfMPTAmount);
src/libxrpl/ledger/View.cpp:3749:        if (!canSubtract(STAmount(mptIssue, amt), STAmount(mptIssue, pay)))
src/libxrpl/ledger/View.cpp:3752:                << "rippleLockEscrowMPT: insufficient MPTAmount for "
src/libxrpl/ledger/View.cpp:3757:        (*sle)[sfMPTAmount] = amt - pay;
src/libxrpl/ledger/View.cpp:3760:        uint64_t const locked = (*sle)[~sfLockedAmount].value_or(0);
src/libxrpl/ledger/View.cpp:3762:        if (!canAdd(STAmount(mptIssue, locked), STAmount(mptIssue, pay)))
src/libxrpl/ledger/View.cpp:3770:        if (sle->isFieldPresent(sfLockedAmount))
src/libxrpl/ledger/View.cpp:3771:            (*sle)[sfLockedAmount] += pay;
src/libxrpl/ledger/View.cpp:3773:            sle->setFieldU64(sfLockedAmount, pay);
src/libxrpl/ledger/View.cpp:3778:    // 1. Increase the Issuance EscrowedAmount
src/libxrpl/ledger/View.cpp:3779:    // 2. DO NOT change the Issuance OutstandingAmount
src/libxrpl/ledger/View.cpp:3782:            (*sleIssuance)[~sfLockedAmount].value_or(0);
src/libxrpl/ledger/View.cpp:3787:                STAmount(mptIssue, issuanceEscrowed), STAmount(mptIssue, pay)))
src/libxrpl/ledger/View.cpp:3796:        if (sleIssuance->isFieldPresent(sfLockedAmount))
src/libxrpl/ledger/View.cpp:3797:            (*sleIssuance)[sfLockedAmount] += pay;
src/libxrpl/ledger/View.cpp:3799:            sleIssuance->setFieldU64(sfLockedAmount, pay);
src/libxrpl/ledger/View.cpp:3811:    STAmount const& netAmount,
src/libxrpl/ledger/View.cpp:3812:    STAmount const& grossAmount,
src/libxrpl/ledger/View.cpp:3817:            netAmount == grossAmount,
src/libxrpl/ledger/View.cpp:3818:            "ripple::rippleUnlockEscrowMPT : netAmount == grossAmount");
src/libxrpl/ledger/View.cpp:3820:    auto const& issuer = netAmount.getIssuer();
src/libxrpl/ledger/View.cpp:3821:    auto const& mptIssue = netAmount.get<MPTIssue>();
src/libxrpl/ledger/View.cpp:3831:    // Decrease the Issuance EscrowedAmount
src/libxrpl/ledger/View.cpp:3833:        if (!sleIssuance->isFieldPresent(sfLockedAmount))
src/libxrpl/ledger/View.cpp:3841:        auto const locked = sleIssuance->getFieldU64(sfLockedAmount);
src/libxrpl/ledger/View.cpp:3842:        auto const redeem = grossAmount.mpt().value();
src/libxrpl/ledger/View.cpp:3846:                STAmount(mptIssue, locked), STAmount(mptIssue, redeem)))
src/libxrpl/ledger/View.cpp:3856:            sleIssuance->makeFieldAbsent(sfLockedAmount);
src/libxrpl/ledger/View.cpp:3858:            sleIssuance->setFieldU64(sfLockedAmount, newLocked);
src/libxrpl/ledger/View.cpp:3864:        // Increase the MPT Holder MPTAmount
src/libxrpl/ledger/View.cpp:3874:        auto current = sle->getFieldU64(sfMPTAmount);
src/libxrpl/ledger/View.cpp:3875:        auto delta = netAmount.mpt().value();
src/libxrpl/ledger/View.cpp:3878:        if (!canAdd(STAmount(mptIssue, current), STAmount(mptIssue, delta)))
src/libxrpl/ledger/View.cpp:3881:                << "rippleUnlockEscrowMPT: overflow on MPTAmount for "
src/libxrpl/ledger/View.cpp:3886:        (*sle)[sfMPTAmount] += delta;
src/libxrpl/ledger/View.cpp:3891:        // Decrease the Issuance OutstandingAmount
src/libxrpl/ledger/View.cpp:3892:        auto const outstanding = sleIssuance->getFieldU64(sfOutstandingAmount);
src/libxrpl/ledger/View.cpp:3893:        auto const redeem = netAmount.mpt().value();
src/libxrpl/ledger/View.cpp:3897:                STAmount(mptIssue, outstanding), STAmount(mptIssue, redeem)))
src/libxrpl/ledger/View.cpp:3906:        sleIssuance->setFieldU64(sfOutstandingAmount, outstanding - redeem);
src/libxrpl/ledger/View.cpp:3918:        // Decrease the MPT Holder EscrowedAmount
src/libxrpl/ledger/View.cpp:3928:        if (!sle->isFieldPresent(sfLockedAmount))
src/libxrpl/ledger/View.cpp:3936:        auto const locked = sle->getFieldU64(sfLockedAmount);
src/libxrpl/ledger/View.cpp:3937:        auto const delta = grossAmount.mpt().value();
src/libxrpl/ledger/View.cpp:3940:        if (!canSubtract(STAmount(mptIssue, locked), STAmount(mptIssue, delta)))
src/libxrpl/ledger/View.cpp:3950:            sle->makeFieldAbsent(sfLockedAmount);
src/libxrpl/ledger/View.cpp:3952:            sle->setFieldU64(sfLockedAmount, newLocked);
src/libxrpl/ledger/View.cpp:3960:    auto const diff = grossAmount.mpt().value() - netAmount.mpt().value();
src/libxrpl/ledger/View.cpp:3963:        auto const outstanding = sleIssuance->getFieldU64(sfOutstandingAmount);
src/libxrpl/ledger/View.cpp:3966:                STAmount(mptIssue, outstanding), STAmount(mptIssue, diff)))
src/libxrpl/ledger/View.cpp:3974:        sleIssuance->setFieldU64(sfOutstandingAmount, outstanding - diff);
src/test/app/AMM_test.cpp:21:#include <test/jtx/AMM.h>
src/test/app/AMM_test.cpp:22:#include <test/jtx/AMMTest.h>
src/test/app/AMM_test.cpp:28:#include <xrpld/app/misc/AMMHelpers.h>
src/test/app/AMM_test.cpp:29:#include <xrpld/app/misc/AMMUtils.h>
src/test/app/AMM_test.cpp:30:#include <xrpld/app/paths/AMMContext.h>
src/test/app/AMM_test.cpp:31:#include <xrpld/app/tx/detail/AMMBid.h>
src/test/app/AMM_test.cpp:34:#include <xrpl/protocol/AMMCore.h>
src/test/app/AMM_test.cpp:47: * Basic tests of AMM that do not use offers.
src/test/app/AMM_test.cpp:48: * Tests incorporating offers are in `AMMExtended_test`.
src/test/app/AMM_test.cpp:50:struct AMM_test : public jtx::AMMTest
src/test/app/AMM_test.cpp:61:        return jtx::testable_amendments() - featureSingleAssetVault -
src/test/app/AMM_test.cpp:73:        // XRP to IOU, with featureSingleAssetVault
src/test/app/AMM_test.cpp:74:        testAMM(
src/test/app/AMM_test.cpp:75:            [&](AMM& ammAlice, Env&) {
src/test/app/AMM_test.cpp:77:                    XRP(10'000), USD(10'000), IOUAmount{10'000'000, 0}));
src/test/app/AMM_test.cpp:85:        // XRP to IOU, without featureSingleAssetVault
src/test/app/AMM_test.cpp:86:        testAMM(
src/test/app/AMM_test.cpp:87:            [&](AMM& ammAlice, Env&) {
src/test/app/AMM_test.cpp:89:                    XRP(10'000), USD(10'000), IOUAmount{10'000'000, 0}));
src/test/app/AMM_test.cpp:94:            {testable_amendments() - featureSingleAssetVault});
src/test/app/AMM_test.cpp:97:        testAMM(
src/test/app/AMM_test.cpp:98:            [&](AMM& ammAlice, Env&) {
src/test/app/AMM_test.cpp:100:                    USD(20'000), BTC(0.5), IOUAmount{100, 0}));
src/test/app/AMM_test.cpp:111:            AMM ammAlice(env, alice, USD(20'000), BTC(0.5));
src/test/app/AMM_test.cpp:113:                USD(20'000), BTC(0.5), IOUAmount{100, 0}));
src/test/app/AMM_test.cpp:123:            env(fset(gw, asfRequireAuth));
src/test/app/AMM_test.cpp:129:            AMM ammAlice(env, alice, XRP(10'000), USD(10'000));
src/test/app/AMM_test.cpp:141:            env(fset(gw, asfGlobalFreeze));
src/test/app/AMM_test.cpp:143:            AMM ammAliceFail(
src/test/app/AMM_test.cpp:144:                env, alice, XRP(10'000), USD(10'000), ter(tecFROZEN));
src/test/app/AMM_test.cpp:145:            env(fclear(gw, asfGlobalFreeze));
src/test/app/AMM_test.cpp:147:            AMM ammAlice(env, alice, XRP(10'000), USD(10'000));
src/test/app/AMM_test.cpp:151:        testAMM(
src/test/app/AMM_test.cpp:152:            [&](AMM& amm, Env&) {
src/test/app/AMM_test.cpp:153:                BEAST_EXPECT(amm.expectTradingFee(1'000));
src/test/app/AMM_test.cpp:154:                BEAST_EXPECT(amm.expectAuctionSlot(100, 0, IOUAmount{0}));
src/test/app/AMM_test.cpp:161:            STIssue(sfAsset, STAmount(XRP(2'000)).issue()) ==
src/test/app/AMM_test.cpp:162:            STIssue(sfAsset, STAmount(XRP(2'000)).issue()));
src/test/app/AMM_test.cpp:164:            STIssue(sfAsset, STAmount(XRP(2'000)).issue()) !=
src/test/app/AMM_test.cpp:165:            STIssue(sfAsset, STAmount(USD(2'000)).issue()));
src/test/app/AMM_test.cpp:179:            AMM ammAlice(
src/test/app/AMM_test.cpp:180:                env, alice, XRP(10'000), XRP(10'000), ter(temBAD_AMM_TOKENS));
src/test/app/AMM_test.cpp:188:            AMM ammAlice(
src/test/app/AMM_test.cpp:189:                env, alice, USD(10'000), USD(10'000), ter(temBAD_AMM_TOKENS));
src/test/app/AMM_test.cpp:197:            AMM ammAlice(env, alice, XRP(0), USD(10'000), ter(temBAD_AMOUNT));
src/test/app/AMM_test.cpp:199:            AMM ammAlice1(env, alice, XRP(10'000), USD(0), ter(temBAD_AMOUNT));
src/test/app/AMM_test.cpp:201:            AMM ammAlice2(
src/test/app/AMM_test.cpp:204:            AMM ammAlice3(
src/test/app/AMM_test.cpp:213:            AMM ammAlice(
src/test/app/AMM_test.cpp:222:            AMM ammAlice(
src/test/app/AMM_test.cpp:223:                env, alice, XRP(10'000), USD(40'000), ter(tecUNFUNDED_AMM));
src/test/app/AMM_test.cpp:231:            AMM ammAlice(
src/test/app/AMM_test.cpp:232:                env, alice, XRP(40'000), USD(10'000), ter(tecUNFUNDED_AMM));
src/test/app/AMM_test.cpp:240:            AMM ammAlice(
src/test/app/AMM_test.cpp:255:        // AMM already exists
src/test/app/AMM_test.cpp:256:        testAMM([&](AMM& ammAlice, Env& env) {
src/test/app/AMM_test.cpp:257:            AMM ammCarol(
src/test/app/AMM_test.cpp:265:            AMM ammAlice(
src/test/app/AMM_test.cpp:273:                tfWithdrawAll,
src/test/app/AMM_test.cpp:285:            AMM ammAlice(
src/test/app/AMM_test.cpp:305:            env(fset(gw, asfRequireAuth));
src/test/app/AMM_test.cpp:309:            AMM ammAlice(env, alice, XRP(10'000), USD(10'000), ter(tecNO_AUTH));
src/test/app/AMM_test.cpp:318:            env(fset(gw, asfGlobalFreeze));
src/test/app/AMM_test.cpp:322:            AMM ammAlice(env, alice, XRP(10'000), USD(10'000), ter(tecFROZEN));
src/test/app/AMM_test.cpp:333:            env(trust(gw, alice["USD"](0), tfSetFreeze));
src/test/app/AMM_test.cpp:335:            AMM ammAlice(env, alice, XRP(10'000), USD(10'000), ter(tecFROZEN));
src/test/app/AMM_test.cpp:352:            AMM ammAlice(
src/test/app/AMM_test.cpp:353:                env, alice, XRP(1'000), USD(1'000), ter(tecUNFUNDED_AMM));
src/test/app/AMM_test.cpp:371:            AMM ammAlice(
src/test/app/AMM_test.cpp:379:            AMM ammAlice(
src/test/app/AMM_test.cpp:393:        // AMM with LPTokens
src/test/app/AMM_test.cpp:395:        // AMM with one LPToken from another AMM.
src/test/app/AMM_test.cpp:396:        testAMM([&](AMM& ammAlice, Env& env) {
src/test/app/AMM_test.cpp:398:            AMM ammAMMToken(
src/test/app/AMM_test.cpp:402:                STAmount{ammAlice.lptIssue(), 1'000'000},
src/test/app/AMM_test.cpp:403:                ter(tecAMM_INVALID_TOKENS));
src/test/app/AMM_test.cpp:404:            AMM ammAMMToken1(
src/test/app/AMM_test.cpp:407:                STAmount{ammAlice.lptIssue(), 1'000'000},
src/test/app/AMM_test.cpp:409:                ter(tecAMM_INVALID_TOKENS));
src/test/app/AMM_test.cpp:412:        // AMM with two LPTokens from other AMMs.
src/test/app/AMM_test.cpp:413:        testAMM([&](AMM& ammAlice, Env& env) {
src/test/app/AMM_test.cpp:415:            AMM ammAlice1(env, alice, XRP(10'000), EUR(10'000));
src/test/app/AMM_test.cpp:418:            AMM ammAMMTokens(
src/test/app/AMM_test.cpp:421:                STAmount{token1, 1'000'000},
src/test/app/AMM_test.cpp:422:                STAmount{token2, 1'000'000},
src/test/app/AMM_test.cpp:423:                ter(tecAMM_INVALID_TOKENS));
src/test/app/AMM_test.cpp:431:            AMM ammGw(env, gw, XRP(10'000), USD(10'000), ter(terNO_RIPPLE));
src/test/app/AMM_test.cpp:435:            AMM ammAlice(
src/test/app/AMM_test.cpp:443:            AMM ammGwGw1(env, gw, USD(10'000), USD1(10'000), ter(terNO_RIPPLE));
src/test/app/AMM_test.cpp:446:            AMM ammAlice1(
src/test/app/AMM_test.cpp:458:        testAMM([&](AMM& ammAlice, Env& env) {
src/test/app/AMM_test.cpp:464:                tfWithdrawAll,
src/test/app/AMM_test.cpp:471:                std::optional<STAmount>,
src/test/app/AMM_test.cpp:472:                std::optional<STAmount>,
src/test/app/AMM_test.cpp:473:                std::optional<STAmount>,
src/test/app/AMM_test.cpp:476:                    // flags, tokens, asset1In, asset2in, EPrice, tfee
src/test/app/AMM_test.cpp:477:                    {tfLPToken,
src/test/app/AMM_test.cpp:483:                    {tfLPToken,
src/test/app/AMM_test.cpp:489:                    {tfLPToken,
src/test/app/AMM_test.cpp:493:                     STAmount{USD, 1, -1},
src/test/app/AMM_test.cpp:495:                    {tfLPToken,
src/test/app/AMM_test.cpp:499:                     STAmount{USD, 1, -1},
src/test/app/AMM_test.cpp:501:                    {tfLPToken,
src/test/app/AMM_test.cpp:505:                     STAmount{USD, 1, -1},
src/test/app/AMM_test.cpp:507:                    {tfLPToken,
src/test/app/AMM_test.cpp:513:                    {tfSingleAsset,
src/test/app/AMM_test.cpp:519:                    {tfSingleAsset,
src/test/app/AMM_test.cpp:525:                    {tfSingleAsset,
src/test/app/AMM_test.cpp:529:                     STAmount{USD, 1, -1},
src/test/app/AMM_test.cpp:531:                    {tfSingleAsset,
src/test/app/AMM_test.cpp:537:                    {tfTwoAsset,
src/test/app/AMM_test.cpp:543:                    {tfTwoAsset,
src/test/app/AMM_test.cpp:547:                     STAmount{USD, 1, -1},
src/test/app/AMM_test.cpp:549:                    {tfTwoAsset,
src/test/app/AMM_test.cpp:555:                    {tfTwoAsset,
src/test/app/AMM_test.cpp:561:                    {tfTwoAsset,
src/test/app/AMM_test.cpp:565:                     STAmount{USD, 1, -1},
src/test/app/AMM_test.cpp:567:                    {tfOneAssetLPToken,
src/test/app/AMM_test.cpp:573:                    {tfOneAssetLPToken,
src/test/app/AMM_test.cpp:579:                    {tfOneAssetLPToken,
src/test/app/AMM_test.cpp:583:                     STAmount{USD, 1, -1},
src/test/app/AMM_test.cpp:585:                    {tfOneAssetLPToken,
src/test/app/AMM_test.cpp:591:                    {tfLimitLPToken,
src/test/app/AMM_test.cpp:597:                    {tfLimitLPToken,
src/test/app/AMM_test.cpp:603:                    {tfLimitLPToken,
src/test/app/AMM_test.cpp:609:                    {tfLimitLPToken,
src/test/app/AMM_test.cpp:613:                     STAmount{USD, 1, -1},
src/test/app/AMM_test.cpp:615:                    {tfTwoAssetIfEmpty,
src/test/app/AMM_test.cpp:621:                    {tfTwoAssetIfEmpty,
src/test/app/AMM_test.cpp:627:                    {tfTwoAssetIfEmpty,
src/test/app/AMM_test.cpp:631:                     STAmount{USD, 1, -1},
src/test/app/AMM_test.cpp:633:                    {tfTwoAssetIfEmpty | tfLPToken,
src/test/app/AMM_test.cpp:637:                     STAmount{USD, 1, -1},
src/test/app/AMM_test.cpp:658:                jv[jss::TransactionType] = jss::AMMDeposit;
src/test/app/AMM_test.cpp:659:                jv[jss::Asset] =
src/test/app/AMM_test.cpp:660:                    STIssue(sfAsset, XRP).getJson(JsonOptions::none);
src/test/app/AMM_test.cpp:661:                jv[jss::Asset2] =
src/test/app/AMM_test.cpp:662:                    STIssue(sfAsset, USD).getJson(JsonOptions::none);
src/test/app/AMM_test.cpp:669:                alice, 0, std::nullopt, std::nullopt, ter(temBAD_AMM_TOKENS));
src/test/app/AMM_test.cpp:672:                IOUAmount{-1},
src/test/app/AMM_test.cpp:675:                ter(temBAD_AMM_TOKENS));
src/test/app/AMM_test.cpp:680:                jv[jss::TransactionType] = jss::AMMDeposit;
src/test/app/AMM_test.cpp:681:                jv[jss::Asset] =
src/test/app/AMM_test.cpp:682:                    STIssue(sfAsset, XRP).getJson(JsonOptions::none);
src/test/app/AMM_test.cpp:683:                jv[jss::Asset2] =
src/test/app/AMM_test.cpp:684:                    STIssue(sfAsset, USD).getJson(JsonOptions::none);
src/test/app/AMM_test.cpp:685:                jv[jss::LPTokenOut] =
src/test/app/AMM_test.cpp:687:                jv[jss::Flags] = tfLPToken;
src/test/app/AMM_test.cpp:688:                env(jv, ter(temBAD_AMM_TOKENS));
src/test/app/AMM_test.cpp:698:                tfTwoAssetIfEmpty,
src/test/app/AMM_test.cpp:718:                    ter(terNO_AMM));
src/test/app/AMM_test.cpp:721:            // Depositing mismatched token, invalid Asset1In.issue
src/test/app/AMM_test.cpp:728:                ter(temBAD_AMM_TOKENS));
src/test/app/AMM_test.cpp:730:            // Depositing mismatched token, invalid Asset2In.issue
src/test/app/AMM_test.cpp:737:                ter(temBAD_AMM_TOKENS));
src/test/app/AMM_test.cpp:739:            // Depositing mismatched token, Asset1In.issue == Asset2In.issue
src/test/app/AMM_test.cpp:746:                ter(temBAD_AMM_TOKENS));
src/test/app/AMM_test.cpp:795:            // Invalid AMM
src/test/app/AMM_test.cpp:806:                ter(terNO_AMM));
src/test/app/AMM_test.cpp:809:            // Amount to deposit exceeds Max
src/test/app/AMM_test.cpp:820:                ter(tecAMM_FAILED));
src/test/app/AMM_test.cpp:823:            // Amount to deposit exceeds Max
src/test/app/AMM_test.cpp:834:                ter(tecAMM_FAILED));
src/test/app/AMM_test.cpp:842:                STAmount{USD, 1, -1},
src/test/app/AMM_test.cpp:844:                ter(tecUNFUNDED_AMM));
src/test/app/AMM_test.cpp:850:                STAmount{USD, 2'000, -6},
src/test/app/AMM_test.cpp:852:                ter(tecAMM_FAILED));
src/test/app/AMM_test.cpp:854:            // Deposit non-empty AMM
src/test/app/AMM_test.cpp:860:                tfTwoAssetIfEmpty,
src/test/app/AMM_test.cpp:861:                ter(tecAMM_NOT_EMPTY));
src/test/app/AMM_test.cpp:865:        testAMM(
src/test/app/AMM_test.cpp:866:            [&](AMM& ammAlice, Env& env) {
src/test/app/AMM_test.cpp:868:                    env.current()->rules().enabled(fixAMMv1_3);
src/test/app/AMM_test.cpp:876:                    carol, IOUAmount{1, -4}, std::nullopt, std::nullopt, err);
src/test/app/AMM_test.cpp:877:                // Pre/post-amendment LPTokens is rounded to 0 and deposit
src/test/app/AMM_test.cpp:878:                // fails with tecAMM_INVALID_TOKENS.
src/test/app/AMM_test.cpp:881:                    STAmount{USD, 1, -12},
src/test/app/AMM_test.cpp:885:                    ter(tecAMM_INVALID_TOKENS));
src/test/app/AMM_test.cpp:890:            {features, features - fixAMMv1_3});
src/test/app/AMM_test.cpp:892:        // Invalid AMM
src/test/app/AMM_test.cpp:893:        testAMM([&](AMM& ammAlice, Env& env) {
src/test/app/AMM_test.cpp:896:                alice, 10'000, std::nullopt, std::nullopt, ter(terNO_AMM));
src/test/app/AMM_test.cpp:900:        testAMM(
src/test/app/AMM_test.cpp:901:            [&](AMM& ammAlice, Env& env) {
src/test/app/AMM_test.cpp:902:                env(fset(gw, asfGlobalFreeze));
src/test/app/AMM_test.cpp:903:                if (!features[featureAMMClawback])
src/test/app/AMM_test.cpp:905:                    // deposit the other non-frozen token when AMMClawback is
src/test/app/AMM_test.cpp:910:                    // deposit the other non-frozen token when AMMClawback is
src/test/app/AMM_test.cpp:918:                        ter(tecFROZEN));
src/test/app/AMM_test.cpp:925:                    ter(tecFROZEN));
src/test/app/AMM_test.cpp:931:                    ter(tecFROZEN));
src/test/app/AMM_test.cpp:938:                    ter(tecFROZEN));
src/test/app/AMM_test.cpp:945:        // Individually frozen (AMM) account
src/test/app/AMM_test.cpp:946:        testAMM(
src/test/app/AMM_test.cpp:947:            [&](AMM& ammAlice, Env& env) {
src/test/app/AMM_test.cpp:948:                env(trust(gw, carol["USD"](0), tfSetFreeze));
src/test/app/AMM_test.cpp:950:                if (!features[featureAMMClawback])
src/test/app/AMM_test.cpp:951:                    // Can deposit non-frozen token if AMMClawback is not
src/test/app/AMM_test.cpp:956:                    // frozen when AMMClawback is enabled
src/test/app/AMM_test.cpp:963:                        ter(tecFROZEN));
src/test/app/AMM_test.cpp:970:                    ter(tecFROZEN));
src/test/app/AMM_test.cpp:977:                    ter(tecFROZEN));
src/test/app/AMM_test.cpp:978:                env(trust(gw, carol["USD"](0), tfClearFreeze));
src/test/app/AMM_test.cpp:979:                // Individually frozen AMM
src/test/app/AMM_test.cpp:982:                    STAmount{
src/test/app/AMM_test.cpp:984:                    tfSetFreeze));
src/test/app/AMM_test.cpp:993:                    ter(tecFROZEN));
src/test/app/AMM_test.cpp:1000:                    ter(tecFROZEN));
src/test/app/AMM_test.cpp:1007:        // Individually frozen (AMM) account with IOU/IOU AMM
src/test/app/AMM_test.cpp:1008:        testAMM(
src/test/app/AMM_test.cpp:1009:            [&](AMM& ammAlice, Env& env) {
src/test/app/AMM_test.cpp:1010:                env(trust(gw, carol["USD"](0), tfSetFreeze));
src/test/app/AMM_test.cpp:1011:                env(trust(gw, carol["BTC"](0), tfSetFreeze));
src/test/app/AMM_test.cpp:1018:                    ter(tecFROZEN));
src/test/app/AMM_test.cpp:1025:                    ter(tecFROZEN));
src/test/app/AMM_test.cpp:1026:                env(trust(gw, carol["USD"](0), tfClearFreeze));
src/test/app/AMM_test.cpp:1027:                // Individually frozen AMM
src/test/app/AMM_test.cpp:1030:                    STAmount{
src/test/app/AMM_test.cpp:1032:                    tfSetFreeze));
src/test/app/AMM_test.cpp:1040:                    ter(tecFROZEN));
src/test/app/AMM_test.cpp:1047:                    ter(tecFROZEN));
src/test/app/AMM_test.cpp:1055:            env(fset(gw, asfRequireAuth));
src/test/app/AMM_test.cpp:1065:            AMM amm(env, alice, XRP(10), gw["USD"](10), ter(tesSUCCESS));
src/test/app/AMM_test.cpp:1068:            if (features[featureAMMClawback])
src/test/app/AMM_test.cpp:1069:                // if featureAMMClawback is enabled, bob can not deposit XRP
src/test/app/AMM_test.cpp:1078:                    ter(tecNO_AUTH));
src/test/app/AMM_test.cpp:1090:        testAMM([&](AMM& ammAlice, Env& env) {
src/test/app/AMM_test.cpp:1101:                ter(tecUNFUNDED_AMM));
src/test/app/AMM_test.cpp:1105:        testAMM([&](AMM& ammAlice, Env& env) {
src/test/app/AMM_test.cpp:1114:                ter(tecUNFUNDED_AMM));
src/test/app/AMM_test.cpp:1118:        testAMM([&](AMM& ammAlice, Env& env) {
src/test/app/AMM_test.cpp:1131:                ter(tecUNFUNDED_AMM));
src/test/app/AMM_test.cpp:1135:        testAMM([&](AMM& ammAlice, Env& env) {
src/test/app/AMM_test.cpp:1151:                ter(tecUNFUNDED_AMM));
src/test/app/AMM_test.cpp:1170:            AMM ammAlice(env, alice, XRP(1'000), USD(1'000));
src/test/app/AMM_test.cpp:1209:            AMM ammAlice(env, alice, XRP(1'000), USD(1'000));
src/test/app/AMM_test.cpp:1220:        testAMM([&](AMM& ammAlice, Env& env) {
src/test/app/AMM_test.cpp:1223:                carol, 0, XRP(100), tfSingleAsset, ter(temBAD_AMM_TOKENS));
src/test/app/AMM_test.cpp:1225:                carol, -1, XRP(100), tfSingleAsset, ter(temBAD_AMM_TOKENS));
src/test/app/AMM_test.cpp:1232:                tfTwoAsset,
src/test/app/AMM_test.cpp:1236:                ter(temBAD_AMM_TOKENS));
src/test/app/AMM_test.cpp:1244:                tfTwoAsset,
src/test/app/AMM_test.cpp:1255:                tfTwoAsset,
src/test/app/AMM_test.cpp:1267:                tfTwoAsset,
src/test/app/AMM_test.cpp:1279:                tfTwoAsset,
src/test/app/AMM_test.cpp:1283:                ter(temBAD_AMM_TOKENS));
src/test/app/AMM_test.cpp:1290:                tfTwoAsset,
src/test/app/AMM_test.cpp:1294:                ter(temBAD_AMM_TOKENS));
src/test/app/AMM_test.cpp:1298:        testAMM([&](AMM& ammAlice, Env& env) {
src/test/app/AMM_test.cpp:1306:                tfLPToken,
src/test/app/AMM_test.cpp:1310:                ter(tecAMM_FAILED));
src/test/app/AMM_test.cpp:1317:                tfLPToken,
src/test/app/AMM_test.cpp:1321:                ter(tecAMM_FAILED));
src/test/app/AMM_test.cpp:1329:                tfTwoAsset,
src/test/app/AMM_test.cpp:1333:                ter(tecAMM_FAILED));
src/test/app/AMM_test.cpp:1341:                tfSingleAsset,
src/test/app/AMM_test.cpp:1345:                ter(tecAMM_FAILED));
src/test/app/AMM_test.cpp:1349:        testAMM([&](AMM& amm, Env& env) {
src/test/app/AMM_test.cpp:1351:                .tokens = IOUAmount{1, -12},
src/test/app/AMM_test.cpp:1352:                .err = ter(tecAMM_INVALID_TOKENS)});
src/test/app/AMM_test.cpp:1356:        testAMM(
src/test/app/AMM_test.cpp:1357:            [&](AMM& amm, Env& env) {
src/test/app/AMM_test.cpp:1359:                    .asset1In = STAmount{USD, 1, -15},
src/test/app/AMM_test.cpp:1360:                    .asset2In = XRPAmount{1},
src/test/app/AMM_test.cpp:1361:                    .err = ter(tecAMM_INVALID_TOKENS)});
src/test/app/AMM_test.cpp:1364:             .features = {features - fixAMMv1_3}});
src/test/app/AMM_test.cpp:1365:        testAMM([&](AMM& amm, Env& env) {
src/test/app/AMM_test.cpp:1367:                .asset1In = STAmount{USD, 1, -15},
src/test/app/AMM_test.cpp:1368:                .asset2In = XRPAmount{1},
src/test/app/AMM_test.cpp:1369:                .err = ter(tecAMM_INVALID_TOKENS)});
src/test/app/AMM_test.cpp:1373:        testAMM([&](AMM& amm, Env& env) {
src/test/app/AMM_test.cpp:1375:                .asset1In = STAmount{USD, 1, -15},
src/test/app/AMM_test.cpp:1376:                .err = ter(tecAMM_INVALID_TOKENS)});
src/test/app/AMM_test.cpp:1380:        testAMM([&](AMM& amm, Env& env) {
src/test/app/AMM_test.cpp:1382:                .tokens = IOUAmount{1, -10},
src/test/app/AMM_test.cpp:1383:                .asset1In = STAmount{USD, 1, -15},
src/test/app/AMM_test.cpp:1384:                .err = ter(tecAMM_INVALID_TOKENS)});
src/test/app/AMM_test.cpp:1388:        testAMM([&](AMM& amm, Env& env) {
src/test/app/AMM_test.cpp:1390:                .asset1In = STAmount{USD, 1, -15},
src/test/app/AMM_test.cpp:1391:                .maxEP = STAmount{USD, 1, -1},
src/test/app/AMM_test.cpp:1392:                .err = ter(tecAMM_INVALID_TOKENS)});
src/test/app/AMM_test.cpp:1405:        testAMM([&](AMM& ammAlice, Env& env) {
src/test/app/AMM_test.cpp:1409:                XRP(11'000), USD(11'000), IOUAmount{11'000'000, 0}));
src/test/app/AMM_test.cpp:1414:                env, carol, XRPAmount{29'000'000'000 - baseFee}));
src/test/app/AMM_test.cpp:1418:        // LPTokens in the AMMHelpers.cpp: adjustLPTokens calculations
src/test/app/AMM_test.cpp:1419:        // The LPTokens need to have 16 significant digits and a fractional part
src/test/app/AMM_test.cpp:1420:        for (Number const& deltaLPTokens :
src/test/app/AMM_test.cpp:1424:            testAMM([&](AMM& ammAlice, Env& env) {
src/test/app/AMM_test.cpp:1425:                // initial LPToken balance
src/test/app/AMM_test.cpp:1426:                IOUAmount const initLPToken = ammAlice.getLPTokensBalance();
src/test/app/AMM_test.cpp:1427:                IOUAmount const newLPTokens{deltaLPTokens};
src/test/app/AMM_test.cpp:1431:                    DepositArg{.account = carol, .tokens = newLPTokens});
src/test/app/AMM_test.cpp:1433:                IOUAmount const finalLPToken = ammAlice.getLPTokensBalance();
src/test/app/AMM_test.cpp:1435:                // Change in behavior due to rounding down of LPTokens:
src/test/app/AMM_test.cpp:1436:                // there is a decrease in the observed return of LPTokens --
src/test/app/AMM_test.cpp:1440:                BEAST_EXPECT((finalLPToken - initLPToken == IOUAmount{1, 5}));
src/test/app/AMM_test.cpp:1441:                BEAST_EXPECT(finalLPToken - initLPToken < deltaLPTokens);
src/test/app/AMM_test.cpp:1443:                // fraction of newLPTokens/(existing LPToken balance). The
src/test/app/AMM_test.cpp:1444:                // existing LPToken balance is 1e7
src/test/app/AMM_test.cpp:1445:                Number const fr = deltaLPTokens / 1e7;
src/test/app/AMM_test.cpp:1452:                STAmount const depositUSD = STAmount{USD, deltaUSD};
src/test/app/AMM_test.cpp:1454:                STAmount const depositXRP = STAmount{XRP, deltaXRP};
src/test/app/AMM_test.cpp:1456:                // initial LPTokens (1e7) + newLPTokens
src/test/app/AMM_test.cpp:1460:                    IOUAmount{1, 7} + newLPTokens));
src/test/app/AMM_test.cpp:1476:        testAMM([&](AMM& ammAlice, Env&) {
src/test/app/AMM_test.cpp:1479:                XRP(10'100), USD(10'100), IOUAmount{10'100'000, 0}));
src/test/app/AMM_test.cpp:1484:        testAMM([&](AMM& ammAlice, Env&) {
src/test/app/AMM_test.cpp:1487:                XRP(10'100), USD(10'100), IOUAmount{10'100'000, 0}));
src/test/app/AMM_test.cpp:1490:        testAMM([&](AMM& ammAlice, Env&) {
src/test/app/AMM_test.cpp:1493:                XRP(10'100), USD(10'100), IOUAmount{10'100'000, 0}));
src/test/app/AMM_test.cpp:1497:        testAMM([&](AMM& ammAlice, Env&) {
src/test/app/AMM_test.cpp:1501:                STAmount{USD, UINT64_C(10'999'99999999999), -11},
src/test/app/AMM_test.cpp:1502:                IOUAmount{10'488'088'48170151, -8}));
src/test/app/AMM_test.cpp:1506:        testAMM([&](AMM& ammAlice, Env&) {
src/test/app/AMM_test.cpp:1509:                XRP(11'000), USD(10'000), IOUAmount{10'488'088'48170151, -8}));
src/test/app/AMM_test.cpp:1513:        testAMM([&](AMM& ammAlice, Env&) {
src/test/app/AMM_test.cpp:1516:                XRP(10'000), USD(10'201), IOUAmount{10'100'000, 0}));
src/test/app/AMM_test.cpp:1520:        testAMM([&](AMM& ammAlice, Env& env) {
src/test/app/AMM_test.cpp:1523:                XRP(10'201), USD(10'000), IOUAmount{10'100'000, 0}));
src/test/app/AMM_test.cpp:1527:        // 100USD with EP not to exceed 0.1 (AssetIn/TokensOut)
src/test/app/AMM_test.cpp:1528:        testAMM([&](AMM& ammAlice, Env&) {
src/test/app/AMM_test.cpp:1530:                carol, USD(1'000), std::nullopt, STAmount{USD, 1, -1});
src/test/app/AMM_test.cpp:1533:                STAmount{USD, UINT64_C(10'999'99999999999), -11},
src/test/app/AMM_test.cpp:1534:                IOUAmount{10'488'088'48170151, -8}));
src/test/app/AMM_test.cpp:1538:        // 100USD with EP not to exceed 0.002004 (AssetIn/TokensOut)
src/test/app/AMM_test.cpp:1539:        testAMM([&](AMM& ammAlice, Env&) {
src/test/app/AMM_test.cpp:1541:                carol, USD(100), std::nullopt, STAmount{USD, 2004, -6});
src/test/app/AMM_test.cpp:1544:                STAmount{USD, 10'080'16, -2},
src/test/app/AMM_test.cpp:1545:                IOUAmount{10'040'000, 0}));
src/test/app/AMM_test.cpp:1549:        // 0USD with EP not to exceed 0.002004 (AssetIn/TokensOut)
src/test/app/AMM_test.cpp:1550:        testAMM([&](AMM& ammAlice, Env&) {
src/test/app/AMM_test.cpp:1552:                carol, USD(0), std::nullopt, STAmount{USD, 2004, -6});
src/test/app/AMM_test.cpp:1555:                STAmount{USD, 10'080'16, -2},
src/test/app/AMM_test.cpp:1556:                IOUAmount{10'040'000, 0}));
src/test/app/AMM_test.cpp:1565:            AMM ammAlice(env, alice, USD(20'000), BTC(0.5));
src/test/app/AMM_test.cpp:1567:                USD(20'000), BTC(0.5), IOUAmount{100, 0}));
src/test/app/AMM_test.cpp:1574:                USD(22'000), BTC(0.55), IOUAmount{110, 0}));
src/test/app/AMM_test.cpp:1580:        testAMM([&](AMM& ammAlice, Env&) {
src/test/app/AMM_test.cpp:1581:            ammAlice.deposit(carol, IOUAmount{1, -3});
src/test/app/AMM_test.cpp:1583:                XRPAmount{10'000'000'001},
src/test/app/AMM_test.cpp:1584:                STAmount{USD, UINT64_C(10'000'000001), -6},
src/test/app/AMM_test.cpp:1585:                IOUAmount{10'000'000'001, -3}));
src/test/app/AMM_test.cpp:1586:            BEAST_EXPECT(ammAlice.expectLPTokens(carol, IOUAmount{1, -3}));
src/test/app/AMM_test.cpp:1588:        testAMM([&](AMM& ammAlice, Env&) {
src/test/app/AMM_test.cpp:1589:            ammAlice.deposit(carol, XRPAmount{1});
src/test/app/AMM_test.cpp:1591:                XRPAmount{10'000'000'001},
src/test/app/AMM_test.cpp:1593:                IOUAmount{1'000'000'000049999, -8}));
src/test/app/AMM_test.cpp:1594:            BEAST_EXPECT(ammAlice.expectLPTokens(carol, IOUAmount{49999, -8}));
src/test/app/AMM_test.cpp:1596:        testAMM([&](AMM& ammAlice, Env&) {
src/test/app/AMM_test.cpp:1597:            ammAlice.deposit(carol, STAmount{USD, 1, -10});
src/test/app/AMM_test.cpp:1600:                STAmount{USD, UINT64_C(10'000'00000000008), -11},
src/test/app/AMM_test.cpp:1601:                IOUAmount{10'000'000'00000004, -8}));
src/test/app/AMM_test.cpp:1602:            BEAST_EXPECT(ammAlice.expectLPTokens(carol, IOUAmount{4, -8}));
src/test/app/AMM_test.cpp:1606:        for (auto const& feat : {all, all - fixAMMv1_3})
src/test/app/AMM_test.cpp:1610:            AMM ammGw(env, gw, XRP(10'000), USD(10'000));
src/test/app/AMM_test.cpp:1615:                XRP(11'000), USD(11'000), IOUAmount{11'000'000}));
src/test/app/AMM_test.cpp:1619:                STAmount{USD, UINT64_C(11'999'99999999998), -11},
src/test/app/AMM_test.cpp:1620:                IOUAmount{11'489'125'29307605, -8}));
src/test/app/AMM_test.cpp:1624:        testAMM([&](AMM& ammAlice, Env& env) {
src/test/app/AMM_test.cpp:1627:                XRP(11'000), USD(11'000), IOUAmount{11'000'000}));
src/test/app/AMM_test.cpp:1631:                STAmount{USD, UINT64_C(11'999'99999999998), -11},
src/test/app/AMM_test.cpp:1632:                IOUAmount{11'489'125'29307605, -8}));
src/test/app/AMM_test.cpp:1636:        testAMM([&](AMM& ammAlice, Env& env) {
src/test/app/AMM_test.cpp:1644:                tfLPToken,
src/test/app/AMM_test.cpp:1648:                XRP(11'000), USD(11'000), IOUAmount{11'000'000, 0}));
src/test/app/AMM_test.cpp:1650:        testAMM([&](AMM& ammAlice, Env& env) {
src/test/app/AMM_test.cpp:1658:                tfTwoAsset,
src/test/app/AMM_test.cpp:1662:                XRP(11'000), USD(11'000), IOUAmount{11'000'000, 0}));
src/test/app/AMM_test.cpp:1664:        testAMM([&](AMM& ammAlice, Env& env) {
src/test/app/AMM_test.cpp:1672:                tfSingleAsset,
src/test/app/AMM_test.cpp:1676:                XRP(11'000), USD(10'000), IOUAmount{10'488'088'48170151, -8}));
src/test/app/AMM_test.cpp:1678:        testAMM([&](AMM& ammAlice, Env& env) {
src/test/app/AMM_test.cpp:1686:                tfSingleAsset,
src/test/app/AMM_test.cpp:1691:                STAmount{USD, UINT64_C(10'999'99999999999), -11},
src/test/app/AMM_test.cpp:1692:                IOUAmount{10'488'088'48170151, -8}));
src/test/app/AMM_test.cpp:1704:        testAMM(
src/test/app/AMM_test.cpp:1705:            [&](AMM& ammAlice, Env& env) {
src/test/app/AMM_test.cpp:1708:                    .err = ter(tecAMM_BALANCE),
src/test/app/AMM_test.cpp:1714:        testAMM(
src/test/app/AMM_test.cpp:1715:            [&](AMM& ammAlice, Env& env) {
src/test/app/AMM_test.cpp:1718:                    .err = ter(tecAMM_BALANCE),
src/test/app/AMM_test.cpp:1728:            env(fset(gw, asfRequireAuth));
src/test/app/AMM_test.cpp:1738:            AMM ammAlice(env, alice, XRP(10'000), USD(10'000));
src/test/app/AMM_test.cpp:1742:                .err = ter(tecNO_AUTH),
src/test/app/AMM_test.cpp:1747:        testAMM([&](AMM& ammAlice, Env& env) {
src/test/app/AMM_test.cpp:1765:                tfTwoAssetIfEmpty,
src/test/app/AMM_test.cpp:1773:                std::optional<STAmount>,
src/test/app/AMM_test.cpp:1774:                std::optional<STAmount>,
src/test/app/AMM_test.cpp:1775:                std::optional<IOUAmount>,
src/test/app/AMM_test.cpp:1779:                    // tokens, asset1Out, asset2Out, EPrice, flags, ter
src/test/app/AMM_test.cpp:1790:                     tfSingleAsset | tfTwoAsset,
src/test/app/AMM_test.cpp:1796:                     tfWithdrawAll,
src/test/app/AMM_test.cpp:1802:                     tfWithdrawAll | tfLPToken,
src/test/app/AMM_test.cpp:1808:                     tfWithdrawAll,
src/test/app/AMM_test.cpp:1814:                     tfWithdrawAll | tfOneAssetWithdrawAll,
src/test/app/AMM_test.cpp:1820:                     tfWithdrawAll,
src/test/app/AMM_test.cpp:1826:                     tfOneAssetWithdrawAll,
src/test/app/AMM_test.cpp:1837:                     IOUAmount{250, 0},
src/test/app/AMM_test.cpp:1838:                     tfWithdrawAll,
src/test/app/AMM_test.cpp:1843:                     IOUAmount{250, 0},
src/test/app/AMM_test.cpp:1849:                     IOUAmount{250, 0},
src/test/app/AMM_test.cpp:1855:                     IOUAmount{250, 0},
src/test/app/AMM_test.cpp:1868:                     tfWithdrawAll,
src/test/app/AMM_test.cpp:1886:                alice, 0, std::nullopt, std::nullopt, ter(temBAD_AMM_TOKENS));
src/test/app/AMM_test.cpp:1889:                IOUAmount{-1},
src/test/app/AMM_test.cpp:1892:                ter(temBAD_AMM_TOKENS));
src/test/app/AMM_test.cpp:1894:            // Mismatched token, invalid Asset1Out issue
src/test/app/AMM_test.cpp:1900:                ter(temBAD_AMM_TOKENS));
src/test/app/AMM_test.cpp:1902:            // Mismatched token, invalid Asset2Out issue
src/test/app/AMM_test.cpp:1908:                ter(temBAD_AMM_TOKENS));
src/test/app/AMM_test.cpp:1910:            // Mismatched token, Asset1Out.issue == Asset2Out.issue
src/test/app/AMM_test.cpp:1916:                ter(temBAD_AMM_TOKENS));
src/test/app/AMM_test.cpp:1931:                IOUAmount{-1},
src/test/app/AMM_test.cpp:1941:                ter(tecAMM_BALANCE));
src/test/app/AMM_test.cpp:1947:                ter(tecAMM_BALANCE));
src/test/app/AMM_test.cpp:1954:                tfOneAssetWithdrawAll,
src/test/app/AMM_test.cpp:1957:                ter(tecAMM_BALANCE));
src/test/app/AMM_test.cpp:1981:            // Invalid AMM
src/test/app/AMM_test.cpp:1991:                ter(terNO_AMM));
src/test/app/AMM_test.cpp:1995:                carol, 10'000, std::nullopt, std::nullopt, ter(tecAMM_BALANCE));
src/test/app/AMM_test.cpp:2001:                IOUAmount(9'999'999'9999, -4),
src/test/app/AMM_test.cpp:2004:                ter(tecAMM_BALANCE));
src/test/app/AMM_test.cpp:2008:                IOUAmount(9'999'999'9, -1),
src/test/app/AMM_test.cpp:2011:                ter(tecAMM_BALANCE));
src/test/app/AMM_test.cpp:2018:                ter(tecAMM_BALANCE));
src/test/app/AMM_test.cpp:2022:                STAmount{USD, UINT64_C(9'999'9999999999999), -13},
src/test/app/AMM_test.cpp:2025:                ter(tecAMM_BALANCE));
src/test/app/AMM_test.cpp:2028:        testAMM(
src/test/app/AMM_test.cpp:2029:            [&](AMM& ammAlice, Env& env) {
src/test/app/AMM_test.cpp:2037:                auto err = env.enabled(fixAMMv1_3) ? ter(tesSUCCESS)
src/test/app/AMM_test.cpp:2038:                                                   : ter(tecAMM_BALANCE);
src/test/app/AMM_test.cpp:2041:                    IOUAmount{9'999'999'9999, -4},
src/test/app/AMM_test.cpp:2045:                if (env.enabled(fixAMMv1_3))
src/test/app/AMM_test.cpp:2047:                        XRPAmount(1), STAmount{USD, 1, -7}, IOUAmount{1, -4}));
src/test/app/AMM_test.cpp:2052:            {all, all - fixAMMv1_3});
src/test/app/AMM_test.cpp:2054:        testAMM(
src/test/app/AMM_test.cpp:2055:            [&](AMM& ammAlice, Env& env) {
src/test/app/AMM_test.cpp:2062:                auto err = env.enabled(fixAMMv1_3) ? ter(tesSUCCESS)
src/test/app/AMM_test.cpp:2063:                                                   : ter(tecAMM_BALANCE);
src/test/app/AMM_test.cpp:2066:                    IOUAmount{9'999'999'999999999, -9},
src/test/app/AMM_test.cpp:2070:                if (env.enabled(fixAMMv1_3))
src/test/app/AMM_test.cpp:2072:                        XRPAmount(1), STAmount{USD, 1, -11}, IOUAmount{1, -8}));
src/test/app/AMM_test.cpp:2077:            {all, all - fixAMMv1_3});
src/test/app/AMM_test.cpp:2079:        // Invalid AMM
src/test/app/AMM_test.cpp:2080:        testAMM([&](AMM& ammAlice, Env& env) {
src/test/app/AMM_test.cpp:2083:                alice, 10'000, std::nullopt, std::nullopt, ter(terNO_AMM));
src/test/app/AMM_test.cpp:2087:        testAMM([&](AMM& ammAlice, Env& env) {
src/test/app/AMM_test.cpp:2088:            env(fset(gw, asfGlobalFreeze));
src/test/app/AMM_test.cpp:2093:                alice, USD(100), std::nullopt, std::nullopt, ter(tecFROZEN));
src/test/app/AMM_test.cpp:2095:                alice, 1'000, std::nullopt, std::nullopt, ter(tecFROZEN));
src/test/app/AMM_test.cpp:2098:        // Individually frozen (AMM) account
src/test/app/AMM_test.cpp:2099:        testAMM([&](AMM& ammAlice, Env& env) {
src/test/app/AMM_test.cpp:2100:            env(trust(gw, alice["USD"](0), tfSetFreeze));
src/test/app/AMM_test.cpp:2105:                alice, 1'000, std::nullopt, std::nullopt, ter(tecFROZEN));
src/test/app/AMM_test.cpp:2107:                alice, USD(100), std::nullopt, std::nullopt, ter(tecFROZEN));
src/test/app/AMM_test.cpp:2108:            env(trust(gw, alice["USD"](0), tfClearFreeze));
src/test/app/AMM_test.cpp:2109:            // Individually frozen AMM
src/test/app/AMM_test.cpp:2112:                STAmount{Issue{gw["USD"].currency, ammAlice.ammAccount()}, 0},
src/test/app/AMM_test.cpp:2113:                tfSetFreeze));
src/test/app/AMM_test.cpp:2117:                alice, 1'000, std::nullopt, std::nullopt, ter(tecFROZEN));
src/test/app/AMM_test.cpp:2119:                alice, USD(100), std::nullopt, std::nullopt, ter(tecFROZEN));
src/test/app/AMM_test.cpp:2123:        testAMM([&](AMM& ammAlice, Env&) {
src/test/app/AMM_test.cpp:2128:                XRP(11'000), USD(11'000), IOUAmount{11'000'000, 0}));
src/test/app/AMM_test.cpp:2135:                ter(tecAMM_INVALID_TOKENS));
src/test/app/AMM_test.cpp:2137:                XRP(11'000), USD(11'000), IOUAmount{11'000'000, 0}));
src/test/app/AMM_test.cpp:2140:        // Withdraw with EPrice limit. Fails to withdraw, calculated tokens
src/test/app/AMM_test.cpp:2142:        testAMM(
src/test/app/AMM_test.cpp:2143:            [&](AMM& ammAlice, Env& env) {
src/test/app/AMM_test.cpp:2145:                auto const err = env.enabled(fixAMMv1_3)
src/test/app/AMM_test.cpp:2146:                    ? ter(tecAMM_INVALID_TOKENS)
src/test/app/AMM_test.cpp:2147:                    : ter(tecAMM_FAILED);
src/test/app/AMM_test.cpp:2149:                    carol, USD(100), std::nullopt, IOUAmount{500, 0}, err);
src/test/app/AMM_test.cpp:2154:            {all, all - fixAMMv1_3});
src/test/app/AMM_test.cpp:2156:        // Withdraw with EPrice limit. Fails to withdraw, calculated tokens
src/test/app/AMM_test.cpp:2158:        testAMM([&](AMM& ammAlice, Env&) {
src/test/app/AMM_test.cpp:2164:                IOUAmount{600, 0},
src/test/app/AMM_test.cpp:2165:                ter(tecAMM_INVALID_TOKENS));
src/test/app/AMM_test.cpp:2168:        // Withdraw with EPrice limit. Fails to withdraw, amount1
src/test/app/AMM_test.cpp:2170:        testAMM([&](AMM& ammAlice, Env&) {
src/test/app/AMM_test.cpp:2176:                IOUAmount{520, 0},
src/test/app/AMM_test.cpp:2177:                ter(tecAMM_FAILED));
src/test/app/AMM_test.cpp:2181:        testAMM(
src/test/app/AMM_test.cpp:2182:            [&](AMM& ammAlice, Env&) {
src/test/app/AMM_test.cpp:2189:                    ter(tecAMM_INVALID_TOKENS));
src/test/app/AMM_test.cpp:2193:        testAMM(
src/test/app/AMM_test.cpp:2194:            [&](AMM& ammAlice, Env&) {
src/test/app/AMM_test.cpp:2201:                    ter(tecAMM_INVALID_TOKENS));
src/test/app/AMM_test.cpp:2207:        testAMM([&](AMM& ammAlice, Env&) {
src/test/app/AMM_test.cpp:2208:            ammAlice.deposit(carol, STAmount{USD, 1, -6});
src/test/app/AMM_test.cpp:2211:                STAmount{USD, 1, -6},
src/test/app/AMM_test.cpp:2214:                ter(tecAMM_INVALID_TOKENS));
src/test/app/AMM_test.cpp:2219:        testAMM(
src/test/app/AMM_test.cpp:2220:            [&](AMM& ammAlice, Env& env) {
src/test/app/AMM_test.cpp:2221:                auto const err = env.enabled(fixAMMv1_3)
src/test/app/AMM_test.cpp:2222:                    ? ter(tecINVARIANT_FAILED)
src/test/app/AMM_test.cpp:2223:                    : ter(tecAMM_BALANCE);
src/test/app/AMM_test.cpp:2226:                    STAmount{USD, UINT64_C(9'999'999999999999), -12},
src/test/app/AMM_test.cpp:2231:            {.features = {all, all - fixAMMv1_3}, .noLog = true});
src/test/app/AMM_test.cpp:2234:        testAMM([&](AMM& ammAlice, Env&) {
src/test/app/AMM_test.cpp:2238:                IOUAmount{1, -5},
src/test/app/AMM_test.cpp:2241:                ter(tecAMM_FAILED));
src/test/app/AMM_test.cpp:2246:                STAmount{USD, 1, -11},
src/test/app/AMM_test.cpp:2248:                ter(tecAMM_INVALID_TOKENS));
src/test/app/AMM_test.cpp:2249:            ammAlice.deposit(carol, STAmount{USD, 1, -10});
src/test/app/AMM_test.cpp:2253:                STAmount{USD, 1, -9},
src/test/app/AMM_test.cpp:2255:                ter(tecAMM_INVALID_TOKENS));
src/test/app/AMM_test.cpp:2259:                XRPAmount{1},
src/test/app/AMM_test.cpp:2261:                ter(tecAMM_INVALID_TOKENS));
src/test/app/AMM_test.cpp:2263:                .tokens = IOUAmount{1, -10},
src/test/app/AMM_test.cpp:2264:                .err = ter(tecAMM_INVALID_TOKENS)});
src/test/app/AMM_test.cpp:2266:                .asset1Out = STAmount{USD, 1, -15},
src/test/app/AMM_test.cpp:2267:                .asset2Out = XRPAmount{1},
src/test/app/AMM_test.cpp:2268:                .err = ter(tecAMM_INVALID_TOKENS)});
src/test/app/AMM_test.cpp:2270:                .tokens = IOUAmount{1, -10},
src/test/app/AMM_test.cpp:2271:                .asset1Out = STAmount{USD, 1, -15},
src/test/app/AMM_test.cpp:2272:                .err = ter(tecAMM_INVALID_TOKENS)});
src/test/app/AMM_test.cpp:2286:        testAMM([&](AMM& ammAlice, Env& env) {
src/test/app/AMM_test.cpp:2292:                XRP(11'000), USD(11'000), IOUAmount{11'000'000, 0}));
src/test/app/AMM_test.cpp:2294:                ammAlice.expectLPTokens(carol, IOUAmount{1'000'000, 0}));
src/test/app/AMM_test.cpp:2299:                env, carol, XRPAmount{29'000'000'000 - baseFee}));
src/test/app/AMM_test.cpp:2304:                ammAlice.expectLPTokens(carol, IOUAmount(beast::Zero())));
src/test/app/AMM_test.cpp:2307:                env, carol, XRPAmount{30'000'000'000 - 2 * baseFee}));
src/test/app/AMM_test.cpp:2312:        testAMM([&](AMM& ammAlice, Env&) {
src/test/app/AMM_test.cpp:2315:                XRP(9'000), USD(9'000), IOUAmount{9'000'000, 0}));
src/test/app/AMM_test.cpp:2323:        testAMM([&](AMM& ammAlice, Env&) {
src/test/app/AMM_test.cpp:2326:                XRP(9'900), USD(9'900), IOUAmount{9'900'000, 0}));
src/test/app/AMM_test.cpp:2330:        testAMM([&](AMM& ammAlice, Env&) {
src/test/app/AMM_test.cpp:2333:                XRP(9'900), USD(9'900), IOUAmount{9'900'000, 0}));
src/test/app/AMM_test.cpp:2337:        testAMM(
src/test/app/AMM_test.cpp:2338:            [&](AMM& ammAlice, Env& env) {
src/test/app/AMM_test.cpp:2340:                if (!env.enabled(fixAMMv1_3))
src/test/app/AMM_test.cpp:2344:                        IOUAmount{9'486'832'98050514, -8}));
src/test/app/AMM_test.cpp:2347:                        XRPAmount{9'000'000'001},
src/test/app/AMM_test.cpp:2349:                        IOUAmount{9'486'832'98050514, -8}));
src/test/app/AMM_test.cpp:2354:            {all, all - fixAMMv1_3});
src/test/app/AMM_test.cpp:2357:        testAMM([&](AMM& ammAlice, Env&) {
src/test/app/AMM_test.cpp:2360:                XRP(10'000), USD(9980.01), IOUAmount{9'990'000, 0}));
src/test/app/AMM_test.cpp:2364:        testAMM([&](AMM& ammAlice, Env& env) {
src/test/app/AMM_test.cpp:2365:            env(trust(carol, STAmount{ammAlice.lptIssue(), 10'000}));
src/test/app/AMM_test.cpp:2366:            // Can SetTrust only for AMM LP tokens
src/test/app/AMM_test.cpp:2369:                    STAmount{
src/test/app/AMM_test.cpp:2371:                ter(tecNO_PERMISSION));
src/test/app/AMM_test.cpp:2378:            // Can create AMM for the XRP/USD pair
src/test/app/AMM_test.cpp:2379:            AMM ammCarol(env, carol, XRP(10'000), USD(10'000));
src/test/app/AMM_test.cpp:2381:                XRP(10'000), USD(10'000), IOUAmount{10'000'000, 0}));
src/test/app/AMM_test.cpp:2385:        testAMM([&](AMM& ammAlice, Env& env) {
src/test/app/AMM_test.cpp:2389:                XRP(10'000), USD(10'000), IOUAmount{10'000'000, 0}));
src/test/app/AMM_test.cpp:2391:                ammAlice.expectLPTokens(carol, IOUAmount(beast::Zero())));
src/test/app/AMM_test.cpp:2395:        testAMM([&](AMM& ammAlice, Env&) {
src/test/app/AMM_test.cpp:2399:                XRPAmount(9'090'909'091),
src/test/app/AMM_test.cpp:2400:                STAmount{USD, UINT64_C(10'999'99999999999), -11},
src/test/app/AMM_test.cpp:2401:                IOUAmount{10'000'000, 0}));
src/test/app/AMM_test.cpp:2405:        testAMM(
src/test/app/AMM_test.cpp:2406:            [&](AMM& ammAlice, Env& env) {
src/test/app/AMM_test.cpp:2412:                lpTokens = ammAlice.deposit(carol, STAmount(USD, 1, -6));
src/test/app/AMM_test.cpp:2414:                lpTokens = ammAlice.deposit(carol, XRPAmount(1));
src/test/app/AMM_test.cpp:2415:                ammAlice.withdraw(carol, lpTokens, XRPAmount(0));
src/test/app/AMM_test.cpp:2416:                if (!env.enabled(fixAMMv1_3))
src/test/app/AMM_test.cpp:2421:                        XRPAmount(10'000'000'001),
src/test/app/AMM_test.cpp:2424:                BEAST_EXPECT(ammAlice.expectLPTokens(carol, IOUAmount{0}));
src/test/app/AMM_test.cpp:2429:            {all, all - fixAMMv1_3});
src/test/app/AMM_test.cpp:2433:        testAMM([&](AMM& ammAlice, Env&) {
src/test/app/AMM_test.cpp:2440:            BEAST_EXPECT(ammAlice.expectLPTokens(carol, IOUAmount{0}));
src/test/app/AMM_test.cpp:2441:            BEAST_EXPECT(ammAlice.expectLPTokens(alice, ammAlice.tokens()));
src/test/app/AMM_test.cpp:2445:        testAMM([&](AMM& ammAlice, Env&) {
src/test/app/AMM_test.cpp:2449:                XRP(10'000), USD(10'000), IOUAmount{10'000'000, 0}));
src/test/app/AMM_test.cpp:2453:        testAMM([&](AMM& ammAlice, Env&) {
src/test/app/AMM_test.cpp:2458:                STAmount{USD, UINT64_C(9'090'909090909092), -12},
src/test/app/AMM_test.cpp:2459:                IOUAmount{10'000'000, 0}));
src/test/app/AMM_test.cpp:2463:        testAMM([&](AMM& ammAlice, Env&) {
src/test/app/AMM_test.cpp:2467:                XRPAmount(9'090'909'091),
src/test/app/AMM_test.cpp:2469:                IOUAmount{10'000'000, 0}));
src/test/app/AMM_test.cpp:2472:        // Withdraw with EPrice limit.
src/test/app/AMM_test.cpp:2473:        testAMM(
src/test/app/AMM_test.cpp:2474:            [&](AMM& ammAlice, Env& env) {
src/test/app/AMM_test.cpp:2477:                    carol, USD(100), std::nullopt, IOUAmount{520, 0});
src/test/app/AMM_test.cpp:2478:                BEAST_EXPECT(ammAlice.expectLPTokens(
src/test/app/AMM_test.cpp:2479:                    carol, IOUAmount{153'846'15384616, -8}));
src/test/app/AMM_test.cpp:2480:                if (!env.enabled(fixAMMv1_1) && !env.enabled(fixAMMv1_3))
src/test/app/AMM_test.cpp:2482:                        XRPAmount(11'000'000'000),
src/test/app/AMM_test.cpp:2483:                        STAmount{USD, UINT64_C(9'372'781065088757), -12},
src/test/app/AMM_test.cpp:2484:                        IOUAmount{10'153'846'15384616, -8}));
src/test/app/AMM_test.cpp:2485:                else if (env.enabled(fixAMMv1_1) && !env.enabled(fixAMMv1_3))
src/test/app/AMM_test.cpp:2487:                        XRPAmount(11'000'000'000),
src/test/app/AMM_test.cpp:2488:                        STAmount{USD, UINT64_C(9'372'781065088769), -12},
src/test/app/AMM_test.cpp:2489:                        IOUAmount{10'153'846'15384616, -8}));
src/test/app/AMM_test.cpp:2490:                else if (env.enabled(fixAMMv1_3))
src/test/app/AMM_test.cpp:2492:                        XRPAmount(11'000'000'000),
src/test/app/AMM_test.cpp:2493:                        STAmount{USD, UINT64_C(9'372'78106508877), -11},
src/test/app/AMM_test.cpp:2494:                        IOUAmount{10'153'846'15384616, -8}));
src/test/app/AMM_test.cpp:2496:                BEAST_EXPECT(ammAlice.expectLPTokens(carol, IOUAmount{0}));
src/test/app/AMM_test.cpp:2498:            {.features = {all, all - fixAMMv1_3, all - fixAMMv1_1 - fixAMMv1_3},
src/test/app/AMM_test.cpp:2501:        // Withdraw with EPrice limit. AssetOut is 0.
src/test/app/AMM_test.cpp:2502:        testAMM(
src/test/app/AMM_test.cpp:2503:            [&](AMM& ammAlice, Env& env) {
src/test/app/AMM_test.cpp:2506:                    carol, USD(0), std::nullopt, IOUAmount{520, 0});
src/test/app/AMM_test.cpp:2507:                BEAST_EXPECT(ammAlice.expectLPTokens(
src/test/app/AMM_test.cpp:2508:                    carol, IOUAmount{153'846'15384616, -8}));
src/test/app/AMM_test.cpp:2509:                if (!env.enabled(fixAMMv1_1) && !env.enabled(fixAMMv1_3))
src/test/app/AMM_test.cpp:2512:                        STAmount{USD, UINT64_C(9'372'781065088757), -12},
src/test/app/AMM_test.cpp:2513:                        IOUAmount{10'153'846'15384616, -8}));
src/test/app/AMM_test.cpp:2514:                else if (env.enabled(fixAMMv1_1) && !env.enabled(fixAMMv1_3))
src/test/app/AMM_test.cpp:2517:                        STAmount{USD, UINT64_C(9'372'781065088769), -12},
src/test/app/AMM_test.cpp:2518:                        IOUAmount{10'153'846'15384616, -8}));
src/test/app/AMM_test.cpp:2519:                else if (env.enabled(fixAMMv1_3))
src/test/app/AMM_test.cpp:2522:                        STAmount{USD, UINT64_C(9'372'78106508877), -11},
src/test/app/AMM_test.cpp:2523:                        IOUAmount{10'153'846'15384616, -8}));
src/test/app/AMM_test.cpp:2528:            {all, all - fixAMMv1_3, all - fixAMMv1_1 - fixAMMv1_3});
src/test/app/AMM_test.cpp:2537:            AMM ammAlice(env, alice, USD(20'000), BTC(0.5));
src/test/app/AMM_test.cpp:2539:                USD(20'000), BTC(0.5), IOUAmount{100, 0}));
src/test/app/AMM_test.cpp:2546:                USD(22'000), BTC(0.55), IOUAmount{110, 0}));
src/test/app/AMM_test.cpp:2552:                USD(20'000), BTC(0.5), IOUAmount{100, 0}));
src/test/app/AMM_test.cpp:2553:            BEAST_EXPECT(ammAlice.expectLPTokens(carol, IOUAmount{0, 0}));
src/test/app/AMM_test.cpp:2559:        testAMM([&](AMM& ammAlice, Env&) {
src/test/app/AMM_test.cpp:2561:            ammAlice.withdraw(alice, IOUAmount{1, -3});
src/test/app/AMM_test.cpp:2563:                XRPAmount{9'999'999'999},
src/test/app/AMM_test.cpp:2564:                STAmount{USD, UINT64_C(9'999'999999), -6},
src/test/app/AMM_test.cpp:2565:                IOUAmount{9'999'999'999, -3}));
src/test/app/AMM_test.cpp:2567:        testAMM(
src/test/app/AMM_test.cpp:2568:            [&](AMM& ammAlice, Env& env) {
src/test/app/AMM_test.cpp:2570:                ammAlice.withdraw(alice, std::nullopt, XRPAmount{1});
src/test/app/AMM_test.cpp:2571:                if (!env.enabled(fixAMMv1_3))
src/test/app/AMM_test.cpp:2573:                        XRPAmount{9'999'999'999},
src/test/app/AMM_test.cpp:2575:                        IOUAmount{9'999'999'9995, -4}));
src/test/app/AMM_test.cpp:2580:                        IOUAmount{9'999'999'9995, -4}));
src/test/app/AMM_test.cpp:2585:            {all, all - fixAMMv1_3});
src/test/app/AMM_test.cpp:2586:        testAMM([&](AMM& ammAlice, Env&) {
src/test/app/AMM_test.cpp:2588:            ammAlice.withdraw(alice, std::nullopt, STAmount{USD, 1, -10});
src/test/app/AMM_test.cpp:2591:                STAmount{USD, UINT64_C(9'999'9999999999), -10},
src/test/app/AMM_test.cpp:2592:                IOUAmount{9'999'999'99999995, -8}));
src/test/app/AMM_test.cpp:2597:        testAMM([&](AMM& ammAlice, Env&) {
src/test/app/AMM_test.cpp:2598:            ammAlice.withdraw(alice, IOUAmount{9'999'999'999, -3});
src/test/app/AMM_test.cpp:2600:                XRPAmount{1}, STAmount{USD, 1, -6}, IOUAmount{1, -3}));
src/test/app/AMM_test.cpp:2603:        testAMM([&](AMM& ammAlice, Env&) {
src/test/app/AMM_test.cpp:2604:            ammAlice.withdraw(alice, IOUAmount{9'999'999}, USD(0));
src/test/app/AMM_test.cpp:2606:                XRP(10'000), STAmount{USD, 1, -10}, IOUAmount{1}));
src/test/app/AMM_test.cpp:2609:        testAMM([&](AMM& ammAlice, Env&) {
src/test/app/AMM_test.cpp:2610:            ammAlice.withdraw(alice, IOUAmount{9'999'900}, XRP(0));
src/test/app/AMM_test.cpp:2612:                XRPAmount{1}, USD(10'000), IOUAmount{100}));
src/test/app/AMM_test.cpp:2615:        testAMM([&](AMM& ammAlice, Env&) {
src/test/app/AMM_test.cpp:2617:                alice, STAmount{USD, UINT64_C(9'999'99999999999), -11});
src/test/app/AMM_test.cpp:2619:                XRP(10000), STAmount{USD, 1, -11}, IOUAmount{316227765, -9}));
src/test/app/AMM_test.cpp:2622:        testAMM([&](AMM& ammAlice, Env&) {
src/test/app/AMM_test.cpp:2623:            ammAlice.withdraw(alice, XRPAmount{9'999'999'999});
src/test/app/AMM_test.cpp:2625:                XRPAmount{1}, USD(10'000), IOUAmount{100}));
src/test/app/AMM_test.cpp:2635:        testAMM([&](AMM& ammAlice, Env& env) {
src/test/app/AMM_test.cpp:2640:                tfWithdrawAll,
src/test/app/AMM_test.cpp:2653:            BEAST_EXPECT(ammAlice.expectTradingFee(0));
src/test/app/AMM_test.cpp:2666:            // Invalid AMM
src/test/app/AMM_test.cpp:2673:                ter(terNO_AMM));
src/test/app/AMM_test.cpp:2682:                ter(tecAMM_INVALID_TOKENS));
src/test/app/AMM_test.cpp:2685:        // Invalid AMM
src/test/app/AMM_test.cpp:2686:        testAMM([&](AMM& ammAlice, Env& env) {
src/test/app/AMM_test.cpp:2694:                ter(terNO_AMM));
src/test/app/AMM_test.cpp:2706:        testAMM([&](AMM& ammAlice, Env& env) {
src/test/app/AMM_test.cpp:2707:            BEAST_EXPECT(ammAlice.expectAuctionSlot(0, 0, IOUAmount{0}));
src/test/app/AMM_test.cpp:2709:            BEAST_EXPECT(ammAlice.expectTradingFee(1'000));
src/test/app/AMM_test.cpp:2711:            BEAST_EXPECT(ammAlice.expectAuctionSlot(100, 0, IOUAmount{0}));
src/test/app/AMM_test.cpp:2714:        auto vote = [&](AMM& ammAlice,
src/test/app/AMM_test.cpp:2722:            // in order to ensure AMM invariant sqrt(asset1 * asset2) >= tokens
src/test/app/AMM_test.cpp:2725:            if (env.enabled(fixAMMv1_3))
src/test/app/AMM_test.cpp:2735:        testAMM(
src/test/app/AMM_test.cpp:2736:            [&](AMM& ammAlice, Env& env) {
src/test/app/AMM_test.cpp:2739:                BEAST_EXPECT(ammAlice.expectTradingFee(175));
src/test/app/AMM_test.cpp:2748:        testAMM([&](AMM& ammAlice, Env& env) {
src/test/app/AMM_test.cpp:2751:            BEAST_EXPECT(ammAlice.expectTradingFee(175));
src/test/app/AMM_test.cpp:2754:            BEAST_EXPECT(ammAlice.expectTradingFee(225));
src/test/app/AMM_test.cpp:2759:        testAMM([&](AMM& ammAlice, Env& env) {
src/test/app/AMM_test.cpp:2762:            BEAST_EXPECT(ammAlice.expectTradingFee(175));
src/test/app/AMM_test.cpp:2764:            BEAST_EXPECT(ammAlice.expectTradingFee(244));
src/test/app/AMM_test.cpp:2769:        testAMM([&](AMM& ammAlice, Env& env) {
src/test/app/AMM_test.cpp:2772:            BEAST_EXPECT(ammAlice.expectTradingFee(219));
src/test/app/AMM_test.cpp:2774:            BEAST_EXPECT(ammAlice.expectTradingFee(206));
src/test/app/AMM_test.cpp:2780:        testAMM([&](AMM& ammAlice, Env& env) {
src/test/app/AMM_test.cpp:2784:            BEAST_EXPECT(ammAlice.expectTradingFee(175));
src/test/app/AMM_test.cpp:2791:            BEAST_EXPECT(ammAlice.expectTradingFee(500));
src/test/app/AMM_test.cpp:2797:        testAMM([&](AMM& ammAlice, Env& env) {
src/test/app/AMM_test.cpp:2801:            BEAST_EXPECT(ammAlice.expectTradingFee(175));
src/test/app/AMM_test.cpp:2811:            BEAST_EXPECT(ammAlice.expectTradingFee(82));
src/test/app/AMM_test.cpp:2822:        // burn all the LPTokens through a AMMBid transaction
src/test/app/AMM_test.cpp:2826:            AMM amm(env, gw, XRP(1'000), USD(1'000), false, 1'000);
src/test/app/AMM_test.cpp:2828:            // auction slot is owned by the creator of the AMM i.e. gw
src/test/app/AMM_test.cpp:2829:            BEAST_EXPECT(amm.expectAuctionSlot(100, 0, IOUAmount{0}));
src/test/app/AMM_test.cpp:2831:            // gw attempts to burn all her LPTokens through a bid transaction
src/test/app/AMM_test.cpp:2832:            // this transaction fails because AMMBid transaction can not burn
src/test/app/AMM_test.cpp:2833:            // all the outstanding LPTokens
src/test/app/AMM_test.cpp:2838:                ter(tecAMM_INVALID_TOKENS));
src/test/app/AMM_test.cpp:2841:        // burn all the LPTokens through a AMMBid transaction
src/test/app/AMM_test.cpp:2845:            AMM amm(env, gw, XRP(1'000), USD(1'000), false, 1'000);
src/test/app/AMM_test.cpp:2847:            // auction slot is owned by the creator of the AMM i.e. gw
src/test/app/AMM_test.cpp:2848:            BEAST_EXPECT(amm.expectAuctionSlot(100, 0, IOUAmount{0}));
src/test/app/AMM_test.cpp:2850:            // gw burns all but one of its LPTokens through a bid transaction
src/test/app/AMM_test.cpp:2852:            // the total outstanding LPToken balance
src/test/app/AMM_test.cpp:2855:                    .bidMin = STAmount{amm.lptIssue(), UINT64_C(999'999)},
src/test/app/AMM_test.cpp:2861:            BEAST_EXPECT(amm.expectAuctionSlot(100, 0, IOUAmount{999'999}));
src/test/app/AMM_test.cpp:2863:            // 999'999 tokens are burned, only 1 LPToken is owned by gw
src/test/app/AMM_test.cpp:2865:                amm.expectBalances(XRP(1'000), USD(1'000), IOUAmount{1}));
src/test/app/AMM_test.cpp:2867:            // gw owns only 1 LPToken in its balance
src/test/app/AMM_test.cpp:2868:            BEAST_EXPECT(Number{amm.getLPTokensBalance(gw)} == 1);
src/test/app/AMM_test.cpp:2870:            // gw attempts to burn the last of its LPTokens in an AMMBid
src/test/app/AMM_test.cpp:2872:            // the remaining LPTokens
src/test/app/AMM_test.cpp:2877:                ter(tecAMM_INVALID_TOKENS));
src/test/app/AMM_test.cpp:2880:        testAMM([&](AMM& ammAlice, Env& env) {
src/test/app/AMM_test.cpp:2885:                    .flags = tfWithdrawAll,
src/test/app/AMM_test.cpp:2911:                ter(tecAMM_INVALID_TOKENS));
src/test/app/AMM_test.cpp:2930:                ter(tecAMM_INVALID_TOKENS));
src/test/app/AMM_test.cpp:2934:                ter(tecAMM_INVALID_TOKENS));
src/test/app/AMM_test.cpp:2944:            // Invalid Assets
src/test/app/AMM_test.cpp:2950:                ter(terNO_AMM));
src/test/app/AMM_test.cpp:2955:                    .bidMax = STAmount{USD, 100},
src/test/app/AMM_test.cpp:2957:                ter(temBAD_AMM_TOKENS));
src/test/app/AMM_test.cpp:2960:                    .bidMin = STAmount{USD, 100},
src/test/app/AMM_test.cpp:2962:                ter(temBAD_AMM_TOKENS));
src/test/app/AMM_test.cpp:2965:        // Invalid AMM
src/test/app/AMM_test.cpp:2966:        testAMM([&](AMM& ammAlice, Env& env) {
src/test/app/AMM_test.cpp:2972:                ter(terNO_AMM));
src/test/app/AMM_test.cpp:2976:        testAMM([&](AMM& ammAlice, Env& env) {
src/test/app/AMM_test.cpp:2993:        testAMM([&](AMM& ammAlice, Env& env) {
src/test/app/AMM_test.cpp:3001:                ter(tecAMM_INVALID_TOKENS));
src/test/app/AMM_test.cpp:3006:                ter(tecAMM_INVALID_TOKENS));
src/test/app/AMM_test.cpp:3011:            BEAST_EXPECT(ammAlice.expectAuctionSlot(0, 0, IOUAmount{1'000}));
src/test/app/AMM_test.cpp:3016:                ter(tecAMM_INVALID_TOKENS));
src/test/app/AMM_test.cpp:3023:            AMM amm(env, gw, XRP(10), USD(1'000));
src/test/app/AMM_test.cpp:3025:            env.trust(STAmount{lpIssue, 100}, alice);
src/test/app/AMM_test.cpp:3026:            env.trust(STAmount{lpIssue, 50}, bob);
src/test/app/AMM_test.cpp:3027:            env(pay(gw, alice, STAmount{lpIssue, 100}));
src/test/app/AMM_test.cpp:3028:            env(pay(gw, bob, STAmount{lpIssue, 50}));
src/test/app/AMM_test.cpp:3036:                ter(tecAMM_FAILED));
src/test/app/AMM_test.cpp:3049:        features = features - featureSingleAssetVault - featureLendingProtocol;
src/test/app/AMM_test.cpp:3051:        // Auction slot initially is owned by AMM creator, who pays 0 price.
src/test/app/AMM_test.cpp:3054:        testAMM(
src/test/app/AMM_test.cpp:3055:            [&](AMM& ammAlice, Env& env) {
src/test/app/AMM_test.cpp:3058:                BEAST_EXPECT(ammAlice.expectAuctionSlot(0, 0, IOUAmount{110}));
src/test/app/AMM_test.cpp:3061:                    XRP(11'000), USD(11'000), IOUAmount{10'999'890, 0}));
src/test/app/AMM_test.cpp:3069:        testAMM(
src/test/app/AMM_test.cpp:3070:            [&](AMM& ammAlice, Env& env) {
src/test/app/AMM_test.cpp:3075:                BEAST_EXPECT(ammAlice.expectAuctionSlot(0, 0, IOUAmount{110}));
src/test/app/AMM_test.cpp:3077:                    XRP(11'000), USD(11'000), IOUAmount{10'999'890}));
src/test/app/AMM_test.cpp:3081:                BEAST_EXPECT(ammAlice.expectAuctionSlot(0, 0, IOUAmount{180}));
src/test/app/AMM_test.cpp:3083:                    XRP(11'000), USD(11'000), IOUAmount{10'999'814'5, -1}));
src/test/app/AMM_test.cpp:3091:        testAMM(
src/test/app/AMM_test.cpp:3092:            [&](AMM& ammAlice, Env& env) {
src/test/app/AMM_test.cpp:3096:                BEAST_EXPECT(ammAlice.expectAuctionSlot(0, 0, IOUAmount{110}));
src/test/app/AMM_test.cpp:3103:                    ammAlice.expectAuctionSlot(0, 0, IOUAmount(1155, -1)));
src/test/app/AMM_test.cpp:3110:                    ter(tecAMM_FAILED));
src/test/app/AMM_test.cpp:3114:                    ammAlice.expectAuctionSlot(0, 0, IOUAmount{121'275, -3}));
src/test/app/AMM_test.cpp:3123:                    ter(tecAMM_FAILED));
src/test/app/AMM_test.cpp:3128:                    ammAlice.expectAuctionSlot(0, 0, IOUAmount{127'33875, -5}));
src/test/app/AMM_test.cpp:3136:        testAMM(
src/test/app/AMM_test.cpp:3137:            [&](AMM& ammAlice, Env& env) {
src/test/app/AMM_test.cpp:3142:                if (!features[fixAMMv1_3])
src/test/app/AMM_test.cpp:3144:                        XRP(12'000), USD(12'000), IOUAmount{12'000'000, 0}));
src/test/app/AMM_test.cpp:3147:                        XRPAmount{12'000'000'001},
src/test/app/AMM_test.cpp:3149:                        IOUAmount{12'000'000, 0}));
src/test/app/AMM_test.cpp:3153:                BEAST_EXPECT(ammAlice.expectAuctionSlot(0, 0, IOUAmount{110}));
src/test/app/AMM_test.cpp:3159:                    ammAlice.expectAuctionSlot(0, 1, IOUAmount{1'155, -1}));
src/test/app/AMM_test.cpp:3165:                    ammAlice.expectAuctionSlot(0, 10, IOUAmount{121'275, -3}));
src/test/app/AMM_test.cpp:3173:                BEAST_EXPECT(ammAlice.expectAuctionSlot(
src/test/app/AMM_test.cpp:3174:                    0, std::nullopt, IOUAmount{127'33875, -5}));
src/test/app/AMM_test.cpp:3178:                BEAST_EXPECT(ammAlice.expectAuctionSlot(
src/test/app/AMM_test.cpp:3179:                    0, std::nullopt, IOUAmount{110}));
src/test/app/AMM_test.cpp:3181:                if (!features[fixAMMv1_3])
src/test/app/AMM_test.cpp:3185:                        IOUAmount{11'999'678'91, -2}));
src/test/app/AMM_test.cpp:3188:                        XRPAmount{12'000'000'001},
src/test/app/AMM_test.cpp:3190:                        IOUAmount{11'999'678'91, -2}));
src/test/app/AMM_test.cpp:3201:        testAMM(
src/test/app/AMM_test.cpp:3202:            [&](AMM& ammAlice, Env& env) {
src/test/app/AMM_test.cpp:3210:                auto ammTokens = ammAlice.getLPTokensBalance();
src/test/app/AMM_test.cpp:3216:                auto const slotPrice = IOUAmount{5'200};
src/test/app/AMM_test.cpp:3218:                BEAST_EXPECT(ammAlice.expectAuctionSlot(100, 0, slotPrice));
src/test/app/AMM_test.cpp:3219:                if (!features[fixAMMv1_3])
src/test/app/AMM_test.cpp:3224:                        XRPAmount{13'000'000'003}, USD(13'000), ammTokens));
src/test/app/AMM_test.cpp:3236:                if (!features[fixAMMv1_1])
src/test/app/AMM_test.cpp:3240:                        STAmount(USD, UINT64_C(29'499'00572620545), -11));
src/test/app/AMM_test.cpp:3243:                        STAmount(USD, UINT64_C(18'999'00572616195), -11));
src/test/app/AMM_test.cpp:3246:                        STAmount(USD, UINT64_C(18'999'00572611841), -11));
src/test/app/AMM_test.cpp:3250:                        STAmount(USD, UINT64_C(13'002'98282151419), -11),
src/test/app/AMM_test.cpp:3257:                        STAmount(USD, UINT64_C(29'499'00572620544), -11));
src/test/app/AMM_test.cpp:3260:                        STAmount(USD, UINT64_C(18'999'00572616194), -11));
src/test/app/AMM_test.cpp:3263:                        STAmount(USD, UINT64_C(18'999'0057261184), -10));
src/test/app/AMM_test.cpp:3265:                    if (!features[fixAMMv1_3])
src/test/app/AMM_test.cpp:3268:                            STAmount(USD, UINT64_C(13'002'98282151422), -11),
src/test/app/AMM_test.cpp:3272:                            XRPAmount{13'000'000'003},
src/test/app/AMM_test.cpp:3273:                            STAmount(USD, UINT64_C(13'002'98282151422), -11),
src/test/app/AMM_test.cpp:3276:                ammTokens = ammAlice.getLPTokensBalance();
src/test/app/AMM_test.cpp:3286:                if (!features[fixAMMv1_1])
src/test/app/AMM_test.cpp:3290:                        STAmount(USD, UINT64_C(19'490'056722744), -9));
src/test/app/AMM_test.cpp:3294:                        STAmount{USD, UINT64_C(13'012'92609877019), -11},
src/test/app/AMM_test.cpp:3298:                    ammTokens = ammAlice.getLPTokensBalance();
src/test/app/AMM_test.cpp:3301:                        STAmount{USD, UINT64_C(13'112'92609877019), -11},
src/test/app/AMM_test.cpp:3310:                        XRPAmount{13'100'000'668},
src/test/app/AMM_test.cpp:3311:                        STAmount{USD, UINT64_C(13'012'92609877019), -11},
src/test/app/AMM_test.cpp:3316:                    if (!features[fixAMMv1_3])
src/test/app/AMM_test.cpp:3319:                            STAmount(USD, UINT64_C(19'490'05672274399), -11));
src/test/app/AMM_test.cpp:3323:                            STAmount(USD, UINT64_C(19'490'05672274398), -11));
src/test/app/AMM_test.cpp:3325:                    if (!features[fixAMMv1_3])
src/test/app/AMM_test.cpp:3328:                            STAmount{USD, UINT64_C(13'012'92609877023), -11},
src/test/app/AMM_test.cpp:3332:                            XRPAmount{13'000'000'003},
src/test/app/AMM_test.cpp:3333:                            STAmount{USD, UINT64_C(13'012'92609877024), -11},
src/test/app/AMM_test.cpp:3337:                    ammTokens = ammAlice.getLPTokensBalance();
src/test/app/AMM_test.cpp:3338:                    if (!features[fixAMMv1_3])
src/test/app/AMM_test.cpp:3341:                            STAmount{USD, UINT64_C(13'112'92609877023), -11},
src/test/app/AMM_test.cpp:3345:                            XRPAmount{13'000'000'003},
src/test/app/AMM_test.cpp:3346:                            STAmount{USD, UINT64_C(13'112'92609877024), -11},
src/test/app/AMM_test.cpp:3354:                    if (!features[fixAMMv1_3])
src/test/app/AMM_test.cpp:3356:                            XRPAmount{13'100'000'668},
src/test/app/AMM_test.cpp:3357:                            STAmount{USD, UINT64_C(13'012'92609877023), -11},
src/test/app/AMM_test.cpp:3361:                            XRPAmount{13'100'000'671},
src/test/app/AMM_test.cpp:3362:                            STAmount{USD, UINT64_C(13'012'92609877024), -11},
src/test/app/AMM_test.cpp:3371:                if (!features[fixAMMv1_1] && !features[fixAMMv1_3])
src/test/app/AMM_test.cpp:3374:                        XRPAmount{13'000'000'668},
src/test/app/AMM_test.cpp:3375:                        STAmount{USD, UINT64_C(13'114'03663047264), -11},
src/test/app/AMM_test.cpp:3378:                else if (features[fixAMMv1_1] && !features[fixAMMv1_3])
src/test/app/AMM_test.cpp:3381:                        XRPAmount{13'000'000'668},
src/test/app/AMM_test.cpp:3382:                        STAmount{USD, UINT64_C(13'114'03663047269), -11},
src/test/app/AMM_test.cpp:3388:                        XRPAmount{13'000'000'671},
src/test/app/AMM_test.cpp:3389:                        STAmount{USD, UINT64_C(13'114'03663044937), -11},
src/test/app/AMM_test.cpp:3396:                if (!features[fixAMMv1_1])
src/test/app/AMM_test.cpp:3399:                        STAmount(USD, UINT64_C(29'399'00572620545), -11));
src/test/app/AMM_test.cpp:3400:                else if (!features[fixAMMv1_3])
src/test/app/AMM_test.cpp:3403:                        STAmount(USD, UINT64_C(29'399'00572620544), -11));
src/test/app/AMM_test.cpp:3404:                ammTokens = ammAlice.getLPTokensBalance();
src/test/app/AMM_test.cpp:3412:                if (!features[fixAMMv1_1] && !features[fixAMMv1_3])
src/test/app/AMM_test.cpp:3416:                        STAmount(USD, UINT64_C(29'389'06197177128), -11));
src/test/app/AMM_test.cpp:3418:                        XRPAmount{13'000'000'668},
src/test/app/AMM_test.cpp:3419:                        STAmount{USD, UINT64_C(13'123'98038490681), -11},
src/test/app/AMM_test.cpp:3422:                else if (features[fixAMMv1_1] && !features[fixAMMv1_3])
src/test/app/AMM_test.cpp:3426:                        STAmount(USD, UINT64_C(29'389'06197177124), -11));
src/test/app/AMM_test.cpp:3428:                        XRPAmount{13'000'000'668},
src/test/app/AMM_test.cpp:3429:                        STAmount{USD, UINT64_C(13'123'98038490689), -11},
src/test/app/AMM_test.cpp:3436:                        STAmount(USD, UINT64_C(29'389'06197177129), -11));
src/test/app/AMM_test.cpp:3438:                        XRPAmount{13'000'000'671},
src/test/app/AMM_test.cpp:3439:                        STAmount{USD, UINT64_C(13'123'98038488352), -11},
src/test/app/AMM_test.cpp:3447:                if (!features[fixAMMv1_1] && !features[fixAMMv1_3])
src/test/app/AMM_test.cpp:3450:                        XRPAmount(13'100'824'790),
src/test/app/AMM_test.cpp:3451:                        STAmount{USD, UINT64_C(13'023'98038490681), -11},
src/test/app/AMM_test.cpp:3454:                else if (features[fixAMMv1_1] && !features[fixAMMv1_3])
src/test/app/AMM_test.cpp:3457:                        XRPAmount(13'100'824'790),
src/test/app/AMM_test.cpp:3458:                        STAmount{USD, UINT64_C(13'023'98038490689), -11},
src/test/app/AMM_test.cpp:3464:                        XRPAmount(13'100'824'793),
src/test/app/AMM_test.cpp:3465:                        STAmount{USD, UINT64_C(13'023'98038488352), -11},
src/test/app/AMM_test.cpp:3475:        testAMM(
src/test/app/AMM_test.cpp:3476:            [&](AMM& ammAlice, Env& env) {
src/test/app/AMM_test.cpp:3479:                    Number{STAmount::cMinValue, STAmount::cMinOffset};
src/test/app/AMM_test.cpp:3481:                    {.account = alice, .bidMin = IOUAmount{tiny}}));
src/test/app/AMM_test.cpp:3484:                BEAST_EXPECT(ammAlice.expectAuctionSlot(0, 0, IOUAmount{tiny}));
src/test/app/AMM_test.cpp:3492:                        IOUAmount{STAmount::cMinValue, STAmount::cMinOffset},
src/test/app/AMM_test.cpp:3495:                BEAST_EXPECT(ammAlice.expectAuctionSlot(
src/test/app/AMM_test.cpp:3496:                    0, 0, IOUAmount{tiny * Number{105, -2}}));
src/test/app/AMM_test.cpp:3508:        testAMM(
src/test/app/AMM_test.cpp:3509:            [&](AMM& ammAlice, Env& env) {
src/test/app/AMM_test.cpp:3512:                    .bidMin = IOUAmount{100},
src/test/app/AMM_test.cpp:3515:                BEAST_EXPECT(ammAlice.expectAuctionSlot({carol}));
src/test/app/AMM_test.cpp:3516:                env(ammAlice.bid({.account = alice, .bidMin = IOUAmount{100}}));
src/test/app/AMM_test.cpp:3517:                BEAST_EXPECT(ammAlice.expectAuctionSlot({}));
src/test/app/AMM_test.cpp:3523:                    .bidMin = IOUAmount{100},
src/test/app/AMM_test.cpp:3526:                BEAST_EXPECT(ammAlice.expectAuctionSlot({bob, dan}));
src/test/app/AMM_test.cpp:3537:            AMM amm(env, gw, XRP(1'000), USD(1'010), false, 1'000);
src/test/app/AMM_test.cpp:3539:            env.trust(STAmount{lpIssue, 500}, alice);
src/test/app/AMM_test.cpp:3540:            env.trust(STAmount{lpIssue, 50}, bob);
src/test/app/AMM_test.cpp:3541:            env(pay(gw, alice, STAmount{lpIssue, 500}));
src/test/app/AMM_test.cpp:3542:            env(pay(gw, bob, STAmount{lpIssue, 50}));
src/test/app/AMM_test.cpp:3545:            BEAST_EXPECT(amm.expectAuctionSlot(100, 0, IOUAmount{500}));
src/test/app/AMM_test.cpp:3546:            BEAST_EXPECT(expectHolding(env, alice, STAmount{lpIssue, 0}));
src/test/app/AMM_test.cpp:3551:                XRPAmount{1'010'010'011},
src/test/app/AMM_test.cpp:3553:                IOUAmount{1'004'487'562112089, -9}));
src/test/app/AMM_test.cpp:3556:            if (!features[fixAMMv1_1])
src/test/app/AMM_test.cpp:3559:                    XRPAmount{1'000'010'011},
src/test/app/AMM_test.cpp:3560:                    STAmount{USD, UINT64_C(1'010'10090898081), -11},
src/test/app/AMM_test.cpp:3561:                    IOUAmount{1'004'487'562112089, -9}));
src/test/app/AMM_test.cpp:3566:                    XRPAmount{1'000'010'011},
src/test/app/AMM_test.cpp:3567:                    STAmount{USD, UINT64_C(1'010'100908980811), -12},
src/test/app/AMM_test.cpp:3568:                    IOUAmount{1'004'487'562112089, -9}));
src/test/app/AMM_test.cpp:3578:            AMM amm(env, gw, XRP(1'000), USD(1'010), false, 1'000);
src/test/app/AMM_test.cpp:3583:                env.app().config().features.erase(featureAMM);
src/test/app/AMM_test.cpp:3590:                auto pf = Transactor::invokePreflight<AMMBid>(pfctx);
src/test/app/AMM_test.cpp:3592:                env.app().config().features.insert(featureAMM);
src/test/app/AMM_test.cpp:3605:                auto pf = Transactor::invokePreflight<AMMBid>(pfctx);
src/test/app/AMM_test.cpp:3611:                jtx.jv["Asset2"]["currency"] = "XRP";
src/test/app/AMM_test.cpp:3612:                jtx.jv["Asset2"].removeMember("issuer");
src/test/app/AMM_test.cpp:3620:                auto pf = Transactor::invokePreflight<AMMBid>(pfctx);
src/test/app/AMM_test.cpp:3621:                BEAST_EXPECT(pf == temBAD_AMM_TOKENS);
src/test/app/AMM_test.cpp:3627:    testInvalidAMMPayment()
src/test/app/AMM_test.cpp:3629:        testcase("Invalid AMM Payment");
src/test/app/AMM_test.cpp:3634:        // Can't pay into AMM account.
src/test/app/AMM_test.cpp:3642:                AMM ammAlice(env, acct, XRP(10), USD(10));
src/test/app/AMM_test.cpp:3645:                    ter(tecNO_PERMISSION));
src/test/app/AMM_test.cpp:3648:                    ter(tecNO_PERMISSION));
src/test/app/AMM_test.cpp:3651:                    ter(tecNO_PERMISSION));
src/test/app/AMM_test.cpp:3657:                AMM ammAlice(env, acct, XRP(1'000'000), USD(100));
src/test/app/AMM_test.cpp:3660:                    ter(tecNO_PERMISSION));
src/test/app/AMM_test.cpp:3663:                    ter(tecNO_PERMISSION));
src/test/app/AMM_test.cpp:3667:        // Can't pay into AMM with escrow.
src/test/app/AMM_test.cpp:3668:        testAMM([&](AMM& ammAlice, Env& env) {
src/test/app/AMM_test.cpp:3675:                ter(tecNO_PERMISSION));
src/test/app/AMM_test.cpp:3678:        // Can't pay into AMM with paychan.
src/test/app/AMM_test.cpp:3679:        testAMM([&](AMM& ammAlice, Env& env) {
src/test/app/AMM_test.cpp:3691:                ter(tecNO_PERMISSION));
src/test/app/AMM_test.cpp:3694:        // Can't pay into AMM with checks.
src/test/app/AMM_test.cpp:3695:        testAMM([&](AMM& ammAlice, Env& env) {
src/test/app/AMM_test.cpp:3697:                ter(tecNO_PERMISSION));
src/test/app/AMM_test.cpp:3701:        testAMM(
src/test/app/AMM_test.cpp:3702:            [&](AMM& ammAlice, Env& env) {
src/test/app/AMM_test.cpp:3715:                        STAmount{USD, UINT64_C(99'999999999), -9}),
src/test/app/AMM_test.cpp:3721:                        STAmount{USD, UINT64_C(999'99999999), -8}),
src/test/app/AMM_test.cpp:3725:                env(pay(alice, carol, STAmount{xrpIssue(), 99'999'999}),
src/test/app/AMM_test.cpp:3734:                env(pay(alice, carol, STAmount{xrpIssue(), 99'990'000}),
src/test/app/AMM_test.cpp:3742:        testAMM([&](AMM& ammAlice, Env& env) {
src/test/app/AMM_test.cpp:3743:            env(fset(gw, asfGlobalFreeze));
src/test/app/AMM_test.cpp:3757:        // Individually frozen AMM
src/test/app/AMM_test.cpp:3758:        testAMM([&](AMM& ammAlice, Env& env) {
src/test/app/AMM_test.cpp:3761:                STAmount{Issue{gw["USD"].currency, ammAlice.ammAccount()}, 0},
src/test/app/AMM_test.cpp:3762:                tfSetFreeze));
src/test/app/AMM_test.cpp:3777:        testAMM([&](AMM& ammAlice, Env& env) {
src/test/app/AMM_test.cpp:3778:            env(trust(gw, carol["USD"](0), tfSetFreeze));
src/test/app/AMM_test.cpp:3779:            env(trust(gw, alice["USD"](0), tfSetFreeze));
src/test/app/AMM_test.cpp:3797:        features = features - featureSingleAssetVault - featureLendingProtocol -
src/test/app/AMM_test.cpp:3802:        testAMM(
src/test/app/AMM_test.cpp:3803:            [&](AMM& ammAlice, Env& env) {
src/test/app/AMM_test.cpp:3825:        testAMM(
src/test/app/AMM_test.cpp:3826:            [&](AMM& ammAlice, Env& env) {
src/test/app/AMM_test.cpp:3846:        testAMM(
src/test/app/AMM_test.cpp:3847:            [&](AMM& ammAlice, Env& env) {
src/test/app/AMM_test.cpp:3866:        testAMM(
src/test/app/AMM_test.cpp:3867:            [&](AMM& ammAlice, Env& env) {
src/test/app/AMM_test.cpp:3903:        testAMM(
src/test/app/AMM_test.cpp:3904:            [&](AMM& ammAlice, Env& env) {
src/test/app/AMM_test.cpp:3924:                    STAmount{USD, UINT64_C(30'009'09090909091), -11}));
src/test/app/AMM_test.cpp:3934:        testAMM(
src/test/app/AMM_test.cpp:3935:            [&](AMM& ammAlice, Env& env) {
src/test/app/AMM_test.cpp:3949:        // Non-default path (with AMM) has a better quality than default path.
src/test/app/AMM_test.cpp:3960:            auto ammEUR_XRP = AMM(env, alice, XRP(10'000), EUR(10'000));
src/test/app/AMM_test.cpp:3961:            auto ammUSD_EUR = AMM(env, alice, EUR(10'000), USD(10'000));
src/test/app/AMM_test.cpp:3970:                XRPAmount(10'030'082'730),
src/test/app/AMM_test.cpp:3971:                STAmount(EUR, UINT64_C(9'970'007498125468), -12),
src/test/app/AMM_test.cpp:3973:            if (!features[fixAMMv1_1])
src/test/app/AMM_test.cpp:3976:                    STAmount(USD, UINT64_C(9'970'097277662122), -12),
src/test/app/AMM_test.cpp:3977:                    STAmount(EUR, UINT64_C(10'029'99250187452), -11),
src/test/app/AMM_test.cpp:3981:                Amounts const expectedAmounts =
src/test/app/AMM_test.cpp:3983:                    ? Amounts{XRPAmount(30'201'749), STAmount(USD, UINT64_C(29'90272233787816), -14)}
src/test/app/AMM_test.cpp:3984:                    : Amounts{
src/test/app/AMM_test.cpp:3985:                          XRPAmount(30'201'749),
src/test/app/AMM_test.cpp:3986:                          STAmount(USD, UINT64_C(29'90272233787818), -14)};
src/test/app/AMM_test.cpp:3988:                BEAST_EXPECT(expectOffers(env, alice, 1, {{expectedAmounts}}));
src/test/app/AMM_test.cpp:3993:                    STAmount(USD, UINT64_C(9'970'097277662172), -12),
src/test/app/AMM_test.cpp:3994:                    STAmount(EUR, UINT64_C(10'029'99250187452), -11),
src/test/app/AMM_test.cpp:3998:                Amounts const expectedAmounts =
src/test/app/AMM_test.cpp:4000:                    ? Amounts{XRPAmount(30'201'749), STAmount(USD, UINT64_C(29'90272233782839), -14)}
src/test/app/AMM_test.cpp:4001:                    : Amounts{
src/test/app/AMM_test.cpp:4002:                          XRPAmount(30'201'749),
src/test/app/AMM_test.cpp:4003:                          STAmount(USD, UINT64_C(29'90272233782840), -14)};
src/test/app/AMM_test.cpp:4005:                BEAST_EXPECT(expectOffers(env, alice, 1, {{expectedAmounts}}));
src/test/app/AMM_test.cpp:4008:            BEAST_EXPECT(expectHolding(env, carol, STAmount{USD, 30'100}));
src/test/app/AMM_test.cpp:4009:            // Initial 1,000 - 30082730(AMM pool) - 70798251(offer) - 10(tx fee)
src/test/app/AMM_test.cpp:4013:                XRP(1'000) - XRPAmount{30'082'730} - XRPAmount{70'798'251} -
src/test/app/AMM_test.cpp:4017:        // Default path (with AMM) has a better quality than a non-default path.
src/test/app/AMM_test.cpp:4020:        testAMM(
src/test/app/AMM_test.cpp:4021:            [&](AMM& ammAlice, Env& env) {
src/test/app/AMM_test.cpp:4037:                    XRPAmount(10'050'238'637),
src/test/app/AMM_test.cpp:4038:                    STAmount(USD, UINT64_C(9'950'01249687578), -11),
src/test/app/AMM_test.cpp:4044:                    {{Amounts{
src/test/app/AMM_test.cpp:4045:                          XRPAmount(50'487'378),
src/test/app/AMM_test.cpp:4046:                          STAmount(EUR, UINT64_C(49'98750312422), -11)},
src/test/app/AMM_test.cpp:4047:                      Amounts{
src/test/app/AMM_test.cpp:4048:                          STAmount(EUR, UINT64_C(49'98750312422), -11),
src/test/app/AMM_test.cpp:4049:                          STAmount(USD, UINT64_C(49'98750312422), -11)}}}));
src/test/app/AMM_test.cpp:4054:                    STAmount{USD, UINT64_C(30'099'99999999999), -11}));
src/test/app/AMM_test.cpp:4055:                // Initial 1,000 - 50238637(AMM pool) - 50512622(offer) - 10(tx
src/test/app/AMM_test.cpp:4060:                    XRP(1'000) - XRPAmount{50'238'637} - XRPAmount{50'512'622} -
src/test/app/AMM_test.cpp:4068:        // Default path with AMM and Order Book offer. AMM is consumed first,
src/test/app/AMM_test.cpp:4070:        testAMM(
src/test/app/AMM_test.cpp:4071:            [&](AMM& ammAlice, Env& env) {
src/test/app/AMM_test.cpp:4080:                if (!features[fixAMMv1_1])
src/test/app/AMM_test.cpp:4091:                        STAmount(USD, UINT64_C(10'000'00000000001), -11),
src/test/app/AMM_test.cpp:4096:                        STAmount(USD, UINT64_C(30'199'99999999999), -11)));
src/test/app/AMM_test.cpp:4098:                // Initial 30,000 - 10000(AMM pool LP) - 100(AMM offer) -
src/test/app/AMM_test.cpp:4112:        // Default path with AMM and Order Book offer.
src/test/app/AMM_test.cpp:4114:        // Remaining amount is consumed by AMM.
src/test/app/AMM_test.cpp:4121:            AMM ammAlice(env, alice, XRP(1'000), USD(1'050));
src/test/app/AMM_test.cpp:4133:        testAMM(
src/test/app/AMM_test.cpp:4134:            [&](AMM& ammAlice, Env& env) {
src/test/app/AMM_test.cpp:4154:        // Single path AMM offer
src/test/app/AMM_test.cpp:4155:        testAMM(
src/test/app/AMM_test.cpp:4156:            [&](AMM& ammAlice, Env& env) {
src/test/app/AMM_test.cpp:4178:        // Single-path AMM offer
src/test/app/AMM_test.cpp:4179:        testAMM(
src/test/app/AMM_test.cpp:4180:            [&](AMM& amm, Env& env) {
src/test/app/AMM_test.cpp:4185:                if (!features[fixAMMv1_1])
src/test/app/AMM_test.cpp:4190:                    // lowers the overall quality. AMM offer is generated based
src/test/app/AMM_test.cpp:4197:                        env, carol, 1, {{Amounts{XRP(100), USD(55)}}}));
src/test/app/AMM_test.cpp:4204:                    // the limit out. Consequently, AMM offer size is decreased,
src/test/app/AMM_test.cpp:4207:                    // AMM offer ~50USD/91XRP
src/test/app/AMM_test.cpp:4209:                        XRPAmount(909'090'909),
src/test/app/AMM_test.cpp:4210:                        STAmount{USD, UINT64_C(550'000000055), -9},
src/test/app/AMM_test.cpp:4217:                        {{Amounts{
src/test/app/AMM_test.cpp:4218:                            XRPAmount{9'090'909},
src/test/app/AMM_test.cpp:4219:                            STAmount{USD, 4'99999995, -8}}}}));
src/test/app/AMM_test.cpp:4223:                        STAmount(USD, UINT64_C(29'949'94999999494), -11));
src/test/app/AMM_test.cpp:4230:        testAMM(
src/test/app/AMM_test.cpp:4231:            [&](AMM& amm, Env& env) {
src/test/app/AMM_test.cpp:4236:                if (!features[fixAMMv1_1])
src/test/app/AMM_test.cpp:4240:                        STAmount{USD, UINT64_C(505'050505050505), -12},
src/test/app/AMM_test.cpp:4248:                        STAmount{USD, UINT64_C(505'0505050505051), -13},
src/test/app/AMM_test.cpp:4257:        // Multi-path AMM offer
src/test/app/AMM_test.cpp:4258:        testAMM(
src/test/app/AMM_test.cpp:4259:            [&](AMM& ammAlice, Env& env) {
src/test/app/AMM_test.cpp:4270:                // The auto-bridge is worse quality than AMM, is not consumed
src/test/app/AMM_test.cpp:4271:                // first and initially forces multi-path AMM offer generation.
src/test/app/AMM_test.cpp:4272:                // Multi-path AMM offers are consumed until their quality
src/test/app/AMM_test.cpp:4281:                if (!features[fixAMMv1_1])
src/test/app/AMM_test.cpp:4284:                    // AMM offer is generated with the limit out not taking
src/test/app/AMM_test.cpp:4287:                    // and the single path AMM offer fails to consume.
src/test/app/AMM_test.cpp:4290:                        STAmount{GBP, UINT64_C(1'037'06583722133), -11},
src/test/app/AMM_test.cpp:4291:                        STAmount{EUR, UINT64_C(1'060'684828792831), -12},
src/test/app/AMM_test.cpp:4298:                        {Amounts{
src/test/app/AMM_test.cpp:4299:                            STAmount{EUR, UINT64_C(50'684828792831), -12},
src/test/app/AMM_test.cpp:4300:                            STAmount{GBP, UINT64_C(50'684828792831), -12}}}));
src/test/app/AMM_test.cpp:4304:                    // Initial 30,000 - ~47.06(offers = 37.06(AMM) + 10(LOB))
src/test/app/AMM_test.cpp:4312:                        STAmount{GBP, UINT64_C(29'941'16770347333), -11}));
src/test/app/AMM_test.cpp:4313:                    // Initial 30,000 + ~49.3(offers = 39.3(AMM) + 10(LOB))
src/test/app/AMM_test.cpp:4317:                        STAmount{EUR, UINT64_C(30'049'31517120716), -11}));
src/test/app/AMM_test.cpp:4322:                    // AMM offer is generated with the limit out taking
src/test/app/AMM_test.cpp:4325:                    // and the single path AMM offer is consumed. More
src/test/app/AMM_test.cpp:4329:                        STAmount{GBP, UINT64_C(1'060'684828792832), -12},
src/test/app/AMM_test.cpp:4330:                        STAmount{EUR, UINT64_C(1'037'06583722134), -11},
src/test/app/AMM_test.cpp:4337:                        {Amounts{
src/test/app/AMM_test.cpp:4338:                            STAmount{EUR, UINT64_C(27'06583722134028), -14},
src/test/app/AMM_test.cpp:4339:                            STAmount{GBP, UINT64_C(27'06583722134028), -14}}}));
src/test/app/AMM_test.cpp:4343:                    // Initial 30,000 - ~70.68(offers = 60.68(AMM) + 10(LOB))
src/test/app/AMM_test.cpp:4351:                        STAmount{GBP, UINT64_C(29'911'64396400896), -11}));
src/test/app/AMM_test.cpp:4352:                    // Initial 30,000 + ~72.93(offers = 62.93(AMM) + 10(LOB))
src/test/app/AMM_test.cpp:4356:                        STAmount{EUR, UINT64_C(30'072'93416277865), -11}));
src/test/app/AMM_test.cpp:4373:        // 100GBP/100EUR AMM offer
src/test/app/AMM_test.cpp:4375:        testAMM(
src/test/app/AMM_test.cpp:4376:            [&](AMM& ammAlice, Env& env) {
src/test/app/AMM_test.cpp:4398:        // AMM 1000GBP/10125EUR
src/test/app/AMM_test.cpp:4403:        // 156.25CAN/156.25GBP 156.25GBP/1.25 = 125GBP -> AMM's offer
src/test/app/AMM_test.cpp:4406:        testAMM(
src/test/app/AMM_test.cpp:4407:            [&](AMM& ammAlice, Env& env) {
src/test/app/AMM_test.cpp:4438:        testAMM(
src/test/app/AMM_test.cpp:4439:            [&](AMM& ammAlice, Env& env) {
src/test/app/AMM_test.cpp:4455:                env(pay(alice, carol, STAmount{xrpIssue(), 99'999'900}),
src/test/app/AMM_test.cpp:4477:            AMM xrp_eur(env, alice, XRP(10'100), EUR(10'000));
src/test/app/AMM_test.cpp:4478:            AMM eur_btc(env, alice, EUR(10'000), BTC(10'200));
src/test/app/AMM_test.cpp:4479:            AMM btc_usd(env, alice, BTC(10'100), USD(10'000));
src/test/app/AMM_test.cpp:4480:            AMM xrp_usd(env, alice, XRP(10'150), USD(10'200));
src/test/app/AMM_test.cpp:4481:            AMM xrp_eth(env, alice, XRP(10'000), ETH(10'100));
src/test/app/AMM_test.cpp:4482:            AMM eth_eur(env, alice, ETH(10'900), EUR(11'000));
src/test/app/AMM_test.cpp:4483:            AMM eur_usd(env, alice, EUR(10'100), USD(10'000));
src/test/app/AMM_test.cpp:4489:            if (!features[fixAMMv1_1])
src/test/app/AMM_test.cpp:4494:                    XRPAmount(10'026'208'900),
src/test/app/AMM_test.cpp:4495:                    STAmount{ETH, UINT64_C(10'073'65779244494), -11},
src/test/app/AMM_test.cpp:4498:                    STAmount{ETH, UINT64_C(10'926'34220755506), -11},
src/test/app/AMM_test.cpp:4499:                    STAmount{EUR, UINT64_C(10'973'54232078752), -11},
src/test/app/AMM_test.cpp:4502:                    STAmount{EUR, UINT64_C(10'126'45767921248), -11},
src/test/app/AMM_test.cpp:4503:                    STAmount{USD, UINT64_C(9'973'93151712086), -11},
src/test/app/AMM_test.cpp:4508:                    XRPAmount(10'224'106'246),
src/test/app/AMM_test.cpp:4509:                    STAmount{USD, UINT64_C(10'126'06848287914), -11},
src/test/app/AMM_test.cpp:4515:                    XRPAmount(10'026'208'900),
src/test/app/AMM_test.cpp:4516:                    STAmount{ETH, UINT64_C(10'073'65779244461), -11},
src/test/app/AMM_test.cpp:4519:                    STAmount{ETH, UINT64_C(10'926'34220755539), -11},
src/test/app/AMM_test.cpp:4520:                    STAmount{EUR, UINT64_C(10'973'5423207872), -10},
src/test/app/AMM_test.cpp:4523:                    STAmount{EUR, UINT64_C(10'126'4576792128), -10},
src/test/app/AMM_test.cpp:4524:                    STAmount{USD, UINT64_C(9'973'93151712057), -11},
src/test/app/AMM_test.cpp:4529:                    XRPAmount(10'224'106'246),
src/test/app/AMM_test.cpp:4530:                    STAmount{USD, UINT64_C(10'126'06848287943), -11},
src/test/app/AMM_test.cpp:4550:        // Dependent AMM
src/test/app/AMM_test.cpp:4561:            AMM xrp_eur(env, alice, XRP(10'100), EUR(10'000));
src/test/app/AMM_test.cpp:4562:            AMM eur_btc(env, alice, EUR(10'000), BTC(10'200));
src/test/app/AMM_test.cpp:4563:            AMM btc_usd(env, alice, BTC(10'100), USD(10'000));
src/test/app/AMM_test.cpp:4564:            AMM xrp_eth(env, alice, XRP(10'000), ETH(10'100));
src/test/app/AMM_test.cpp:4565:            AMM eth_eur(env, alice, ETH(10'900), EUR(11'000));
src/test/app/AMM_test.cpp:4570:            if (!features[fixAMMv1_1])
src/test/app/AMM_test.cpp:4575:                    XRPAmount(10'118'738'472),
src/test/app/AMM_test.cpp:4576:                    STAmount{EUR, UINT64_C(9'981'544436337968), -12},
src/test/app/AMM_test.cpp:4579:                    STAmount{EUR, UINT64_C(10'101'16096785173), -11},
src/test/app/AMM_test.cpp:4580:                    STAmount{BTC, UINT64_C(10'097'91426968066), -11},
src/test/app/AMM_test.cpp:4583:                    STAmount{BTC, UINT64_C(10'202'08573031934), -11},
src/test/app/AMM_test.cpp:4587:                    XRPAmount(10'082'446'397),
src/test/app/AMM_test.cpp:4588:                    STAmount{ETH, UINT64_C(10'017'41072778012), -11},
src/test/app/AMM_test.cpp:4591:                    STAmount{ETH, UINT64_C(10'982'58927221988), -11},
src/test/app/AMM_test.cpp:4592:                    STAmount{EUR, UINT64_C(10'917'2945958103), -10},
src/test/app/AMM_test.cpp:4598:                    XRPAmount(10'118'738'472),
src/test/app/AMM_test.cpp:4599:                    STAmount{EUR, UINT64_C(9'981'544436337923), -12},
src/test/app/AMM_test.cpp:4602:                    STAmount{EUR, UINT64_C(10'101'16096785188), -11},
src/test/app/AMM_test.cpp:4603:                    STAmount{BTC, UINT64_C(10'097'91426968059), -11},
src/test/app/AMM_test.cpp:4606:                    STAmount{BTC, UINT64_C(10'202'08573031941), -11},
src/test/app/AMM_test.cpp:4610:                    XRPAmount(10'082'446'397),
src/test/app/AMM_test.cpp:4611:                    STAmount{ETH, UINT64_C(10'017'41072777996), -11},
src/test/app/AMM_test.cpp:4614:                    STAmount{ETH, UINT64_C(10'982'58927222004), -11},
src/test/app/AMM_test.cpp:4615:                    STAmount{EUR, UINT64_C(10'917'2945958102), -10},
src/test/app/AMM_test.cpp:4621:        // AMM offers limit
src/test/app/AMM_test.cpp:4622:        // Consuming 30 CLOB offers, results in hitting 30 AMM offers limit.
src/test/app/AMM_test.cpp:4623:        testAMM(
src/test/app/AMM_test.cpp:4624:            [&](AMM& ammAlice, Env& env) {
src/test/app/AMM_test.cpp:4631:                // It will not be consumed because of AMM offers limit.
src/test/app/AMM_test.cpp:4637:                if (!features[fixAMMv1_1])
src/test/app/AMM_test.cpp:4639:                    // Carol gets ~29.91USD because of the AMM offers limit
src/test/app/AMM_test.cpp:4642:                        STAmount{USD, UINT64_C(9'970'089730807577), -12},
src/test/app/AMM_test.cpp:4647:                        STAmount{USD, UINT64_C(30'029'91026919241), -11}));
src/test/app/AMM_test.cpp:4653:                        STAmount{USD, UINT64_C(9'970'089730807827), -12},
src/test/app/AMM_test.cpp:4658:                        STAmount{USD, UINT64_C(30'029'91026919217), -11}));
src/test/app/AMM_test.cpp:4668:        testAMM(
src/test/app/AMM_test.cpp:4669:            [&](AMM& ammAlice, Env& env) {
src/test/app/AMM_test.cpp:4676:                // It will not be consumed because of AMM offers limit.
src/test/app/AMM_test.cpp:4683:                    XRPAmount{10'101'010'102}, USD(9'900), ammAlice.tokens()));
src/test/app/AMM_test.cpp:4684:                if (!features[fixAMMv1_1])
src/test/app/AMM_test.cpp:4690:                        STAmount{USD, UINT64_C(30'099'99999999999), -11}));
src/test/app/AMM_test.cpp:4700:                    {{{STAmount{EUR, UINT64_C(39'1858572), -7},
src/test/app/AMM_test.cpp:4701:                       XRPAmount{27'989'898}}}}));
src/test/app/AMM_test.cpp:4708:        // Offer crossing with AMM and another offer. AMM has a better
src/test/app/AMM_test.cpp:4714:            AMM ammAlice(env, alice, XRP(10'000), USD(10'100));
src/test/app/AMM_test.cpp:4716:            if (!features[fixAMMv1_1])
src/test/app/AMM_test.cpp:4719:                    XRPAmount{10'049'825'373},
src/test/app/AMM_test.cpp:4720:                    STAmount{USD, UINT64_C(10'049'92586949302), -11},
src/test/app/AMM_test.cpp:4726:                    {{{XRPAmount{50'074'629},
src/test/app/AMM_test.cpp:4727:                       STAmount{USD, UINT64_C(50'07513050698), -11}}}}));
src/test/app/AMM_test.cpp:4732:                    XRPAmount{10'049'825'372},
src/test/app/AMM_test.cpp:4733:                    STAmount{USD, UINT64_C(10'049'92587049303), -11},
src/test/app/AMM_test.cpp:4739:                    {{{XRPAmount{50'074'628},
src/test/app/AMM_test.cpp:4740:                       STAmount{USD, UINT64_C(50'07512950697), -11}}}}));
src/test/app/AMM_test.cpp:4746:        testAMM(
src/test/app/AMM_test.cpp:4747:            [&](AMM& ammAlice, Env& env) {
src/test/app/AMM_test.cpp:4748:                env(trust(gw, carol["USD"](0), tfSetFreeze));
src/test/app/AMM_test.cpp:4749:                env(trust(gw, alice["USD"](0), tfSetFreeze));
src/test/app/AMM_test.cpp:4764:    testAMMTokens()
src/test/app/AMM_test.cpp:4766:        testcase("AMM Tokens");
src/test/app/AMM_test.cpp:4769:        // Offer crossing with AMM LPTokens and XRP.
src/test/app/AMM_test.cpp:4770:        testAMM([&](AMM& ammAlice, Env& env) {
src/test/app/AMM_test.cpp:4773:            auto priceXRP = ammAssetOut(
src/test/app/AMM_test.cpp:4774:                STAmount{XRPAmount{10'000'000'000}},
src/test/app/AMM_test.cpp:4775:                STAmount{token1, 10'000'000},
src/test/app/AMM_test.cpp:4776:                STAmount{token1, 5'000'000},
src/test/app/AMM_test.cpp:4778:            // Carol places an order to buy LPTokens
src/test/app/AMM_test.cpp:4779:            env(offer(carol, STAmount{token1, 5'000'000}, priceXRP));
src/test/app/AMM_test.cpp:4780:            // Alice places an order to sell LPTokens
src/test/app/AMM_test.cpp:4781:            env(offer(alice, priceXRP, STAmount{token1, 5'000'000}));
src/test/app/AMM_test.cpp:4782:            // Pool's LPTokens balance doesn't change
src/test/app/AMM_test.cpp:4784:                XRP(10'000), USD(10'000), IOUAmount{10'000'000}));
src/test/app/AMM_test.cpp:4786:            BEAST_EXPECT(ammAlice.expectLPTokens(carol, IOUAmount{5'000'000}));
src/test/app/AMM_test.cpp:4787:            BEAST_EXPECT(ammAlice.expectLPTokens(alice, IOUAmount{5'000'000}));
src/test/app/AMM_test.cpp:4790:            BEAST_EXPECT(ammAlice.expectTradingFee(500));
src/test/app/AMM_test.cpp:4792:            BEAST_EXPECT(ammAlice.expectTradingFee(0));
src/test/app/AMM_test.cpp:4795:            BEAST_EXPECT(ammAlice.expectLPTokens(carol, IOUAmount{4'999'900}));
src/test/app/AMM_test.cpp:4796:            BEAST_EXPECT(ammAlice.expectAuctionSlot(0, 0, IOUAmount{100}));
src/test/app/AMM_test.cpp:4800:            priceXRP = ammAssetOut(
src/test/app/AMM_test.cpp:4801:                STAmount{XRPAmount{10'000'000'000}},
src/test/app/AMM_test.cpp:4802:                STAmount{token1, 9'999'900},
src/test/app/AMM_test.cpp:4803:                STAmount{token1, 4'999'900},
src/test/app/AMM_test.cpp:4811:                XRPAmount{10'000'000'000} - priceXRP,
src/test/app/AMM_test.cpp:4813:                IOUAmount{5'000'000}));
src/test/app/AMM_test.cpp:4814:            BEAST_EXPECT(ammAlice.expectLPTokens(alice, IOUAmount{5'000'000}));
src/test/app/AMM_test.cpp:4815:            BEAST_EXPECT(ammAlice.expectLPTokens(carol, IOUAmount{0}));
src/test/app/AMM_test.cpp:4818:        // Offer crossing with two AMM LPTokens.
src/test/app/AMM_test.cpp:4819:        testAMM([&](AMM& ammAlice, Env& env) {
src/test/app/AMM_test.cpp:4822:            AMM ammAlice1(env, alice, XRP(10'000), EUR(10'000));
src/test/app/AMM_test.cpp:4826:            env(offer(alice, STAmount{token1, 100}, STAmount{token2, 100}),
src/test/app/AMM_test.cpp:4830:            env(offer(carol, STAmount{token2, 100}, STAmount{token1, 100}));
src/test/app/AMM_test.cpp:4833:                expectHolding(env, alice, STAmount{token1, 10'000'100}) &&
src/test/app/AMM_test.cpp:4834:                expectHolding(env, alice, STAmount{token2, 9'999'900}));
src/test/app/AMM_test.cpp:4836:                expectHolding(env, carol, STAmount{token2, 1'000'100}) &&
src/test/app/AMM_test.cpp:4837:                expectHolding(env, carol, STAmount{token1, 999'900}));
src/test/app/AMM_test.cpp:4842:        // LPs pay LPTokens directly. Must trust set because the trust line
src/test/app/AMM_test.cpp:4843:        // is checked for the limit, which is 0 in the AMM auto-created
src/test/app/AMM_test.cpp:4845:        testAMM([&](AMM& ammAlice, Env& env) {
src/test/app/AMM_test.cpp:4847:            env.trust(STAmount{token1, 2'000'000}, carol);
src/test/app/AMM_test.cpp:4851:                ammAlice.expectLPTokens(alice, IOUAmount{10'000'000, 0}) &&
src/test/app/AMM_test.cpp:4852:                ammAlice.expectLPTokens(carol, IOUAmount{1'000'000, 0}));
src/test/app/AMM_test.cpp:4855:            env(pay(alice, carol, STAmount{token1, 100}));
src/test/app/AMM_test.cpp:4859:                ammAlice.expectLPTokens(alice, IOUAmount{9'999'900, 0}) &&
src/test/app/AMM_test.cpp:4861:                ammAlice.expectLPTokens(carol, IOUAmount{1'000'100, 0}));
src/test/app/AMM_test.cpp:4863:            env.trust(STAmount{token1, 20'000'000}, alice);
src/test/app/AMM_test.cpp:4865:            env(pay(carol, alice, STAmount{token1, 100}));
src/test/app/AMM_test.cpp:4869:                ammAlice.expectLPTokens(alice, IOUAmount{10'000'000, 0}) &&
src/test/app/AMM_test.cpp:4870:                ammAlice.expectLPTokens(carol, IOUAmount{1'000'000, 0}));
src/test/app/AMM_test.cpp:4879:        FeatureBitset const noAMM{all - featureAMM};
src/test/app/AMM_test.cpp:4881:        FeatureBitset const noAMMAndNumber{
src/test/app/AMM_test.cpp:4882:            all - featureAMM - fixUniversalNumber};
src/test/app/AMM_test.cpp:4885:        for (auto const& feature : {noAMM, noNumber, noAMMAndNumber})
src/test/app/AMM_test.cpp:4889:            AMM amm(env, alice, XRP(1'000), USD(1'000), ter(temDISABLED));
src/test/app/AMM_test.cpp:4908:        testAMM([&](AMM& ammAlice, Env& env) {
src/test/app/AMM_test.cpp:4919:                (lsfDisableMaster | lsfDefaultRipple | lsfDepositAuth));
src/test/app/AMM_test.cpp:4929:        // Rippling via AMM fails because AMM trust line has 0 limit.
src/test/app/AMM_test.cpp:4932:        //   and create an AMM for this pair.
src/test/app/AMM_test.cpp:4933:        // Have a fourth account, D, create a trust line to the AMM for TST.
src/test/app/AMM_test.cpp:4934:        // Send a payment delivering TST.AMM from C to D, using SendMax in
src/test/app/AMM_test.cpp:4935:        //   TST.A (or B) and a path through the AMM account. By normal
src/test/app/AMM_test.cpp:4936:        //   rippling rules, this would have caused the AMM's balances
src/test/app/AMM_test.cpp:4957:            AMM amm(env, C, TSTA(5'000), TSTB(5'000));
src/test/app/AMM_test.cpp:4960:            // Can SetTrust only for AMM LP tokens
src/test/app/AMM_test.cpp:4961:            env(trust(D, STAmount{ammIss, 10'000}), ter(tecNO_PERMISSION));
src/test/app/AMM_test.cpp:4965:            env(pay(C, D, STAmount{ammIss, 10}),
src/test/app/AMM_test.cpp:4974:    testAMMAndCLOB(FeatureBitset features)
src/test/app/AMM_test.cpp:4976:        testcase("AMMAndCLOB, offer quality change");
src/test/app/AMM_test.cpp:4990:            env(offer(LP1, TST(25), XRPAmount(287'500'000)));
src/test/app/AMM_test.cpp:4992:            // Either AMM or CLOB offer
src/test/app/AMM_test.cpp:4995:            env(offer(LP2, TST(25), XRPAmount(287'500'000)));
src/test/app/AMM_test.cpp:5000:        // If we replace AMM with an equivalent CLOB offer, which AMM generates
src/test/app/AMM_test.cpp:5005:        // Execute with AMM first
src/test/app/AMM_test.cpp:5007:            [&](Env& env) { AMM amm(env, LP1, TST(25), XRP(250)); },
src/test/app/AMM_test.cpp:5019:                if (!features[fixAMMv1_1])
src/test/app/AMM_test.cpp:5022:                            XRPAmount{18'095'133},
src/test/app/AMM_test.cpp:5023:                            STAmount{TST, UINT64_C(1'68737984885388), -14}),
src/test/app/AMM_test.cpp:5028:                            XRPAmount{18'095'132},
src/test/app/AMM_test.cpp:5029:                            STAmount{TST, UINT64_C(1'68737976189735), -14}),
src/test/app/AMM_test.cpp:5045:    testTradingFee(FeatureBitset features)
src/test/app/AMM_test.cpp:5051:        testAMM(
src/test/app/AMM_test.cpp:5052:            [&](AMM& ammAlice, Env& env) {
src/test/app/AMM_test.cpp:5055:                BEAST_EXPECT(ammAlice.expectLPTokens(carol, IOUAmount{1'000}));
src/test/app/AMM_test.cpp:5057:                BEAST_EXPECT(ammAlice.expectLPTokens(carol, IOUAmount{0}));
src/test/app/AMM_test.cpp:5061:                BEAST_EXPECT(ammAlice.expectTradingFee(1'000));
src/test/app/AMM_test.cpp:5062:                // Carol gets fewer LPToken ~994, because of the single deposit
src/test/app/AMM_test.cpp:5065:                BEAST_EXPECT(ammAlice.expectLPTokens(
src/test/app/AMM_test.cpp:5066:                    carol, IOUAmount{994'981155689671, -12}));
src/test/app/AMM_test.cpp:5075:                    STAmount{USD, UINT64_C(29'994'96220068281), -11}));
src/test/app/AMM_test.cpp:5083:        // 100USD with EP not to exceed 0.1 (AssetIn/TokensOut). 1% fee.
src/test/app/AMM_test.cpp:5084:        testAMM(
src/test/app/AMM_test.cpp:5085:            [&](AMM& ammAlice, Env& env) {
src/test/app/AMM_test.cpp:5088:                    carol, USD(1'000), std::nullopt, STAmount{USD, 1, -1});
src/test/app/AMM_test.cpp:5092:                BEAST_EXPECT(ammAlice.expectTradingFee(0));
src/test/app/AMM_test.cpp:5094:                // carol pays ~2008 LPTokens in fees or ~0.5% of the no-fee
src/test/app/AMM_test.cpp:5095:                // LPTokens
src/test/app/AMM_test.cpp:5096:                BEAST_EXPECT(tokensFee == IOUAmount(485'636'0611129, -7));
src/test/app/AMM_test.cpp:5097:                BEAST_EXPECT(tokensNoFee == IOUAmount(487'644'85901109, -8));
src/test/app/AMM_test.cpp:5105:        // 200USD with EP not to exceed 0.002020 (AssetIn/TokensOut). 1% fee
src/test/app/AMM_test.cpp:5106:        testAMM(
src/test/app/AMM_test.cpp:5107:            [&](AMM& ammAlice, Env& env) {
src/test/app/AMM_test.cpp:5110:                    carol, USD(200), std::nullopt, STAmount{USD, 2020, -6});
src/test/app/AMM_test.cpp:5114:                BEAST_EXPECT(ammAlice.expectTradingFee(0));
src/test/app/AMM_test.cpp:5116:                // carol pays ~475 LPTokens in fees or ~0.5% of the no-fee
src/test/app/AMM_test.cpp:5117:                // LPTokens
src/test/app/AMM_test.cpp:5118:                BEAST_EXPECT(tokensFee == IOUAmount(98'000'00000002, -8));
src/test/app/AMM_test.cpp:5119:                BEAST_EXPECT(tokensNoFee == IOUAmount(98'475'81871545, -8));
src/test/app/AMM_test.cpp:5127:        testAMM(
src/test/app/AMM_test.cpp:5128:            [&](AMM& ammAlice, Env& env) {
src/test/app/AMM_test.cpp:5132:                BEAST_EXPECT(ammAlice.expectLPTokens(carol, IOUAmount{1'000}));
src/test/app/AMM_test.cpp:5136:                BEAST_EXPECT(ammAlice.expectTradingFee(1'000));
src/test/app/AMM_test.cpp:5142:                    STAmount{USD, UINT64_C(29'994'97487437186), -11}));
src/test/app/AMM_test.cpp:5149:        // Withdraw with EPrice limit, 1% fee.
src/test/app/AMM_test.cpp:5150:        testAMM(
src/test/app/AMM_test.cpp:5151:            [&](AMM& ammAlice, Env& env) {
src/test/app/AMM_test.cpp:5154:                    carol, USD(100), std::nullopt, IOUAmount{520, 0});
src/test/app/AMM_test.cpp:5157:                    if (!features[fixAMMv1_1] && !features[fixAMMv1_3])
src/test/app/AMM_test.cpp:5158:                        return STAmount(USD, UINT64_C(30'443'43891402715), -11);
src/test/app/AMM_test.cpp:5159:                    else if (features[fixAMMv1_1] && !features[fixAMMv1_3])
src/test/app/AMM_test.cpp:5160:                        return STAmount(USD, UINT64_C(30'443'43891402714), -11);
src/test/app/AMM_test.cpp:5162:                        return STAmount(USD, UINT64_C(30'443'43891402713), -11);
src/test/app/AMM_test.cpp:5170:                BEAST_EXPECT(ammAlice.expectTradingFee(0));
src/test/app/AMM_test.cpp:5172:                if (!features[fixAMMv1_1] && !features[fixAMMv1_3])
src/test/app/AMM_test.cpp:5175:                        STAmount(USD, UINT64_C(30'443'43891402717), -11));
src/test/app/AMM_test.cpp:5176:                else if (features[fixAMMv1_1] && !features[fixAMMv1_3])
src/test/app/AMM_test.cpp:5179:                        STAmount(USD, UINT64_C(30'443'43891402716), -11));
src/test/app/AMM_test.cpp:5183:                        STAmount(USD, UINT64_C(30'443'43891402713), -11));
src/test/app/AMM_test.cpp:5184:                // carol pays ~4008 LPTokens in fees or ~0.5% of the no-fee
src/test/app/AMM_test.cpp:5185:                // LPTokens
src/test/app/AMM_test.cpp:5186:                if (!features[fixAMMv1_1] && !features[fixAMMv1_3])
src/test/app/AMM_test.cpp:5188:                        tokensNoFee == IOUAmount(746'579'80779913, -8));
src/test/app/AMM_test.cpp:5189:                else if (features[fixAMMv1_1] && !features[fixAMMv1_3])
src/test/app/AMM_test.cpp:5191:                        tokensNoFee == IOUAmount(746'579'80779912, -8));
src/test/app/AMM_test.cpp:5194:                        tokensNoFee == IOUAmount(746'579'80779911, -8));
src/test/app/AMM_test.cpp:5195:                BEAST_EXPECT(tokensFee == IOUAmount(750'588'23529411, -8));
src/test/app/AMM_test.cpp:5203:        testAMM(
src/test/app/AMM_test.cpp:5204:            [&](AMM& ammAlice, Env& env) {
src/test/app/AMM_test.cpp:5229:                BEAST_EXPECT(ammAlice.expectTradingFee(1'000));
src/test/app/AMM_test.cpp:5238:                    env, bob, STAmount{EUR, UINT64_C(989'8989898989899), -13}));
src/test/app/AMM_test.cpp:5243:                    STAmount{EUR, UINT64_C(1'010'10101010101), -11},
src/test/app/AMM_test.cpp:5252:        testAMM(
src/test/app/AMM_test.cpp:5253:            [&](AMM& ammAlice, Env& env) {
src/test/app/AMM_test.cpp:5264:                BEAST_EXPECT(ammAlice.expectTradingFee(500));
src/test/app/AMM_test.cpp:5272:                    STAmount{USD, UINT64_C(29'995'02512562814), -11}));
src/test/app/AMM_test.cpp:5276:                    STAmount{EUR, UINT64_C(30'004'97487437186), -11}));
src/test/app/AMM_test.cpp:5281:                    {{Amounts{
src/test/app/AMM_test.cpp:5282:                        STAmount{EUR, UINT64_C(5'025125628140703), -15},
src/test/app/AMM_test.cpp:5283:                        STAmount{USD, UINT64_C(5'025125628140703), -15}}}}));
src/test/app/AMM_test.cpp:5284:                if (!features[fixAMMv1_1])
src/test/app/AMM_test.cpp:5287:                        STAmount{USD, UINT64_C(1'004'974874371859), -12},
src/test/app/AMM_test.cpp:5288:                        STAmount{EUR, UINT64_C(1'005'025125628141), -12},
src/test/app/AMM_test.cpp:5294:                        STAmount{USD, UINT64_C(1'004'97487437186), -11},
src/test/app/AMM_test.cpp:5295:                        STAmount{EUR, UINT64_C(1'005'025125628141), -12},
src/test/app/AMM_test.cpp:5304:        // Payment with AMM and CLOB offer, 0 fee
src/test/app/AMM_test.cpp:5305:        // AMM liquidity is consumed first up to CLOB offer quality
src/test/app/AMM_test.cpp:5307:        // Remaining amount is consumed via AMM liquidity
src/test/app/AMM_test.cpp:5318:            AMM ammAlice(env, alice, USD(1'005), EUR(1'000));
src/test/app/AMM_test.cpp:5324:            if (!features[fixAMMv1_1])
src/test/app/AMM_test.cpp:5333:                    env, bob, STAmount(EUR, UINT64_C(1989'999999999999), -12)));
src/test/app/AMM_test.cpp:5336:                    STAmount(EUR, UINT64_C(1005'000000000001), -12),
src/test/app/AMM_test.cpp:5342:        // Payment with AMM and CLOB offer. Same as above but with 0.25%
src/test/app/AMM_test.cpp:5355:            AMM ammAlice(env, alice, USD(1'005), EUR(1'000), false, 250);
src/test/app/AMM_test.cpp:5361:            if (!features[fixAMMv1_1])
src/test/app/AMM_test.cpp:5366:                    STAmount{EUR, UINT64_C(1'989'987453007618), -12}));
src/test/app/AMM_test.cpp:5369:                    STAmount{EUR, UINT64_C(1'005'012546992382), -12},
src/test/app/AMM_test.cpp:5377:                    STAmount{EUR, UINT64_C(1'989'987453007628), -12}));
src/test/app/AMM_test.cpp:5380:                    STAmount{EUR, UINT64_C(1'005'012546992372), -12},
src/test/app/AMM_test.cpp:5386:        // Payment with AMM and CLOB offer. AMM has a better
src/test/app/AMM_test.cpp:5400:            AMM ammAlice(env, alice, USD(1'005), EUR(1'000), false, 1'000);
src/test/app/AMM_test.cpp:5412:        // Payment with AMM and CLOB offer. AMM has a better
src/test/app/AMM_test.cpp:5415:        // amount is consumed via AMM liquidity.
src/test/app/AMM_test.cpp:5427:            AMM ammAlice(env, alice, USD(1'005), EUR(1'000), false, 1'000);
src/test/app/AMM_test.cpp:5434:                env, bob, STAmount{EUR, UINT64_C(1'989'993923296712), -12}));
src/test/app/AMM_test.cpp:5437:                STAmount{EUR, UINT64_C(1'001'006076703288), -12},
src/test/app/AMM_test.cpp:5451:        testAMM(
src/test/app/AMM_test.cpp:5452:            [&](AMM& ammAlice, Env& env) {
src/test/app/AMM_test.cpp:5469:                    ammAlice.deposit(ben, STAmount{USD, 1, -10});
src/test/app/AMM_test.cpp:5491:                if (!features[fixAMMv1_1] && !features[fixAMMv1_3])
src/test/app/AMM_test.cpp:5494:                        STAmount{USD, UINT64_C(10'000'0000000013), -10},
src/test/app/AMM_test.cpp:5495:                        IOUAmount{10'000'000}));
src/test/app/AMM_test.cpp:5496:                else if (features[fixAMMv1_3])
src/test/app/AMM_test.cpp:5499:                        STAmount{USD, UINT64_C(10'000'0000000003), -10},
src/test/app/AMM_test.cpp:5500:                        IOUAmount{10'000'000}));
src/test/app/AMM_test.cpp:5503:                        XRP(10'000), USD(10'000), IOUAmount{10'000'000}));
src/test/app/AMM_test.cpp:5508:                if (!features[fixAMMv1_1] && !features[fixAMMv1_3])
src/test/app/AMM_test.cpp:5512:                        STAmount{USD, UINT64_C(30'000'00000000001), -11}));
src/test/app/AMM_test.cpp:5513:                else if (features[fixAMMv1_1] && !features[fixAMMv1_3])
src/test/app/AMM_test.cpp:5519:                if (!features[fixAMMv1_1] && !features[fixAMMv1_3])
src/test/app/AMM_test.cpp:5523:                        STAmount{USD, UINT64_C(1'500'000'000000002), -9}));
src/test/app/AMM_test.cpp:5524:                else if (features[fixAMMv1_1] && !features[fixAMMv1_3])
src/test/app/AMM_test.cpp:5528:                        STAmount{USD, UINT64_C(1'500'000'000000005), -9}));
src/test/app/AMM_test.cpp:5533:                if (!features[fixAMMv1_1])
src/test/app/AMM_test.cpp:5537:                        STAmount{USD, UINT64_C(30'000'0000000013), -10}));
src/test/app/AMM_test.cpp:5538:                else if (features[fixAMMv1_3])
src/test/app/AMM_test.cpp:5542:                        STAmount{USD, UINT64_C(30'000'0000000003), -10}));
src/test/app/AMM_test.cpp:5558:        testAMM(
src/test/app/AMM_test.cpp:5559:            [&](AMM& ammAlice, Env& env) {
src/test/app/AMM_test.cpp:5577:                    ammAlice.deposit(ben, XRPAmount{1});
src/test/app/AMM_test.cpp:5579:                    ammAlice.deposit(simon, XRPAmount(1'000));
src/test/app/AMM_test.cpp:5597:                if (!features[fixAMMv1_3])
src/test/app/AMM_test.cpp:5601:                        XRP(10'000), USD(10'000), IOUAmount{10'000'000}));
src/test/app/AMM_test.cpp:5627:                    // AMM invariant
src/test/app/AMM_test.cpp:5629:                        XRPAmount(10'000'000'080),
src/test/app/AMM_test.cpp:5631:                        IOUAmount{10'000'000}));
src/test/app/AMM_test.cpp:5676:                    cfg->FEES.reference_fee = XRPAmount(1);
src/test/app/AMM_test.cpp:5681:            AMM amm(env, gw, XRP(10'000), USD(10'000));
src/test/app/AMM_test.cpp:5682:            for (auto i = 0; i < maxDeletableAMMTrustLines + 10; ++i)
src/test/app/AMM_test.cpp:5686:                env(trust(a, STAmount{amm.lptIssue(), 10'000}));
src/test/app/AMM_test.cpp:5690:            // AMM is set to an empty state.
src/test/app/AMM_test.cpp:5695:            // tecAMM_EMPTY. Deposit succeeds with tfTwoAssetIfEmpty option.
src/test/app/AMM_test.cpp:5700:                ter(tecAMM_EMPTY));
src/test/app/AMM_test.cpp:5707:                ter(tecAMM_EMPTY));
src/test/app/AMM_test.cpp:5709:                alice, 100, std::nullopt, std::nullopt, ter(tecAMM_EMPTY));
src/test/app/AMM_test.cpp:5716:                ter(tecAMM_EMPTY));
src/test/app/AMM_test.cpp:5717:            env(trust(alice, STAmount{amm.lptIssue(), 10'000}),
src/test/app/AMM_test.cpp:5718:                ter(tecAMM_EMPTY));
src/test/app/AMM_test.cpp:5720:            // Can deposit with tfTwoAssetIfEmpty option
src/test/app/AMM_test.cpp:5727:                tfTwoAssetIfEmpty,
src/test/app/AMM_test.cpp:5733:            BEAST_EXPECT(amm.expectTradingFee(1'000));
src/test/app/AMM_test.cpp:5734:            BEAST_EXPECT(amm.expectAuctionSlot(100, 0, IOUAmount{0}));
src/test/app/AMM_test.cpp:5736:            // Withdrawing all tokens deletes AMM since the number
src/test/app/AMM_test.cpp:5747:                    cfg->FEES.reference_fee = XRPAmount(1);
src/test/app/AMM_test.cpp:5752:            AMM amm(env, gw, XRP(10'000), USD(10'000));
src/test/app/AMM_test.cpp:5753:            for (auto i = 0; i < maxDeletableAMMTrustLines * 2 + 10; ++i)
src/test/app/AMM_test.cpp:5757:                env(trust(a, STAmount{amm.lptIssue(), 10'000}));
src/test/app/AMM_test.cpp:5764:            // AMMDelete has to be called twice to delete AMM.
src/test/app/AMM_test.cpp:5767:            // Deletes remaining trustlines and deletes AMM.
src/test/app/AMM_test.cpp:5773:            amm.ammDelete(alice, ter(terNO_AMM));
src/test/app/AMM_test.cpp:5778:    testClawback()
src/test/app/AMM_test.cpp:5780:        testcase("Clawback");
src/test/app/AMM_test.cpp:5785:        AMM amm(env, gw, XRP(1'000), USD(1'000));
src/test/app/AMM_test.cpp:5786:        env(fset(gw, asfAllowTrustLineClawback), ter(tecOWNERS));
src/test/app/AMM_test.cpp:5790:    testAMMID()
src/test/app/AMM_test.cpp:5792:        testcase("AMMID");
src/test/app/AMM_test.cpp:5794:        testAMM([&](AMM& amm, Env& env) {
src/test/app/AMM_test.cpp:5804:                    info[jss::result][jss::account_data][jss::AMMID]
src/test/app/AMM_test.cpp:5828:                                    [sfFinalFields.fieldName][jss::AMMID]
src/test/app/AMM_test.cpp:5853:        // is ever supported. Updates will need to be made to AMM handling
src/test/app/AMM_test.cpp:5875:            // Cross-currency payment: AMM has the same spot price quality
src/test/app/AMM_test.cpp:5880:            // case. Run test for 0) offer, 1) AMM, 2) offer and AMM to
src/test/app/AMM_test.cpp:5889:                    std::optional<AMM> amm;
src/test/app/AMM_test.cpp:5901:                    // CLOB and AMM, AMM is not selected
src/test/app/AMM_test.cpp:5908:                    q[i] = Quality(Amounts{
src/test/app/AMM_test.cpp:5912:                // CLOB is better quality than AMM
src/test/app/AMM_test.cpp:5914:                // AMM is not selected with CLOB
src/test/app/AMM_test.cpp:5917:            // Offer crossing: AMM has the same spot price quality
src/test/app/AMM_test.cpp:5926:                std::optional<AMM> amm;
src/test/app/AMM_test.cpp:5936:                // AMM is not selected
src/test/app/AMM_test.cpp:5947:                // Fails to cross because AMM is not selected
src/test/app/AMM_test.cpp:5951:                        env, alice, 1, {Amounts{USD(400), ETH(400)}}));
src/test/app/AMM_test.cpp:5957:            // results in AMM offer selection.
src/test/app/AMM_test.cpp:5966:                    std::optional<AMM> amm;
src/test/app/AMM_test.cpp:5978:                    // AMM and CLOB are selected
src/test/app/AMM_test.cpp:5984:                    if (i == 2 && !features[fixAMMv1_1])
src/test/app/AMM_test.cpp:5988:                            if (!features[fixAMMv1_1])
src/test/app/AMM_test.cpp:5993:                                    {{Amounts{
src/test/app/AMM_test.cpp:5994:                                        STAmount{
src/test/app/AMM_test.cpp:5998:                                        STAmount{
src/test/app/AMM_test.cpp:6007:                                    {{Amounts{
src/test/app/AMM_test.cpp:6008:                                        STAmount{
src/test/app/AMM_test.cpp:6012:                                        STAmount{
src/test/app/AMM_test.cpp:6019:                            if (!features[fixAMMv1_1])
src/test/app/AMM_test.cpp:6024:                                    {{Amounts{
src/test/app/AMM_test.cpp:6025:                                        STAmount{
src/test/app/AMM_test.cpp:6029:                                        STAmount{
src/test/app/AMM_test.cpp:6038:                                    {{Amounts{
src/test/app/AMM_test.cpp:6039:                                        STAmount{
src/test/app/AMM_test.cpp:6043:                                        STAmount{
src/test/app/AMM_test.cpp:6057:                                {{Amounts{
src/test/app/AMM_test.cpp:6058:                                    STAmount{
src/test/app/AMM_test.cpp:6060:                                    STAmount{
src/test/app/AMM_test.cpp:6071:                                {{Amounts{
src/test/app/AMM_test.cpp:6072:                                    STAmount{
src/test/app/AMM_test.cpp:6074:                                    STAmount{
src/test/app/AMM_test.cpp:6081:                    q[i] = Quality(Amounts{
src/test/app/AMM_test.cpp:6085:                // AMM is better quality
src/test/app/AMM_test.cpp:6087:                // AMM and CLOB produce better quality
src/test/app/AMM_test.cpp:6096:                std::optional<AMM> amm;
src/test/app/AMM_test.cpp:6106:                // AMM is selected in both cases
src/test/app/AMM_test.cpp:6112:                // Partially crosses, AMM is selected, CLOB fails
src/test/app/AMM_test.cpp:6118:                        if (!features[fixAMMv1_1])
src/test/app/AMM_test.cpp:6121:                                env, ed, 1, {{Amounts{ETH(400), USD(250)}}}));
src/test/app/AMM_test.cpp:6126:                                {{Amounts{
src/test/app/AMM_test.cpp:6127:                                    STAmount{
src/test/app/AMM_test.cpp:6129:                                    STAmount{
src/test/app/AMM_test.cpp:6142:                                {{Amounts{
src/test/app/AMM_test.cpp:6143:                                    STAmount{
src/test/app/AMM_test.cpp:6145:                                    STAmount{
src/test/app/AMM_test.cpp:6153:                        if (!features[fixAMMv1_1])
src/test/app/AMM_test.cpp:6160:                                {{Amounts{
src/test/app/AMM_test.cpp:6161:                                    STAmount{
src/test/app/AMM_test.cpp:6163:                                    STAmount{
src/test/app/AMM_test.cpp:6175:                                {{Amounts{
src/test/app/AMM_test.cpp:6176:                                    STAmount{
src/test/app/AMM_test.cpp:6178:                                    STAmount{
src/test/app/AMM_test.cpp:6190:            // AMM strand's best quality is equal to AMM's spot price
src/test/app/AMM_test.cpp:6193:            // of two strands, AMM offers have better quality and are
src/test/app/AMM_test.cpp:6197:            // from one strand with AMM has better quality than either one
src/test/app/AMM_test.cpp:6199:            // unintuitive, but one strand with AMM is optimized and
src/test/app/AMM_test.cpp:6200:            // generates one AMM offer, while in case of two strands,
src/test/app/AMM_test.cpp:6201:            // multiple AMM offers are generated, which results in slightly
src/test/app/AMM_test.cpp:6209:                    std::optional<AMM> amm;
src/test/app/AMM_test.cpp:6229:                    if (i == 2 && !features[fixAMMv1_1])
src/test/app/AMM_test.cpp:6233:                            // Liquidity is consumed from AMM strand only
src/test/app/AMM_test.cpp:6235:                                STAmount{ETH, UINT64_C(1'176'66038955758), -11},
src/test/app/AMM_test.cpp:6242:                                STAmount{
src/test/app/AMM_test.cpp:6244:                                STAmount{USD, UINT64_C(847'7880529867501), -13},
src/test/app/AMM_test.cpp:6250:                                {{Amounts{
src/test/app/AMM_test.cpp:6251:                                      STAmount{
src/test/app/AMM_test.cpp:6255:                                      STAmount{
src/test/app/AMM_test.cpp:6260:                                  Amounts{
src/test/app/AMM_test.cpp:6261:                                      STAmount{
src/test/app/AMM_test.cpp:6265:                                      STAmount{
src/test/app/AMM_test.cpp:6276:                            // Liquidity is consumed from AMM strand only
src/test/app/AMM_test.cpp:6278:                                STAmount{
src/test/app/AMM_test.cpp:6286:                                STAmount{ETH, UINT64_C(1'179'54009433964), -11},
src/test/app/AMM_test.cpp:6287:                                STAmount{USD, UINT64_C(847'7880529867501), -13},
src/test/app/AMM_test.cpp:6293:                                {{Amounts{
src/test/app/AMM_test.cpp:6294:                                      STAmount{
src/test/app/AMM_test.cpp:6298:                                      STAmount{
src/test/app/AMM_test.cpp:6303:                                  Amounts{
src/test/app/AMM_test.cpp:6304:                                      STAmount{
src/test/app/AMM_test.cpp:6308:                                      STAmount{
src/test/app/AMM_test.cpp:6315:                    q[i] = Quality(Amounts{
src/test/app/AMM_test.cpp:6342:            AMM amm(
src/test/app/AMM_test.cpp:6382:            tefEXCEPTION,
src/test/app/AMM_test.cpp:6383:            tefEXCEPTION,
src/test/app/AMM_test.cpp:6384:            tefEXCEPTION,
src/test/app/AMM_test.cpp:6385:            tefEXCEPTION,
src/test/app/AMM_test.cpp:6418:            tefEXCEPTION,
src/test/app/AMM_test.cpp:6446:        auto const xrpIouAmounts10_100 =
src/test/app/AMM_test.cpp:6447:            TAmounts{XRPAmount{10}, IOUAmount{100}};
src/test/app/AMM_test.cpp:6448:        auto const iouXrpAmounts10_100 =
src/test/app/AMM_test.cpp:6449:            TAmounts{IOUAmount{10}, XRPAmount{100}};
src/test/app/AMM_test.cpp:6487:            {"10",                   "10.0",                Quality{xrpIouAmounts10_100},  100, Fail},
src/test/app/AMM_test.cpp:6488:            {"10.0",                 "10",                  Quality{iouXrpAmounts10_100},  100, Fail},
src/test/app/AMM_test.cpp:6514:        std::vector<std::pair<STAmount, STAmount>> successAmounts;
src/test/app/AMM_test.cpp:6540:                    Amounts{poolIn, poolOut},
src/test/app/AMM_test.cpp:6549:                        if (!features[fixAMMv1_1])
src/test/app/AMM_test.cpp:6556:                        if (!features[fixAMMv1_1])
src/test/app/AMM_test.cpp:6567:                            features[fixAMMv1_1] &&
src/test/app/AMM_test.cpp:6573:                            !features[fixAMMv1_1] &&
src/test/app/AMM_test.cpp:6590:                                auto const takerPays = STAmount{xrpIssue(), 1};
src/test/app/AMM_test.cpp:6591:                                return Amounts{
src/test/app/AMM_test.cpp:6593:                                    swapAssetIn(
src/test/app/AMM_test.cpp:6594:                                        Amounts{poolIn, poolOut},
src/test/app/AMM_test.cpp:6600:                                auto const takerGets = STAmount{xrpIssue(), 1};
src/test/app/AMM_test.cpp:6601:                                return Amounts{
src/test/app/AMM_test.cpp:6602:                                    swapAssetOut(
src/test/app/AMM_test.cpp:6603:                                        Amounts{poolIn, poolOut},
src/test/app/AMM_test.cpp:6608:                            auto const takerPays = toAmount<STAmount>(
src/test/app/AMM_test.cpp:6610:                            return Amounts{
src/test/app/AMM_test.cpp:6612:                                swapAssetIn(
src/test/app/AMM_test.cpp:6613:                                    Amounts{poolIn, poolOut}, takerPays, tfee)};
src/test/app/AMM_test.cpp:6619:                        BEAST_EXPECT(!features[fixAMMv1_1]);
src/test/app/AMM_test.cpp:6623:                        BEAST_EXPECT(features[fixAMMv1_1]);
src/test/app/AMM_test.cpp:6632:                    !features[fixAMMv1_1] && status == FailShouldSucceed);
src/test/app/AMM_test.cpp:6650:        testAMM([&](AMM& ammAlice, Env& env) {
src/test/app/AMM_test.cpp:6652:                .flags = tfSingleAsset,
src/test/app/AMM_test.cpp:6658:        testAMM([&](AMM& ammAlice, Env& env) {
src/test/app/AMM_test.cpp:6660:                .flags = tfOneAssetLPToken,
src/test/app/AMM_test.cpp:6666:        testAMM([&](AMM& ammAlice, Env& env) {
src/test/app/AMM_test.cpp:6668:                .flags = tfLimitLPToken,
src/test/app/AMM_test.cpp:6674:        testAMM([&](AMM& ammAlice, Env& env) {
src/test/app/AMM_test.cpp:6678:                .err = ter(temBAD_AMM_TOKENS),
src/test/app/AMM_test.cpp:6683:        testAMM([&](AMM& ammAlice, Env& env) {
src/test/app/AMM_test.cpp:6692:        testAMM([&](AMM& ammAlice, Env& env) {
src/test/app/AMM_test.cpp:6694:            jv[jss::TransactionType] = jss::AMMWithdraw;
src/test/app/AMM_test.cpp:6695:            jv[jss::Flags] = tfLimitLPToken;
src/test/app/AMM_test.cpp:6698:            XRP(100).value().setJson(jv[jss::Amount]);
src/test/app/AMM_test.cpp:6699:            USD(100).value().setJson(jv[jss::EPrice]);
src/test/app/AMM_test.cpp:6700:            env(jv, ter(temBAD_AMM_TOKENS));
src/test/app/AMM_test.cpp:6726:            STAmount const sendUsdGH;
src/test/app/AMM_test.cpp:6727:            STAmount const failUsdGH;
src/test/app/AMM_test.cpp:6728:            STAmount const failUsdGHr;
src/test/app/AMM_test.cpp:6729:            STAmount const failUsdBIT;
src/test/app/AMM_test.cpp:6730:            STAmount const failUsdBITr;
src/test/app/AMM_test.cpp:6731:            STAmount const goodUsdGH;
src/test/app/AMM_test.cpp:6732:            STAmount const goodUsdGHr;
src/test/app/AMM_test.cpp:6733:            STAmount const goodUsdBIT;
src/test/app/AMM_test.cpp:6734:            STAmount const goodUsdBITr;
src/test/app/AMM_test.cpp:6735:            IOUAmount const lpTokenBalance;
src/test/app/AMM_test.cpp:6736:            std::optional<IOUAmount> const lpTokenBalanceAlt = {};
src/test/app/AMM_test.cpp:6753:                     .failUsdGH = STAmount{0},                                //
src/test/app/AMM_test.cpp:6754:                     .failUsdGHr = STAmount{0},                               //
src/test/app/AMM_test.cpp:6762:                     .lpTokenBalanceAlt = IOUAmount{28'61817604250836, -14},  //
src/test/app/AMM_test.cpp:6775:                     .failUsdGH = STAmount{0},                              //
src/test/app/AMM_test.cpp:6776:                     .failUsdGHr = STAmount{0},                             //
src/test/app/AMM_test.cpp:6796:                     .failUsdGH = STAmount{0},                              //
src/test/app/AMM_test.cpp:6797:                     .failUsdGHr = STAmount{0},                             //
src/test/app/AMM_test.cpp:6817:                     .failUsdGH = STAmount{0},                                //
src/test/app/AMM_test.cpp:6818:                     .failUsdGHr = STAmount{0},                               //
src/test/app/AMM_test.cpp:6838:                     .failUsdGH = STAmount{0},                                //
src/test/app/AMM_test.cpp:6839:                     .failUsdGHr = STAmount{0},                               //
src/test/app/AMM_test.cpp:6859:                     .failUsdGH = STAmount{0},                             //
src/test/app/AMM_test.cpp:6860:                     .failUsdGHr = STAmount{0},                            //
src/test/app/AMM_test.cpp:6901:                     .failUsdGH = STAmount{0},                                //
src/test/app/AMM_test.cpp:6902:                     .failUsdGHr = STAmount{0},                               //
src/test/app/AMM_test.cpp:6922:                     .failUsdGH = STAmount{0},                                //
src/test/app/AMM_test.cpp:6923:                     .failUsdGHr = STAmount{0},                               //
src/test/app/AMM_test.cpp:6941:                 {all - fixAMMOverflowOffer - fixAMMv1_1 - fixAMMv1_3, all})
src/test/app/AMM_test.cpp:6963:                AMM amm{
src/test/app/AMM_test.cpp:6970:                IOUAmount const preSwapLPTokenBalance =
src/test/app/AMM_test.cpp:6971:                    amm.getLPTokensBalance();
src/test/app/AMM_test.cpp:6988:                    features[fixAMMv1_1] ? input.failUsdGHr : input.failUsdGH;
src/test/app/AMM_test.cpp:6990:                    features[fixAMMv1_1] ? input.failUsdBITr : input.failUsdBIT;
src/test/app/AMM_test.cpp:6992:                    features[fixAMMv1_1] ? input.goodUsdGHr : input.goodUsdGH;
src/test/app/AMM_test.cpp:6994:                    features[fixAMMv1_1] ? input.goodUsdBITr : input.goodUsdBIT;
src/test/app/AMM_test.cpp:6996:                    env.enabled(fixAMMv1_3) && input.lpTokenBalanceAlt
src/test/app/AMM_test.cpp:6999:                if (!features[fixAMMOverflowOffer])
src/test/app/AMM_test.cpp:7009:                    // Invariant: LPToken balance must not change in a
src/test/app/AMM_test.cpp:7012:                        amm.getLPTokensBalance() == preSwapLPTokenBalance);
src/test/app/AMM_test.cpp:7015:                    // balances) must be at least the LPTokenBalance
src/test/app/AMM_test.cpp:7041:        STAmount const xrpPool{XRP, UINT64_C(51600'000981)};
src/test/app/AMM_test.cpp:7042:        STAmount const iouPool{USD, UINT64_C(803040'9987141784), -10};
src/test/app/AMM_test.cpp:7044:        STAmount const xrpBob{XRP, UINT64_C(1092'878933)};
src/test/app/AMM_test.cpp:7045:        STAmount const iouBob{
src/test/app/AMM_test.cpp:7048:        testAMM(
src/test/app/AMM_test.cpp:7049:            [&](AMM& amm, Env& env) {
src/test/app/AMM_test.cpp:7050:                // Check our AMM starting conditions.
src/test/app/AMM_test.cpp:7062:                // Assert that AMM is unchanged.
src/test/app/AMM_test.cpp:7069:            {testable_amendments() | fixAMMv1_1});
src/test/app/AMM_test.cpp:7073:    testFixAMMOfferBlockedByLOB(FeatureBitset features)
src/test/app/AMM_test.cpp:7075:        testcase("AMM Offer Blocked By LOB");
src/test/app/AMM_test.cpp:7078:        // Low quality LOB offer blocks AMM liquidity
src/test/app/AMM_test.cpp:7080:        // USD/XRP crosses AMM
src/test/app/AMM_test.cpp:7085:            // This offer blocks AMM offer in pre-amendment
src/test/app/AMM_test.cpp:7089:            AMM amm(env, gw, XRP(200'000), USD(100'000));
src/test/app/AMM_test.cpp:7091:            // The offer doesn't cross AMM in pre-amendment code
src/test/app/AMM_test.cpp:7092:            // It crosses AMM in post-amendment code
src/test/app/AMM_test.cpp:7096:            if (!features[fixAMMv1_1])
src/test/app/AMM_test.cpp:7101:                    env, alice, 1, {{Amounts{XRP(1), USD(0.01)}}}));
src/test/app/AMM_test.cpp:7104:                    env, carol, 1, {{Amounts{USD(0.49), XRP(1)}}}));
src/test/app/AMM_test.cpp:7109:                    XRPAmount(200'000'980'005), USD(99'999.51), amm.tokens()));
src/test/app/AMM_test.cpp:7111:                    env, alice, 1, {{Amounts{XRP(1), USD(0.01)}}}));
src/test/app/AMM_test.cpp:7112:                // Carol's offer crosses AMM
src/test/app/AMM_test.cpp:7117:        // There is no blocking offer, the same AMM liquidity is consumed
src/test/app/AMM_test.cpp:7126:            AMM amm(env, gw, XRP(200'000), USD(100'000));
src/test/app/AMM_test.cpp:7128:            // The offer crosses AMM
src/test/app/AMM_test.cpp:7134:                XRPAmount(200'000'980'005), USD(99'999.51), amm.tokens()));
src/test/app/AMM_test.cpp:7135:            // Carol's offer crosses AMM
src/test/app/AMM_test.cpp:7139:        // XRP/USD crosses AMM
src/test/app/AMM_test.cpp:7144:            // This offer blocks AMM offer in pre-amendment
src/test/app/AMM_test.cpp:7145:            // It crosses AMM in post-amendment code
src/test/app/AMM_test.cpp:7146:            env(offer(bob, USD(1), XRPAmount(500)));
src/test/app/AMM_test.cpp:7148:            AMM amm(env, alice, XRP(1'000), USD(500));
src/test/app/AMM_test.cpp:7151:            if (!features[fixAMMv1_1])
src/test/app/AMM_test.cpp:7156:                    env, bob, 1, {{Amounts{USD(1), XRPAmount(500)}}}));
src/test/app/AMM_test.cpp:7158:                    env, carol, 1, {{Amounts{XRP(100), USD(55)}}}));
src/test/app/AMM_test.cpp:7163:                    XRPAmount(909'090'909),
src/test/app/AMM_test.cpp:7164:                    STAmount{USD, UINT64_C(550'000000055), -9},
src/test/app/AMM_test.cpp:7170:                    {{Amounts{
src/test/app/AMM_test.cpp:7171:                        XRPAmount{9'090'909},
src/test/app/AMM_test.cpp:7172:                        STAmount{USD, 4'99999995, -8}}}}));
src/test/app/AMM_test.cpp:7174:                    env, bob, 1, {{Amounts{USD(1), XRPAmount(500)}}}));
src/test/app/AMM_test.cpp:7178:        // There is no blocking offer, the same AMM liquidity is consumed
src/test/app/AMM_test.cpp:7184:            AMM amm(env, alice, XRP(1'000), USD(500));
src/test/app/AMM_test.cpp:7188:                XRPAmount(909'090'909),
src/test/app/AMM_test.cpp:7189:                STAmount{USD, UINT64_C(550'000000055), -9},
src/test/app/AMM_test.cpp:7195:                {{Amounts{
src/test/app/AMM_test.cpp:7196:                    XRPAmount{9'090'909}, STAmount{USD, 4'99999995, -8}}}}));
src/test/app/AMM_test.cpp:7201:    testLPTokenBalance(FeatureBitset features)
src/test/app/AMM_test.cpp:7203:        testcase("LPToken Balance");
src/test/app/AMM_test.cpp:7216:            AMM amm(env, gw, XRP(2), USD(1));
src/test/app/AMM_test.cpp:7217:            amm.deposit(alice, IOUAmount{1'876123487565916, -15});
src/test/app/AMM_test.cpp:7218:            amm.deposit(carol, IOUAmount{1'000'000});
src/test/app/AMM_test.cpp:7220:            BEAST_EXPECT(amm.expectLPTokens(alice, IOUAmount{0}));
src/test/app/AMM_test.cpp:7222:            BEAST_EXPECT(amm.expectLPTokens(carol, IOUAmount{0}));
src/test/app/AMM_test.cpp:7230:            if (!features[fixAMMv1_1])
src/test/app/AMM_test.cpp:7232:                amm.withdrawAll(gw, std::nullopt, ter(tecAMM_BALANCE));
src/test/app/AMM_test.cpp:7254:            AMM amm(env, lp, ABC(2'000'000), USD(1));
src/test/app/AMM_test.cpp:7255:            amm.deposit(alice, IOUAmount{1'876123487565916, -15});
src/test/app/AMM_test.cpp:7256:            amm.deposit(carol, IOUAmount{1'000'000});
src/test/app/AMM_test.cpp:7266:            if (!features[fixAMMv1_1])
src/test/app/AMM_test.cpp:7268:                amm.withdrawAll(lp, std::nullopt, ter(tecAMM_BALANCE));
src/test/app/AMM_test.cpp:7283:            AMM amm(env, gw, XRP(10), USD(10));
src/test/app/AMM_test.cpp:7296:            AMM amm(env, gw, EUR(10), USD(10));
src/test/app/AMM_test.cpp:7312:            AMM amm(env, gw1, YAN(10), USD(10));
src/test/app/AMM_test.cpp:7323:    testAMMClawback(FeatureBitset features)
src/test/app/AMM_test.cpp:7325:        testcase("test clawback from AMM account");
src/test/app/AMM_test.cpp:7331:        env(fset(gw, asfAllowTrustLineClawback));
src/test/app/AMM_test.cpp:7335:        // If featureAMMClawback is not enabled, AMMCreate is not allowed for
src/test/app/AMM_test.cpp:7337:        if (!features[featureAMMClawback])
src/test/app/AMM_test.cpp:7339:            AMM amm(env, gw, XRP(100), USD(100), ter(tecNO_PERMISSION));
src/test/app/AMM_test.cpp:7340:            AMM amm1(env, alice, USD(100), XRP(100), ter(tecNO_PERMISSION));
src/test/app/AMM_test.cpp:7341:            env(fclear(gw, asfAllowTrustLineClawback));
src/test/app/AMM_test.cpp:7344:            AMM amm2(env, gw, XRP(100), USD(100), ter(tecNO_PERMISSION));
src/test/app/AMM_test.cpp:7346:        // If featureAMMClawback is enabled, AMMCreate is allowed for
src/test/app/AMM_test.cpp:7347:        // clawback-enabled issuer. Clawback from the AMM Account is not
src/test/app/AMM_test.cpp:7348:        // allowed, which will return tecAMM_ACCOUNT or tecPSEUDO_ACCOUNT,
src/test/app/AMM_test.cpp:7349:        // depending on whether SingleAssetVault is enabled. We can only use
src/test/app/AMM_test.cpp:7350:        // AMMClawback transaction to claw back from AMM Account.
src/test/app/AMM_test.cpp:7353:            AMM amm(env, gw, XRP(100), USD(100), ter(tesSUCCESS));
src/test/app/AMM_test.cpp:7354:            AMM amm1(env, alice, USD(100), XRP(200), ter(tecDUPLICATE));
src/test/app/AMM_test.cpp:7356:            // Construct the amount being clawed back using AMM account.
src/test/app/AMM_test.cpp:7357:            // By doing this, we make the clawback transaction's Amount field's
src/test/app/AMM_test.cpp:7358:            // subfield `issuer` to be the AMM account, which means
src/test/app/AMM_test.cpp:7359:            // we are clawing back from an AMM account. This should return an
src/test/app/AMM_test.cpp:7360:            // error because regular Clawback transaction is not
src/test/app/AMM_test.cpp:7361:            // allowed for clawing back from an AMM account. Please notice the
src/test/app/AMM_test.cpp:7364:            auto const error = features[featureSingleAssetVault]
src/test/app/AMM_test.cpp:7366:                : ter{tecAMM_ACCOUNT};
src/test/app/AMM_test.cpp:7374:    testAMMDepositWithFrozenAssets(FeatureBitset features)
src/test/app/AMM_test.cpp:7376:        testcase("test AMMDeposit with frozen assets");
src/test/app/AMM_test.cpp:7380:        // between gw and alice, and create an AMM account.
src/test/app/AMM_test.cpp:7382:        auto testAMMDeposit = [&](Env& env, std::function<void(AMM & amm)> cb) {
src/test/app/AMM_test.cpp:7386:            AMM amm(env, alice, XRP(100), USD(100), ter(tesSUCCESS));
src/test/app/AMM_test.cpp:7387:            env(trust(gw, alice["USD"](0), tfSetFreeze));
src/test/app/AMM_test.cpp:7392:        // then we should get tecFROZEN error.
src/test/app/AMM_test.cpp:7395:            testAMMDeposit(env, [&](AMM& amm) {
src/test/app/AMM_test.cpp:7401:                    tfTwoAsset,
src/test/app/AMM_test.cpp:7402:                    ter(tecFROZEN));
src/test/app/AMM_test.cpp:7407:        // then we should get tecFROZEN error.
src/test/app/AMM_test.cpp:7410:            testAMMDeposit(env, [&](AMM& amm) {
src/test/app/AMM_test.cpp:7416:                    tfSingleAsset,
src/test/app/AMM_test.cpp:7417:                    ter(tecFROZEN));
src/test/app/AMM_test.cpp:7421:        if (features[featureAMMClawback])
src/test/app/AMM_test.cpp:7424:            // but the other asset is frozen. We should get tecFROZEN error
src/test/app/AMM_test.cpp:7425:            // when feature AMMClawback is enabled.
src/test/app/AMM_test.cpp:7427:            testAMMDeposit(env, [&](AMM& amm) {
src/test/app/AMM_test.cpp:7433:                    tfSingleAsset,
src/test/app/AMM_test.cpp:7434:                    ter(tecFROZEN));
src/test/app/AMM_test.cpp:7441:            // when feature AMMClawback is not enabled.
src/test/app/AMM_test.cpp:7443:            testAMMDeposit(env, [&](AMM& amm) {
src/test/app/AMM_test.cpp:7449:                    tfSingleAsset,
src/test/app/AMM_test.cpp:7461:        auto const err = features[fixAMMv1_2] ? ter(tecINSUFFICIENT_RESERVE)
src/test/app/AMM_test.cpp:7474:            AMM amm(env, gw, EUR(1'000), USD(1'000));
src/test/app/AMM_test.cpp:7480:        test([&](AMM& amm) { amm.withdrawAll(alice, std::nullopt, err); });
src/test/app/AMM_test.cpp:7483:        test([&](AMM& amm) {
src/test/app/AMM_test.cpp:7497:        test([&](AMM& amm) {
src/test/app/AMM_test.cpp:7519:            STAmount amount = XRP(10'000);
src/test/app/AMM_test.cpp:7520:            STAmount amount2 = USD(10'000);
src/test/app/AMM_test.cpp:7533:            AMM ammAlice(
src/test/app/AMM_test.cpp:7538:                features[featureSingleAssetVault] ? ter{terADDRESS_COLLISION}
src/test/app/AMM_test.cpp:7543:            "tecDUPLICATE", testable_amendments() - featureSingleAssetVault);
src/test/app/AMM_test.cpp:7554:        STAmount xrpBalance{XRPAmount(692'614'492'126)};
src/test/app/AMM_test.cpp:7555:        STAmount xpmBalance{XPM, UINT64_C(18'610'359'80246901), -8};
src/test/app/AMM_test.cpp:7556:        STAmount amount{XPM, UINT64_C(6'566'496939465400), -12};
src/test/app/AMM_test.cpp:7566:            AMM amm(env, gw, xrpBalance, xpmBalance, CreateArg{.tfee = tfee_});
src/test/app/AMM_test.cpp:7567:            // AMM LPToken balance required to replicate single deposit failure
src/test/app/AMM_test.cpp:7568:            STAmount lptAMMBalance{
src/test/app/AMM_test.cpp:7571:                IOUAmount{amm.getLPTokensBalance() - lptAMMBalance};
src/test/app/AMM_test.cpp:7572:            // burn tokens to get to the required AMM state
src/test/app/AMM_test.cpp:7577:            [&](AMM& amm, Env& env) {
src/test/app/AMM_test.cpp:7578:                auto const err = env.enabled(fixAMMv1_3) ? ter(tesSUCCESS)
src/test/app/AMM_test.cpp:7579:                                                         : ter(tecUNFUNDED_AMM);
src/test/app/AMM_test.cpp:7585:            [&](AMM& amm, Env& env) {
src/test/app/AMM_test.cpp:7586:                auto const [amount, amount2, lptAMM] = amm.balances(XRP, XPM);
src/test/app/AMM_test.cpp:7587:                auto const withdraw = STAmount{XPM, 1, -5};
src/test/app/AMM_test.cpp:7588:                amm.withdraw(WithdrawArg{.asset1Out = STAmount{XPM, 1, -5}});
src/test/app/AMM_test.cpp:7589:                auto const [amount_, amount2_, lptAMM_] =
src/test/app/AMM_test.cpp:7591:                if (!env.enabled(fixAMMv1_3))
src/test/app/AMM_test.cpp:7600:    invariant(
src/test/app/AMM_test.cpp:7601:        jtx::AMM& amm,
src/test/app/AMM_test.cpp:7610:            env.enabled(fixAMMv1_3) ? Number::upward : Number::getround());
src/test/app/AMM_test.cpp:7627:             {STAmount(EUR, 1, 1),
src/test/app/AMM_test.cpp:7628:              STAmount(EUR, 1, 2),
src/test/app/AMM_test.cpp:7629:              STAmount(EUR, 1, 5),
src/test/app/AMM_test.cpp:7630:              STAmount(EUR, 1, -3),  // fail
src/test/app/AMM_test.cpp:7631:              STAmount(EUR, 1, -6),
src/test/app/AMM_test.cpp:7632:              STAmount(EUR, 1, -9)})
src/test/app/AMM_test.cpp:7634:            testAMM(
src/test/app/AMM_test.cpp:7635:                [&](AMM& ammAlice, Env& env) {
src/test/app/AMM_test.cpp:7647:                    invariant(
src/test/app/AMM_test.cpp:7651:                        deposit == STAmount{EUR, 1, -3} &&
src/test/app/AMM_test.cpp:7652:                            !env.enabled(fixAMMv1_3));
src/test/app/AMM_test.cpp:7661:        testAMM(
src/test/app/AMM_test.cpp:7662:            [&](AMM& ammAlice, Env& env) {
src/test/app/AMM_test.cpp:7672:                STAmount const depositEuro{
src/test/app/AMM_test.cpp:7674:                STAmount const depositGBP{
src/test/app/AMM_test.cpp:7681:                invariant(ammAlice, env, "dep2", false);
src/test/app/AMM_test.cpp:7691:            testAMM(
src/test/app/AMM_test.cpp:7692:                [&](AMM& ammAlice, Env& env) {
src/test/app/AMM_test.cpp:7702:                    STAmount const depositEuro{EUR, 1, exponent};
src/test/app/AMM_test.cpp:7703:                    STAmount const depositGBP{GBP, 1, exponent};
src/test/app/AMM_test.cpp:7709:                    invariant(
src/test/app/AMM_test.cpp:7713:                        exponent != -3 && !env.enabled(fixAMMv1_3));
src/test/app/AMM_test.cpp:7721:        // tfLPToken deposit
src/test/app/AMM_test.cpp:7722:        testAMM(
src/test/app/AMM_test.cpp:7723:            [&](AMM& ammAlice, Env& env) {
src/test/app/AMM_test.cpp:7735:                    .tokens = IOUAmount{10'1234567890123456, -16}});
src/test/app/AMM_test.cpp:7736:                invariant(ammAlice, env, "dep4", false);
src/test/app/AMM_test.cpp:7743:        // tfOneAssetLPToken deposit
src/test/app/AMM_test.cpp:7745:             {IOUAmount{1, -3},
src/test/app/AMM_test.cpp:7746:              IOUAmount{1, -2},
src/test/app/AMM_test.cpp:7747:              IOUAmount{1, -1},
src/test/app/AMM_test.cpp:7748:              IOUAmount{1},
src/test/app/AMM_test.cpp:7749:              IOUAmount{10},
src/test/app/AMM_test.cpp:7750:              IOUAmount{100},
src/test/app/AMM_test.cpp:7751:              IOUAmount{1'000},
src/test/app/AMM_test.cpp:7752:              IOUAmount{10'000}})
src/test/app/AMM_test.cpp:7754:            testAMM(
src/test/app/AMM_test.cpp:7755:                [&](AMM& ammAlice, Env& env) {
src/test/app/AMM_test.cpp:7768:                        .asset1In = STAmount{EUR, 1, 6}});
src/test/app/AMM_test.cpp:7769:                    invariant(ammAlice, env, "dep5", false);
src/test/app/AMM_test.cpp:7779:        testAMM(
src/test/app/AMM_test.cpp:7780:            [&](AMM& ammAlice, Env& env) {
src/test/app/AMM_test.cpp:7791:                    bob, GBP(1'000), std::nullopt, STAmount{GBP, 5});
src/test/app/AMM_test.cpp:7792:                invariant(ammAlice, env, "dep6", false);
src/test/app/AMM_test.cpp:7807:        // tfLPToken mode
src/test/app/AMM_test.cpp:7808:        testAMM(
src/test/app/AMM_test.cpp:7809:            [&](AMM& ammAlice, Env& env) {
src/test/app/AMM_test.cpp:7811:                invariant(ammAlice, env, "with1", false);
src/test/app/AMM_test.cpp:7818:        // tfWithdrawAll mode
src/test/app/AMM_test.cpp:7819:        testAMM(
src/test/app/AMM_test.cpp:7820:            [&](AMM& ammAlice, Env& env) {
src/test/app/AMM_test.cpp:7822:                    WithdrawArg{.account = alice, .flags = tfWithdrawAll});
src/test/app/AMM_test.cpp:7823:                invariant(ammAlice, env, "with2", false);
src/test/app/AMM_test.cpp:7830:        // tfTwoAsset withdraw mode
src/test/app/AMM_test.cpp:7831:        testAMM(
src/test/app/AMM_test.cpp:7832:            [&](AMM& ammAlice, Env& env) {
src/test/app/AMM_test.cpp:7835:                    .asset1Out = STAmount{GBP, 3'500},
src/test/app/AMM_test.cpp:7836:                    .asset2Out = STAmount{EUR, 15'000},
src/test/app/AMM_test.cpp:7837:                    .flags = tfTwoAsset});
src/test/app/AMM_test.cpp:7838:                invariant(ammAlice, env, "with3", false);
src/test/app/AMM_test.cpp:7845:        // tfSingleAsset withdraw mode
src/test/app/AMM_test.cpp:7848:        // in AMMHelpers.cpp:withdrawByTokens compensate for the rounding
src/test/app/AMM_test.cpp:7850:        testAMM(
src/test/app/AMM_test.cpp:7851:            [&](AMM& ammAlice, Env& env) {
src/test/app/AMM_test.cpp:7854:                    .asset1Out = STAmount{GBP, 1'234},
src/test/app/AMM_test.cpp:7855:                    .flags = tfSingleAsset});
src/test/app/AMM_test.cpp:7856:                invariant(ammAlice, env, "with4", false);
src/test/app/AMM_test.cpp:7863:        // tfOneAssetWithdrawAll mode
src/test/app/AMM_test.cpp:7864:        testAMM(
src/test/app/AMM_test.cpp:7865:            [&](AMM& ammAlice, Env& env) {
src/test/app/AMM_test.cpp:7876:                    .account = bob, .asset1In = STAmount{GBP, 3'456}});
src/test/app/AMM_test.cpp:7880:                    .asset1Out = STAmount{GBP, 1'000},
src/test/app/AMM_test.cpp:7881:                    .flags = tfOneAssetWithdrawAll});
src/test/app/AMM_test.cpp:7882:                invariant(ammAlice, env, "with5", false);
src/test/app/AMM_test.cpp:7889:        // tfOneAssetLPToken mode
src/test/app/AMM_test.cpp:7890:        testAMM(
src/test/app/AMM_test.cpp:7891:            [&](AMM& ammAlice, Env& env) {
src/test/app/AMM_test.cpp:7895:                    .asset1Out = STAmount{GBP, 100},
src/test/app/AMM_test.cpp:7896:                    .flags = tfOneAssetLPToken});
src/test/app/AMM_test.cpp:7897:                invariant(ammAlice, env, "with6", false);
src/test/app/AMM_test.cpp:7904:        // tfLimitLPToken mode
src/test/app/AMM_test.cpp:7905:        testAMM(
src/test/app/AMM_test.cpp:7906:            [&](AMM& ammAlice, Env& env) {
src/test/app/AMM_test.cpp:7909:                    .asset1Out = STAmount{GBP, 100},
src/test/app/AMM_test.cpp:7910:                    .maxEP = IOUAmount{2},
src/test/app/AMM_test.cpp:7911:                    .flags = tfLimitLPToken});
src/test/app/AMM_test.cpp:7912:                invariant(ammAlice, env, "with7", true);
src/test/app/AMM_test.cpp:7927:        testInvalidDeposit(all - featureAMMClawback);
src/test/app/AMM_test.cpp:7935:        testBid(all - fixAMMv1_3);
src/test/app/AMM_test.cpp:7936:        testBid(all - fixAMMv1_1 - fixAMMv1_3);
src/test/app/AMM_test.cpp:7937:        testInvalidAMMPayment();
src/test/app/AMM_test.cpp:7939:        testBasicPaymentEngine(all - fixAMMv1_1 - fixAMMv1_3);
src/test/app/AMM_test.cpp:7942:            all - fixAMMv1_1 - fixAMMv1_3 - fixReducedOffersV2);
src/test/app/AMM_test.cpp:7943:        testAMMTokens();
src/test/app/AMM_test.cpp:7947:        testAMMAndCLOB(all);
src/test/app/AMM_test.cpp:7948:        testAMMAndCLOB(all - fixAMMv1_1 - fixAMMv1_3);
src/test/app/AMM_test.cpp:7949:        testTradingFee(all);
src/test/app/AMM_test.cpp:7950:        testTradingFee(all - fixAMMv1_3);
src/test/app/AMM_test.cpp:7951:        testTradingFee(all - fixAMMv1_1 - fixAMMv1_3);
src/test/app/AMM_test.cpp:7953:        testAdjustedTokens(all - fixAMMv1_3);
src/test/app/AMM_test.cpp:7954:        testAdjustedTokens(all - fixAMMv1_1 - fixAMMv1_3);
src/test/app/AMM_test.cpp:7956:        testClawback();
src/test/app/AMM_test.cpp:7957:        testAMMID();
src/test/app/AMM_test.cpp:7959:        testSelection(all - fixAMMv1_1 - fixAMMv1_3);
src/test/app/AMM_test.cpp:7963:        testFixOverflowOffer(all - fixAMMv1_3);
src/test/app/AMM_test.cpp:7964:        testFixOverflowOffer(all - fixAMMv1_1 - fixAMMv1_3);
src/test/app/AMM_test.cpp:7967:        testFixChangeSpotPriceQuality(all - fixAMMv1_1 - fixAMMv1_3);
src/test/app/AMM_test.cpp:7968:        testFixAMMOfferBlockedByLOB(all);
src/test/app/AMM_test.cpp:7969:        testFixAMMOfferBlockedByLOB(all - fixAMMv1_1 - fixAMMv1_3);
src/test/app/AMM_test.cpp:7970:        testLPTokenBalance(all);
src/test/app/AMM_test.cpp:7971:        testLPTokenBalance(all - fixAMMv1_3);
src/test/app/AMM_test.cpp:7972:        testLPTokenBalance(all - fixAMMv1_1 - fixAMMv1_3);
src/test/app/AMM_test.cpp:7973:        testAMMClawback(all);
src/test/app/AMM_test.cpp:7974:        testAMMClawback(all - featureSingleAssetVault);
src/test/app/AMM_test.cpp:7975:        testAMMClawback(all - featureAMMClawback - featureSingleAssetVault);
src/test/app/AMM_test.cpp:7976:        testAMMClawback(all - featureAMMClawback);
src/test/app/AMM_test.cpp:7977:        testAMMClawback(all - fixAMMv1_1 - fixAMMv1_3 - featureAMMClawback);
src/test/app/AMM_test.cpp:7978:        testAMMDepositWithFrozenAssets(all);
src/test/app/AMM_test.cpp:7979:        testAMMDepositWithFrozenAssets(all - featureAMMClawback);
src/test/app/AMM_test.cpp:7980:        testAMMDepositWithFrozenAssets(all - fixAMMv1_1 - featureAMMClawback);
src/test/app/AMM_test.cpp:7981:        testAMMDepositWithFrozenAssets(
src/test/app/AMM_test.cpp:7982:            all - fixAMMv1_1 - fixAMMv1_3 - featureAMMClawback);
src/test/app/AMM_test.cpp:7984:        testFixReserveCheckOnWithdrawal(all - fixAMMv1_2);
src/test/app/AMM_test.cpp:7986:        testDepositAndWithdrawRounding(all - fixAMMv1_3);
src/test/app/AMM_test.cpp:7988:        testDepositRounding(all - fixAMMv1_3);
src/test/app/AMM_test.cpp:7990:        testWithdrawRounding(all - fixAMMv1_3);
src/test/app/AMM_test.cpp:7995:BEAST_DEFINE_TESTSUITE_PRIO(AMM, app, ripple, 1);
