src/xrpld/app/tx/detail/Credentials.h:27:class CredentialCreate : public Transactor
src/xrpld/app/tx/detail/Credentials.h:32:    explicit CredentialCreate(ApplyContext& ctx) : Transactor(ctx)
src/xrpld/app/tx/detail/Credentials.h:51:class CredentialDelete : public Transactor
src/xrpld/app/tx/detail/Credentials.h:56:    explicit CredentialDelete(ApplyContext& ctx) : Transactor(ctx)
src/xrpld/app/tx/detail/Credentials.h:75:class CredentialAccept : public Transactor
src/xrpld/app/tx/detail/Credentials.h:80:    explicit CredentialAccept(ApplyContext& ctx) : Transactor(ctx)
src/test/app/Credentials_test.cpp:24:#include <xrpl/ledger/CredentialHelpers.h>
src/test/app/Credentials_test.cpp:36:struct Credentials_test : public beast::unit_test::suite
src/test/app/Credentials_test.cpp:70:                BEAST_EXPECT(sleCred->getAccountID(sfSubject) == subject.id());
src/test/app/Credentials_test.cpp:71:                BEAST_EXPECT(sleCred->getAccountID(sfIssuer) == issuer.id());
src/test/app/Credentials_test.cpp:73:                BEAST_EXPECT(ownerCount(env, issuer) == 1);
src/test/app/Credentials_test.cpp:74:                BEAST_EXPECT(!ownerCount(env, subject));
src/test/app/Credentials_test.cpp:75:                BEAST_EXPECT(checkVL(sleCred, sfCredentialType, credType));
src/test/app/Credentials_test.cpp:76:                BEAST_EXPECT(checkVL(sleCred, sfURI, uri));
src/test/app/Credentials_test.cpp:85:                        jss::Credential &&
src/test/app/Credentials_test.cpp:86:                    jle[jss::result][jss::node][jss::Issuer] ==
src/test/app/Credentials_test.cpp:88:                    jle[jss::result][jss::node][jss::Subject] ==
src/test/app/Credentials_test.cpp:90:                    jle[jss::result][jss::node]["CredentialType"] ==
src/test/app/Credentials_test.cpp:97:                // check switching owner of the credentials from issuer to
src/test/app/Credentials_test.cpp:104:                BEAST_EXPECT(sleCred->getAccountID(sfSubject) == subject.id());
src/test/app/Credentials_test.cpp:105:                BEAST_EXPECT(sleCred->getAccountID(sfIssuer) == issuer.id());
src/test/app/Credentials_test.cpp:106:                BEAST_EXPECT(!ownerCount(env, issuer));
src/test/app/Credentials_test.cpp:107:                BEAST_EXPECT(ownerCount(env, subject) == 1);
src/test/app/Credentials_test.cpp:108:                BEAST_EXPECT(checkVL(sleCred, sfCredentialType, credType));
src/test/app/Credentials_test.cpp:109:                BEAST_EXPECT(checkVL(sleCred, sfURI, uri));
src/test/app/Credentials_test.cpp:110:                BEAST_EXPECT(sleCred->getFieldU32(sfFlags) == lsfAccepted);
src/test/app/Credentials_test.cpp:117:                BEAST_EXPECT(!ownerCount(env, issuer));
src/test/app/Credentials_test.cpp:118:                BEAST_EXPECT(!ownerCount(env, subject));
src/test/app/Credentials_test.cpp:144:                BEAST_EXPECT(sleCred->getAccountID(sfSubject) == issuer.id());
src/test/app/Credentials_test.cpp:145:                BEAST_EXPECT(sleCred->getAccountID(sfIssuer) == issuer.id());
src/test/app/Credentials_test.cpp:146:                BEAST_EXPECT((sleCred->getFieldU32(sfFlags) & lsfAccepted));
src/test/app/Credentials_test.cpp:148:                    sleCred->getFieldU64(sfIssuerNode) ==
src/test/app/Credentials_test.cpp:149:                    sleCred->getFieldU64(sfSubjectNode));
src/test/app/Credentials_test.cpp:150:                BEAST_EXPECT(ownerCount(env, issuer) == 1);
src/test/app/Credentials_test.cpp:151:                BEAST_EXPECT(checkVL(sleCred, sfCredentialType, credType));
src/test/app/Credentials_test.cpp:152:                BEAST_EXPECT(checkVL(sleCred, sfURI, uri));
src/test/app/Credentials_test.cpp:161:                        jss::Credential &&
src/test/app/Credentials_test.cpp:162:                    jle[jss::result][jss::node][jss::Issuer] ==
src/test/app/Credentials_test.cpp:164:                    jle[jss::result][jss::node][jss::Subject] ==
src/test/app/Credentials_test.cpp:166:                    jle[jss::result][jss::node]["CredentialType"] ==
src/test/app/Credentials_test.cpp:174:                BEAST_EXPECT(!ownerCount(env, issuer));
src/test/app/Credentials_test.cpp:188:    testCredentialsDelete(FeatureBitset features)
src/test/app/Credentials_test.cpp:224:                BEAST_EXPECT(!ownerCount(env, subject));
src/test/app/Credentials_test.cpp:262:                BEAST_EXPECT(!ownerCount(env, subject));
src/test/app/Credentials_test.cpp:298:                BEAST_EXPECT(!ownerCount(env, issuer));
src/test/app/Credentials_test.cpp:336:                BEAST_EXPECT(!ownerCount(env, issuer));
src/test/app/Credentials_test.cpp:361:            jv[sfExpiration.jsonName] = t + 20;
src/test/app/Credentials_test.cpp:376:                BEAST_EXPECT(!ownerCount(env, issuer));
src/test/app/Credentials_test.cpp:377:                BEAST_EXPECT(!ownerCount(env, subject));
src/test/app/Credentials_test.cpp:395:            // Subject can delete
src/test/app/Credentials_test.cpp:402:                BEAST_EXPECT(!ownerCount(env, subject));
src/test/app/Credentials_test.cpp:403:                BEAST_EXPECT(!ownerCount(env, issuer));
src/test/app/Credentials_test.cpp:424:                BEAST_EXPECT(!ownerCount(env, subject));
src/test/app/Credentials_test.cpp:425:                BEAST_EXPECT(!ownerCount(env, issuer));
src/test/app/Credentials_test.cpp:454:                testcase("Credentials fail, no subject param.");
src/test/app/Credentials_test.cpp:456:                jv.removeMember(jss::Subject);
src/test/app/Credentials_test.cpp:462:                jv[jss::Subject] = to_string(xrpAccount());
src/test/app/Credentials_test.cpp:467:                testcase("Credentials fail, no credentialType param.");
src/test/app/Credentials_test.cpp:469:                jv.removeMember(sfCredentialType.jsonName);
src/test/app/Credentials_test.cpp:474:                testcase("Credentials fail, empty credentialType param.");
src/test/app/Credentials_test.cpp:481:                    "Credentials fail, credentialType length > "
src/test/app/Credentials_test.cpp:482:                    "maxCredentialTypeLength.");
src/test/app/Credentials_test.cpp:486:                static_assert(longCredType.size() > maxCredentialTypeLength);
src/test/app/Credentials_test.cpp:492:                testcase("Credentials fail, URI length > 256.");
src/test/app/Credentials_test.cpp:493:                constexpr std::string_view longURI =
src/test/app/Credentials_test.cpp:502:                static_assert(longURI.size() > maxCredentialURILength);
src/test/app/Credentials_test.cpp:504:                    credentials::uri(longURI),
src/test/app/Credentials_test.cpp:509:                testcase("Credentials fail, URI empty.");
src/test/app/Credentials_test.cpp:516:                testcase("Credentials fail, expiration in the past.");
src/test/app/Credentials_test.cpp:524:                jv[sfExpiration.jsonName] = t;
src/test/app/Credentials_test.cpp:525:                env(jv, ter(tecEXPIRED));
src/test/app/Credentials_test.cpp:529:                testcase("Credentials fail, invalid fee.");
src/test/app/Credentials_test.cpp:537:                testcase("Credentials fail, duplicate.");
src/test/app/Credentials_test.cpp:553:                        jss::Credential &&
src/test/app/Credentials_test.cpp:554:                    jle[jss::result][jss::node][jss::Issuer] ==
src/test/app/Credentials_test.cpp:556:                    jle[jss::result][jss::node][jss::Subject] ==
src/test/app/Credentials_test.cpp:558:                    jle[jss::result][jss::node]["CredentialType"] ==
src/test/app/Credentials_test.cpp:563:                testcase("Credentials fail, directory full");
src/test/app/Credentials_test.cpp:569:                auto const res1 = directory::bumpLastPage(
src/test/app/Credentials_test.cpp:571:                    directory::maximumPageIndex(env),
src/test/app/Credentials_test.cpp:572:                    keylet::ownerDir(issuer.id()),
src/test/app/Credentials_test.cpp:573:                    directory::adjustOwnerNode);
src/test/app/Credentials_test.cpp:577:                env(jv, ter(tecDIR_FULL));
src/test/app/Credentials_test.cpp:578:                // Free one directory entry by using a ticket
src/test/app/Credentials_test.cpp:581:                // Fill subject directory
src/test/app/Credentials_test.cpp:583:                auto const res2 = directory::bumpLastPage(
src/test/app/Credentials_test.cpp:585:                    directory::maximumPageIndex(env),
src/test/app/Credentials_test.cpp:586:                    keylet::ownerDir(subject.id()),
src/test/app/Credentials_test.cpp:587:                    directory::adjustOwnerNode);
src/test/app/Credentials_test.cpp:589:                env(jv, ter(tecDIR_FULL));
src/test/app/Credentials_test.cpp:604:                testcase("Credentials fail, subject doesn't exist.");
src/test/app/Credentials_test.cpp:606:                env(jv, ter(tecNO_TARGET));
src/test/app/Credentials_test.cpp:618:            testcase("Credentials fail, not enough reserve.");
src/test/app/Credentials_test.cpp:643:                testcase("CredentialsAccept fail, Credential doesn't exist.");
src/test/app/Credentials_test.cpp:645:                    ter(tecNO_ENTRY));
src/test/app/Credentials_test.cpp:650:                testcase("CredentialsAccept fail, invalid Issuer account.");
src/test/app/Credentials_test.cpp:652:                jv[jss::Issuer] = to_string(xrpAccount());
src/test/app/Credentials_test.cpp:659:                    "CredentialsAccept fail, invalid credentialType param.");
src/test/app/Credentials_test.cpp:673:                testcase("CredentialsAccept fail, not enough reserve.");
src/test/app/Credentials_test.cpp:690:                        jss::Credential &&
src/test/app/Credentials_test.cpp:691:                    jle[jss::result][jss::node][jss::Issuer] ==
src/test/app/Credentials_test.cpp:693:                    jle[jss::result][jss::node][jss::Subject] ==
src/test/app/Credentials_test.cpp:695:                    jle[jss::result][jss::node]["CredentialType"] ==
src/test/app/Credentials_test.cpp:711:                testcase("CredentialsAccept fail, invalid fee.");
src/test/app/Credentials_test.cpp:716:                testcase("CredentialsAccept fail, lsfAccepted already set.");
src/test/app/Credentials_test.cpp:732:                        jss::Credential &&
src/test/app/Credentials_test.cpp:733:                    jle[jss::result][jss::node][jss::Issuer] ==
src/test/app/Credentials_test.cpp:735:                    jle[jss::result][jss::node][jss::Subject] ==
src/test/app/Credentials_test.cpp:737:                    jle[jss::result][jss::node]["CredentialType"] ==
src/test/app/Credentials_test.cpp:744:                testcase("CredentialsAccept fail, expired credentials.");
src/test/app/Credentials_test.cpp:750:                jv[sfExpiration.jsonName] = t;
src/test/app/Credentials_test.cpp:756:                    ter(tecEXPIRED));
src/test/app/Credentials_test.cpp:767:                BEAST_EXPECT(ownerCount(env, issuer) == 0);
src/test/app/Credentials_test.cpp:768:                BEAST_EXPECT(ownerCount(env, subject) == 1);
src/test/app/Credentials_test.cpp:780:                testcase("CredentialsAccept fail, issuer doesn't exist.");
src/test/app/Credentials_test.cpp:826:                testcase("CredentialsDelete fail, no Credentials.");
src/test/app/Credentials_test.cpp:828:                    ter(tecNO_ENTRY));
src/test/app/Credentials_test.cpp:833:                testcase("CredentialsDelete fail, invalid Subject account.");
src/test/app/Credentials_test.cpp:836:                jv[jss::Subject] = to_string(xrpAccount());
src/test/app/Credentials_test.cpp:842:                testcase("CredentialsDelete fail, invalid Issuer account.");
src/test/app/Credentials_test.cpp:845:                jv[jss::Issuer] = to_string(xrpAccount());
src/test/app/Credentials_test.cpp:852:                    "CredentialsDelete fail, invalid credentialType param.");
src/test/app/Credentials_test.cpp:865:                    ter(tecNO_PERMISSION));
src/test/app/Credentials_test.cpp:877:                        jss::Credential &&
src/test/app/Credentials_test.cpp:878:                    jle[jss::result][jss::node][jss::Issuer] ==
src/test/app/Credentials_test.cpp:880:                    jle[jss::result][jss::node][jss::Subject] ==
src/test/app/Credentials_test.cpp:882:                    jle[jss::result][jss::node]["CredentialType"] ==
src/test/app/Credentials_test.cpp:887:                testcase("CredentialsDelete fail, time not expired yet.");
src/test/app/Credentials_test.cpp:896:                jv[sfExpiration.jsonName] = t;
src/test/app/Credentials_test.cpp:902:                    ter(tecNO_PERMISSION));
src/test/app/Credentials_test.cpp:914:                        jss::Credential &&
src/test/app/Credentials_test.cpp:915:                    jle[jss::result][jss::node][jss::Issuer] ==
src/test/app/Credentials_test.cpp:917:                    jle[jss::result][jss::node][jss::Subject] ==
src/test/app/Credentials_test.cpp:919:                    jle[jss::result][jss::node]["CredentialType"] ==
src/test/app/Credentials_test.cpp:924:                testcase("CredentialsDelete fail, no Issuer and Subject.");
src/test/app/Credentials_test.cpp:928:                jv.removeMember(jss::Subject);
src/test/app/Credentials_test.cpp:929:                jv.removeMember(jss::Issuer);
src/test/app/Credentials_test.cpp:935:                testcase("CredentialsDelete fail, invalid fee.");
src/test/app/Credentials_test.cpp:945:                testcase("deleteSLE fail, bad SLE.");
src/test/app/Credentials_test.cpp:949:                    ripple::credentials::deleteSLE(*view, {}, env.journal);
src/test/app/Credentials_test.cpp:950:                BEAST_EXPECT(ter == tecNO_ENTRY);
src/test/app/Credentials_test.cpp:972:                testcase("Credentials fail, Feature is not enabled.");
src/test/app/Credentials_test.cpp:1005:            testcase("account_tx");
src/test/app/Credentials_test.cpp:1012:                    "json", "account_tx", to_string(params))[jss::result];
src/test/app/Credentials_test.cpp:1017:                    tx0[jss::TransactionType] == jss::CredentialAccept);
src/test/app/Credentials_test.cpp:1020:                    tx1[jss::TransactionType] == jss::CredentialCreate);
src/test/app/Credentials_test.cpp:1029:                    "json", "account_tx", to_string(params))[jss::result];
src/test/app/Credentials_test.cpp:1034:                    tx0[jss::TransactionType] == jss::CredentialAccept);
src/test/app/Credentials_test.cpp:1037:                    tx1[jss::TransactionType] == jss::CredentialCreate);
src/test/app/Credentials_test.cpp:1043:            testcase("account_objects");
src/test/app/Credentials_test.cpp:1049:                    "json", "account_objects", to_string(params))[jss::result];
src/test/app/Credentials_test.cpp:1051:                BEAST_EXPECT(jv[jss::account_objects].size() == 1);
src/test/app/Credentials_test.cpp:1052:                auto const& object(jv[jss::account_objects][0u]);
src/test/app/Credentials_test.cpp:1055:                    object["LedgerEntryType"].asString() == jss::Credential);
src/test/app/Credentials_test.cpp:1063:                    "json", "account_objects", to_string(params))[jss::result];
src/test/app/Credentials_test.cpp:1065:                BEAST_EXPECT(jv[jss::account_objects].size() == 1);
src/test/app/Credentials_test.cpp:1066:                auto const& object(jv[jss::account_objects][0u]);
src/test/app/Credentials_test.cpp:1069:                    object["LedgerEntryType"].asString() == jss::Credential);
src/test/app/Credentials_test.cpp:1117:            "removeExpired ignores deleteSLE failure " +
src/test/app/Credentials_test.cpp:1137:        jv[sfExpiration.jsonName] = expiration;
src/test/app/Credentials_test.cpp:1145:        // Subject accepts the credential
src/test/app/Credentials_test.cpp:1156:            BEAST_EXPECT(sleCred && sleCred->getFlags() & lsfAccepted);
src/test/app/Credentials_test.cpp:1159:        // Create DepositPreauth
src/test/app/Credentials_test.cpp:1160:        env(deposit::authCredentials(becky, {{subject, credType}}));
src/test/app/Credentials_test.cpp:1169:        // Create PermissionedDomain
src/test/app/Credentials_test.cpp:1192:        auto sleIssuer = av.peek(keylet::account(issuer.id()));
src/test/app/Credentials_test.cpp:1193:        if (!BEAST_EXPECT(sleIssuer))
src/test/app/Credentials_test.cpp:1195:        av.erase(sleIssuer);
src/test/app/Credentials_test.cpp:1198:        // Credential still exists before removeExpired
src/test/app/Credentials_test.cpp:1201:        // Call removeExpired on the corrupted view
src/test/app/Credentials_test.cpp:1207:            ripple::verifyDepositPreauth(*stx, av, subject, becky, {}, j);
src/test/app/Credentials_test.cpp:1209:        BEAST_EXPECT(sleCredAfter && (sleCredAfter->getFlags() & lsfAccepted));
src/test/app/Credentials_test.cpp:1212:            ripple::verifyValidDomain(av, subject.id(), domain, j);
src/test/app/Credentials_test.cpp:1214:        BEAST_EXPECT(sleCredAfter && (sleCredAfter->getFlags() & lsfAccepted));
src/test/app/Credentials_test.cpp:1218:            // removeExpired returns error, cred wasn't deleted
src/test/app/Credentials_test.cpp:1224:            // removeExpired returns true (claims it found & deleted expired
src/test/app/Credentials_test.cpp:1226:            BEAST_EXPECT(dpTer == tecEXPIRED);
src/test/app/Credentials_test.cpp:1237:        testCredentialsDelete(all);
src/test/app/Credentials_test.cpp:1242:        testFeatureFailed(all - featureCredentials);
src/test/app/Credentials_test.cpp:1252:BEAST_DEFINE_TESTSUITE(Credentials, app, ripple);
src/test/rpc/AccountTx_test.cpp:38:    // transactions array node as returned by the account_tx RPC command.
src/test/rpc/AccountTx_test.cpp:200:            env.rpc("json", "account_tx", to_string(jParams)),
src/test/rpc/AccountTx_test.cpp:206:            env.rpc("json", "account_tx", to_string(jParams)),
src/test/rpc/AccountTx_test.cpp:211:            env.rpc(apiVersion, "json", "account_tx", to_string(jParams))));
src/test/rpc/AccountTx_test.cpp:219:                env.rpc(apiVersion, "json", "account_tx", to_string(p))));
src/test/rpc/AccountTx_test.cpp:225:                    env.rpc(apiVersion, "json", "account_tx", to_string(p))));
src/test/rpc/AccountTx_test.cpp:228:                    env.rpc("json", "account_tx", to_string(p)),
src/test/rpc/AccountTx_test.cpp:235:                    noTxs(env.rpc("json", "account_tx", to_string(p))));
src/test/rpc/AccountTx_test.cpp:238:                    env.rpc("json", "account_tx", to_string(p)),
src/test/rpc/AccountTx_test.cpp:244:                env.rpc("json", "account_tx", to_string(p)),
src/test/rpc/AccountTx_test.cpp:253:                env.rpc(apiVersion, "json", "account_tx", to_string(p))));
src/test/rpc/AccountTx_test.cpp:258:                    env.rpc(apiVersion, "json", "account_tx", to_string(p))));
src/test/rpc/AccountTx_test.cpp:261:                    env.rpc("json", "account_tx", to_string(p)),
src/test/rpc/AccountTx_test.cpp:266:                env.rpc("json", "account_tx", to_string(p)),
src/test/rpc/AccountTx_test.cpp:276:                env.rpc(apiVersion, "json", "account_tx", to_string(p))));
src/test/rpc/AccountTx_test.cpp:281:                    env.rpc(apiVersion, "json", "account_tx", to_string(p))));
src/test/rpc/AccountTx_test.cpp:284:                    env.rpc("json", "account_tx", to_string(p)),
src/test/rpc/AccountTx_test.cpp:289:                env.rpc(apiVersion, "json", "account_tx", to_string(p))));
src/test/rpc/AccountTx_test.cpp:293:                env.rpc(apiVersion, "json", "account_tx", to_string(p))));
src/test/rpc/AccountTx_test.cpp:296:            BEAST_EXPECT(noTxs(env.rpc("json", "account_tx", to_string(p))));
src/test/rpc/AccountTx_test.cpp:305:                env.rpc(apiVersion, "json", "account_tx", to_string(p))));
src/test/rpc/AccountTx_test.cpp:308:            BEAST_EXPECT(noTxs(env.rpc("json", "account_tx", to_string(p))));
src/test/rpc/AccountTx_test.cpp:312:                env.rpc("json", "account_tx", to_string(p)),
src/test/rpc/AccountTx_test.cpp:317:                env.rpc("json", "account_tx", to_string(p)), rpcLGR_NOT_FOUND));
src/test/rpc/AccountTx_test.cpp:326:                env.rpc(apiVersion, "json", "account_tx", to_string(p))));
src/test/rpc/AccountTx_test.cpp:329:            BEAST_EXPECT(noTxs(env.rpc("json", "account_tx", to_string(p))));
src/test/rpc/AccountTx_test.cpp:345:                    env.rpc(apiVersion, "json", "account_tx", to_string(p))));
src/test/rpc/AccountTx_test.cpp:348:                    env.rpc("json", "account_tx", to_string(p)),
src/test/rpc/AccountTx_test.cpp:358:                    env.rpc(apiVersion, "json", "account_tx", to_string(p))));
src/test/rpc/AccountTx_test.cpp:361:                    env.rpc("json", "account_tx", to_string(p)),
src/test/rpc/AccountTx_test.cpp:370:                    "json", "account_tx", to_string(params))[jss::result];
src/test/rpc/AccountTx_test.cpp:389:                Json::Value result{env.rpc("json", "account_tx", to_string(p))};
src/test/rpc/AccountTx_test.cpp:394:                    env.rpc("json", "account_tx", to_string(p)),
src/test/rpc/AccountTx_test.cpp:398:            Json::Value result{env.rpc("json", "account_tx", to_string(p))};
src/test/rpc/AccountTx_test.cpp:406:                    env.rpc("json", "account_tx", to_string(p)),
src/test/rpc/AccountTx_test.cpp:410:            result = env.rpc("json", "account_tx", to_string(p));
src/test/rpc/AccountTx_test.cpp:420:                env.rpc("json", "account_tx", to_string(p)),
src/test/rpc/AccountTx_test.cpp:428:                    "account_tx",
src/test/rpc/AccountTx_test.cpp:437:                    "account_tx",
src/test/rpc/AccountTx_test.cpp:446:                    "account_tx",
src/test/rpc/AccountTx_test.cpp:455:                    "account_tx",
src/test/rpc/AccountTx_test.cpp:464:                    "account_tx",
src/test/rpc/AccountTx_test.cpp:473:                    "account_tx",
src/test/rpc/AccountTx_test.cpp:482:                    "account_tx",
src/test/rpc/AccountTx_test.cpp:491:                    "account_tx",
src/test/rpc/AccountTx_test.cpp:501:                    "account_tx",
src/test/rpc/AccountTx_test.cpp:512:                    "account_tx",
src/test/rpc/AccountTx_test.cpp:521:                    "account_tx",
src/test/rpc/AccountTx_test.cpp:682:        // Setup is done.  Look at the transactions returned by account_tx.
src/test/rpc/AccountTx_test.cpp:689:            env.rpc("json", "account_tx", to_string(params))};
src/test/rpc/AccountTx_test.cpp:701:            {0,  jss::DepositPreauth,         {jss::DepositPreauth},                                      {jss::Ticket},                    {jss::AccountRoot, jss::DirectoryNode}},
src/test/rpc/AccountTx_test.cpp:740:        // Verify that if an account is resurrected then the account_tx RPC
src/test/rpc/AccountTx_test.cpp:795:        // Verify that we can recover becky's account_tx information even
src/test/rpc/AccountTx_test.cpp:804:                env.rpc("json", "account_tx", to_string(params))};
src/test/rpc/AccountTx_test.cpp:846:        // Setup is done.  Look at the transactions returned by account_tx.
src/test/rpc/AccountTx_test.cpp:847:        // Verify that account_tx locates all of becky's transactions.
src/test/rpc/AccountTx_test.cpp:854:            env.rpc("json", "account_tx", to_string(params))};
src/test/rpc/AccountTx_test.cpp:895:                env.rpc("json", "account_tx", to_string(params))[jss::result];
src/test/rpc/AccountTx_test.cpp:908:            {.ownerCount = 1,
src/xrpld/app/tx/detail/Credentials.cpp:20:#include <xrpld/app/tx/detail/Credentials.h>
src/xrpld/app/tx/detail/Credentials.cpp:24:#include <xrpl/ledger/CredentialHelpers.h>
src/xrpld/app/tx/detail/Credentials.cpp:35:    Credentials
src/xrpld/app/tx/detail/Credentials.cpp:52:CredentialCreate::getFlagsMask(PreflightContext const& ctx)
src/xrpld/app/tx/detail/Credentials.cpp:59:CredentialCreate::preflight(PreflightContext const& ctx)
src/xrpld/app/tx/detail/Credentials.cpp:64:    if (!tx[sfSubject])
src/xrpld/app/tx/detail/Credentials.cpp:66:        JLOG(j.trace()) << "Malformed transaction: Invalid Subject";
src/xrpld/app/tx/detail/Credentials.cpp:70:    auto const uri = tx[~sfURI];
src/xrpld/app/tx/detail/Credentials.cpp:71:    if (uri && (uri->empty() || (uri->size() > maxCredentialURILength)))
src/xrpld/app/tx/detail/Credentials.cpp:73:        JLOG(j.trace()) << "Malformed transaction: invalid size of URI.";
src/xrpld/app/tx/detail/Credentials.cpp:77:    auto const credType = tx[sfCredentialType];
src/xrpld/app/tx/detail/Credentials.cpp:78:    if (credType.empty() || (credType.size() > maxCredentialTypeLength))
src/xrpld/app/tx/detail/Credentials.cpp:81:            << "Malformed transaction: invalid size of CredentialType.";
src/xrpld/app/tx/detail/Credentials.cpp:89:CredentialCreate::preclaim(PreclaimContext const& ctx)
src/xrpld/app/tx/detail/Credentials.cpp:91:    auto const credType(ctx.tx[sfCredentialType]);
src/xrpld/app/tx/detail/Credentials.cpp:92:    auto const subject = ctx.tx[sfSubject];
src/xrpld/app/tx/detail/Credentials.cpp:96:        JLOG(ctx.j.trace()) << "Subject doesn't exist.";
src/xrpld/app/tx/detail/Credentials.cpp:97:        return tecNO_TARGET;
src/xrpld/app/tx/detail/Credentials.cpp:103:        JLOG(ctx.j.trace()) << "Credential already exists.";
src/xrpld/app/tx/detail/Credentials.cpp:111:CredentialCreate::doApply()
src/xrpld/app/tx/detail/Credentials.cpp:113:    auto const subject = ctx_.tx[sfSubject];
src/xrpld/app/tx/detail/Credentials.cpp:114:    auto const credType(ctx_.tx[sfCredentialType]);
src/xrpld/app/tx/detail/Credentials.cpp:120:        return tefINTERNAL;  // LCOV_EXCL_LINE
src/xrpld/app/tx/detail/Credentials.cpp:122:    auto const optExp = ctx_.tx[~sfExpiration];
src/xrpld/app/tx/detail/Credentials.cpp:131:                                "Expiration time is in the past.";
src/xrpld/app/tx/detail/Credentials.cpp:132:            return tecEXPIRED;
src/xrpld/app/tx/detail/Credentials.cpp:135:        sleCred->setFieldU32(sfExpiration, ctx_.tx.getFieldU32(sfExpiration));
src/xrpld/app/tx/detail/Credentials.cpp:138:    auto const sleIssuer = view().peek(keylet::account(account_));
src/xrpld/app/tx/detail/Credentials.cpp:139:    if (!sleIssuer)
src/xrpld/app/tx/detail/Credentials.cpp:140:        return tefINTERNAL;  // LCOV_EXCL_LINE
src/xrpld/app/tx/detail/Credentials.cpp:144:            sleIssuer->getFieldU32(sfOwnerCount) + 1)};
src/xrpld/app/tx/detail/Credentials.cpp:149:    sleCred->setAccountID(sfSubject, subject);
src/xrpld/app/tx/detail/Credentials.cpp:150:    sleCred->setAccountID(sfIssuer, account_);
src/xrpld/app/tx/detail/Credentials.cpp:151:    sleCred->setFieldVL(sfCredentialType, credType);
src/xrpld/app/tx/detail/Credentials.cpp:153:    if (ctx_.tx.isFieldPresent(sfURI))
src/xrpld/app/tx/detail/Credentials.cpp:154:        sleCred->setFieldVL(sfURI, ctx_.tx.getFieldVL(sfURI));
src/xrpld/app/tx/detail/Credentials.cpp:157:        auto const page = view().dirInsert(
src/xrpld/app/tx/detail/Credentials.cpp:158:            keylet::ownerDir(account_),
src/xrpld/app/tx/detail/Credentials.cpp:161:        JLOG(j_.trace()) << "Adding Credential to owner directory "
src/xrpld/app/tx/detail/Credentials.cpp:165:            return tecDIR_FULL;
src/xrpld/app/tx/detail/Credentials.cpp:166:        sleCred->setFieldU64(sfIssuerNode, *page);
src/xrpld/app/tx/detail/Credentials.cpp:168:        adjustOwnerCount(view(), sleIssuer, 1, j_);
src/xrpld/app/tx/detail/Credentials.cpp:173:        sleCred->setFieldU32(sfFlags, lsfAccepted);
src/xrpld/app/tx/detail/Credentials.cpp:177:        auto const page = view().dirInsert(
src/xrpld/app/tx/detail/Credentials.cpp:178:            keylet::ownerDir(subject),
src/xrpld/app/tx/detail/Credentials.cpp:181:        JLOG(j_.trace()) << "Adding Credential to owner directory "
src/xrpld/app/tx/detail/Credentials.cpp:185:            return tecDIR_FULL;
src/xrpld/app/tx/detail/Credentials.cpp:186:        sleCred->setFieldU64(sfSubjectNode, *page);
src/xrpld/app/tx/detail/Credentials.cpp:198:CredentialDelete::getFlagsMask(PreflightContext const& ctx)
src/xrpld/app/tx/detail/Credentials.cpp:205:CredentialDelete::preflight(PreflightContext const& ctx)
src/xrpld/app/tx/detail/Credentials.cpp:207:    auto const subject = ctx.tx[~sfSubject];
src/xrpld/app/tx/detail/Credentials.cpp:208:    auto const issuer = ctx.tx[~sfIssuer];
src/xrpld/app/tx/detail/Credentials.cpp:214:                               "No Subject or Issuer fields.";
src/xrpld/app/tx/detail/Credentials.cpp:221:        JLOG(ctx.j.trace()) << "Malformed transaction: Subject or Issuer "
src/xrpld/app/tx/detail/Credentials.cpp:226:    auto const credType = ctx.tx[sfCredentialType];
src/xrpld/app/tx/detail/Credentials.cpp:227:    if (credType.empty() || (credType.size() > maxCredentialTypeLength))
src/xrpld/app/tx/detail/Credentials.cpp:230:            << "Malformed transaction: invalid size of CredentialType.";
src/xrpld/app/tx/detail/Credentials.cpp:238:CredentialDelete::preclaim(PreclaimContext const& ctx)
src/xrpld/app/tx/detail/Credentials.cpp:241:    auto const subject = ctx.tx[~sfSubject].value_or(account);
src/xrpld/app/tx/detail/Credentials.cpp:242:    auto const issuer = ctx.tx[~sfIssuer].value_or(account);
src/xrpld/app/tx/detail/Credentials.cpp:243:    auto const credType(ctx.tx[sfCredentialType]);
src/xrpld/app/tx/detail/Credentials.cpp:246:        return tecNO_ENTRY;
src/xrpld/app/tx/detail/Credentials.cpp:252:CredentialDelete::doApply()
src/xrpld/app/tx/detail/Credentials.cpp:254:    auto const subject = ctx_.tx[~sfSubject].value_or(account_);
src/xrpld/app/tx/detail/Credentials.cpp:255:    auto const issuer = ctx_.tx[~sfIssuer].value_or(account_);
src/xrpld/app/tx/detail/Credentials.cpp:257:    auto const credType(ctx_.tx[sfCredentialType]);
src/xrpld/app/tx/detail/Credentials.cpp:261:        return tefINTERNAL;  // LCOV_EXCL_LINE
src/xrpld/app/tx/detail/Credentials.cpp:267:        return tecNO_PERMISSION;
src/xrpld/app/tx/detail/Credentials.cpp:270:    return deleteSLE(view(), sleCred, j_);
src/xrpld/app/tx/detail/Credentials.cpp:276:CredentialAccept::getFlagsMask(PreflightContext const& ctx)
src/xrpld/app/tx/detail/Credentials.cpp:283:CredentialAccept::preflight(PreflightContext const& ctx)
src/xrpld/app/tx/detail/Credentials.cpp:285:    if (!ctx.tx[sfIssuer])
src/xrpld/app/tx/detail/Credentials.cpp:287:        JLOG(ctx.j.trace()) << "Malformed transaction: Issuer field zeroed.";
src/xrpld/app/tx/detail/Credentials.cpp:291:    auto const credType = ctx.tx[sfCredentialType];
src/xrpld/app/tx/detail/Credentials.cpp:292:    if (credType.empty() || (credType.size() > maxCredentialTypeLength))
src/xrpld/app/tx/detail/Credentials.cpp:295:            << "Malformed transaction: invalid size of CredentialType.";
src/xrpld/app/tx/detail/Credentials.cpp:303:CredentialAccept::preclaim(PreclaimContext const& ctx)
src/xrpld/app/tx/detail/Credentials.cpp:306:    AccountID const issuer = ctx.tx[sfIssuer];
src/xrpld/app/tx/detail/Credentials.cpp:307:    auto const credType(ctx.tx[sfCredentialType]);
src/xrpld/app/tx/detail/Credentials.cpp:321:        return tecNO_ENTRY;
src/xrpld/app/tx/detail/Credentials.cpp:324:    if (sleCred->getFieldU32(sfFlags) & lsfAccepted)
src/xrpld/app/tx/detail/Credentials.cpp:326:        JLOG(ctx.j.warn()) << "Credential already accepted: "
src/xrpld/app/tx/detail/Credentials.cpp:336:CredentialAccept::doApply()
src/xrpld/app/tx/detail/Credentials.cpp:338:    AccountID const issuer{ctx_.tx[sfIssuer]};
src/xrpld/app/tx/detail/Credentials.cpp:341:    auto const sleSubject = view().peek(keylet::account(account_));
src/xrpld/app/tx/detail/Credentials.cpp:342:    auto const sleIssuer = view().peek(keylet::account(issuer));
src/xrpld/app/tx/detail/Credentials.cpp:344:    if (!sleSubject || !sleIssuer)
src/xrpld/app/tx/detail/Credentials.cpp:345:        return tefINTERNAL;  // LCOV_EXCL_LINE
src/xrpld/app/tx/detail/Credentials.cpp:349:            sleSubject->getFieldU32(sfOwnerCount) + 1)};
src/xrpld/app/tx/detail/Credentials.cpp:354:    auto const credType(ctx_.tx[sfCredentialType]);
src/xrpld/app/tx/detail/Credentials.cpp:358:        return tefINTERNAL;  // LCOV_EXCL_LINE
src/xrpld/app/tx/detail/Credentials.cpp:362:        JLOG(j_.trace()) << "Credential is expired: " << sleCred->getText();
src/xrpld/app/tx/detail/Credentials.cpp:364:        auto const err = credentials::deleteSLE(view(), sleCred, j_);
src/xrpld/app/tx/detail/Credentials.cpp:365:        return isTesSuccess(err) ? tecEXPIRED : err;
src/xrpld/app/tx/detail/Credentials.cpp:368:    sleCred->setFieldU32(sfFlags, lsfAccepted);
src/xrpld/app/tx/detail/Credentials.cpp:371:    adjustOwnerCount(view(), sleIssuer, -1, j_);
src/xrpld/app/tx/detail/Credentials.cpp:372:    adjustOwnerCount(view(), sleSubject, 1, j_);
src/test/rpc/OwnerInfo_test.cpp:29:class OwnerInfo_test : public beast::unit_test::suite
src/test/rpc/OwnerInfo_test.cpp:34:        testcase("Bad input to owner_info");
src/test/rpc/OwnerInfo_test.cpp:45:                env.rpc("json", "owner_info", "{}")[jss::result];
src/test/rpc/OwnerInfo_test.cpp:55:                env.rpc("json", "owner_info", to_string(params))[jss::result];
src/test/rpc/OwnerInfo_test.cpp:79:                env.rpc("json", "owner_info", to_string(params))[jss::result];
src/test/rpc/OwnerInfo_test.cpp:89:        testcase("Basic request for owner_info");
src/test/rpc/OwnerInfo_test.cpp:112:            env.rpc("json", "owner_info", to_string(params))[jss::result];
src/test/rpc/OwnerInfo_test.cpp:222:BEAST_DEFINE_TESTSUITE(OwnerInfo, rpc, ripple);
src/xrpld/rpc/handlers/DepositAuthorized.cpp:23:#include <xrpl/ledger/CredentialHelpers.h>
src/xrpld/rpc/handlers/DepositAuthorized.cpp:41:doDepositAuthorized(RPC::JsonContext& context)
src/xrpld/rpc/handlers/DepositAuthorized.cpp:95:        (sleDest->getFlags() & lsfDepositAuth) && (srcAcct != dstAcct);
src/xrpld/rpc/handlers/DepositAuthorized.cpp:109:                    "is non-empty array of CredentialID(hash256)"));
src/xrpld/rpc/handlers/DepositAuthorized.cpp:111:        else if (creds.size() > maxCredentialsArraySize)
src/xrpld/rpc/handlers/DepositAuthorized.cpp:127:                        jss::credentials, "an array of CredentialID(hash256)"));
src/xrpld/rpc/handlers/DepositAuthorized.cpp:137:                        jss::credentials, "an array of CredentialID(hash256)"));
src/xrpld/rpc/handlers/DepositAuthorized.cpp:149:            if (!(sleCred->getFlags() & lsfAccepted))
src/xrpld/rpc/handlers/DepositAuthorized.cpp:164:            if ((*sleCred)[sfSubject] != srcAcct)
src/xrpld/rpc/handlers/DepositAuthorized.cpp:174:                (*sleCred)[sfIssuer], (*sleCred)[sfCredentialType]);
src/xrpld/rpc/handlers/OwnerInfo.cpp:35:doOwnerInfo(RPC::JsonContext& context)
src/xrpld/rpc/handlers/OwnerInfo.cpp:52:        ? context.netOps.getOwnerInfo(closedLedger, accountID.value())
src/xrpld/rpc/handlers/OwnerInfo.cpp:57:        ? context.netOps.getOwnerInfo(currentLedger, *accountID)
src/test/rpc/AccountObjects_test.cpp:39:static char const* bobs_account_objects[] = {
src/test/rpc/AccountObjects_test.cpp:131:            auto resp = env.rpc("json", "account_objects", to_string(params));
src/test/rpc/AccountObjects_test.cpp:142:                    "json", "account_objects", to_string(params))[jss::result];
src/test/rpc/AccountObjects_test.cpp:160:            auto resp = env.rpc("json", "account_objects", to_string(params));
src/test/rpc/AccountObjects_test.cpp:168:            auto resp = env.rpc("json", "account_objects", to_string(params));
src/test/rpc/AccountObjects_test.cpp:178:            auto resp = env.rpc("json", "account_objects", to_string(params));
src/test/rpc/AccountObjects_test.cpp:189:            auto resp = env.rpc("json", "account_objects", to_string(params));
src/test/rpc/AccountObjects_test.cpp:199:            auto resp = env.rpc("json", "account_objects", to_string(params));
src/test/rpc/AccountObjects_test.cpp:209:            auto resp = env.rpc("json", "account_objects", to_string(params));
src/test/rpc/AccountObjects_test.cpp:226:            auto resp = env.rpc("json", "account_objects", to_string(params));
src/test/rpc/AccountObjects_test.cpp:231:            resp = env.rpc("json", "account_objects", to_string(params));
src/test/rpc/AccountObjects_test.cpp:237:            resp = env.rpc("json", "account_objects", to_string(params));
src/test/rpc/AccountObjects_test.cpp:243:            resp = env.rpc("json", "account_objects", to_string(params));
src/test/rpc/AccountObjects_test.cpp:249:            resp = env.rpc("json", "account_objects", to_string(params));
src/test/rpc/AccountObjects_test.cpp:255:            resp = env.rpc("json", "account_objects", to_string(params));
src/test/rpc/AccountObjects_test.cpp:261:            resp = env.rpc("json", "account_objects", to_string(params));
src/test/rpc/AccountObjects_test.cpp:270:            resp = env.rpc("json", "account_objects", to_string(params));
src/test/rpc/AccountObjects_test.cpp:271:            BEAST_EXPECT(resp[jss::result][jss::account_objects].size() == 0);
src/test/rpc/AccountObjects_test.cpp:302:            Json::Reader{}.parse(bobs_account_objects[i], bobj[i]);
src/test/rpc/AccountObjects_test.cpp:309:            auto resp = env.rpc("json", "account_objects", to_string(params));
src/test/rpc/AccountObjects_test.cpp:312:            BEAST_EXPECT(resp[jss::result][jss::account_objects].size() == 4);
src/test/rpc/AccountObjects_test.cpp:315:                auto& aobj = resp[jss::result][jss::account_objects][i];
src/test/rpc/AccountObjects_test.cpp:326:            auto resp = env.rpc("json", "account_objects", to_string(params));
src/test/rpc/AccountObjects_test.cpp:329:            BEAST_EXPECT(resp[jss::result][jss::account_objects].size() == 2);
src/test/rpc/AccountObjects_test.cpp:332:                auto& aobj = resp[jss::result][jss::account_objects][i];
src/test/rpc/AccountObjects_test.cpp:346:                    env.rpc("json", "account_objects", to_string(params));
src/test/rpc/AccountObjects_test.cpp:347:                auto& aobjs = resp[jss::result][jss::account_objects];
src/test/rpc/AccountObjects_test.cpp:391:            auto resp = env.rpc("json", "account_objects", to_string(params));
src/test/rpc/AccountObjects_test.cpp:393:            BEAST_EXPECT(resp[jss::result][jss::account_objects].size() == 0);
src/test/rpc/AccountObjects_test.cpp:397:            resp = env.rpc("json", "account_objects", to_string(params));
src/test/rpc/AccountObjects_test.cpp:399:            BEAST_EXPECT(resp[jss::result][jss::account_objects].size() == 0);
src/test/rpc/AccountObjects_test.cpp:412:            auto resp = env.rpc("json", "account_objects", to_string(params));
src/test/rpc/AccountObjects_test.cpp:415:            unpaged = resp[jss::result][jss::account_objects];
src/test/rpc/AccountObjects_test.cpp:423:            auto resp = env.rpc("json", "account_objects", to_string(params));
src/test/rpc/AccountObjects_test.cpp:425:            Json::Value& aobjs = resp[jss::result][jss::account_objects];
src/test/rpc/AccountObjects_test.cpp:438:                env.rpc("json", "account_objects", to_string(params));
src/test/rpc/AccountObjects_test.cpp:439:            Json::Value& aobjs = resp[jss::result][jss::account_objects];
src/test/rpc/AccountObjects_test.cpp:463:            auto resp = env.rpc("json", "account_objects", to_string(params));
src/test/rpc/AccountObjects_test.cpp:466:            unpaged = resp[jss::result][jss::account_objects];
src/test/rpc/AccountObjects_test.cpp:474:            auto resp = env.rpc("json", "account_objects", to_string(params));
src/test/rpc/AccountObjects_test.cpp:476:            Json::Value& aobjs = resp[jss::result][jss::account_objects];
src/test/rpc/AccountObjects_test.cpp:490:                    env.rpc("json", "account_objects", to_string(params));
src/test/rpc/AccountObjects_test.cpp:491:                Json::Value& aobjs = resp[jss::result][jss::account_objects];
src/test/rpc/AccountObjects_test.cpp:521:            auto resp = env.rpc("json", "account_objects", to_string(params));
src/test/rpc/AccountObjects_test.cpp:524:            unpaged = resp[jss::result][jss::account_objects];
src/test/rpc/AccountObjects_test.cpp:532:            auto resp = env.rpc("json", "account_objects", to_string(params));
src/test/rpc/AccountObjects_test.cpp:534:            Json::Value& aobjs = resp[jss::result][jss::account_objects];
src/test/rpc/AccountObjects_test.cpp:545:                    env.rpc("json", "account_objects", to_string(params));
src/test/rpc/AccountObjects_test.cpp:546:                Json::Value& aobjs = resp[jss::result][jss::account_objects];
src/test/rpc/AccountObjects_test.cpp:581:            featurePermissionedDomains;
src/test/rpc/AccountObjects_test.cpp:584:        // Make a lambda we can use to get "account_objects" easily.
src/test/rpc/AccountObjects_test.cpp:599:            return env.rpc("json", "account_objects", to_string(params));
src/test/rpc/AccountObjects_test.cpp:604:            return resp[jss::result][jss::account_objects].isArray() &&
src/test/rpc/AccountObjects_test.cpp:605:                (resp[jss::result][jss::account_objects].size() == size);
src/test/rpc/AccountObjects_test.cpp:636:        BEAST_EXPECT(acctObjsTypeIsInvalid(acctObjs(gw, jss::directory)));
src/test/rpc/AccountObjects_test.cpp:650:            auto const& nftPage = resp[jss::result][jss::account_objects][0u];
src/test/rpc/AccountObjects_test.cpp:667:            auto const& state = resp[jss::result][jss::account_objects][0u];
src/test/rpc/AccountObjects_test.cpp:680:            auto const& check = resp[jss::result][jss::account_objects][0u];
src/test/rpc/AccountObjects_test.cpp:693:            auto const& preauth = resp[jss::result][jss::account_objects][0u];
src/test/rpc/AccountObjects_test.cpp:714:            auto const& escrow = resp[jss::result][jss::account_objects][0u];
src/test/rpc/AccountObjects_test.cpp:725:            // gw creates an PermissionedDomain.
src/test/rpc/AccountObjects_test.cpp:729:            // Find the PermissionedDomain.
src/test/rpc/AccountObjects_test.cpp:734:                resp[jss::result][jss::account_objects][0u];
src/test/rpc/AccountObjects_test.cpp:739:                permissionedDomain.isMember(jss::AcceptedCredentials) &&
src/test/rpc/AccountObjects_test.cpp:740:                permissionedDomain[jss::AcceptedCredentials].isArray() &&
src/test/rpc/AccountObjects_test.cpp:741:                (permissionedDomain[jss::AcceptedCredentials].size() == 1) &&
src/test/rpc/AccountObjects_test.cpp:742:                (permissionedDomain[jss::AcceptedCredentials][0u].isMember(
src/test/rpc/AccountObjects_test.cpp:743:                    jss::Credential)));
src/test/rpc/AccountObjects_test.cpp:748:                    permissionedDomain[jss::AcceptedCredentials][0u]
src/test/rpc/AccountObjects_test.cpp:749:                                      [jss::Credential];
src/test/rpc/AccountObjects_test.cpp:751:                    credential.isMember(sfIssuer.jsonName) &&
src/test/rpc/AccountObjects_test.cpp:752:                    (credential[sfIssuer.jsonName] == issuer.human()));
src/test/rpc/AccountObjects_test.cpp:754:                    credential.isMember(sfCredentialType.jsonName) &&
src/test/rpc/AccountObjects_test.cpp:755:                    (credential[sfCredentialType.jsonName] ==
src/test/rpc/AccountObjects_test.cpp:771:                return scEnv.rpc("json", "account_objects", to_string(params));
src/test/rpc/AccountObjects_test.cpp:779:                resp[jss::result][jss::account_objects][0u];
src/test/rpc/AccountObjects_test.cpp:818:                return scEnv.rpc("json", "account_objects", to_string(params));
src/test/rpc/AccountObjects_test.cpp:828:                    resp[jss::result][jss::account_objects][0u];
src/test/rpc/AccountObjects_test.cpp:841:                    resp[jss::result][jss::account_objects][0u];
src/test/rpc/AccountObjects_test.cpp:875:                return scEnv.rpc("json", "account_objects", to_string(params));
src/test/rpc/AccountObjects_test.cpp:885:                    resp[jss::result][jss::account_objects][0u];
src/test/rpc/AccountObjects_test.cpp:904:            auto const& offer = resp[jss::result][jss::account_objects][0u];
src/test/rpc/AccountObjects_test.cpp:928:            auto const& payChan = resp[jss::result][jss::account_objects][0u];
src/test/rpc/AccountObjects_test.cpp:936:            // gw creates a DID that we can look for in the ledger.
src/test/rpc/AccountObjects_test.cpp:937:            Json::Value jvDID;
src/test/rpc/AccountObjects_test.cpp:938:            jvDID[jss::TransactionType] = jss::DIDSet;
src/test/rpc/AccountObjects_test.cpp:939:            jvDID[jss::Account] = gw.human();
src/test/rpc/AccountObjects_test.cpp:940:            jvDID[sfURI.jsonName] = strHex(std::string{"uri"});
src/test/rpc/AccountObjects_test.cpp:941:            env(jvDID);
src/test/rpc/AccountObjects_test.cpp:945:            // Find the DID.
src/test/rpc/AccountObjects_test.cpp:949:            auto const& did = resp[jss::result][jss::account_objects][0u];
src/test/rpc/AccountObjects_test.cpp:951:            BEAST_EXPECT(did[sfURI.jsonName] == strHex(std::string{"uri"}));
src/test/rpc/AccountObjects_test.cpp:962:                resp[jss::result][jss::account_objects][0u];
src/test/rpc/AccountObjects_test.cpp:980:            auto const& ticket = resp[jss::result][jss::account_objects][0u];
src/test/rpc/AccountObjects_test.cpp:987:            // See how "deletion_blockers_only" handles gw's directory.
src/test/rpc/AccountObjects_test.cpp:991:            auto resp = env.rpc("json", "account_objects", to_string(params));
src/test/rpc/AccountObjects_test.cpp:1000:                    jss::PermissionedDomain.c_str()};
src/test/rpc/AccountObjects_test.cpp:1010:                auto const& aobjs = resp[jss::result][jss::account_objects];
src/test/rpc/AccountObjects_test.cpp:1024:            // directory.
src/test/rpc/AccountObjects_test.cpp:1029:            auto resp = env.rpc("json", "account_objects", to_string(params));
src/test/rpc/AccountObjects_test.cpp:1033:                auto const& aobjs = resp[jss::result][jss::account_objects];
src/test/rpc/AccountObjects_test.cpp:1041:                auto const objs = resp[jss::result][jss::account_objects];
src/test/rpc/AccountObjects_test.cpp:1042:                for (auto const& obj : resp[jss::result][jss::account_objects])
src/test/rpc/AccountObjects_test.cpp:1101:        BEAST_EXPECT(acctObjsTypeIsInvalid(acctObjs(gw, jss::directory)));
src/test/rpc/AccountObjects_test.cpp:1106:        // Run up the number of directory entries so gw has two
src/test/rpc/AccountObjects_test.cpp:1107:        // directory nodes.
src/test/rpc/AccountObjects_test.cpp:1294:        // test account_objects with a limit and update marker
src/test/rpc/AccountObjects_test.cpp:1300:            auto resp = env.rpc("json", "account_objects", to_string(params));
src/test/rpc/AccountObjects_test.cpp:1301:            auto& accountObjects = resp[jss::result][jss::account_objects];
src/test/rpc/AccountObjects_test.cpp:1307:        // test account_objects with valid marker and update marker
src/test/rpc/AccountObjects_test.cpp:1314:            auto resp = env.rpc("json", "account_objects", to_string(params));
src/test/rpc/AccountObjects_test.cpp:1315:            auto& accountObjects = resp[jss::result][jss::account_objects];
src/test/rpc/AccountObjects_test.cpp:1329:                env.rpc("json", "account_objects", to_string(params));
src/test/rpc/AccountObjects_test.cpp:1339:        // test account_objects with an invalid marker that contains no ','
src/test/rpc/AccountObjects_test.cpp:1352:        // test account_objects with an invalid marker containing invalid
src/test/rpc/AccountObjects_test.cpp:1360:        // test account_objects with an invalid marker containing invalid
src/test/rpc/AccountObjects_test.cpp:1369:        // test account_objects with an invalid marker containing invalid
src/test/rpc/AccountObjects_test.cpp:1376:        // test account_objects with marker: "0,entryIndex", this is still
src/test/rpc/AccountObjects_test.cpp:1386:            auto resp = env.rpc("json", "account_objects", to_string(params));
src/test/rpc/AccountObjects_test.cpp:1387:            auto& accountObjects = resp[jss::result][jss::account_objects];
src/test/rpc/AccountObjects_test.cpp:1392:        // test account_objects with an invalid marker containing invalid
src/test/rpc/AccountObjects_test.cpp:1399:        // test account_objects with an invalid marker containing invalid
src/test/rpc/AccountObjects_test.cpp:1406:        // continue getting account_objects with valid marker. This will be the
src/test/rpc/AccountObjects_test.cpp:1414:            auto resp = env.rpc("json", "account_objects", to_string(params));
src/test/rpc/AccountObjects_test.cpp:1415:            auto& accountObjects = resp[jss::result][jss::account_objects];
src/test/rpc/AccountObjects_test.cpp:1422:        // test account_objects when the account only have nft pages, but
src/test/rpc/AccountObjects_test.cpp:1430:            auto resp = env.rpc("json", "account_objects", to_string(params));
src/test/rpc/AccountObjects_test.cpp:1431:            auto& accountObjects = resp[jss::result][jss::account_objects];
src/test/rpc/DepositAuthorized_test.cpp:27:class DepositAuthorized_test : public beast::unit_test::suite
src/test/rpc/DepositAuthorized_test.cpp:57:    validateDepositAuthResult(Json::Value const& result, bool authorized)
src/test/rpc/DepositAuthorized_test.cpp:79:        validateDepositAuthResult(
src/test/rpc/DepositAuthorized_test.cpp:87:        validateDepositAuthResult(
src/test/rpc/DepositAuthorized_test.cpp:94:        // becky sets the DepositAuth flag in the current ledger.
src/test/rpc/DepositAuthorized_test.cpp:95:        env(fset(becky, asfDepositAuth));
src/test/rpc/DepositAuthorized_test.cpp:98:        validateDepositAuthResult(
src/test/rpc/DepositAuthorized_test.cpp:107:        validateDepositAuthResult(
src/test/rpc/DepositAuthorized_test.cpp:115:        validateDepositAuthResult(
src/test/rpc/DepositAuthorized_test.cpp:127:        validateDepositAuthResult(
src/test/rpc/DepositAuthorized_test.cpp:135:        validateDepositAuthResult(
src/test/rpc/DepositAuthorized_test.cpp:142:        // becky clears the DepositAuth flag so carol becomes authorized.
src/test/rpc/DepositAuthorized_test.cpp:143:        env(fclear(becky, asfDepositAuth));
src/test/rpc/DepositAuthorized_test.cpp:146:        validateDepositAuthResult(
src/test/rpc/DepositAuthorized_test.cpp:154:        validateDepositAuthResult(
src/test/rpc/DepositAuthorized_test.cpp:287:            validateDepositAuthResult(result, true);
src/test/rpc/DepositAuthorized_test.cpp:292:    checkCredentialsResponse(
src/test/rpc/DepositAuthorized_test.cpp:336:    testCredentials()
src/test/rpc/DepositAuthorized_test.cpp:338:        testcase("Credentials");
src/test/rpc/DepositAuthorized_test.cpp:360:        // becky sets the DepositAuth flag in the current ledger.
src/test/rpc/DepositAuthorized_test.cpp:361:        env(fset(becky, asfDepositAuth));
src/test/rpc/DepositAuthorized_test.cpp:365:        env(deposit::authCredentials(becky, {{carol, credType}}));
src/test/rpc/DepositAuthorized_test.cpp:377:            checkCredentialsResponse(
src/test/rpc/DepositAuthorized_test.cpp:393:            checkCredentialsResponse(
src/test/rpc/DepositAuthorized_test.cpp:408:            checkCredentialsResponse(
src/test/rpc/DepositAuthorized_test.cpp:431:            checkCredentialsResponse(
src/test/rpc/DepositAuthorized_test.cpp:438:                "badCredentials");
src/test/rpc/DepositAuthorized_test.cpp:450:            checkCredentialsResponse(
src/test/rpc/DepositAuthorized_test.cpp:456:                "badCredentials");
src/test/rpc/DepositAuthorized_test.cpp:470:            checkCredentialsResponse(
src/test/rpc/DepositAuthorized_test.cpp:476:                "badCredentials");
src/test/rpc/DepositAuthorized_test.cpp:499:            assert(credIds.size() > maxCredentialsArraySize);
src/test/rpc/DepositAuthorized_test.cpp:507:            checkCredentialsResponse(
src/test/rpc/DepositAuthorized_test.cpp:518:            checkCredentialsResponse(
src/test/rpc/DepositAuthorized_test.cpp:540:            checkCredentialsResponse(
src/test/rpc/DepositAuthorized_test.cpp:561:            checkCredentialsResponse(
src/test/rpc/DepositAuthorized_test.cpp:567:                "badCredentials");
src/test/rpc/DepositAuthorized_test.cpp:583:            jv[sfExpiration.jsonName] = x;
src/test/rpc/DepositAuthorized_test.cpp:591:            // becky sets the DepositAuth flag in the current ledger.
src/test/rpc/DepositAuthorized_test.cpp:592:            env(fset(becky, asfDepositAuth));
src/test/rpc/DepositAuthorized_test.cpp:596:            env(deposit::authCredentials(becky, {{carol, credType2}}));
src/test/rpc/DepositAuthorized_test.cpp:606:                checkCredentialsResponse(
src/test/rpc/DepositAuthorized_test.cpp:621:                checkCredentialsResponse(
src/test/rpc/DepositAuthorized_test.cpp:627:                    "badCredentials");
src/test/rpc/DepositAuthorized_test.cpp:637:        testCredentials();
src/test/rpc/DepositAuthorized_test.cpp:641:BEAST_DEFINE_TESTSUITE(DepositAuthorized, rpc, ripple);
src/xrpld/rpc/handlers/AccountObjects.cpp:150:                obj[sfIssuer.jsonName] = to_string(nft::getIssuer(nftokenID));
src/test/app/EscrowToken_test.cpp:126:                withTokenEscrow ? ter(tesSUCCESS) : ter(tecNO_TARGET);
src/test/app/EscrowToken_test.cpp:178:                ter(tecNO_TARGET));
src/test/app/EscrowToken_test.cpp:181:            env(escrow::cancel(bob, alice, seq1), ter(tecNO_TARGET));
src/test/app/EscrowToken_test.cpp:236:            ter(tecNO_PERMISSION));
src/test/app/EscrowToken_test.cpp:319:        // tecNO_PERMISSION: issuer is the same as the account
src/test/app/EscrowToken_test.cpp:333:                ter(tecNO_PERMISSION));
src/test/app/EscrowToken_test.cpp:337:        // tecNO_ISSUER: Issuer does not exist
src/test/app/EscrowToken_test.cpp:357:        // tecNO_PERMISSION: asfAllowTrustLineLocking is not set
src/test/app/EscrowToken_test.cpp:377:                ter(tecNO_PERMISSION));
src/test/app/EscrowToken_test.cpp:400:        // tecNO_PERMISSION: Not testable
src/test/app/EscrowToken_test.cpp:401:        // tecNO_PERMISSION: Not testable
src/test/app/EscrowToken_test.cpp:1025:                ripple::Dir aod(*env.current(), keylet::ownerDir(alice.id()));
src/test/app/EscrowToken_test.cpp:1032:                ripple::Dir iod(*env.current(), keylet::ownerDir(gw.id()));
src/test/app/EscrowToken_test.cpp:1049:                ripple::Dir bod(*env.current(), keylet::ownerDir(bob.id()));
src/test/app/EscrowToken_test.cpp:1056:                ripple::Dir iod(*env.current(), keylet::ownerDir(gw.id()));
src/test/app/EscrowToken_test.cpp:1070:                ripple::Dir aod(*env.current(), keylet::ownerDir(alice.id()));
src/test/app/EscrowToken_test.cpp:1075:                ripple::Dir bod(*env.current(), keylet::ownerDir(bob.id()));
src/test/app/EscrowToken_test.cpp:1080:                ripple::Dir iod(*env.current(), keylet::ownerDir(gw.id()));
src/test/app/EscrowToken_test.cpp:1094:                ripple::Dir bod(*env.current(), keylet::ownerDir(bob.id()));
src/test/app/EscrowToken_test.cpp:1099:                ripple::Dir iod(*env.current(), keylet::ownerDir(gw.id()));
src/test/app/EscrowToken_test.cpp:1142:                ripple::Dir aod(*env.current(), keylet::ownerDir(alice.id()));
src/test/app/EscrowToken_test.cpp:1147:                ripple::Dir bod(*env.current(), keylet::ownerDir(bob.id()));
src/test/app/EscrowToken_test.cpp:1154:                ripple::Dir cod(*env.current(), keylet::ownerDir(carol.id()));
src/test/app/EscrowToken_test.cpp:1159:                ripple::Dir iod(*env.current(), keylet::ownerDir(gw.id()));
src/test/app/EscrowToken_test.cpp:1173:                ripple::Dir aod(*env.current(), keylet::ownerDir(alice.id()));
src/test/app/EscrowToken_test.cpp:1178:                ripple::Dir bod(*env.current(), keylet::ownerDir(bob.id()));
src/test/app/EscrowToken_test.cpp:1185:                ripple::Dir cod(*env.current(), keylet::ownerDir(carol.id()));
src/test/app/EscrowToken_test.cpp:1188:                ripple::Dir iod(*env.current(), keylet::ownerDir(gw.id()));
src/test/app/EscrowToken_test.cpp:1202:                ripple::Dir aod(*env.current(), keylet::ownerDir(alice.id()));
src/test/app/EscrowToken_test.cpp:1207:                ripple::Dir bod(*env.current(), keylet::ownerDir(bob.id()));
src/test/app/EscrowToken_test.cpp:1214:                ripple::Dir cod(*env.current(), keylet::ownerDir(carol.id()));
src/test/app/EscrowToken_test.cpp:1217:                ripple::Dir iod(*env.current(), keylet::ownerDir(gw.id()));
src/test/app/EscrowToken_test.cpp:1250:                ter(tecNO_PERMISSION));
src/test/app/EscrowToken_test.cpp:1257:                ripple::Dir aod(*env.current(), keylet::ownerDir(alice.id()));
src/test/app/EscrowToken_test.cpp:1262:                ripple::Dir cod(*env.current(), keylet::ownerDir(carol.id()));
src/test/app/EscrowToken_test.cpp:1265:                ripple::Dir iod(*env.current(), keylet::ownerDir(gw.id()));
src/test/app/EscrowToken_test.cpp:1276:                ripple::Dir aod(*env.current(), keylet::ownerDir(alice.id()));
src/test/app/EscrowToken_test.cpp:1281:                ripple::Dir cod(*env.current(), keylet::ownerDir(carol.id()));
src/test/app/EscrowToken_test.cpp:1284:                ripple::Dir iod(*env.current(), keylet::ownerDir(gw.id()));
src/test/app/EscrowToken_test.cpp:1406:                ter(tecNO_PERMISSION));
src/test/app/EscrowToken_test.cpp:1474:                ter(tecNO_PERMISSION));
src/test/app/EscrowToken_test.cpp:2150:                {.ownerCount = 1,
src/test/app/EscrowToken_test.cpp:2161:                withTokenEscrow ? ter(tesSUCCESS) : ter(tecNO_TARGET);
src/test/app/EscrowToken_test.cpp:2232:                {.ownerCount = 1,
src/test/app/EscrowToken_test.cpp:2258:        // tecNO_PERMISSION: issuer is the same as the account
src/test/app/EscrowToken_test.cpp:2267:                {.ownerCount = 1,
src/test/app/EscrowToken_test.cpp:2279:                ter(tecNO_PERMISSION));
src/test/app/EscrowToken_test.cpp:2306:        // tecNO_PERMISSION: tfMPTCanEscrow is not enabled
src/test/app/EscrowToken_test.cpp:2316:                {.ownerCount = 1, .holderCount = 0, .flags = tfMPTCanTransfer});
src/test/app/EscrowToken_test.cpp:2328:                ter(tecNO_PERMISSION));
src/test/app/EscrowToken_test.cpp:2342:                {.ownerCount = 1,
src/test/app/EscrowToken_test.cpp:2365:                {.ownerCount = 1,
src/test/app/EscrowToken_test.cpp:2397:                {.ownerCount = 1,
src/test/app/EscrowToken_test.cpp:2432:                {.ownerCount = 1,
src/test/app/EscrowToken_test.cpp:2463:                {.ownerCount = 1,
src/test/app/EscrowToken_test.cpp:2494:                {.ownerCount = 1, .holderCount = 0, .flags = tfMPTCanEscrow});
src/test/app/EscrowToken_test.cpp:2520:                {.ownerCount = 1,
src/test/app/EscrowToken_test.cpp:2547:                {.ownerCount = 1,
src/test/app/EscrowToken_test.cpp:2583:                {.ownerCount = 1,
src/test/app/EscrowToken_test.cpp:2659:                {.ownerCount = 1,
src/test/app/EscrowToken_test.cpp:2711:                {.ownerCount = 1,
src/test/app/EscrowToken_test.cpp:2747:                {.ownerCount = 1,
src/test/app/EscrowToken_test.cpp:2771:        // tecNO_PERMISSION: carol submits; finish MPT not created
src/test/app/EscrowToken_test.cpp:2784:                {.ownerCount = 1,
src/test/app/EscrowToken_test.cpp:2804:                ter(tecNO_PERMISSION));
src/test/app/EscrowToken_test.cpp:2826:                {.ownerCount = 1,
src/test/app/EscrowToken_test.cpp:2904:            {.ownerCount = 1,
src/test/app/EscrowToken_test.cpp:3081:                {.ownerCount = 1,
src/test/app/EscrowToken_test.cpp:3137:                {.ownerCount = 1,
src/test/app/EscrowToken_test.cpp:3215:                {.ownerCount = 1,
src/test/app/EscrowToken_test.cpp:3237:                ripple::Dir aod(*env.current(), keylet::ownerDir(alice.id()));
src/test/app/EscrowToken_test.cpp:3244:                ripple::Dir iod(*env.current(), keylet::ownerDir(gw.id()));
src/test/app/EscrowToken_test.cpp:3261:                ripple::Dir bod(*env.current(), keylet::ownerDir(bob.id()));
src/test/app/EscrowToken_test.cpp:3275:                ripple::Dir aod(*env.current(), keylet::ownerDir(alice.id()));
src/test/app/EscrowToken_test.cpp:3280:                ripple::Dir bod(*env.current(), keylet::ownerDir(bob.id()));
src/test/app/EscrowToken_test.cpp:3294:                ripple::Dir bod(*env.current(), keylet::ownerDir(bob.id()));
src/test/app/EscrowToken_test.cpp:3307:                {.ownerCount = 1,
src/test/app/EscrowToken_test.cpp:3342:                ripple::Dir aod(*env.current(), keylet::ownerDir(alice.id()));
src/test/app/EscrowToken_test.cpp:3347:                ripple::Dir bod(*env.current(), keylet::ownerDir(bob.id()));
src/test/app/EscrowToken_test.cpp:3354:                ripple::Dir cod(*env.current(), keylet::ownerDir(carol.id()));
src/test/app/EscrowToken_test.cpp:3366:                ripple::Dir aod(*env.current(), keylet::ownerDir(alice.id()));
src/test/app/EscrowToken_test.cpp:3371:                ripple::Dir bod(*env.current(), keylet::ownerDir(bob.id()));
src/test/app/EscrowToken_test.cpp:3378:                ripple::Dir cod(*env.current(), keylet::ownerDir(carol.id()));
src/test/app/EscrowToken_test.cpp:3388:                ripple::Dir aod(*env.current(), keylet::ownerDir(alice.id()));
src/test/app/EscrowToken_test.cpp:3393:                ripple::Dir bod(*env.current(), keylet::ownerDir(bob.id()));
src/test/app/EscrowToken_test.cpp:3400:                ripple::Dir cod(*env.current(), keylet::ownerDir(carol.id()));
src/test/app/EscrowToken_test.cpp:3422:                {.ownerCount = 1,
src/test/app/EscrowToken_test.cpp:3487:                 .ownerCount = 1,
src/test/app/EscrowToken_test.cpp:3545:                 .ownerCount = 1,
src/test/app/EscrowToken_test.cpp:3592:                 .ownerCount = 1,
src/test/app/EscrowToken_test.cpp:3648:            {.ownerCount = 1,
src/test/app/EscrowToken_test.cpp:3691:            {.ownerCount = 1,
src/test/app/EscrowToken_test.cpp:3742:            {.ownerCount = 1, .holderCount = 0, .flags = tfMPTCanEscrow});
src/test/app/EscrowToken_test.cpp:3811:                {.ownerCount = 1,
src/test/app/EscrowToken_test.cpp:3839:                 .ownerCount = 1,
src/test/app/EscrowToken_test.cpp:3850:            mptGw.destroy({.id = mptGw.issuanceID(), .ownerCount = 0});
src/test/app/EscrowToken_test.cpp:3865:                {.ownerCount = 1,
src/xrpld/app/tx/detail/Escrow.cpp:29:#include <xrpl/ledger/CredentialHelpers.h>
src/xrpld/app/tx/detail/Escrow.cpp:212:    AccountID issuer = amount.getIssuer();
src/xrpld/app/tx/detail/Escrow.cpp:213:    // If the issuer is the same as the account, return tecNO_PERMISSION
src/xrpld/app/tx/detail/Escrow.cpp:215:        return tecNO_PERMISSION;
src/xrpld/app/tx/detail/Escrow.cpp:217:    // If the lsfAllowTrustLineLocking is not enabled, return tecNO_PERMISSION
src/xrpld/app/tx/detail/Escrow.cpp:218:    auto const sleIssuer = ctx.view.read(keylet::account(issuer));
src/xrpld/app/tx/detail/Escrow.cpp:219:    if (!sleIssuer)
src/xrpld/app/tx/detail/Escrow.cpp:221:    if (!sleIssuer->isFlag(lsfAllowTrustLineLocking))
src/xrpld/app/tx/detail/Escrow.cpp:222:        return tecNO_PERMISSION;
src/xrpld/app/tx/detail/Escrow.cpp:234:        return tecNO_PERMISSION;  // LCOV_EXCL_LINE
src/xrpld/app/tx/detail/Escrow.cpp:238:        return tecNO_PERMISSION;  // LCOV_EXCL_LINE
src/xrpld/app/tx/detail/Escrow.cpp:290:    AccountID issuer = amount.getIssuer();
src/xrpld/app/tx/detail/Escrow.cpp:291:    // If the issuer is the same as the account, return tecNO_PERMISSION
src/xrpld/app/tx/detail/Escrow.cpp:293:        return tecNO_PERMISSION;
src/xrpld/app/tx/detail/Escrow.cpp:302:    // If the lsfMPTCanEscrow is not enabled, return tecNO_PERMISSION
src/xrpld/app/tx/detail/Escrow.cpp:304:        return tecNO_PERMISSION;
src/xrpld/app/tx/detail/Escrow.cpp:307:    // tecNO_PERMISSION
src/xrpld/app/tx/detail/Escrow.cpp:308:    if (sleIssuance->getAccountID(sfIssuer) != issuer)
src/xrpld/app/tx/detail/Escrow.cpp:309:        return tecNO_PERMISSION;  // LCOV_EXCL_LINE
src/xrpld/app/tx/detail/Escrow.cpp:379:        return tecNO_PERMISSION;
src/xrpld/app/tx/detail/Escrow.cpp:416:    // Defensive: Issuer cannot create an escrow
src/xrpld/app/tx/detail/Escrow.cpp:441:    // Defensive: Issuer cannot create an escrow
src/xrpld/app/tx/detail/Escrow.cpp:464:            return tecNO_PERMISSION;
src/xrpld/app/tx/detail/Escrow.cpp:467:            return tecNO_PERMISSION;
src/xrpld/app/tx/detail/Escrow.cpp:479:                return tecNO_PERMISSION;
src/xrpld/app/tx/detail/Escrow.cpp:487:                return tecNO_PERMISSION;
src/xrpld/app/tx/detail/Escrow.cpp:494:        return tefINTERNAL;  // LCOV_EXCL_LINE
src/xrpld/app/tx/detail/Escrow.cpp:500:        ctx_.view().fees().accountReserve((*sle)[sfOwnerCount] + 1);
src/xrpld/app/tx/detail/Escrow.cpp:523:        // featureDepositAuth to remove the bug.
src/xrpld/app/tx/detail/Escrow.cpp:524:        if (!ctx_.view().rules().enabled(featureDepositAuth) &&
src/xrpld/app/tx/detail/Escrow.cpp:526:            return tecNO_TARGET;
src/xrpld/app/tx/detail/Escrow.cpp:556:    // Add escrow to sender's owner directory
src/xrpld/app/tx/detail/Escrow.cpp:558:        auto page = ctx_.view().dirInsert(
src/xrpld/app/tx/detail/Escrow.cpp:559:            keylet::ownerDir(account_),
src/xrpld/app/tx/detail/Escrow.cpp:563:            return tecDIR_FULL;  // LCOV_EXCL_LINE
src/xrpld/app/tx/detail/Escrow.cpp:567:    // If it's not a self-send, add escrow to recipient's owner directory.
src/xrpld/app/tx/detail/Escrow.cpp:571:        auto page = ctx_.view().dirInsert(
src/xrpld/app/tx/detail/Escrow.cpp:572:            keylet::ownerDir(dest), escrowKeylet, describeOwnerDir(dest));
src/xrpld/app/tx/detail/Escrow.cpp:574:            return tecDIR_FULL;  // LCOV_EXCL_LINE
src/xrpld/app/tx/detail/Escrow.cpp:578:    // IOU escrow objects are added to the issuer's owner directory to help
src/xrpld/app/tx/detail/Escrow.cpp:581:    AccountID const issuer = amount.getIssuer();
src/xrpld/app/tx/detail/Escrow.cpp:585:        auto page = ctx_.view().dirInsert(
src/xrpld/app/tx/detail/Escrow.cpp:586:            keylet::ownerDir(issuer), escrowKeylet, describeOwnerDir(issuer));
src/xrpld/app/tx/detail/Escrow.cpp:588:            return tecDIR_FULL;  // LCOV_EXCL_LINE
src/xrpld/app/tx/detail/Escrow.cpp:589:        (*slep)[sfIssuerNode] = *page;
src/xrpld/app/tx/detail/Escrow.cpp:592:    // Deduct owner's balance
src/xrpld/app/tx/detail/Escrow.cpp:609:    // increment owner count
src/xrpld/app/tx/detail/Escrow.cpp:610:    adjustOwnerCount(ctx_.view(), sle, 1, ctx_.journal);
src/xrpld/app/tx/detail/Escrow.cpp:638:    return !ctx.tx.isFieldPresent(sfCredentialIDs) ||
src/xrpld/app/tx/detail/Escrow.cpp:639:        ctx.rules.enabled(featureCredentials);
src/xrpld/app/tx/detail/Escrow.cpp:722:    AccountID issuer = amount.getIssuer();
src/xrpld/app/tx/detail/Escrow.cpp:733:    if (isDeepFrozen(ctx.view, dest, amount.getCurrency(), amount.getIssuer()))
src/xrpld/app/tx/detail/Escrow.cpp:746:    AccountID issuer = amount.getIssuer();
src/xrpld/app/tx/detail/Escrow.cpp:776:    if (ctx.view.rules().enabled(featureCredentials))
src/xrpld/app/tx/detail/Escrow.cpp:789:            return tecNO_TARGET;
src/xrpld/app/tx/detail/Escrow.cpp:838:    bool const senderIssuer = issuer == sender;
src/xrpld/app/tx/detail/Escrow.cpp:839:    bool const receiverIssuer = issuer == receiver;
src/xrpld/app/tx/detail/Escrow.cpp:842:    if (senderIssuer)
src/xrpld/app/tx/detail/Escrow.cpp:845:    if (receiverIssuer)
src/xrpld/app/tx/detail/Escrow.cpp:848:    if (!view.exists(trustLineKey) && createAsset && !receiverIssuer)
src/xrpld/app/tx/detail/Escrow.cpp:851:        if (std::uint32_t const ownerCount = {sleDest->at(sfOwnerCount)};
src/xrpld/app/tx/detail/Escrow.cpp:852:            xrpBalance < view.fees().accountReserve(ownerCount + 1))
src/xrpld/app/tx/detail/Escrow.cpp:862:        initialBalance.setIssuer(noAccount());
src/xrpld/app/tx/detail/Escrow.cpp:890:    if (!view.exists(trustLineKey) && !receiverIssuer)
src/xrpld/app/tx/detail/Escrow.cpp:899:    // 1. Issuer is not involved in the transfer (senderIssuer or
src/xrpld/app/tx/detail/Escrow.cpp:900:    // receiverIssuer)
src/xrpld/app/tx/detail/Escrow.cpp:908:    if ((!senderIssuer && !receiverIssuer) && lockedRate != parityRate)
src/xrpld/app/tx/detail/Escrow.cpp:945:    if (!receiverIssuer)
src/xrpld/app/tx/detail/Escrow.cpp:969:    bool const senderIssuer = issuer == sender;
src/xrpld/app/tx/detail/Escrow.cpp:970:    bool const receiverIssuer = issuer == receiver;
src/xrpld/app/tx/detail/Escrow.cpp:975:        createAsset && !receiverIssuer)
src/xrpld/app/tx/detail/Escrow.cpp:977:        if (std::uint32_t const ownerCount = {sleDest->at(sfOwnerCount)};
src/xrpld/app/tx/detail/Escrow.cpp:978:            xrpBalance < view.fees().accountReserve(ownerCount + 1))
src/xrpld/app/tx/detail/Escrow.cpp:990:        // update owner count.
src/xrpld/app/tx/detail/Escrow.cpp:991:        adjustOwnerCount(view, sleDest, 1, journal);
src/xrpld/app/tx/detail/Escrow.cpp:995:        !receiverIssuer)
src/xrpld/app/tx/detail/Escrow.cpp:996:        return tecNO_PERMISSION;
src/xrpld/app/tx/detail/Escrow.cpp:1004:    // 1. Issuer is not involved in the transfer (senderIssuer or
src/xrpld/app/tx/detail/Escrow.cpp:1005:    // receiverIssuer)
src/xrpld/app/tx/detail/Escrow.cpp:1013:    if ((!senderIssuer && !receiverIssuer) && lockedRate != parityRate)
src/xrpld/app/tx/detail/Escrow.cpp:1040:        return tecNO_TARGET;
src/xrpld/app/tx/detail/Escrow.cpp:1052:            return tecNO_PERMISSION;
src/xrpld/app/tx/detail/Escrow.cpp:1056:            return tecNO_PERMISSION;
src/xrpld/app/tx/detail/Escrow.cpp:1067:            return tecNO_PERMISSION;
src/xrpld/app/tx/detail/Escrow.cpp:1073:            return tecNO_PERMISSION;
src/xrpld/app/tx/detail/Escrow.cpp:1132:    if (ctx_.view().rules().enabled(featureDepositAuth))
src/xrpld/app/tx/detail/Escrow.cpp:1134:        if (auto err = verifyDepositPreauth(
src/xrpld/app/tx/detail/Escrow.cpp:1142:    // Remove escrow from owner directory
src/xrpld/app/tx/detail/Escrow.cpp:1145:        if (!ctx_.view().dirRemove(
src/xrpld/app/tx/detail/Escrow.cpp:1146:                keylet::ownerDir(account), page, k.key, true))
src/xrpld/app/tx/detail/Escrow.cpp:1149:            JLOG(j_.fatal()) << "Unable to delete Escrow from owner.";
src/xrpld/app/tx/detail/Escrow.cpp:1155:    // Remove escrow from recipient's owner directory, if present.
src/xrpld/app/tx/detail/Escrow.cpp:1158:        if (!ctx_.view().dirRemove(
src/xrpld/app/tx/detail/Escrow.cpp:1159:                keylet::ownerDir(destID), *optPage, k.key, true))
src/xrpld/app/tx/detail/Escrow.cpp:1180:        auto const issuer = amount.getIssuer();
src/xrpld/app/tx/detail/Escrow.cpp:1200:        // Remove escrow from issuers owner directory, if present.
src/xrpld/app/tx/detail/Escrow.cpp:1201:        if (auto const optPage = (*slep)[~sfIssuerNode]; optPage)
src/xrpld/app/tx/detail/Escrow.cpp:1203:            if (!ctx_.view().dirRemove(
src/xrpld/app/tx/detail/Escrow.cpp:1204:                    keylet::ownerDir(issuer), *optPage, k.key, true))
src/xrpld/app/tx/detail/Escrow.cpp:1216:    // Adjust source owner count
src/xrpld/app/tx/detail/Escrow.cpp:1218:    adjustOwnerCount(ctx_.view(), sle, -1, ctx_.journal);
src/xrpld/app/tx/detail/Escrow.cpp:1255:    AccountID issuer = amount.getIssuer();
src/xrpld/app/tx/detail/Escrow.cpp:1275:    AccountID issuer = amount.getIssuer();
src/xrpld/app/tx/detail/Escrow.cpp:1306:            return tecNO_TARGET;
src/xrpld/app/tx/detail/Escrow.cpp:1336:        return tecNO_TARGET;
src/xrpld/app/tx/detail/Escrow.cpp:1345:            return tecNO_PERMISSION;
src/xrpld/app/tx/detail/Escrow.cpp:1349:            return tecNO_PERMISSION;
src/xrpld/app/tx/detail/Escrow.cpp:1360:            return tecNO_PERMISSION;
src/xrpld/app/tx/detail/Escrow.cpp:1366:    // Remove escrow from owner directory
src/xrpld/app/tx/detail/Escrow.cpp:1369:        if (!ctx_.view().dirRemove(
src/xrpld/app/tx/detail/Escrow.cpp:1370:                keylet::ownerDir(account), page, k.key, true))
src/xrpld/app/tx/detail/Escrow.cpp:1373:            JLOG(j_.fatal()) << "Unable to delete Escrow from owner.";
src/xrpld/app/tx/detail/Escrow.cpp:1379:    // Remove escrow from recipient's owner directory, if present.
src/xrpld/app/tx/detail/Escrow.cpp:1382:        if (!ctx_.view().dirRemove(
src/xrpld/app/tx/detail/Escrow.cpp:1383:                keylet::ownerDir((*slep)[sfDestination]),
src/xrpld/app/tx/detail/Escrow.cpp:1398:    // Transfer amount back to the owner
src/xrpld/app/tx/detail/Escrow.cpp:1406:        auto const issuer = amount.getIssuer();
src/xrpld/app/tx/detail/Escrow.cpp:1426:        // Remove escrow from issuers owner directory, if present.
src/xrpld/app/tx/detail/Escrow.cpp:1427:        if (auto const optPage = (*slep)[~sfIssuerNode]; optPage)
src/xrpld/app/tx/detail/Escrow.cpp:1429:            if (!ctx_.view().dirRemove(
src/xrpld/app/tx/detail/Escrow.cpp:1430:                    keylet::ownerDir(issuer), *optPage, k.key, true))
src/xrpld/app/tx/detail/Escrow.cpp:1440:    adjustOwnerCount(ctx_.view(), sle, -1, ctx_.journal);
src/xrpld/app/tx/detail/DID.cpp:20:#include <xrpld/app/tx/detail/DID.h>
src/xrpld/app/tx/detail/DID.cpp:32:    DID
src/xrpld/app/tx/detail/DID.cpp:35:    Decentralized Identifiers (DIDs) are a new type of identifier that enable
src/xrpld/app/tx/detail/DID.cpp:38:    conforms to the requirements specified in the DID v1.0 specification
src/xrpld/app/tx/detail/DID.cpp:39:    currently recommended by the W3C Credentials Community Group
src/xrpld/app/tx/detail/DID.cpp:46:DIDSet::preflight(PreflightContext const& ctx)
src/xrpld/app/tx/detail/DID.cpp:48:    if (!ctx.tx.isFieldPresent(sfURI) &&
src/xrpld/app/tx/detail/DID.cpp:49:        !ctx.tx.isFieldPresent(sfDIDDocument) && !ctx.tx.isFieldPresent(sfData))
src/xrpld/app/tx/detail/DID.cpp:50:        return temEMPTY_DID;
src/xrpld/app/tx/detail/DID.cpp:52:    if (ctx.tx.isFieldPresent(sfURI) && ctx.tx[sfURI].empty() &&
src/xrpld/app/tx/detail/DID.cpp:53:        ctx.tx.isFieldPresent(sfDIDDocument) && ctx.tx[sfDIDDocument].empty() &&
src/xrpld/app/tx/detail/DID.cpp:55:        return temEMPTY_DID;
src/xrpld/app/tx/detail/DID.cpp:63:    if (isTooLong(sfURI, maxDIDURILength) ||
src/xrpld/app/tx/detail/DID.cpp:64:        isTooLong(sfDIDDocument, maxDIDDocumentLength) ||
src/xrpld/app/tx/detail/DID.cpp:65:        isTooLong(sfData, maxDIDAttestationLength))
src/xrpld/app/tx/detail/DID.cpp:75:    AccountID const& owner)
src/xrpld/app/tx/detail/DID.cpp:77:    auto const sleAccount = ctx.view().peek(keylet::account(owner));
src/xrpld/app/tx/detail/DID.cpp:79:        return tefINTERNAL;  // LCOV_EXCL_LINE
src/xrpld/app/tx/detail/DID.cpp:85:            ctx.view().fees().accountReserve((*sleAccount)[sfOwnerCount] + 1);
src/xrpld/app/tx/detail/DID.cpp:94:    // Add ledger object to owner's page
src/xrpld/app/tx/detail/DID.cpp:96:        auto page = ctx.view().dirInsert(
src/xrpld/app/tx/detail/DID.cpp:97:            keylet::ownerDir(owner), sle->key(), describeOwnerDir(owner));
src/xrpld/app/tx/detail/DID.cpp:99:            return tecDIR_FULL;  // LCOV_EXCL_LINE
src/xrpld/app/tx/detail/DID.cpp:102:    adjustOwnerCount(ctx.view(), sleAccount, 1, ctx.journal);
src/xrpld/app/tx/detail/DID.cpp:109:DIDSet::doApply()
src/xrpld/app/tx/detail/DID.cpp:113:    if (auto const sleDID = ctx_.view().peek(didKeylet))
src/xrpld/app/tx/detail/DID.cpp:120:                    sleDID->makeFieldAbsent(sField);
src/xrpld/app/tx/detail/DID.cpp:124:                    (*sleDID)[sField] = *field;
src/xrpld/app/tx/detail/DID.cpp:128:        update(sfURI);
src/xrpld/app/tx/detail/DID.cpp:129:        update(sfDIDDocument);
src/xrpld/app/tx/detail/DID.cpp:132:        if (!sleDID->isFieldPresent(sfURI) &&
src/xrpld/app/tx/detail/DID.cpp:133:            !sleDID->isFieldPresent(sfDIDDocument) &&
src/xrpld/app/tx/detail/DID.cpp:134:            !sleDID->isFieldPresent(sfData))
src/xrpld/app/tx/detail/DID.cpp:136:            return tecEMPTY_DID;
src/xrpld/app/tx/detail/DID.cpp:138:        ctx_.view().update(sleDID);
src/xrpld/app/tx/detail/DID.cpp:143:    auto const sleDID = std::make_shared<SLE>(didKeylet);
src/xrpld/app/tx/detail/DID.cpp:144:    (*sleDID)[sfAccount] = account_;
src/xrpld/app/tx/detail/DID.cpp:148:            (*sleDID)[sField] = *field;
src/xrpld/app/tx/detail/DID.cpp:151:    set(sfURI);
src/xrpld/app/tx/detail/DID.cpp:152:    set(sfDIDDocument);
src/xrpld/app/tx/detail/DID.cpp:154:    if (ctx_.view().rules().enabled(fixEmptyDID) &&
src/xrpld/app/tx/detail/DID.cpp:155:        !sleDID->isFieldPresent(sfURI) &&
src/xrpld/app/tx/detail/DID.cpp:156:        !sleDID->isFieldPresent(sfDIDDocument) &&
src/xrpld/app/tx/detail/DID.cpp:157:        !sleDID->isFieldPresent(sfData))
src/xrpld/app/tx/detail/DID.cpp:159:        return tecEMPTY_DID;
src/xrpld/app/tx/detail/DID.cpp:162:    return addSLE(ctx_, sleDID, account_);
src/xrpld/app/tx/detail/DID.cpp:166:DIDDelete::preflight(PreflightContext const& ctx)
src/xrpld/app/tx/detail/DID.cpp:172:DIDDelete::deleteSLE(ApplyContext& ctx, Keylet sleKeylet, AccountID const owner)
src/xrpld/app/tx/detail/DID.cpp:176:        return tecNO_ENTRY;
src/xrpld/app/tx/detail/DID.cpp:178:    return DIDDelete::deleteSLE(ctx.view(), sle, owner, ctx.journal);
src/xrpld/app/tx/detail/DID.cpp:182:DIDDelete::deleteSLE(
src/xrpld/app/tx/detail/DID.cpp:185:    AccountID const owner,
src/xrpld/app/tx/detail/DID.cpp:188:    // Remove object from owner directory
src/xrpld/app/tx/detail/DID.cpp:189:    if (!view.dirRemove(
src/xrpld/app/tx/detail/DID.cpp:190:            keylet::ownerDir(owner), (*sle)[sfOwnerNode], sle->key(), true))
src/xrpld/app/tx/detail/DID.cpp:193:        JLOG(j.fatal()) << "Unable to delete DID Token from owner.";
src/xrpld/app/tx/detail/DID.cpp:198:    auto const sleOwner = view.peek(keylet::account(owner));
src/xrpld/app/tx/detail/DID.cpp:202:    adjustOwnerCount(view, sleOwner, -1, j);
src/xrpld/app/tx/detail/DID.cpp:211:DIDDelete::doApply()
src/xrpld/app/tx/detail/DID.cpp:213:    return deleteSLE(ctx_, keylet::did(account_), account_);
src/xrpld/app/tx/detail/DeleteAccount.cpp:20:#include <xrpld/app/tx/detail/DID.h>
src/xrpld/app/tx/detail/DeleteAccount.cpp:24:#include <xrpld/app/tx/detail/DepositPreauth.h>
src/xrpld/app/tx/detail/DeleteAccount.cpp:31:#include <xrpl/ledger/CredentialHelpers.h>
src/xrpld/app/tx/detail/DeleteAccount.cpp:47:    if (ctx.tx.isFieldPresent(sfCredentialIDs) &&
src/xrpld/app/tx/detail/DeleteAccount.cpp:48:        !ctx.rules.enabled(featureCredentials))
src/xrpld/app/tx/detail/DeleteAccount.cpp:71:    // The fee required for AccountDelete is one owner reserve.
src/xrpld/app/tx/detail/DeleteAccount.cpp:123:removeDepositPreauthFromLedger(
src/xrpld/app/tx/detail/DeleteAccount.cpp:131:    return DepositPreauth::removeFromLedger(view, delIndex, j);
src/xrpld/app/tx/detail/DeleteAccount.cpp:150:removeDIDFromLedger(
src/xrpld/app/tx/detail/DeleteAccount.cpp:158:    return DIDDelete::deleteSLE(view, sleDel, account, j);
src/xrpld/app/tx/detail/DeleteAccount.cpp:174:removeCredentialFromLedger(
src/xrpld/app/tx/detail/DeleteAccount.cpp:182:    return credentials::deleteSLE(view, sleDel, j);
src/xrpld/app/tx/detail/DeleteAccount.cpp:212:            return removeDepositPreauthFromLedger;
src/xrpld/app/tx/detail/DeleteAccount.cpp:215:        case ltDID:
src/xrpld/app/tx/detail/DeleteAccount.cpp:216:            return removeDIDFromLedger;
src/xrpld/app/tx/detail/DeleteAccount.cpp:220:            return removeCredentialFromLedger;
src/xrpld/app/tx/detail/DeleteAccount.cpp:251:    if (!ctx.tx.isFieldPresent(sfCredentialIDs))
src/xrpld/app/tx/detail/DeleteAccount.cpp:254:        if (ctx.view.rules().enabled(featureDepositAuth) &&
src/xrpld/app/tx/detail/DeleteAccount.cpp:255:            (sleDst->getFlags() & lsfDepositAuth))
src/xrpld/app/tx/detail/DeleteAccount.cpp:258:                return tecNO_PERMISSION;
src/xrpld/app/tx/detail/DeleteAccount.cpp:316:    Keylet const ownerDirKeylet{keylet::ownerDir(account)};
src/xrpld/app/tx/detail/DeleteAccount.cpp:317:    if (dirIsEmpty(ctx.view, ownerDirKeylet))
src/xrpld/app/tx/detail/DeleteAccount.cpp:324:    // Account has no directory at all.  This _should_ have been caught
src/xrpld/app/tx/detail/DeleteAccount.cpp:327:            ctx.view, ownerDirKeylet.key, sleDirNode, uDirEntry, dirEntry))
src/xrpld/app/tx/detail/DeleteAccount.cpp:333:        // Make sure any directory node types that we find are the kind
src/xrpld/app/tx/detail/DeleteAccount.cpp:341:                << "DeleteAccount: directory node in ledger " << ctx.view.seq()
src/xrpld/app/tx/detail/DeleteAccount.cpp:354:        // We found a deletable directory entry.  Count it.  If we find too
src/xrpld/app/tx/detail/DeleteAccount.cpp:355:        // many deletable directory entries then bail out.
src/xrpld/app/tx/detail/DeleteAccount.cpp:360:        ctx.view, ownerDirKeylet.key, sleDirNode, uDirEntry, dirEntry));
src/xrpld/app/tx/detail/DeleteAccount.cpp:380:    if (ctx_.view().rules().enabled(featureDepositAuth) &&
src/xrpld/app/tx/detail/DeleteAccount.cpp:381:        ctx_.tx.isFieldPresent(sfCredentialIDs))
src/xrpld/app/tx/detail/DeleteAccount.cpp:383:        if (auto err = verifyDepositPreauth(
src/xrpld/app/tx/detail/DeleteAccount.cpp:389:    Keylet const ownerDirKeylet{keylet::ownerDir(account_)};
src/xrpld/app/tx/detail/DeleteAccount.cpp:392:        ownerDirKeylet,
src/xrpld/app/tx/detail/DeleteAccount.cpp:426:    // If there's still an owner directory associated with the source account
src/xrpld/app/tx/detail/DeleteAccount.cpp:428:    if (view().exists(ownerDirKeylet) && !view().emptyDirDelete(ownerDirKeylet))
src/test/app/Escrow_test.cpp:101:                    ter(tecNO_PERMISSION));
src/test/app/Escrow_test.cpp:126:                    ter(tecNO_PERMISSION));
src/test/app/Escrow_test.cpp:133:                ter(tecNO_PERMISSION));
src/test/app/Escrow_test.cpp:161:                    ter(tecNO_PERMISSION));
src/test/app/Escrow_test.cpp:164:                    ter(tecNO_PERMISSION));
src/test/app/Escrow_test.cpp:170:                ter(tecNO_PERMISSION));
src/test/app/Escrow_test.cpp:198:                    ter(tecNO_PERMISSION));
src/test/app/Escrow_test.cpp:201:                    ter(tecNO_PERMISSION));
src/test/app/Escrow_test.cpp:209:                    ter(tecNO_PERMISSION));
src/test/app/Escrow_test.cpp:215:                ter(tecNO_PERMISSION));
src/test/app/Escrow_test.cpp:276:            Env env(*this, features - featureDepositAuth);
src/test/app/Escrow_test.cpp:282:                ter(tecNO_TARGET));
src/test/app/Escrow_test.cpp:389:            ter(tecNO_PERMISSION));
src/test/app/Escrow_test.cpp:395:            ter(tecNO_PERMISSION));
src/test/app/Escrow_test.cpp:408:            // tecNO_PERMISSION: token escrow is enabled but the issuer did not
src/test/app/Escrow_test.cpp:411:                withTokenEscrow ? ter(tecNO_PERMISSION) : ter(temBAD_AMOUNT);
src/test/app/Escrow_test.cpp:436:            ter(tecNO_PERMISSION));
src/test/app/Escrow_test.cpp:497:                ter(tecNO_TARGET));
src/test/app/Escrow_test.cpp:535:            env(escrow::cancel("bob", "alice", seq), ter(tecNO_PERMISSION));
src/test/app/Escrow_test.cpp:536:            env(escrow::finish("bob", "alice", seq), ter(tecNO_PERMISSION));
src/test/app/Escrow_test.cpp:540:            env(escrow::cancel("bob", "alice", seq), ter(tecNO_PERMISSION));
src/test/app/Escrow_test.cpp:560:            env(escrow::cancel("zelda", "alice", seq), ter(tecNO_PERMISSION));
src/test/app/Escrow_test.cpp:561:            env(escrow::finish("zelda", "alice", seq), ter(tecNO_PERMISSION));
src/test/app/Escrow_test.cpp:565:            env(escrow::cancel("zelda", "alice", seq), ter(tecNO_PERMISSION));
src/test/app/Escrow_test.cpp:576:            // Bob sets DepositAuth so only Bob can finish the escrow.
src/test/app/Escrow_test.cpp:581:            env(fset("bob", asfDepositAuth));
src/test/app/Escrow_test.cpp:591:            env(escrow::cancel("zelda", "alice", seq), ter(tecNO_PERMISSION));
src/test/app/Escrow_test.cpp:592:            env(escrow::cancel("alice", "alice", seq), ter(tecNO_PERMISSION));
src/test/app/Escrow_test.cpp:593:            env(escrow::cancel("bob", "alice", seq), ter(tecNO_PERMISSION));
src/test/app/Escrow_test.cpp:594:            env(escrow::finish("zelda", "alice", seq), ter(tecNO_PERMISSION));
src/test/app/Escrow_test.cpp:595:            env(escrow::finish("alice", "alice", seq), ter(tecNO_PERMISSION));
src/test/app/Escrow_test.cpp:596:            env(escrow::finish("bob", "alice", seq), ter(tecNO_PERMISSION));
src/test/app/Escrow_test.cpp:600:            // Bob, because of DepositAuth.
src/test/app/Escrow_test.cpp:601:            env(escrow::cancel("zelda", "alice", seq), ter(tecNO_PERMISSION));
src/test/app/Escrow_test.cpp:602:            env(escrow::cancel("alice", "alice", seq), ter(tecNO_PERMISSION));
src/test/app/Escrow_test.cpp:603:            env(escrow::cancel("bob", "alice", seq), ter(tecNO_PERMISSION));
src/test/app/Escrow_test.cpp:604:            env(escrow::finish("zelda", "alice", seq), ter(tecNO_PERMISSION));
src/test/app/Escrow_test.cpp:605:            env(escrow::finish("alice", "alice", seq), ter(tecNO_PERMISSION));
src/test/app/Escrow_test.cpp:614:            // Bob sets DepositAuth but preauthorizes Zelda, so Zelda can
src/test/app/Escrow_test.cpp:620:            env(fset("bob", asfDepositAuth));
src/test/app/Escrow_test.cpp:631:            // DepositPreauth allows Finish to succeed for either Zelda or
src/test/app/Escrow_test.cpp:634:            env(escrow::finish("alice", "alice", seq), ter(tecNO_PERMISSION));
src/test/app/Escrow_test.cpp:655:            env(escrow::cancel("alice", "alice", seq), ter(tecNO_PERMISSION));
src/test/app/Escrow_test.cpp:656:            env(escrow::cancel("bob", "alice", seq), ter(tecNO_PERMISSION));
src/test/app/Escrow_test.cpp:657:            env(escrow::finish("alice", "alice", seq), ter(tecNO_PERMISSION));
src/test/app/Escrow_test.cpp:662:                ter(tecNO_PERMISSION));
src/test/app/Escrow_test.cpp:663:            env(escrow::finish("bob", "alice", seq), ter(tecNO_PERMISSION));
src/test/app/Escrow_test.cpp:668:                ter(tecNO_PERMISSION));
src/test/app/Escrow_test.cpp:673:            env(escrow::cancel("alice", "alice", seq), ter(tecNO_PERMISSION));
src/test/app/Escrow_test.cpp:674:            env(escrow::cancel("bob", "alice", seq), ter(tecNO_PERMISSION));
src/test/app/Escrow_test.cpp:687:            // Self-escrowed conditional with DepositAuth.
src/test/app/Escrow_test.cpp:707:            env(fset("alice", asfDepositAuth));
src/test/app/Escrow_test.cpp:719:                ter(tecNO_PERMISSION));
src/test/app/Escrow_test.cpp:726:            // Self-escrowed conditional with DepositAuth and DepositPreauth.
src/test/app/Escrow_test.cpp:739:            // set the lsfDepositAuth flag (yet).
src/test/app/Escrow_test.cpp:753:            env(fset("alice", asfDepositAuth));
src/test/app/Escrow_test.cpp:765:                ter(tecNO_PERMISSION));
src/test/app/Escrow_test.cpp:786:            BEAST_EXPECT((*env.le("alice"))[sfOwnerCount] == 0);
src/test/app/Escrow_test.cpp:790:            BEAST_EXPECT((*env.le("alice"))[sfOwnerCount] == 1);
src/test/app/Escrow_test.cpp:793:            env(escrow::cancel("bob", "alice", seq), ter(tecNO_PERMISSION));
src/test/app/Escrow_test.cpp:794:            BEAST_EXPECT((*env.le("alice"))[sfOwnerCount] == 1);
src/test/app/Escrow_test.cpp:799:            BEAST_EXPECT((*env.le("alice"))[sfOwnerCount] == 1);
src/test/app/Escrow_test.cpp:807:            BEAST_EXPECT((*env.le("alice"))[sfOwnerCount] == 1);
src/test/app/Escrow_test.cpp:813:            BEAST_EXPECT((*env.le("alice"))[sfOwnerCount] == 1);
src/test/app/Escrow_test.cpp:819:            BEAST_EXPECT((*env.le("alice"))[sfOwnerCount] == 1);
src/test/app/Escrow_test.cpp:828:            BEAST_EXPECT((*env.le("alice"))[sfOwnerCount] == 1);
src/test/app/Escrow_test.cpp:834:            BEAST_EXPECT((*env.le("alice"))[sfOwnerCount] == 1);
src/test/app/Escrow_test.cpp:840:            BEAST_EXPECT((*env.le("alice"))[sfOwnerCount] == 1);
src/test/app/Escrow_test.cpp:850:            BEAST_EXPECT((*env.le("alice"))[sfOwnerCount] == 0);
src/test/app/Escrow_test.cpp:852:            env(escrow::cancel("bob", "alice", seq), ter(tecNO_TARGET));
src/test/app/Escrow_test.cpp:853:            BEAST_EXPECT((*env.le("alice"))[sfOwnerCount] == 0);
src/test/app/Escrow_test.cpp:854:            env(escrow::cancel("bob", "carol", 1), ter(tecNO_TARGET));
src/test/app/Escrow_test.cpp:861:            BEAST_EXPECT((*env.le("alice"))[sfOwnerCount] == 0);
src/test/app/Escrow_test.cpp:882:            BEAST_EXPECT((*env.le("alice"))[sfOwnerCount] == 1);
src/test/app/Escrow_test.cpp:884:            env(escrow::cancel("bob", "alice", seq), ter(tecNO_PERMISSION));
src/test/app/Escrow_test.cpp:885:            BEAST_EXPECT((*env.le("alice"))[sfOwnerCount] == 1);
src/test/app/Escrow_test.cpp:892:                ter(tecNO_PERMISSION));
src/test/app/Escrow_test.cpp:893:            BEAST_EXPECT((*env.le("alice"))[sfOwnerCount] == 1);
src/test/app/Escrow_test.cpp:1199:                ripple::Dir aod(*env.current(), keylet::ownerDir(alice.id()));
src/test/app/Escrow_test.cpp:1216:                ripple::Dir bod(*env.current(), keylet::ownerDir(bruce.id()));
src/test/app/Escrow_test.cpp:1230:                ripple::Dir aod(*env.current(), keylet::ownerDir(alice.id()));
src/test/app/Escrow_test.cpp:1235:                ripple::Dir bod(*env.current(), keylet::ownerDir(bruce.id()));
src/test/app/Escrow_test.cpp:1249:                ripple::Dir bod(*env.current(), keylet::ownerDir(bruce.id()));
src/test/app/Escrow_test.cpp:1284:                ripple::Dir aod(*env.current(), keylet::ownerDir(alice.id()));
src/test/app/Escrow_test.cpp:1289:                ripple::Dir bod(*env.current(), keylet::ownerDir(bruce.id()));
src/test/app/Escrow_test.cpp:1296:                ripple::Dir cod(*env.current(), keylet::ownerDir(carol.id()));
src/test/app/Escrow_test.cpp:1308:                ripple::Dir aod(*env.current(), keylet::ownerDir(alice.id()));
src/test/app/Escrow_test.cpp:1313:                ripple::Dir bod(*env.current(), keylet::ownerDir(bruce.id()));
src/test/app/Escrow_test.cpp:1320:                ripple::Dir cod(*env.current(), keylet::ownerDir(carol.id()));
src/test/app/Escrow_test.cpp:1330:                ripple::Dir aod(*env.current(), keylet::ownerDir(alice.id()));
src/test/app/Escrow_test.cpp:1335:                ripple::Dir bod(*env.current(), keylet::ownerDir(bruce.id()));
src/test/app/Escrow_test.cpp:1342:                ripple::Dir cod(*env.current(), keylet::ownerDir(carol.id()));
src/test/app/Escrow_test.cpp:1465:                    ter(tecNO_PERMISSION));
src/test/app/Escrow_test.cpp:1526:                    ter(tecNO_PERMISSION));
src/test/app/Escrow_test.cpp:1536:                ter(tecNO_PERMISSION));
src/test/app/Escrow_test.cpp:1552:    testCredentials(FeatureBitset features)
src/test/app/Escrow_test.cpp:1568:            // Credentials amendment not enabled
src/test/app/Escrow_test.cpp:1569:            Env env(*this, features - featureCredentials);
src/test/app/Escrow_test.cpp:1578:            env(fset(bob, asfDepositAuth));
src/test/app/Escrow_test.cpp:1609:            env(fset(bob, asfDepositAuth));
src/test/app/Escrow_test.cpp:1630:                ter(tecNO_PERMISSION));
src/test/app/Escrow_test.cpp:1632:            env(deposit::authCredentials(bob, {{zelda, credType}}));
src/test/app/Escrow_test.cpp:1691:                env(fset(bob, asfDepositAuth));
src/test/app/Escrow_test.cpp:1693:                env(deposit::authCredentials(bob, {{zelda, credType}}));
src/test/app/Escrow_test.cpp:1718:        testCredentials(features);
src/test/app/MPToken_test.cpp:52:            mptAlice.create({.ownerCount = 0, .err = temDISABLED});
src/test/app/MPToken_test.cpp:81:            else if (!features[featurePermissionedDomains])
src/test/app/MPToken_test.cpp:179:                 .ownerCount = 1,
src/test/app/MPToken_test.cpp:195:            Account const credIssuer1{"credIssuer1"};
src/test/app/MPToken_test.cpp:198:            pdomain::Credentials const credentials1{
src/test/app/MPToken_test.cpp:199:                {.issuer = credIssuer1, .credType = credType}};
src/test/app/MPToken_test.cpp:203:                env.fund(XRP(1000), credIssuer1);
src/test/app/MPToken_test.cpp:205:                env(pdomain::setTx(credIssuer1, credentials1));
src/test/app/MPToken_test.cpp:217:                    .ownerCount = 1,
src/test/app/MPToken_test.cpp:248:            mptAlice.destroy({.id = id, .ownerCount = 0, .err = temDISABLED});
src/test/app/MPToken_test.cpp:263:                 .ownerCount = 0,
src/test/app/MPToken_test.cpp:266:            mptAlice.create({.ownerCount = 1});
src/test/app/MPToken_test.cpp:269:            mptAlice.destroy({.issuer = bob, .err = tecNO_PERMISSION});
src/test/app/MPToken_test.cpp:298:        mptAlice.create({.ownerCount = 1});
src/test/app/MPToken_test.cpp:300:        mptAlice.destroy({.ownerCount = 0});
src/test/app/MPToken_test.cpp:328:            mptAlice.create({.ownerCount = 1});
src/test/app/MPToken_test.cpp:361:            mptAlice.create({.ownerCount = 1});
src/test/app/MPToken_test.cpp:365:                {.account = bob, .holder = alice, .err = tecNO_PERMISSION});
src/test/app/MPToken_test.cpp:368:            mptAlice.authorize({.account = alice, .err = tecNO_PERMISSION});
src/test/app/MPToken_test.cpp:413:            mptAlice.create({.ownerCount = 1, .flags = tfMPTRequireAuth});
src/test/app/MPToken_test.cpp:416:            mptAlice.authorize({.err = tecNO_PERMISSION});
src/test/app/MPToken_test.cpp:466:            mptAlice3.create({.ownerCount = 3});
src/test/app/MPToken_test.cpp:500:            mptAlice.create({.ownerCount = 1});
src/test/app/MPToken_test.cpp:520:            mptAlice.create({.ownerCount = 1, .flags = tfMPTRequireAuth});
src/test/app/MPToken_test.cpp:545:            mptAlice.create({.ownerCount = 1});
src/test/app/MPToken_test.cpp:551:            mptAlice.destroy({.ownerCount = 0});
src/test/app/MPToken_test.cpp:581:            mptAlice.create({.ownerCount = 1, .holderCount = 0});
src/test/app/MPToken_test.cpp:599:                     .err = tecNO_PERMISSION});
src/test/app/MPToken_test.cpp:605:                     .err = tecNO_PERMISSION});
src/test/app/MPToken_test.cpp:627:                if (!features[featurePermissionedDomains] ||
src/test/app/MPToken_test.cpp:669:            mptAlice.create({.ownerCount = 1});
src/test/app/MPToken_test.cpp:675:                 .err = tecNO_PERMISSION});
src/test/app/MPToken_test.cpp:681:                 .err = tecNO_PERMISSION});
src/test/app/MPToken_test.cpp:689:                 .err = tecNO_PERMISSION});
src/test/app/MPToken_test.cpp:697:                 .err = tecNO_PERMISSION});
src/test/app/MPToken_test.cpp:714:            mptAlice.create({.ownerCount = 1, .flags = tfMPTCanLock});
src/test/app/MPToken_test.cpp:718:                {.account = bob, .flags = tfMPTLock, .err = tecNO_PERMISSION});
src/test/app/MPToken_test.cpp:732:            features[featurePermissionedDomains])
src/test/app/MPToken_test.cpp:735:            Account const credIssuer1{"credIssuer1"};
src/test/app/MPToken_test.cpp:738:            pdomain::Credentials const credentials1{
src/test/app/MPToken_test.cpp:739:                {.issuer = credIssuer1, .credType = credType}};
src/test/app/MPToken_test.cpp:749:                    {.domainID = uint256(42), .err = tecNO_PERMISSION});
src/test/app/MPToken_test.cpp:752:                    {.domainID = beast::zero, .err = tecNO_PERMISSION});
src/test/app/MPToken_test.cpp:769:                     .err = tecNO_PERMISSION});
src/test/app/MPToken_test.cpp:774:                     .err = tecNO_PERMISSION});
src/test/app/MPToken_test.cpp:796:                {.ownerCount = 1, .holderCount = 0, .flags = tfMPTCanLock});
src/test/app/MPToken_test.cpp:839:                 .err = tecNO_PERMISSION});
src/test/app/MPToken_test.cpp:865:                Account const credIssuer1{"credIssuer1"};
src/test/app/MPToken_test.cpp:866:                env.fund(XRP(1000), credIssuer1);
src/test/app/MPToken_test.cpp:868:                pdomain::Credentials const credentials1{
src/test/app/MPToken_test.cpp:869:                    {.issuer = credIssuer1, .credType = credType}};
src/test/app/MPToken_test.cpp:871:                env(pdomain::setTx(credIssuer1, credentials1));
src/test/app/MPToken_test.cpp:879:                Account const credIssuer2{"credIssuer2"};
src/test/app/MPToken_test.cpp:880:                env.fund(XRP(1000), credIssuer2);
src/test/app/MPToken_test.cpp:882:                pdomain::Credentials const credentials2{
src/test/app/MPToken_test.cpp:883:                    {.issuer = credIssuer2, .credType = credType}};
src/test/app/MPToken_test.cpp:885:                env(pdomain::setTx(credIssuer2, credentials2));
src/test/app/MPToken_test.cpp:896:                {.ownerCount = 1, .holderCount = 0, .flags = tfMPTRequireAuth});
src/test/app/MPToken_test.cpp:967:            mptAlice.create({.ownerCount = 1, .holderCount = 0});
src/test/app/MPToken_test.cpp:986:            mptAlice.create({.ownerCount = 1, .holderCount = 0});
src/test/app/MPToken_test.cpp:1031:            mptAlice.create({.ownerCount = 1, .holderCount = 0});
src/test/app/MPToken_test.cpp:1054:            mptAlice.create({.ownerCount = 1, .holderCount = 0});
src/test/app/MPToken_test.cpp:1075:            mptAlice.create({.ownerCount = 1, .holderCount = 0});
src/test/app/MPToken_test.cpp:1090:            mptAlice.create({.ownerCount = 1, .holderCount = 0});
src/test/app/MPToken_test.cpp:1110:                {.ownerCount = 1,
src/test/app/MPToken_test.cpp:1127:                {.ownerCount = 1,
src/test/app/MPToken_test.cpp:1150:            features[featurePermissionedDomains])
src/test/app/MPToken_test.cpp:1156:                Account const credIssuer1{"credIssuer1"};
src/test/app/MPToken_test.cpp:1157:                env.fund(XRP(1000), credIssuer1, bob);
src/test/app/MPToken_test.cpp:1160:                    pdomain::Credentials const credentials1{
src/test/app/MPToken_test.cpp:1161:                        {.issuer = credIssuer1, .credType = credType}};
src/test/app/MPToken_test.cpp:1163:                    env(pdomain::setTx(credIssuer1, credentials1));
src/test/app/MPToken_test.cpp:1170:                env(credentials::create(bob, credIssuer1, credType));
src/test/app/MPToken_test.cpp:1171:                env(credentials::accept(bob, credIssuer1, credType));
src/test/app/MPToken_test.cpp:1178:                    .ownerCount = 1,
src/test/app/MPToken_test.cpp:1198:                Account const credIssuer1{"credIssuer1"};
src/test/app/MPToken_test.cpp:1199:                env.fund(XRP(1000), credIssuer1, bob);
src/test/app/MPToken_test.cpp:1202:                    pdomain::Credentials const credentials1{
src/test/app/MPToken_test.cpp:1203:                        {.issuer = credIssuer1, .credType = credType}};
src/test/app/MPToken_test.cpp:1205:                    env(pdomain::setTx(credIssuer1, credentials1));
src/test/app/MPToken_test.cpp:1212:                env(credentials::create(bob, credIssuer1, credType));
src/test/app/MPToken_test.cpp:1213:                env(credentials::accept(bob, credIssuer1, credType));
src/test/app/MPToken_test.cpp:1220:                    .ownerCount = 1,
src/test/app/MPToken_test.cpp:1254:                // credIssuer1 is the owner of domainId1 and a credential issuer
src/test/app/MPToken_test.cpp:1255:                Account const credIssuer1{"credIssuer1"};
src/test/app/MPToken_test.cpp:1256:                // credIssuer2 is the owner of domainId2 and a credential issuer
src/test/app/MPToken_test.cpp:1257:                // Note, domainId2 also lists credentials issued by credIssuer1
src/test/app/MPToken_test.cpp:1258:                Account const credIssuer2{"credIssuer2"};
src/test/app/MPToken_test.cpp:1259:                env.fund(XRP(1000), credIssuer1, credIssuer2, bob, carol);
src/test/app/MPToken_test.cpp:1262:                    pdomain::Credentials const credentials{
src/test/app/MPToken_test.cpp:1263:                        {.issuer = credIssuer1, .credType = credType}};
src/test/app/MPToken_test.cpp:1265:                    env(pdomain::setTx(credIssuer1, credentials));
src/test/app/MPToken_test.cpp:1273:                    pdomain::Credentials const credentials{
src/test/app/MPToken_test.cpp:1274:                        {.issuer = credIssuer1, .credType = credType},
src/test/app/MPToken_test.cpp:1275:                        {.issuer = credIssuer2, .credType = credType}};
src/test/app/MPToken_test.cpp:1277:                    env(pdomain::setTx(credIssuer2, credentials));
src/test/app/MPToken_test.cpp:1284:                // bob is authorized via credIssuer1 which is recognized by both
src/test/app/MPToken_test.cpp:1286:                env(credentials::create(bob, credIssuer1, credType));
src/test/app/MPToken_test.cpp:1287:                env(credentials::accept(bob, credIssuer1, credType));
src/test/app/MPToken_test.cpp:1290:                // carol is authorized via credIssuer2, only recognized by
src/test/app/MPToken_test.cpp:1292:                env(credentials::create(carol, credIssuer2, credType));
src/test/app/MPToken_test.cpp:1293:                env(credentials::accept(carol, credIssuer2, credType));
src/test/app/MPToken_test.cpp:1300:                    .ownerCount = 1,
src/test/app/MPToken_test.cpp:1317:                // domain (since credIssuer2 is not recognized by domainId1)
src/test/app/MPToken_test.cpp:1322:                // credIssuer1 and credIssuer2
src/test/app/MPToken_test.cpp:1335:                    credIssuer1, bob, credIssuer1, credType));
src/test/app/MPToken_test.cpp:1353:            mptAlice.create({.ownerCount = 1, .holderCount = 0});
src/test/app/MPToken_test.cpp:1379:                {.ownerCount = 1, .holderCount = 0, .flags = tfMPTCanTransfer});
src/test/app/MPToken_test.cpp:1397:            mptAlice.create({.ownerCount = 1, .flags = tfMPTCanTransfer});
src/test/app/MPToken_test.cpp:1418:                {.ownerCount = 1, .flags = tfMPTCanLock | tfMPTCanTransfer});
src/test/app/MPToken_test.cpp:1431:            // Issuer can send
src/test/app/MPToken_test.cpp:1443:            // Issuer can send
src/test/app/MPToken_test.cpp:1458:                 .ownerCount = 1,
src/test/app/MPToken_test.cpp:1512:                {.ownerCount = 1, .holderCount = 0, .flags = tfMPTCanTransfer});
src/test/app/MPToken_test.cpp:1545:                {.ownerCount = 1, .holderCount = 0, .flags = tfMPTCanTransfer});
src/test/app/MPToken_test.cpp:1567:        // Issuer fails trying to send more than the maximum amount allowed
src/test/app/MPToken_test.cpp:1575:                 .ownerCount = 1,
src/test/app/MPToken_test.cpp:1588:        // Issuer fails trying to send more than the default maximum
src/test/app/MPToken_test.cpp:1595:            mptAlice.create({.ownerCount = 1, .holderCount = 0});
src/test/app/MPToken_test.cpp:1631:                 .ownerCount = 1,
src/test/app/MPToken_test.cpp:1649:            // Issuer got 10 in the transfer fees
src/test/app/MPToken_test.cpp:1680:                 .ownerCount = 1,
src/test/app/MPToken_test.cpp:1702:        // Issuer fails trying to send fund after issuance was destroyed
src/test/app/MPToken_test.cpp:1708:            mptAlice.create({.ownerCount = 1, .holderCount = 0});
src/test/app/MPToken_test.cpp:1713:            mptAlice.destroy({.ownerCount = 0});
src/test/app/MPToken_test.cpp:1730:        // Issuer fails trying to send to an account, which doesn't own MPT for
src/test/app/MPToken_test.cpp:1737:            mptAlice.create({.ownerCount = 1, .holderCount = 0});
src/test/app/MPToken_test.cpp:1740:            mptAlice.destroy({.ownerCount = 0});
src/test/app/MPToken_test.cpp:1747:        // Issuers issues maximum amount of MPT to a holder, the holder should
src/test/app/MPToken_test.cpp:1758:                {.maxAmt = 100, .ownerCount = 1, .flags = tfMPTCanTransfer});
src/test/app/MPToken_test.cpp:1776:                {.ownerCount = 1, .holderCount = 0, .flags = tfMPTCanTransfer});
src/test/app/MPToken_test.cpp:1794:    testDepositPreauth(FeatureBitset features)
src/test/app/MPToken_test.cpp:1800:        Account const dpIssuer("dpIssuer");  // holder
src/test/app/MPToken_test.cpp:1804:        if (features[featureCredentials])
src/test/app/MPToken_test.cpp:1806:            testcase("DepositPreauth");
src/test/app/MPToken_test.cpp:1810:            env.fund(XRP(50000), diana, dpIssuer);
src/test/app/MPToken_test.cpp:1815:                {.ownerCount = 1,
src/test/app/MPToken_test.cpp:1828:            env(fset(bob, asfDepositAuth));
src/test/app/MPToken_test.cpp:1832:            mptAlice.pay(alice, bob, 100, tecNO_PERMISSION);
src/test/app/MPToken_test.cpp:1844:            env(credentials::create(alice, dpIssuer, credType));
src/test/app/MPToken_test.cpp:1846:            env(credentials::accept(alice, dpIssuer, credType));
src/test/app/MPToken_test.cpp:1849:                credentials::ledgerEntry(env, alice, dpIssuer, credType);
src/test/app/MPToken_test.cpp:1861:            mptAlice.pay(alice, bob, 100, tecNO_PERMISSION);
src/test/app/MPToken_test.cpp:1865:            mptAlice.pay(alice, bob, 100, tecNO_PERMISSION, {{credIdx}});
src/test/app/MPToken_test.cpp:1869:            env(deposit::authCredentials(bob, {{dpIssuer, credType}}));
src/test/app/MPToken_test.cpp:1873:            mptAlice.pay(alice, bob, 100, tecNO_PERMISSION);
src/test/app/MPToken_test.cpp:1881:        testcase("DepositPreauth disabled featureCredentials");
src/test/app/MPToken_test.cpp:1883:            Env env(*this, testable_amendments() - featureCredentials);
src/test/app/MPToken_test.cpp:1889:            env.fund(XRP(50000), diana, dpIssuer);
src/test/app/MPToken_test.cpp:1894:                {.ownerCount = 1,
src/test/app/MPToken_test.cpp:1907:            env(fset(bob, asfDepositAuth));
src/test/app/MPToken_test.cpp:1911:            mptAlice.pay(alice, bob, 100, tecNO_PERMISSION);
src/test/app/MPToken_test.cpp:1936:            mptAlice.pay(alice, bob, 100, tecNO_PERMISSION);
src/test/app/MPToken_test.cpp:2432:            mptAlice.create({.ownerCount = 1, .holderCount = 0});
src/test/app/MPToken_test.cpp:2440:            mptAlice.claw(alice, bob, 1, tecNO_PERMISSION);
src/test/app/MPToken_test.cpp:2462:                {.ownerCount = 1, .holderCount = 0, .flags = tfMPTCanClawback});
src/test/app/MPToken_test.cpp:2478:            mptAlice.claw(carol, bob, 1, tecNO_PERMISSION);
src/test/app/MPToken_test.cpp:2520:                {.ownerCount = 1, .holderCount = 0, .flags = tfMPTCanClawback});
src/test/app/MPToken_test.cpp:2546:                {.ownerCount = 1,
src/test/app/MPToken_test.cpp:2571:                {.ownerCount = 1,
src/test/app/MPToken_test.cpp:2596:                {.ownerCount = 1,
src/test/app/MPToken_test.cpp:2756:                {.ownerCount = 0, .mutableFlags = 2, .err = temDISABLED});
src/test/app/MPToken_test.cpp:2758:                {.ownerCount = 0, .mutableFlags = 0, .err = temDISABLED});
src/test/app/MPToken_test.cpp:2768:                {.ownerCount = 0, .mutableFlags = 1, .err = temINVALID_FLAG});
src/test/app/MPToken_test.cpp:2770:                {.ownerCount = 0, .mutableFlags = 17, .err = temINVALID_FLAG});
src/test/app/MPToken_test.cpp:2772:                {.ownerCount = 0,
src/test/app/MPToken_test.cpp:2778:                {.ownerCount = 0, .mutableFlags = 0, .err = temINVALID_FLAG});
src/test/app/MPToken_test.cpp:2873:                {.ownerCount = 1,
src/test/app/MPToken_test.cpp:2906:                 .ownerCount = 1,
src/test/app/MPToken_test.cpp:2971:            mptAlice.create({.ownerCount = 1});
src/test/app/MPToken_test.cpp:2992:                     .err = tecNO_PERMISSION});
src/test/app/MPToken_test.cpp:3002:                {.ownerCount = 1, .mutableFlags = tmfMPTCanMutateMetadata});
src/test/app/MPToken_test.cpp:3014:            mptAlice.create({.ownerCount = 1});
src/test/app/MPToken_test.cpp:3018:                 .err = tecNO_PERMISSION});
src/test/app/MPToken_test.cpp:3028:                {.ownerCount = 1, .mutableFlags = tmfMPTCanMutateTransferFee});
src/test/app/MPToken_test.cpp:3045:                 .ownerCount = 1,
src/test/app/MPToken_test.cpp:3074:                {.ownerCount = 1,
src/test/app/MPToken_test.cpp:3081:                 .err = tecNO_PERMISSION});
src/test/app/MPToken_test.cpp:3090:                 .err = tecNO_PERMISSION});
src/test/app/MPToken_test.cpp:3100:                 .ownerCount = 1,
src/test/app/MPToken_test.cpp:3106:                 .err = tecNO_PERMISSION});
src/test/app/MPToken_test.cpp:3109:                {.account = alice, .transferFee = 0, .err = tecNO_PERMISSION});
src/test/app/MPToken_test.cpp:3118:                {.ownerCount = 1,
src/test/app/MPToken_test.cpp:3126:                 .err = tecNO_PERMISSION});
src/test/app/MPToken_test.cpp:3144:                     .err = tecNO_PERMISSION});
src/test/app/MPToken_test.cpp:3178:                 .ownerCount = 1,
src/test/app/MPToken_test.cpp:3207:                 .ownerCount = 1,
src/test/app/MPToken_test.cpp:3238:                     .ownerCount = 1,
src/test/app/MPToken_test.cpp:3291:                {.ownerCount = 1,
src/test/app/MPToken_test.cpp:3318:                {.ownerCount = 1,
src/test/app/MPToken_test.cpp:3346:                {.ownerCount = 1,
src/test/app/MPToken_test.cpp:3368:                 .err = tecNO_PERMISSION});
src/test/app/MPToken_test.cpp:3372:                 .err = tecNO_PERMISSION});
src/test/app/MPToken_test.cpp:3377:                 .err = tecNO_PERMISSION});
src/test/app/MPToken_test.cpp:3382:                 .err = tecNO_PERMISSION});
src/test/app/MPToken_test.cpp:3408:            {.ownerCount = 1,
src/test/app/MPToken_test.cpp:3460:            {.ownerCount = 1,
src/test/app/MPToken_test.cpp:3477:            ter(tecNO_PERMISSION));
src/test/app/MPToken_test.cpp:3492:            ter(tecNO_PERMISSION));
src/test/app/MPToken_test.cpp:3510:                {.ownerCount = 1,
src/test/app/MPToken_test.cpp:3527:                 .err = tecNO_PERMISSION});
src/test/app/MPToken_test.cpp:3535:                 .err = tecNO_PERMISSION});
src/test/app/MPToken_test.cpp:3568:                 .ownerCount = 1,
src/test/app/MPToken_test.cpp:3601:            {.ownerCount = 1,
src/test/app/MPToken_test.cpp:3612:        mptAlice.claw(alice, bob, 1, tecNO_PERMISSION);
src/test/app/MPToken_test.cpp:3625:        mptAlice.claw(alice, bob, 1, tecNO_PERMISSION);
src/test/app/MPToken_test.cpp:3648:            {.maxAmt = maxAmt, .ownerCount = 1, .flags = tfMPTCanTransfer});
src/test/app/MPToken_test.cpp:3771:        testCreateValidation(all - featurePermissionedDomains);
src/test/app/MPToken_test.cpp:3792:        testSetValidation(all - featurePermissionedDomains);
src/test/app/MPToken_test.cpp:3804:        testDepositPreauth(all);
src/test/app/MPToken_test.cpp:3805:        testDepositPreauth(all - featureCredentials);
src/test/app/AccountDelete_test.cpp:126:        // a signer list, and a DID.  Even with all that she's still deletable.
src/test/app/AccountDelete_test.cpp:136:        // cheap check compared to validating the contents of her directory.
src/test/app/AccountDelete_test.cpp:154:            // Verify that alice's account exists but she has no directory.
src/test/app/AccountDelete_test.cpp:156:            BEAST_EXPECT(!env.closed()->exists(keylet::ownerDir(alice.id())));
src/test/app/AccountDelete_test.cpp:162:            // Verify that alice's account and directory are actually gone.
src/test/app/AccountDelete_test.cpp:164:            BEAST_EXPECT(!env.closed()->exists(keylet::ownerDir(alice.id())));
src/test/app/AccountDelete_test.cpp:197:            // Verify that Carol's account, directory, deposit
src/test/app/AccountDelete_test.cpp:200:            BEAST_EXPECT(env.closed()->exists(keylet::ownerDir(carol.id())));
src/test/app/AccountDelete_test.cpp:209:            // Delete carol's account even with stuff in her directory.  Show
src/test/app/AccountDelete_test.cpp:215:            // Verify that Carol's account, directory, and other stuff are gone.
src/test/app/AccountDelete_test.cpp:217:            BEAST_EXPECT(!env.closed()->exists(keylet::ownerDir(carol.id())));
src/test/app/AccountDelete_test.cpp:240:        // The code that deletes consecutive directory entries uses a
src/test/app/AccountDelete_test.cpp:242:        // behaves as expected across owner directory pages.
src/test/app/AccountDelete_test.cpp:254:        // Alice creates enough offers to require two owner directories.
src/test/app/AccountDelete_test.cpp:265:        // Verify that both directory nodes exist.
src/test/app/AccountDelete_test.cpp:266:        Keylet const aliceRootKey{keylet::ownerDir(alice.id())};
src/test/app/AccountDelete_test.cpp:278:        // Both of alice's directory nodes should be gone.
src/test/app/AccountDelete_test.cpp:305:        // entry in their directory.
src/test/app/AccountDelete_test.cpp:406:        // in her directory.
src/test/app/AccountDelete_test.cpp:605:        // directory entries an AccountDelete will remove.
src/test/app/AccountDelete_test.cpp:637:        Keylet const aliceOwnerDirKey{keylet::ownerDir(alice.id())};
src/test/app/AccountDelete_test.cpp:643:            // alice's directory nodes.
src/test/app/AccountDelete_test.cpp:654:        // offers in her directory.
src/test/app/AccountDelete_test.cpp:671:        // Verify that alice's account root is gone as well as her directory
src/test/app/AccountDelete_test.cpp:678:            // alice's former directory nodes.
src/test/app/AccountDelete_test.cpp:806:        env.require(owners(bob, 250));
src/test/app/AccountDelete_test.cpp:855:        // alice sets the lsfDepositAuth flag on her account.  This should
src/test/app/AccountDelete_test.cpp:858:        env(fset(alice, asfDepositAuth));
src/test/app/AccountDelete_test.cpp:880:        env(acctdelete(becky, alice), fee(acctDelFee), ter(tecNO_PERMISSION));
src/test/app/AccountDelete_test.cpp:895:    testDestinationDepositAuthCredentials()
src/test/app/AccountDelete_test.cpp:899:                "Destination Constraints with DepositPreauth and Credentials");
src/test/app/AccountDelete_test.cpp:936:                // alice sets the lsfDepositAuth flag on her account.  This
src/test/app/AccountDelete_test.cpp:939:                env(fset(alice, asfDepositAuth));
src/test/app/AccountDelete_test.cpp:964:                ter(tecNO_PERMISSION));
src/test/app/AccountDelete_test.cpp:967:            // alice create DepositPreauth Object
src/test/app/AccountDelete_test.cpp:968:            env(deposit::authCredentials(alice, {{carol, credType}}));
src/test/app/AccountDelete_test.cpp:975:                ter(tecNO_PERMISSION));
src/test/app/AccountDelete_test.cpp:1008:            testcase("Credentials that aren't required");
src/test/app/AccountDelete_test.cpp:1053:                env(fset(fred, asfDepositAuth));
src/test/app/AccountDelete_test.cpp:1092:                jv[sfExpiration.jsonName] = t;
src/test/app/AccountDelete_test.cpp:1108:                    ter(tecEXPIRED));
src/test/app/AccountDelete_test.cpp:1124:            testcase("Credentials feature disabled");
src/test/app/AccountDelete_test.cpp:1131:            Env env{*this, testable_amendments() - featureCredentials};
src/test/app/AccountDelete_test.cpp:1135:            // alice sets the lsfDepositAuth flag on her account.  This should
src/test/app/AccountDelete_test.cpp:1138:            env(fset(alice, asfDepositAuth));
src/test/app/AccountDelete_test.cpp:1150:            // and can't delete even with old DepositPreauth
src/test/app/AccountDelete_test.cpp:1163:    testDeleteCredentialsOwner()
src/test/app/AccountDelete_test.cpp:1166:            testcase("Deleting Issuer deletes issued credentials");
src/test/app/AccountDelete_test.cpp:1210:            testcase("Deleting Subject deletes issued credentials");
src/test/app/AccountDelete_test.cpp:1267:        testDestinationDepositAuthCredentials();
src/test/app/AccountDelete_test.cpp:1268:        testDeleteCredentialsOwner();
src/xrpld/app/tx/detail/PermissionedDomainDelete.cpp:20:#include <xrpld/app/tx/detail/PermissionedDomainDelete.h>
src/xrpld/app/tx/detail/PermissionedDomainDelete.cpp:28:PermissionedDomainDelete::preflight(PreflightContext const& ctx)
src/xrpld/app/tx/detail/PermissionedDomainDelete.cpp:38:PermissionedDomainDelete::preclaim(PreclaimContext const& ctx)
src/xrpld/app/tx/detail/PermissionedDomainDelete.cpp:44:        return tecNO_ENTRY;
src/xrpld/app/tx/detail/PermissionedDomainDelete.cpp:48:        "ripple::PermissionedDomainDelete::preclaim : required fields present");
src/xrpld/app/tx/detail/PermissionedDomainDelete.cpp:50:        return tecNO_PERMISSION;
src/xrpld/app/tx/detail/PermissionedDomainDelete.cpp:57:PermissionedDomainDelete::doApply()
src/xrpld/app/tx/detail/PermissionedDomainDelete.cpp:61:        "ripple::PermissionedDomainDelete::doApply : required field present");
src/xrpld/app/tx/detail/PermissionedDomainDelete.cpp:67:    if (!view().dirRemove(keylet::ownerDir(account_), page, slePd->key(), true))
src/xrpld/app/tx/detail/PermissionedDomainDelete.cpp:71:            << "Unable to delete permissioned domain directory entry.";
src/xrpld/app/tx/detail/PermissionedDomainDelete.cpp:76:    auto const ownerSle = view().peek(keylet::account(account_));
src/xrpld/app/tx/detail/PermissionedDomainDelete.cpp:78:        ownerSle && ownerSle->getFieldU32(sfOwnerCount) > 0,
src/xrpld/app/tx/detail/PermissionedDomainDelete.cpp:79:        "ripple::PermissionedDomainDelete::doApply : nonzero owner count");
src/xrpld/app/tx/detail/PermissionedDomainDelete.cpp:80:    adjustOwnerCount(view(), ownerSle, -1, ctx_.journal);
src/test/app/DID_test.cpp:30:struct DID_test : public beast::unit_test::suite
src/test/app/DID_test.cpp:35:        testcase("featureDID Enabled");
src/test/app/DID_test.cpp:38:        // If the DID amendment is not enabled, you should not be able
src/test/app/DID_test.cpp:39:        // to set or delete DIDs.
src/test/app/DID_test.cpp:40:        Env env{*this, features - featureDID};
src/test/app/DID_test.cpp:45:        BEAST_EXPECT(ownerCount(env, alice) == 0);
src/test/app/DID_test.cpp:49:        BEAST_EXPECT(ownerCount(env, alice) == 0);
src/test/app/DID_test.cpp:58:        testcase("DID Account Reserve");
src/test/app/DID_test.cpp:66:        // the reserve for creating a DID.
src/test/app/DID_test.cpp:73:        BEAST_EXPECT(ownerCount(env, alice) == 0);
src/test/app/DID_test.cpp:75:        // alice does not have enough XRP to cover the reserve for a DID
src/test/app/DID_test.cpp:78:        BEAST_EXPECT(ownerCount(env, alice) == 0);
src/test/app/DID_test.cpp:80:        // Pay alice almost enough to make the reserve for a DID.
src/test/app/DID_test.cpp:87:        // alice still does not have enough XRP for the reserve of a DID.
src/test/app/DID_test.cpp:90:        BEAST_EXPECT(ownerCount(env, alice) == 0);
src/test/app/DID_test.cpp:92:        // Pay alice enough to make the reserve for a DID.
src/test/app/DID_test.cpp:96:        // Now alice can create a DID.
src/test/app/DID_test.cpp:99:        BEAST_EXPECT(ownerCount(env, alice) == 1);
src/test/app/DID_test.cpp:101:        // alice deletes her DID.
src/test/app/DID_test.cpp:103:        BEAST_EXPECT(ownerCount(env, alice) == 0);
src/test/app/DID_test.cpp:110:        testcase("Invalid DIDSet");
src/test/app/DID_test.cpp:124:        BEAST_EXPECT(ownerCount(env, alice) == 0);
src/test/app/DID_test.cpp:127:        BEAST_EXPECT(ownerCount(env, alice) == 0);
src/test/app/DID_test.cpp:130:        env(did::set(alice), ter(temEMPTY_DID));
src/test/app/DID_test.cpp:132:        BEAST_EXPECT(ownerCount(env, alice) == 0);
src/test/app/DID_test.cpp:139:            ter(temEMPTY_DID));
src/test/app/DID_test.cpp:141:        BEAST_EXPECT(ownerCount(env, alice) == 0);
src/test/app/DID_test.cpp:147:        BEAST_EXPECT(ownerCount(env, alice) == 0);
src/test/app/DID_test.cpp:152:        BEAST_EXPECT(ownerCount(env, alice) == 0);
src/test/app/DID_test.cpp:160:        BEAST_EXPECT(ownerCount(env, alice) == 0);
src/test/app/DID_test.cpp:164:        auto const fixEnabled = env.current()->rules().enabled(fixEmptyDID);
src/test/app/DID_test.cpp:167:            fixEnabled ? ter(tecEMPTY_DID) : ter(tesSUCCESS));
src/test/app/DID_test.cpp:170:        BEAST_EXPECT(ownerCount(env, alice) == expectedOwnerReserve);
src/test/app/DID_test.cpp:172:        // Modifying a DID to become empty is checked in testSetModify
src/test/app/DID_test.cpp:178:        testcase("Invalid DIDDelete");
src/test/app/DID_test.cpp:192:        BEAST_EXPECT(ownerCount(env, alice) == 0);
src/test/app/DID_test.cpp:195:        BEAST_EXPECT(ownerCount(env, alice) == 0);
src/test/app/DID_test.cpp:200:        // DID doesn't exist
src/test/app/DID_test.cpp:201:        env(did::del(alice), ter(tecNO_ENTRY));
src/test/app/DID_test.cpp:203:        BEAST_EXPECT(ownerCount(env, alice) == 0);
src/test/app/DID_test.cpp:209:        testcase("Valid Initial DIDSet");
src/test/app/DID_test.cpp:224:        BEAST_EXPECT(ownerCount(env, alice) == 0);
src/test/app/DID_test.cpp:225:        BEAST_EXPECT(ownerCount(env, bob) == 0);
src/test/app/DID_test.cpp:226:        BEAST_EXPECT(ownerCount(env, charlie) == 0);
src/test/app/DID_test.cpp:228:        // only URI
src/test/app/DID_test.cpp:230:        BEAST_EXPECT(ownerCount(env, alice) == 1);
src/test/app/DID_test.cpp:232:        // only DIDDocument
src/test/app/DID_test.cpp:234:        BEAST_EXPECT(ownerCount(env, bob) == 1);
src/test/app/DID_test.cpp:238:        BEAST_EXPECT(ownerCount(env, charlie) == 1);
src/test/app/DID_test.cpp:240:        // URI + Data
src/test/app/DID_test.cpp:242:        BEAST_EXPECT(ownerCount(env, dave) == 1);
src/test/app/DID_test.cpp:244:        // URI + DIDDocument
src/test/app/DID_test.cpp:246:        BEAST_EXPECT(ownerCount(env, edna) == 1);
src/test/app/DID_test.cpp:248:        // DIDDocument + Data
src/test/app/DID_test.cpp:250:        BEAST_EXPECT(ownerCount(env, francis) == 1);
src/test/app/DID_test.cpp:252:        // URI + DIDDocument + Data
src/test/app/DID_test.cpp:257:        BEAST_EXPECT(ownerCount(env, george) == 1);
src/test/app/DID_test.cpp:263:        testcase("Modify DID with DIDSet");
src/test/app/DID_test.cpp:272:        BEAST_EXPECT(ownerCount(env, alice) == 0);
src/test/app/DID_test.cpp:275:        // Create DID
src/test/app/DID_test.cpp:276:        std::string const initialURI = "uri";
src/test/app/DID_test.cpp:278:            env(did::set(alice), did::uri(initialURI));
src/test/app/DID_test.cpp:279:            BEAST_EXPECT(ownerCount(env, alice) == 1);
src/test/app/DID_test.cpp:280:            auto const sleDID = env.le(keylet::did(alice.id()));
src/test/app/DID_test.cpp:281:            BEAST_EXPECT(sleDID);
src/test/app/DID_test.cpp:282:            BEAST_EXPECT(checkVL((*sleDID)[sfURI], initialURI));
src/test/app/DID_test.cpp:283:            BEAST_EXPECT(!sleDID->isFieldPresent(sfDIDDocument));
src/test/app/DID_test.cpp:284:            BEAST_EXPECT(!sleDID->isFieldPresent(sfData));
src/test/app/DID_test.cpp:287:        // Try to delete URI, fails because no elements are set
src/test/app/DID_test.cpp:289:            env(did::set(alice), did::uri(""), ter(tecEMPTY_DID));
src/test/app/DID_test.cpp:290:            BEAST_EXPECT(ownerCount(env, alice) == 1);
src/test/app/DID_test.cpp:291:            auto const sleDID = env.le(keylet::did(alice.id()));
src/test/app/DID_test.cpp:292:            BEAST_EXPECT(checkVL((*sleDID)[sfURI], initialURI));
src/test/app/DID_test.cpp:293:            BEAST_EXPECT(!sleDID->isFieldPresent(sfDIDDocument));
src/test/app/DID_test.cpp:294:            BEAST_EXPECT(!sleDID->isFieldPresent(sfData));
src/test/app/DID_test.cpp:297:        // Set DIDDocument
src/test/app/DID_test.cpp:301:            BEAST_EXPECT(ownerCount(env, alice) == 1);
src/test/app/DID_test.cpp:302:            auto const sleDID = env.le(keylet::did(alice.id()));
src/test/app/DID_test.cpp:303:            BEAST_EXPECT(checkVL((*sleDID)[sfURI], initialURI));
src/test/app/DID_test.cpp:304:            BEAST_EXPECT(checkVL((*sleDID)[sfDIDDocument], initialDocument));
src/test/app/DID_test.cpp:305:            BEAST_EXPECT(!sleDID->isFieldPresent(sfData));
src/test/app/DID_test.cpp:312:            BEAST_EXPECT(ownerCount(env, alice) == 1);
src/test/app/DID_test.cpp:313:            auto const sleDID = env.le(keylet::did(alice.id()));
src/test/app/DID_test.cpp:314:            BEAST_EXPECT(checkVL((*sleDID)[sfURI], initialURI));
src/test/app/DID_test.cpp:315:            BEAST_EXPECT(checkVL((*sleDID)[sfDIDDocument], initialDocument));
src/test/app/DID_test.cpp:316:            BEAST_EXPECT(checkVL((*sleDID)[sfData], initialData));
src/test/app/DID_test.cpp:319:        // Remove URI
src/test/app/DID_test.cpp:322:            BEAST_EXPECT(ownerCount(env, alice) == 1);
src/test/app/DID_test.cpp:323:            auto const sleDID = env.le(keylet::did(alice.id()));
src/test/app/DID_test.cpp:324:            BEAST_EXPECT(!sleDID->isFieldPresent(sfURI));
src/test/app/DID_test.cpp:325:            BEAST_EXPECT(checkVL((*sleDID)[sfDIDDocument], initialDocument));
src/test/app/DID_test.cpp:326:            BEAST_EXPECT(checkVL((*sleDID)[sfData], initialData));
src/test/app/DID_test.cpp:332:            BEAST_EXPECT(ownerCount(env, alice) == 1);
src/test/app/DID_test.cpp:333:            auto const sleDID = env.le(keylet::did(alice.id()));
src/test/app/DID_test.cpp:334:            BEAST_EXPECT(!sleDID->isFieldPresent(sfURI));
src/test/app/DID_test.cpp:335:            BEAST_EXPECT(checkVL((*sleDID)[sfDIDDocument], initialDocument));
src/test/app/DID_test.cpp:336:            BEAST_EXPECT(!sleDID->isFieldPresent(sfData));
src/test/app/DID_test.cpp:339:        // Remove Data + set URI
src/test/app/DID_test.cpp:340:        std::string const secondURI = "uri2";
src/test/app/DID_test.cpp:342:            env(did::set(alice), did::uri(secondURI), did::document(""));
src/test/app/DID_test.cpp:343:            BEAST_EXPECT(ownerCount(env, alice) == 1);
src/test/app/DID_test.cpp:344:            auto const sleDID = env.le(keylet::did(alice.id()));
src/test/app/DID_test.cpp:345:            BEAST_EXPECT(checkVL((*sleDID)[sfURI], secondURI));
src/test/app/DID_test.cpp:346:            BEAST_EXPECT(!sleDID->isFieldPresent(sfDIDDocument));
src/test/app/DID_test.cpp:347:            BEAST_EXPECT(!sleDID->isFieldPresent(sfData));
src/test/app/DID_test.cpp:350:        // Remove URI + set DIDDocument
src/test/app/DID_test.cpp:354:            BEAST_EXPECT(ownerCount(env, alice) == 1);
src/test/app/DID_test.cpp:355:            auto const sleDID = env.le(keylet::did(alice.id()));
src/test/app/DID_test.cpp:356:            BEAST_EXPECT(!sleDID->isFieldPresent(sfURI));
src/test/app/DID_test.cpp:357:            BEAST_EXPECT(checkVL((*sleDID)[sfDIDDocument], secondDocument));
src/test/app/DID_test.cpp:358:            BEAST_EXPECT(!sleDID->isFieldPresent(sfData));
src/test/app/DID_test.cpp:361:        // Remove DIDDocument + set Data
src/test/app/DID_test.cpp:365:            BEAST_EXPECT(ownerCount(env, alice) == 1);
src/test/app/DID_test.cpp:366:            auto const sleDID = env.le(keylet::did(alice.id()));
src/test/app/DID_test.cpp:367:            BEAST_EXPECT(!sleDID->isFieldPresent(sfURI));
src/test/app/DID_test.cpp:368:            BEAST_EXPECT(!sleDID->isFieldPresent(sfDIDDocument));
src/test/app/DID_test.cpp:369:            BEAST_EXPECT(checkVL((*sleDID)[sfData], secondData));
src/test/app/DID_test.cpp:372:        // Delete DID
src/test/app/DID_test.cpp:375:            BEAST_EXPECT(ownerCount(env, alice) == 0);
src/test/app/DID_test.cpp:376:            auto const sleDID = env.le(keylet::did(alice.id()));
src/test/app/DID_test.cpp:377:            BEAST_EXPECT(!sleDID);
src/test/app/DID_test.cpp:386:        FeatureBitset const emptyDID{fixEmptyDID};
src/test/app/DID_test.cpp:393:        testEnabled(all - emptyDID);
src/test/app/DID_test.cpp:394:        testAccountReserve(all - emptyDID);
src/test/app/DID_test.cpp:395:        testSetInvalid(all - emptyDID);
src/test/app/DID_test.cpp:396:        testDeleteInvalid(all - emptyDID);
src/test/app/DID_test.cpp:397:        testSetModify(all - emptyDID);
src/test/app/DID_test.cpp:401:BEAST_DEFINE_TESTSUITE(DID, app, ripple);
src/xrpld/app/tx/detail/DepositPreauth.cpp:20:#include <xrpld/app/tx/detail/DepositPreauth.h>
src/xrpld/app/tx/detail/DepositPreauth.cpp:23:#include <xrpl/ledger/CredentialHelpers.h>
src/xrpld/app/tx/detail/DepositPreauth.cpp:34:DepositPreauth::checkExtraFeatures(PreflightContext const& ctx)
src/xrpld/app/tx/detail/DepositPreauth.cpp:36:    bool const authArrPresent = ctx.tx.isFieldPresent(sfAuthorizeCredentials);
src/xrpld/app/tx/detail/DepositPreauth.cpp:38:        ctx.tx.isFieldPresent(sfUnauthorizeCredentials);
src/xrpld/app/tx/detail/DepositPreauth.cpp:41:    if (authCredPresent && !ctx.rules.enabled(featureCredentials))
src/xrpld/app/tx/detail/DepositPreauth.cpp:48:DepositPreauth::preflight(PreflightContext const& ctx)
src/xrpld/app/tx/detail/DepositPreauth.cpp:50:    bool const authArrPresent = ctx.tx.isFieldPresent(sfAuthorizeCredentials);
src/xrpld/app/tx/detail/DepositPreauth.cpp:52:        ctx.tx.isFieldPresent(sfUnauthorizeCredentials);
src/xrpld/app/tx/detail/DepositPreauth.cpp:86:                << "Malformed transaction: Attempting to DepositPreauth self.";
src/xrpld/app/tx/detail/DepositPreauth.cpp:94:                    authArrPresent ? sfAuthorizeCredentials
src/xrpld/app/tx/detail/DepositPreauth.cpp:95:                                   : sfUnauthorizeCredentials),
src/xrpld/app/tx/detail/DepositPreauth.cpp:96:                maxCredentialsArraySize,
src/xrpld/app/tx/detail/DepositPreauth.cpp:106:DepositPreauth::preclaim(PreclaimContext const& ctx)
src/xrpld/app/tx/detail/DepositPreauth.cpp:116:            return tecNO_TARGET;
src/xrpld/app/tx/detail/DepositPreauth.cpp:128:            return tecNO_ENTRY;
src/xrpld/app/tx/detail/DepositPreauth.cpp:130:    else if (ctx.tx.isFieldPresent(sfAuthorizeCredentials))
src/xrpld/app/tx/detail/DepositPreauth.cpp:132:        STArray const& authCred(ctx.tx.getFieldArray(sfAuthorizeCredentials));
src/xrpld/app/tx/detail/DepositPreauth.cpp:136:            auto const& issuer = o[sfIssuer];
src/xrpld/app/tx/detail/DepositPreauth.cpp:139:            auto [it, ins] = sorted.emplace(issuer, o[sfCredentialType]);
src/xrpld/app/tx/detail/DepositPreauth.cpp:141:                return tefINTERNAL;  // LCOV_EXCL_LINE
src/xrpld/app/tx/detail/DepositPreauth.cpp:149:    else if (ctx.tx.isFieldPresent(sfUnauthorizeCredentials))
src/xrpld/app/tx/detail/DepositPreauth.cpp:155:                    ctx.tx.getFieldArray(sfUnauthorizeCredentials)))))
src/xrpld/app/tx/detail/DepositPreauth.cpp:156:            return tecNO_ENTRY;
src/xrpld/app/tx/detail/DepositPreauth.cpp:162:DepositPreauth::doApply()
src/xrpld/app/tx/detail/DepositPreauth.cpp:168:            return {tefINTERNAL};
src/xrpld/app/tx/detail/DepositPreauth.cpp:175:                sleOwner->getFieldU32(sfOwnerCount) + 1)};
src/xrpld/app/tx/detail/DepositPreauth.cpp:191:        auto const page = view().dirInsert(
src/xrpld/app/tx/detail/DepositPreauth.cpp:192:            keylet::ownerDir(account_),
src/xrpld/app/tx/detail/DepositPreauth.cpp:196:        JLOG(j_.trace()) << "Adding DepositPreauth to owner directory "
src/xrpld/app/tx/detail/DepositPreauth.cpp:201:            return tecDIR_FULL;  // LCOV_EXCL_LINE
src/xrpld/app/tx/detail/DepositPreauth.cpp:206:        adjustOwnerCount(view(), sleOwner, 1, j_);
src/xrpld/app/tx/detail/DepositPreauth.cpp:213:        return DepositPreauth::removeFromLedger(view(), preauth.key, j_);
src/xrpld/app/tx/detail/DepositPreauth.cpp:215:    else if (ctx_.tx.isFieldPresent(sfAuthorizeCredentials))
src/xrpld/app/tx/detail/DepositPreauth.cpp:219:            return tefINTERNAL;  // LCOV_EXCL_LINE
src/xrpld/app/tx/detail/DepositPreauth.cpp:226:                sleOwner->getFieldU32(sfOwnerCount) + 1)};
src/xrpld/app/tx/detail/DepositPreauth.cpp:236:            ctx_.tx.getFieldArray(sfAuthorizeCredentials));
src/xrpld/app/tx/detail/DepositPreauth.cpp:237:        STArray sortedLE(sfAuthorizeCredentials, sortedTX.size());
src/xrpld/app/tx/detail/DepositPreauth.cpp:240:            auto cred = STObject::makeInnerObject(sfCredential);
src/xrpld/app/tx/detail/DepositPreauth.cpp:241:            cred.setAccountID(sfIssuer, p.first);
src/xrpld/app/tx/detail/DepositPreauth.cpp:242:            cred.setFieldVL(sfCredentialType, p.second);
src/xrpld/app/tx/detail/DepositPreauth.cpp:249:            return tefINTERNAL;  // LCOV_EXCL_LINE
src/xrpld/app/tx/detail/DepositPreauth.cpp:252:        slePreauth->peekFieldArray(sfAuthorizeCredentials) =
src/xrpld/app/tx/detail/DepositPreauth.cpp:257:        auto const page = view().dirInsert(
src/xrpld/app/tx/detail/DepositPreauth.cpp:258:            keylet::ownerDir(account_), preauthKey, describeOwnerDir(account_));
src/xrpld/app/tx/detail/DepositPreauth.cpp:260:        JLOG(j_.trace()) << "Adding DepositPreauth to owner directory "
src/xrpld/app/tx/detail/DepositPreauth.cpp:265:            return tecDIR_FULL;  // LCOV_EXCL_LINE
src/xrpld/app/tx/detail/DepositPreauth.cpp:270:        adjustOwnerCount(view(), sleOwner, 1, j_);
src/xrpld/app/tx/detail/DepositPreauth.cpp:272:    else if (ctx_.tx.isFieldPresent(sfUnauthorizeCredentials))
src/xrpld/app/tx/detail/DepositPreauth.cpp:277:                ctx_.tx.getFieldArray(sfUnauthorizeCredentials)));
src/xrpld/app/tx/detail/DepositPreauth.cpp:278:        return DepositPreauth::removeFromLedger(view(), preauthKey.key, j_);
src/xrpld/app/tx/detail/DepositPreauth.cpp:285:DepositPreauth::removeFromLedger(
src/xrpld/app/tx/detail/DepositPreauth.cpp:294:        JLOG(j.warn()) << "Selected DepositPreauth does not exist.";
src/xrpld/app/tx/detail/DepositPreauth.cpp:295:        return tecNO_ENTRY;
src/xrpld/app/tx/detail/DepositPreauth.cpp:300:    if (!view.dirRemove(keylet::ownerDir(account), page, preauthIndex, false))
src/xrpld/app/tx/detail/DepositPreauth.cpp:303:        JLOG(j.fatal()) << "Unable to delete DepositPreauth from owner.";
src/xrpld/app/tx/detail/DepositPreauth.cpp:308:    // If we succeeded, update the DepositPreauth owner's reserve.
src/xrpld/app/tx/detail/DepositPreauth.cpp:311:        return tefINTERNAL;  // LCOV_EXCL_LINE
src/xrpld/app/tx/detail/DepositPreauth.cpp:313:    adjustOwnerCount(view, sleOwner, -1, j);
src/xrpld/app/tx/detail/DepositPreauth.cpp:315:    // Remove DepositPreauth from ledger.
src/test/app/PermissionedDomains_test.cpp:22:#include <xrpld/app/tx/detail/PermissionedDomainSet.h>
src/test/app/PermissionedDomains_test.cpp:53:class PermissionedDomains_test : public beast::unit_test::suite
src/test/app/PermissionedDomains_test.cpp:56:        testable_amendments() - featurePermissionedDomains - fixCleanup3_1_3};
src/test/app/PermissionedDomains_test.cpp:59:         | featurePermissionedDomains | featureCredentials) -
src/test/app/PermissionedDomains_test.cpp:64:        | featurePermissionedDomains | featureCredentials | fixCleanup3_1_3};
src/test/app/PermissionedDomains_test.cpp:74:        pdomain::Credentials credentials{{alice, "first credential"}};
src/test/app/PermissionedDomains_test.cpp:76:        BEAST_EXPECT(env.ownerCount(alice) == 1);
src/test/app/PermissionedDomains_test.cpp:79:        // Test that account_objects is correct without passing it the type
src/test/app/PermissionedDomains_test.cpp:87:    testCredentialsDisabled()
src/test/app/PermissionedDomains_test.cpp:90:        amendments.set(featurePermissionedDomains);
src/test/app/PermissionedDomains_test.cpp:91:        amendments.reset(featureCredentials);
src/test/app/PermissionedDomains_test.cpp:92:        testcase("Credentials disabled");
src/test/app/PermissionedDomains_test.cpp:96:        pdomain::Credentials credentials{{alice, "first credential"}};
src/test/app/PermissionedDomains_test.cpp:108:        pdomain::Credentials credentials{{alice, "first credential"}};
src/test/app/PermissionedDomains_test.cpp:114:    // behaviors of PermissionedDomainSet
src/test/app/PermissionedDomains_test.cpp:135:        env(pdomain::setTx(account, pdomain::Credentials(), domain),
src/test/app/PermissionedDomains_test.cpp:139:        pdomain::Credentials const credentials11{
src/test/app/PermissionedDomains_test.cpp:153:            maxPermissionedDomainCredentialsArraySize + 1);
src/test/app/PermissionedDomains_test.cpp:159:        pdomain::Credentials const credentialsNon{
src/test/app/PermissionedDomains_test.cpp:174:        pdomain::Credentials const credentials4{
src/test/app/PermissionedDomains_test.cpp:181:        auto const credentialOrig = txJsonMutable["AcceptedCredentials"][2u];
src/test/app/PermissionedDomains_test.cpp:183:        // Remove Issuer from a credential and apply.
src/test/app/PermissionedDomains_test.cpp:184:        txJsonMutable["AcceptedCredentials"][2u][jss::Credential].removeMember(
src/test/app/PermissionedDomains_test.cpp:185:            jss::Issuer);
src/test/app/PermissionedDomains_test.cpp:189:        // Make an empty CredentialType.
src/test/app/PermissionedDomains_test.cpp:190:        txJsonMutable["AcceptedCredentials"][2u] = credentialOrig;
src/test/app/PermissionedDomains_test.cpp:191:        txJsonMutable["AcceptedCredentials"][2u][jss::Credential]
src/test/app/PermissionedDomains_test.cpp:192:                     ["CredentialType"] = "";
src/test/app/PermissionedDomains_test.cpp:195:        // Make too long CredentialType.
src/test/app/PermissionedDomains_test.cpp:196:        constexpr std::string_view longCredentialType =
src/test/app/PermissionedDomains_test.cpp:198:        static_assert(longCredentialType.size() == maxCredentialTypeLength + 1);
src/test/app/PermissionedDomains_test.cpp:199:        txJsonMutable["AcceptedCredentials"][2u] = credentialOrig;
src/test/app/PermissionedDomains_test.cpp:200:        txJsonMutable["AcceptedCredentials"][2u][jss::Credential]
src/test/app/PermissionedDomains_test.cpp:201:                     ["CredentialType"] = std::string(longCredentialType);
src/test/app/PermissionedDomains_test.cpp:205:        // Remove Credentialtype from a credential and apply.
src/test/app/PermissionedDomains_test.cpp:206:        txJsonMutable["AcceptedCredentials"][2u][jss::Credential].removeMember(
src/test/app/PermissionedDomains_test.cpp:207:            "CredentialType");
src/test/app/PermissionedDomains_test.cpp:212:        txJsonMutable["AcceptedCredentials"][2u][jss::Credential].removeMember(
src/test/app/PermissionedDomains_test.cpp:213:            jss::Issuer);
src/test/app/PermissionedDomains_test.cpp:220:            pdomain::Credentials const credentialsDup{
src/test/app/PermissionedDomains_test.cpp:232:            auto const sorted = pdomain::sortCredentials(credentialsDup);
src/test/app/PermissionedDomains_test.cpp:249:            auto const sortedCreds = pdomain::sortCredentials(credentialsDup);
src/test/app/PermissionedDomains_test.cpp:256:            pdomain::Credentials const credentialsSame{
src/test/app/PermissionedDomains_test.cpp:268:                credentialsSame != pdomain::sortCredentials(credentialsSame));
src/test/app/PermissionedDomains_test.cpp:280:            auto const sortedCreds = pdomain::sortCredentials(credentialsSame);
src/test/app/PermissionedDomains_test.cpp:285:    // Test PermissionedDomainSet
src/test/app/PermissionedDomains_test.cpp:315:        pdomain::Credentials const credentials1{{alice[2], "credential1"}};
src/test/app/PermissionedDomains_test.cpp:318:            BEAST_EXPECT(env.ownerCount(alice[0]) == 1);
src/test/app/PermissionedDomains_test.cpp:320:            BEAST_EXPECT(tx[jss::TransactionType] == "PermissionedDomainSet");
src/test/app/PermissionedDomains_test.cpp:326:            BEAST_EXPECT(object["LedgerEntryType"] == "PermissionedDomain");
src/test/app/PermissionedDomains_test.cpp:334:        // Make longest possible CredentialType.
src/test/app/PermissionedDomains_test.cpp:336:            constexpr std::string_view longCredentialType =
src/test/app/PermissionedDomains_test.cpp:339:            static_assert(longCredentialType.size() == maxCredentialTypeLength);
src/test/app/PermissionedDomains_test.cpp:340:            pdomain::Credentials const longCredentials{
src/test/app/PermissionedDomains_test.cpp:341:                {alice[1], std::string(longCredentialType)}};
src/test/app/PermissionedDomains_test.cpp:343:            env(pdomain::setTx(alice[0], longCredentials));
src/test/app/PermissionedDomains_test.cpp:346:            BEAST_EXPECT(env.ownerCount(alice[0]) == 2);
src/test/app/PermissionedDomains_test.cpp:349:            BEAST_EXPECT(tx[jss::TransactionType] == "PermissionedDomainSet");
src/test/app/PermissionedDomains_test.cpp:361:                        object["LedgerEntryType"] == "PermissionedDomain");
src/test/app/PermissionedDomains_test.cpp:365:                        longCredentials);
src/test/app/PermissionedDomains_test.cpp:373:        // Last credential describe domain owner itself
src/test/app/PermissionedDomains_test.cpp:374:        pdomain::Credentials const credentials10{
src/test/app/PermissionedDomains_test.cpp:390:                maxPermissionedDomainCredentialsArraySize);
src/test/app/PermissionedDomains_test.cpp:392:                credentials10 != pdomain::sortCredentials(credentials10));
src/test/app/PermissionedDomains_test.cpp:400:                pdomain::sortCredentials(credentials10));
src/test/app/PermissionedDomains_test.cpp:416:            pdomain::sortCredentials(credentials10));
src/test/app/PermissionedDomains_test.cpp:418:        // Update from the wrong owner.
src/test/app/PermissionedDomains_test.cpp:420:            ter(tecNO_PERMISSION));
src/test/app/PermissionedDomains_test.cpp:428:            ter(tecNO_ENTRY));
src/test/app/PermissionedDomains_test.cpp:445:            std::size_t ownerSeq = env.seq(alice[0]);
src/test/app/PermissionedDomains_test.cpp:446:            while (deleteDelta + ownerSeq > env.current()->seq())
src/test/app/PermissionedDomains_test.cpp:454:            // Delete the domains and then the owner account.
src/test/app/PermissionedDomains_test.cpp:458:            std::size_t ownerSeq = env.seq(alice[0]);
src/test/app/PermissionedDomains_test.cpp:459:            while (deleteDelta + ownerSeq > env.current()->seq())
src/test/app/PermissionedDomains_test.cpp:465:    // Test PermissionedDomainDelete
src/test/app/PermissionedDomains_test.cpp:476:        pdomain::Credentials credentials{{alice, "first credential"}};
src/test/app/PermissionedDomains_test.cpp:487:        env(pdomain::deleteTx(bob, domain), ter(tecNO_PERMISSION));
src/test/app/PermissionedDomains_test.cpp:490:        env(pdomain::deleteTx(alice, uint256(75)), ter(tecNO_ENTRY));
src/test/app/PermissionedDomains_test.cpp:505:        // Make sure owner count reflects the existing domain.
src/test/app/PermissionedDomains_test.cpp:506:        BEAST_EXPECT(env.ownerCount(alice) == 1);
src/test/app/PermissionedDomains_test.cpp:513:        BEAST_EXPECT(tx[jss::TransactionType] == "PermissionedDomainDelete");
src/test/app/PermissionedDomains_test.cpp:515:        // Make sure the owner count goes back to 0.
src/test/app/PermissionedDomains_test.cpp:516:        BEAST_EXPECT(env.ownerCount(alice) == 0);
src/test/app/PermissionedDomains_test.cpp:541:        BEAST_EXPECT(env.ownerCount(alice) == 0);
src/test/app/PermissionedDomains_test.cpp:544:        pdomain::Credentials credentials{{alice, "first credential"}};
src/test/app/PermissionedDomains_test.cpp:546:        BEAST_EXPECT(env.ownerCount(alice) == 0);
src/test/app/PermissionedDomains_test.cpp:562:        BEAST_EXPECT(env.ownerCount(alice) == 0);
src/test/app/PermissionedDomains_test.cpp:568:        // Now alice can create a PermissionedDomain.
src/test/app/PermissionedDomains_test.cpp:571:        BEAST_EXPECT(env.ownerCount(alice) == 1);
src/test/app/PermissionedDomains_test.cpp:580:        testCredentialsDisabled();
src/test/app/PermissionedDomains_test.cpp:591:BEAST_DEFINE_TESTSUITE(PermissionedDomains, app, ripple);
src/xrpld/app/tx/detail/InvariantCheck.cpp:24:#include <xrpld/app/tx/detail/PermissionedDomainSet.h>
src/xrpld/app/tx/detail/InvariantCheck.cpp:28:#include <xrpl/ledger/CredentialHelpers.h>
src/xrpld/app/tx/detail/InvariantCheck.cpp:577:        // An account should not be deleted with a non-zero owner count
src/xrpld/app/tx/detail/InvariantCheck.cpp:578:        if (after->at(sfOwnerCount) != 0)
src/xrpld/app/tx/detail/InvariantCheck.cpp:581:                               "behind a non-zero owner count";
src/xrpld/app/tx/detail/InvariantCheck.cpp:585:                "deleted account has zero owner count");
src/xrpld/app/tx/detail/InvariantCheck.cpp:782:     * transfers using IssuerChanges senders/receivers.
src/xrpld/app/tx/detail/InvariantCheck.cpp:784:     * Only in validateIssuerChanges, after we collected all changes can we
src/xrpld/app/tx/detail/InvariantCheck.cpp:830:        auto const issuerSle = findIssuer(issue.account, view);
src/xrpld/app/tx/detail/InvariantCheck.cpp:848:        if (!validateIssuerChanges(issuerSle, changes, tx, j, enforce))
src/xrpld/app/tx/detail/InvariantCheck.cpp:872:        possibleIssuers_.emplace(after->at(sfAccount), after);
src/xrpld/app/tx/detail/InvariantCheck.cpp:939:        {currency, after->at(sfHighLimit).getIssuer()},
src/xrpld/app/tx/detail/InvariantCheck.cpp:944:        {currency, after->at(sfLowLimit).getIssuer()},
src/xrpld/app/tx/detail/InvariantCheck.cpp:949:TransfersNotFrozen::findIssuer(AccountID const& issuerID, ReadView const& view)
src/xrpld/app/tx/detail/InvariantCheck.cpp:951:    if (auto it = possibleIssuers_.find(issuerID); it != possibleIssuers_.end())
src/xrpld/app/tx/detail/InvariantCheck.cpp:960:TransfersNotFrozen::validateIssuerChanges(
src/xrpld/app/tx/detail/InvariantCheck.cpp:962:    IssuerChanges const& changes,
src/xrpld/app/tx/detail/InvariantCheck.cpp:989:            bool const high = change.line->at(sfLowLimit).getIssuer() ==
src/xrpld/app/tx/detail/InvariantCheck.cpp:1117:                (lsfDisableMaster | lsfDefaultRipple | lsfDepositAuth);
src/xrpld/app/tx/detail/InvariantCheck.cpp:1204:                if (auto uri = obj[~sfURI]; uri && uri->empty())
src/xrpld/app/tx/detail/InvariantCheck.cpp:1205:                    badURI_ = true;
src/xrpld/app/tx/detail/InvariantCheck.cpp:1214:        // While an account's NFToken directory contains any NFTokens, the last
src/xrpld/app/tx/detail/InvariantCheck.cpp:1231:        //  2. This is not the last page in the directory
src/xrpld/app/tx/detail/InvariantCheck.cpp:1233:        // NFToken pages in the NFToken directory.
src/xrpld/app/tx/detail/InvariantCheck.cpp:1269:    if (badURI_)
src/xrpld/app/tx/detail/InvariantCheck.cpp:1271:        JLOG(j.fatal()) << "Invariant failed: NFT contains empty URI.";
src/xrpld/app/tx/detail/InvariantCheck.cpp:1286:                               "non-empty directory.";
src/xrpld/app/tx/detail/InvariantCheck.cpp:1450:            AccountID const& holder = amount.getIssuer();
src/xrpld/app/tx/detail/InvariantCheck.cpp:1506:            if (mptIssue.getIssuer() == after->at(sfAccount))
src/xrpld/app/tx/detail/InvariantCheck.cpp:1507:                mptCreatedByIssuer_ = true;
src/xrpld/app/tx/detail/InvariantCheck.cpp:1524:        bool enforceCreatedByIssuer = rules.enabled(featureSingleAssetVault) ||
src/xrpld/app/tx/detail/InvariantCheck.cpp:1526:        if (mptCreatedByIssuer_)
src/xrpld/app/tx/detail/InvariantCheck.cpp:1533:                enforceCreatedByIssuer,
src/xrpld/app/tx/detail/InvariantCheck.cpp:1536:            if (enforceCreatedByIssuer)
src/xrpld/app/tx/detail/InvariantCheck.cpp:1594:            bool const submittedByIssuer = tx.isFieldPresent(sfHolder);
src/xrpld/app/tx/detail/InvariantCheck.cpp:1617:                submittedByIssuer &&
src/xrpld/app/tx/detail/InvariantCheck.cpp:1626:                !submittedByIssuer && hasPrivilege(tx, mustAuthorizeMPT) &&
src/xrpld/app/tx/detail/InvariantCheck.cpp:1681:ValidPermissionedDomain::visitEntry(
src/xrpld/app/tx/detail/InvariantCheck.cpp:1694:        auto const& credentials = sle->getFieldArray(sfAcceptedCredentials);
src/xrpld/app/tx/detail/InvariantCheck.cpp:1706:                ss.isSorted_ = (cred.first == credTx[sfIssuer]) &&
src/xrpld/app/tx/detail/InvariantCheck.cpp:1707:                    (cred.second == credTx[sfCredentialType]);
src/xrpld/app/tx/detail/InvariantCheck.cpp:1720:ValidPermissionedDomain::finalize(
src/xrpld/app/tx/detail/InvariantCheck.cpp:1736:            maxPermissionedDomainCredentialsArraySize)
src/xrpld/app/tx/detail/InvariantCheck.cpp:1785:                           "PermissionedDomainSet";
src/xrpld/app/tx/detail/InvariantCheck.cpp:1793:                                       "deleted by PermissionedDomainSet";
src/xrpld/app/tx/detail/InvariantCheck.cpp:1803:                           "PermissionedDomainDelete";
src/xrpld/app/tx/detail/InvariantCheck.cpp:1811:                                       "PermissionedDomainDelete";
src/xrpld/app/tx/detail/InvariantCheck.cpp:1869:            // 3. The lsfDisableMaster, lsfDefaultRipple, and lsfDepositAuth
src/xrpld/app/tx/detail/InvariantCheck.cpp:1895:                    lsfDisableMaster | lsfDefaultRipple | lsfDepositAuth))
src/xrpld/app/tx/detail/InvariantCheck.cpp:2493:                           "OwnerCount has multiple directory pages";
src/xrpld/app/tx/detail/InvariantCheck.cpp:2501:               "OwnerCount has multiple indexes in the Directory root";
src/xrpld/app/tx/detail/InvariantCheck.cpp:2511:                << "Invariant failed: Loan Broker directory corrupt";
src/xrpld/app/tx/detail/InvariantCheck.cpp:2518:                   "OwnerCount has an unexpected entry in the directory";
src/xrpld/app/tx/detail/InvariantCheck.cpp:2542:                view.read(keylet::account(line->at(*field).getIssuer()));
src/xrpld/app/tx/detail/InvariantCheck.cpp:2583:        // If `LoanBroker.OwnerCount = 0` the `DirectoryNode` will have at most
src/xrpld/app/tx/detail/InvariantCheck.cpp:2586:        if (after->at(sfOwnerCount) == 0)
src/xrpld/app/tx/detail/InvariantCheck.cpp:2588:            auto const dir = view.read(keylet::ownerDir(after->at(sfAccount)));
src/xrpld/app/tx/detail/InvariantCheck.cpp:2754:    self.owner = from.at(sfOwner);
src/xrpld/app/tx/detail/InvariantCheck.cpp:2772:        makeMptID(from.getFieldU32(sfSequence), from.getAccountID(sfIssuer)));
src/xrpld/app/tx/detail/InvariantCheck.cpp:3203:                        id > issue.getIssuer() ? -1 : 1);
src/xrpld/app/tx/detail/InvariantCheck.cpp:3275:                if (afterVault.pseudoId != updatedShares->share.getIssuer())
src/xrpld/app/tx/detail/InvariantCheck.cpp:3283:                auto const sleSharesIssuer = view.read(
src/xrpld/app/tx/detail/InvariantCheck.cpp:3284:                    keylet::account(updatedShares->share.getIssuer()));
src/xrpld/app/tx/detail/InvariantCheck.cpp:3285:                if (!sleSharesIssuer)
src/xrpld/app/tx/detail/InvariantCheck.cpp:3292:                if (!isPseudoAccount(sleSharesIssuer))
src/xrpld/app/tx/detail/InvariantCheck.cpp:3300:                if (auto const vaultId = (*sleSharesIssuer)[~sfVaultID];
src/xrpld/app/tx/detail/InvariantCheck.cpp:3420:                    return tx[sfAccount] == vaultAsset.getIssuer();
src/xrpld/app/tx/detail/InvariantCheck.cpp:3577:                    return destination == vaultAsset.getIssuer();
src/xrpld/app/tx/detail/InvariantCheck.cpp:3700:                    vaultAsset.getIssuer() != tx[sfAccount])
src/xrpld/app/tx/detail/InvariantCheck.cpp:3702:                    // The owner can use clawback to force-burn shares when the
src/xrpld/app/tx/detail/InvariantCheck.cpp:3706:                          beforeVault.owner == tx[sfAccount]))
src/xrpld/app/tx/detail/InvariantCheck.cpp:3710:                            "by the asset issuer, or by the vault owner of an "
src/xrpld/app/tx/detail/PermissionedDomainSet.cpp:20:#include <xrpld/app/tx/detail/PermissionedDomainSet.h>
src/xrpld/app/tx/detail/PermissionedDomainSet.cpp:22:#include <xrpl/ledger/CredentialHelpers.h>
src/xrpld/app/tx/detail/PermissionedDomainSet.cpp:32:PermissionedDomainSet::checkExtraFeatures(PreflightContext const& ctx)
src/xrpld/app/tx/detail/PermissionedDomainSet.cpp:34:    return ctx.rules.enabled(featureCredentials);
src/xrpld/app/tx/detail/PermissionedDomainSet.cpp:38:PermissionedDomainSet::preflight(PreflightContext const& ctx)
src/xrpld/app/tx/detail/PermissionedDomainSet.cpp:41:            ctx.tx.getFieldArray(sfAcceptedCredentials),
src/xrpld/app/tx/detail/PermissionedDomainSet.cpp:42:            maxPermissionedDomainCredentialsArraySize,
src/xrpld/app/tx/detail/PermissionedDomainSet.cpp:55:PermissionedDomainSet::preclaim(PreclaimContext const& ctx)
src/xrpld/app/tx/detail/PermissionedDomainSet.cpp:60:        return tefINTERNAL;  // LCOV_EXCL_LINE
src/xrpld/app/tx/detail/PermissionedDomainSet.cpp:62:    auto const& credentials = ctx.tx.getFieldArray(sfAcceptedCredentials);
src/xrpld/app/tx/detail/PermissionedDomainSet.cpp:66:                keylet::account(credential.getAccountID(sfIssuer))))
src/xrpld/app/tx/detail/PermissionedDomainSet.cpp:75:            return tecNO_ENTRY;
src/xrpld/app/tx/detail/PermissionedDomainSet.cpp:77:            return tecNO_PERMISSION;
src/xrpld/app/tx/detail/PermissionedDomainSet.cpp:85:PermissionedDomainSet::doApply()
src/xrpld/app/tx/detail/PermissionedDomainSet.cpp:87:    auto const ownerSle = view().peek(keylet::account(account_));
src/xrpld/app/tx/detail/PermissionedDomainSet.cpp:88:    if (!ownerSle)
src/xrpld/app/tx/detail/PermissionedDomainSet.cpp:89:        return tefINTERNAL;  // LCOV_EXCL_LINE
src/xrpld/app/tx/detail/PermissionedDomainSet.cpp:91:    auto const sortedTxCredentials =
src/xrpld/app/tx/detail/PermissionedDomainSet.cpp:92:        credentials::makeSorted(ctx_.tx.getFieldArray(sfAcceptedCredentials));
src/xrpld/app/tx/detail/PermissionedDomainSet.cpp:93:    STArray sortedLE(sfAcceptedCredentials, sortedTxCredentials.size());
src/xrpld/app/tx/detail/PermissionedDomainSet.cpp:94:    for (auto const& p : sortedTxCredentials)
src/xrpld/app/tx/detail/PermissionedDomainSet.cpp:96:        auto cred = STObject::makeInnerObject(sfCredential);
src/xrpld/app/tx/detail/PermissionedDomainSet.cpp:97:        cred.setAccountID(sfIssuer, p.first);
src/xrpld/app/tx/detail/PermissionedDomainSet.cpp:98:        cred.setFieldVL(sfCredentialType, p.second);
src/xrpld/app/tx/detail/PermissionedDomainSet.cpp:108:            return tefINTERNAL;  // LCOV_EXCL_LINE
src/xrpld/app/tx/detail/PermissionedDomainSet.cpp:109:        slePd->peekFieldArray(sfAcceptedCredentials) = std::move(sortedLE);
src/xrpld/app/tx/detail/PermissionedDomainSet.cpp:116:        auto const balance = STAmount((*ownerSle)[sfBalance]).xrp();
src/xrpld/app/tx/detail/PermissionedDomainSet.cpp:118:            ctx_.view().fees().accountReserve((*ownerSle)[sfOwnerCount] + 1);
src/xrpld/app/tx/detail/PermissionedDomainSet.cpp:130:        slePd->peekFieldArray(sfAcceptedCredentials) = std::move(sortedLE);
src/xrpld/app/tx/detail/PermissionedDomainSet.cpp:131:        auto const page = view().dirInsert(
src/xrpld/app/tx/detail/PermissionedDomainSet.cpp:132:            keylet::ownerDir(account_), pdKeylet, describeOwnerDir(account_));
src/xrpld/app/tx/detail/PermissionedDomainSet.cpp:134:            return tecDIR_FULL;  // LCOV_EXCL_LINE
src/xrpld/app/tx/detail/PermissionedDomainSet.cpp:138:        adjustOwnerCount(view(), ownerSle, 1, ctx_.journal);
src/libxrpl/ledger/CredentialHelpers.cpp:20:#include <xrpl/ledger/CredentialHelpers.h>
src/libxrpl/ledger/CredentialHelpers.cpp:31:checkExpired(SLE const& sleCredential, NetClock::time_point const& closed)
src/libxrpl/ledger/CredentialHelpers.cpp:33:    std::uint32_t const exp = sleCredential[~sfExpiration].value_or(
src/libxrpl/ledger/CredentialHelpers.cpp:41:removeExpired(ApplyView& view, STVector256 const& arr, beast::Journal const j)
src/libxrpl/ledger/CredentialHelpers.cpp:48:        // Credentials already checked in preclaim. Look only for expired here.
src/libxrpl/ledger/CredentialHelpers.cpp:55:                << "Credentials are expired. Cred: " << sleCred->getText();
src/libxrpl/ledger/CredentialHelpers.cpp:57:            auto const err = deleteSLE(view, sleCred, j);
src/libxrpl/ledger/CredentialHelpers.cpp:68:deleteSLE(
src/libxrpl/ledger/CredentialHelpers.cpp:70:    std::shared_ptr<SLE> const& sleCredential,
src/libxrpl/ledger/CredentialHelpers.cpp:73:    if (!sleCredential)
src/libxrpl/ledger/CredentialHelpers.cpp:74:        return tecNO_ENTRY;
src/libxrpl/ledger/CredentialHelpers.cpp:77:        [&view, &sleCredential, j](
src/libxrpl/ledger/CredentialHelpers.cpp:88:        // Remove object from owner directory
src/libxrpl/ledger/CredentialHelpers.cpp:89:        std::uint64_t const page = sleCredential->getFieldU64(node);
src/libxrpl/ledger/CredentialHelpers.cpp:90:        if (!view.dirRemove(
src/libxrpl/ledger/CredentialHelpers.cpp:91:                keylet::ownerDir(account), page, sleCredential->key(), false))
src/libxrpl/ledger/CredentialHelpers.cpp:94:            JLOG(j.fatal()) << "Unable to delete Credential from owner.";
src/libxrpl/ledger/CredentialHelpers.cpp:100:            adjustOwnerCount(view, sleAccount, -1, j);
src/libxrpl/ledger/CredentialHelpers.cpp:105:    auto const issuer = sleCredential->getAccountID(sfIssuer);
src/libxrpl/ledger/CredentialHelpers.cpp:106:    auto const subject = sleCredential->getAccountID(sfSubject);
src/libxrpl/ledger/CredentialHelpers.cpp:107:    bool const accepted = sleCredential->getFlags() & lsfAccepted;
src/libxrpl/ledger/CredentialHelpers.cpp:109:    auto err = delSLE(issuer, sfIssuerNode, !accepted || (subject == issuer));
src/libxrpl/ledger/CredentialHelpers.cpp:115:        err = delSLE(subject, sfSubjectNode, accepted);
src/libxrpl/ledger/CredentialHelpers.cpp:121:    view.erase(sleCredential);
src/libxrpl/ledger/CredentialHelpers.cpp:129:    if (!tx.isFieldPresent(sfCredentialIDs))
src/libxrpl/ledger/CredentialHelpers.cpp:132:    auto const& credentials = tx.getFieldV256(sfCredentialIDs);
src/libxrpl/ledger/CredentialHelpers.cpp:133:    if (credentials.empty() || (credentials.size() > maxCredentialsArraySize))
src/libxrpl/ledger/CredentialHelpers.cpp:136:            << "Malformed transaction: Credentials array size is invalid: "
src/libxrpl/ledger/CredentialHelpers.cpp:163:    if (!tx.isFieldPresent(sfCredentialIDs))
src/libxrpl/ledger/CredentialHelpers.cpp:166:    auto const& credIDs(tx.getFieldV256(sfCredentialIDs));
src/libxrpl/ledger/CredentialHelpers.cpp:172:            JLOG(j.trace()) << "Credential doesn't exist. Cred: " << h;
src/libxrpl/ledger/CredentialHelpers.cpp:176:        if (sleCred->getAccountID(sfSubject) != src)
src/libxrpl/ledger/CredentialHelpers.cpp:179:                << "Credential doesn't belong to the source account. Cred: "
src/libxrpl/ledger/CredentialHelpers.cpp:184:        if (!(sleCred->getFlags() & lsfAccepted))
src/libxrpl/ledger/CredentialHelpers.cpp:186:            JLOG(j.trace()) << "Credential isn't accepted. Cred: " << h;
src/libxrpl/ledger/CredentialHelpers.cpp:190:        // Expiration checks are in doApply
src/libxrpl/ledger/CredentialHelpers.cpp:206:    for (auto const& h : slePD->getFieldArray(sfAcceptedCredentials))
src/libxrpl/ledger/CredentialHelpers.cpp:208:        auto const issuer = h.getAccountID(sfIssuer);
src/libxrpl/ledger/CredentialHelpers.cpp:209:        auto const type = h.getFieldVL(sfCredentialType);
src/libxrpl/ledger/CredentialHelpers.cpp:210:        auto const keyletCredential =
src/libxrpl/ledger/CredentialHelpers.cpp:212:        auto const sleCredential = view.read(keyletCredential);
src/libxrpl/ledger/CredentialHelpers.cpp:216:        // flow is to use `validDomain` in preclaim, converting tecEXPIRED to
src/libxrpl/ledger/CredentialHelpers.cpp:217:        // tesSUCCESS, then proceed to call `verifyValidDomain` in doApply. This
src/libxrpl/ledger/CredentialHelpers.cpp:219:        if (sleCredential)
src/libxrpl/ledger/CredentialHelpers.cpp:221:            if (checkExpired(*sleCredential, closeTime))
src/libxrpl/ledger/CredentialHelpers.cpp:226:            else if (sleCredential->getFlags() & lsfAccepted)
src/libxrpl/ledger/CredentialHelpers.cpp:233:    return foundExpired ? tecEXPIRED : tecNO_AUTH;
src/libxrpl/ledger/CredentialHelpers.cpp:237:authorizedDepositPreauth(
src/libxrpl/ledger/CredentialHelpers.cpp:249:            return tefINTERNAL;  // LCOV_EXCL_LINE
src/libxrpl/ledger/CredentialHelpers.cpp:252:            sorted.emplace((*sleCred)[sfIssuer], (*sleCred)[sfCredentialType]);
src/libxrpl/ledger/CredentialHelpers.cpp:254:            return tefINTERNAL;  // LCOV_EXCL_LINE
src/libxrpl/ledger/CredentialHelpers.cpp:259:        return tecNO_PERMISSION;
src/libxrpl/ledger/CredentialHelpers.cpp:270:        auto [it, ins] = out.emplace(cred[sfIssuer], cred[sfCredentialType]);
src/libxrpl/ledger/CredentialHelpers.cpp:291:        auto const& issuer = credential[sfIssuer];
src/libxrpl/ledger/CredentialHelpers.cpp:295:                               "Issuer account is invalid: "
src/libxrpl/ledger/CredentialHelpers.cpp:300:        auto const ct = credential[sfCredentialType];
src/libxrpl/ledger/CredentialHelpers.cpp:301:        if (ct.empty() || (ct.size() > maxCredentialTypeLength))
src/libxrpl/ledger/CredentialHelpers.cpp:324:verifyValidDomain(
src/libxrpl/ledger/CredentialHelpers.cpp:337:    for (auto const& h : slePD->getFieldArray(sfAcceptedCredentials))
src/libxrpl/ledger/CredentialHelpers.cpp:339:        auto const issuer = h.getAccountID(sfIssuer);
src/libxrpl/ledger/CredentialHelpers.cpp:340:        auto const type = h.getFieldVL(sfCredentialType);
src/libxrpl/ledger/CredentialHelpers.cpp:341:        auto const keyletCredential =
src/libxrpl/ledger/CredentialHelpers.cpp:343:        if (view.exists(keyletCredential))
src/libxrpl/ledger/CredentialHelpers.cpp:344:            credentials.push_back(keyletCredential.key);
src/libxrpl/ledger/CredentialHelpers.cpp:347:    auto const foundExpired = credentials::removeExpired(view, credentials, j);
src/libxrpl/ledger/CredentialHelpers.cpp:353:        auto sleCredential = view.read(keylet::credential(h));
src/libxrpl/ledger/CredentialHelpers.cpp:354:        if (!sleCredential)
src/libxrpl/ledger/CredentialHelpers.cpp:355:            continue;  // expired, i.e. deleted in credentials::removeExpired
src/libxrpl/ledger/CredentialHelpers.cpp:357:        if (sleCredential->getFlags() & lsfAccepted)
src/libxrpl/ledger/CredentialHelpers.cpp:361:    return *foundExpired ? tecEXPIRED : tecNO_PERMISSION;
src/libxrpl/ledger/CredentialHelpers.cpp:365:verifyDepositPreauth(
src/libxrpl/ledger/CredentialHelpers.cpp:379:    bool const credentialsPresent = tx.isFieldPresent(sfCredentialIDs);
src/libxrpl/ledger/CredentialHelpers.cpp:383:        auto const foundExpired = credentials::removeExpired(
src/libxrpl/ledger/CredentialHelpers.cpp:384:            view, tx.getFieldV256(sfCredentialIDs), j);
src/libxrpl/ledger/CredentialHelpers.cpp:388:            return tecEXPIRED;
src/libxrpl/ledger/CredentialHelpers.cpp:391:    if (sleDst && (sleDst->getFlags() & lsfDepositAuth))
src/libxrpl/ledger/CredentialHelpers.cpp:397:                    ? tecNO_PERMISSION
src/libxrpl/ledger/CredentialHelpers.cpp:398:                    : credentials::authorizedDepositPreauth(
src/libxrpl/ledger/CredentialHelpers.cpp:399:                          view, tx.getFieldV256(sfCredentialIDs), dst);
src/test/app/DepositAuth_test.cpp:30:// the passed in number of owners.
src/test/app/DepositAuth_test.cpp:39:hasDepositAuth(jtx::Env const& env, jtx::Account const& acct)
src/test/app/DepositAuth_test.cpp:41:    return ((*env.le(acct))[sfFlags] & lsfDepositAuth) == lsfDepositAuth;
src/test/app/DepositAuth_test.cpp:44:struct DepositAuth_test : public beast::unit_test::suite
src/test/app/DepositAuth_test.cpp:55:            // featureDepositAuth is disabled.
src/test/app/DepositAuth_test.cpp:56:            Env env(*this, testable_amendments() - featureDepositAuth);
src/test/app/DepositAuth_test.cpp:60:            env(fset(alice, asfDepositAuth));
src/test/app/DepositAuth_test.cpp:62:            BEAST_EXPECT(!hasDepositAuth(env, alice));
src/test/app/DepositAuth_test.cpp:64:            env(fclear(alice, asfDepositAuth));
src/test/app/DepositAuth_test.cpp:66:            BEAST_EXPECT(!hasDepositAuth(env, alice));
src/test/app/DepositAuth_test.cpp:69:            // featureDepositAuth is enabled.
src/test/app/DepositAuth_test.cpp:73:            env(fset(alice, asfDepositAuth));
src/test/app/DepositAuth_test.cpp:75:            BEAST_EXPECT(hasDepositAuth(env, alice));
src/test/app/DepositAuth_test.cpp:77:            env(fclear(alice, asfDepositAuth));
src/test/app/DepositAuth_test.cpp:79:            BEAST_EXPECT(!hasDepositAuth(env, alice));
src/test/app/DepositAuth_test.cpp:87:        // that has the lsfDepositAuth flag set.
src/test/app/DepositAuth_test.cpp:112:        // bob sets the lsfDepositAuth flag.
src/test/app/DepositAuth_test.cpp:113:        env(fset(bob, asfDepositAuth), require(flags(bob, asfDepositAuth)));
src/test/app/DepositAuth_test.cpp:118:            env.require(flags(bob, asfDepositAuth));
src/test/app/DepositAuth_test.cpp:124:            env(pay(alice, bob, USD(50)), ter(tecNO_PERMISSION));
src/test/app/DepositAuth_test.cpp:131:                ter(tecNO_PERMISSION));
src/test/app/DepositAuth_test.cpp:142:        // bob can make payments while his lsfDepositAuth flag is set.
src/test/app/DepositAuth_test.cpp:165:        // Give bob enough XRP for the fee to clear the lsfDepositAuth flag.
src/test/app/DepositAuth_test.cpp:168:        // bob clears the lsfDepositAuth and the next payment succeeds.
src/test/app/DepositAuth_test.cpp:169:        env(fclear(bob, asfDepositAuth));
src/test/app/DepositAuth_test.cpp:183:        // lsfDepositAuth flag set.
src/test/app/DepositAuth_test.cpp:196:        // bob sets the lsfDepositAuth flag.
src/test/app/DepositAuth_test.cpp:197:        env(fset(bob, asfDepositAuth), fee(drops(baseFee)));
src/test/app/DepositAuth_test.cpp:202:        env(pay(alice, bob, drops(1)), ter(tecNO_PERMISSION));
src/test/app/DepositAuth_test.cpp:222:        env(pay(alice, bob, drops(1)), ter(tecNO_PERMISSION));
src/test/app/DepositAuth_test.cpp:231:        env(pay(alice, bob, reserve(env, 0) + drops(1)), ter(tecNO_PERMISSION));
src/test/app/DepositAuth_test.cpp:246:        env(pay(alice, bob, drops(1)), ter(tecNO_PERMISSION));
src/test/app/DepositAuth_test.cpp:256:        // bob should not be able to clear lsfDepositAuth.
src/test/app/DepositAuth_test.cpp:257:        env(fclear(bob, asfDepositAuth), ter(terINSUF_FEE_B));
src/test/app/DepositAuth_test.cpp:265:        // Pay bob enough so he can afford the fee to clear lsfDepositAuth.
src/test/app/DepositAuth_test.cpp:270:        // request to clear lsfDepositAuth.  So the balance should be zero
src/test/app/DepositAuth_test.cpp:271:        // and lsfDepositAuth should be cleared.
src/test/app/DepositAuth_test.cpp:273:        env.require(nflags(bob, asfDepositAuth));
src/test/app/DepositAuth_test.cpp:275:        // Since bob no longer has lsfDepositAuth set we should be able to
src/test/app/DepositAuth_test.cpp:285:        // It its current incarnation the DepositAuth flag does not change
src/test/app/DepositAuth_test.cpp:299:        auto testIssuer = [&](FeatureBitset const& features,
src/test/app/DepositAuth_test.cpp:302:                              bool withDepositAuth) {
src/test/app/DepositAuth_test.cpp:303:            assert(!withDepositAuth || features[featureDepositAuth]);
src/test/app/DepositAuth_test.cpp:315:            if (withDepositAuth)
src/test/app/DepositAuth_test.cpp:316:                env(fset(gw1, asfDepositAuth));
src/test/app/DepositAuth_test.cpp:323:        auto testNonIssuer = [&](FeatureBitset const& features,
src/test/app/DepositAuth_test.cpp:326:                                 bool withDepositAuth) {
src/test/app/DepositAuth_test.cpp:327:            assert(!withDepositAuth || features[featureDepositAuth]);
src/test/app/DepositAuth_test.cpp:337:            if (withDepositAuth)
src/test/app/DepositAuth_test.cpp:338:                env(fset(alice, asfDepositAuth));
src/test/app/DepositAuth_test.cpp:348:        // Test every combo of noRipplePrev, noRippleNext, and withDepositAuth
src/test/app/DepositAuth_test.cpp:353:            auto const withDepositAuth = i & 0x4;
src/test/app/DepositAuth_test.cpp:354:            testIssuer(
src/test/app/DepositAuth_test.cpp:355:                testable_amendments() | featureDepositAuth,
src/test/app/DepositAuth_test.cpp:358:                withDepositAuth);
src/test/app/DepositAuth_test.cpp:360:            if (!withDepositAuth)
src/test/app/DepositAuth_test.cpp:361:                testIssuer(
src/test/app/DepositAuth_test.cpp:362:                    testable_amendments() - featureDepositAuth,
src/test/app/DepositAuth_test.cpp:365:                    withDepositAuth);
src/test/app/DepositAuth_test.cpp:367:            testNonIssuer(
src/test/app/DepositAuth_test.cpp:368:                testable_amendments() | featureDepositAuth,
src/test/app/DepositAuth_test.cpp:371:                withDepositAuth);
src/test/app/DepositAuth_test.cpp:373:            if (!withDepositAuth)
src/test/app/DepositAuth_test.cpp:374:                testNonIssuer(
src/test/app/DepositAuth_test.cpp:375:                    testable_amendments() - featureDepositAuth,
src/test/app/DepositAuth_test.cpp:378:                    withDepositAuth);
src/test/app/DepositAuth_test.cpp:393:ledgerEntryDepositPreauth(
src/test/app/DepositAuth_test.cpp:396:    std::vector<jtx::deposit::AuthorizeCredentials> const& auth)
src/test/app/DepositAuth_test.cpp:400:    jvParams[jss::deposit_preauth][jss::owner] = acc.human();
src/test/app/DepositAuth_test.cpp:411:struct DepositPreauth_test : public beast::unit_test::suite
src/test/app/DepositAuth_test.cpp:422:            // featureDepositPreauth is disabled.
src/test/app/DepositAuth_test.cpp:423:            Env env(*this, testable_amendments() - featureDepositPreauth);
src/test/app/DepositAuth_test.cpp:427:            // Should not be able to add a DepositPreauth to alice.
src/test/app/DepositAuth_test.cpp:430:            env.require(owners(alice, 0));
src/test/app/DepositAuth_test.cpp:431:            env.require(owners(becky, 0));
src/test/app/DepositAuth_test.cpp:433:            // Should not be able to remove a DepositPreauth from alice.
src/test/app/DepositAuth_test.cpp:436:            env.require(owners(alice, 0));
src/test/app/DepositAuth_test.cpp:437:            env.require(owners(becky, 0));
src/test/app/DepositAuth_test.cpp:440:            // featureDepositPreauth is enabled.  The valid case is really
src/test/app/DepositAuth_test.cpp:449:            // Add a DepositPreauth to alice.
src/test/app/DepositAuth_test.cpp:452:            env.require(owners(alice, 1));
src/test/app/DepositAuth_test.cpp:453:            env.require(owners(becky, 0));
src/test/app/DepositAuth_test.cpp:455:            // Remove a DepositPreauth from alice.
src/test/app/DepositAuth_test.cpp:458:            env.require(owners(alice, 0));
src/test/app/DepositAuth_test.cpp:459:            env.require(owners(becky, 0));
src/test/app/DepositAuth_test.cpp:476:            // Add a DepositPreauth to alice.
src/test/app/DepositAuth_test.cpp:481:            env.require(owners(alice, 2));
src/test/app/DepositAuth_test.cpp:483:            env.require(owners(becky, 0));
src/test/app/DepositAuth_test.cpp:485:            // Remove a DepositPreauth from alice.
src/test/app/DepositAuth_test.cpp:489:            env.require(owners(alice, 0));
src/test/app/DepositAuth_test.cpp:491:            env.require(owners(becky, 0));
src/test/app/DepositAuth_test.cpp:512:        // Add DepositPreauth to an unfunded account.
src/test/app/DepositAuth_test.cpp:553:        env(deposit::auth(alice, carol), ter(tecNO_TARGET));
src/test/app/DepositAuth_test.cpp:557:        env.require(owners(alice, 0));
src/test/app/DepositAuth_test.cpp:558:        env.require(owners(becky, 0));
src/test/app/DepositAuth_test.cpp:561:        env.require(owners(alice, 1));
src/test/app/DepositAuth_test.cpp:562:        env.require(owners(becky, 0));
src/test/app/DepositAuth_test.cpp:567:        env.require(owners(alice, 1));
src/test/app/DepositAuth_test.cpp:568:        env.require(owners(becky, 0));
src/test/app/DepositAuth_test.cpp:576:        env.require(owners(carol, 0));
src/test/app/DepositAuth_test.cpp:577:        env.require(owners(becky, 0));
src/test/app/DepositAuth_test.cpp:584:        env.require(owners(carol, 1));
src/test/app/DepositAuth_test.cpp:585:        env.require(owners(becky, 0));
src/test/app/DepositAuth_test.cpp:590:        env.require(owners(carol, 1));
src/test/app/DepositAuth_test.cpp:591:        env.require(owners(becky, 0));
src/test/app/DepositAuth_test.cpp:592:        env.require(owners(alice, 1));
src/test/app/DepositAuth_test.cpp:595:        env(deposit::unauth(alice, carol), ter(tecNO_ENTRY));
src/test/app/DepositAuth_test.cpp:597:        env.require(owners(alice, 1));
src/test/app/DepositAuth_test.cpp:598:        env.require(owners(becky, 0));
src/test/app/DepositAuth_test.cpp:603:        env.require(owners(alice, 0));
src/test/app/DepositAuth_test.cpp:604:        env.require(owners(becky, 0));
src/test/app/DepositAuth_test.cpp:607:        env(deposit::unauth(alice, becky), ter(tecNO_ENTRY));
src/test/app/DepositAuth_test.cpp:609:        env.require(owners(alice, 0));
src/test/app/DepositAuth_test.cpp:610:        env.require(owners(becky, 0));
src/test/app/DepositAuth_test.cpp:624:        bool const supportsPreauth = {features[featureDepositPreauth]};
src/test/app/DepositAuth_test.cpp:627:            // The initial implementation of DepositAuth had a bug where an
src/test/app/DepositAuth_test.cpp:628:            // account with the DepositAuth flag set could not make a payment
src/test/app/DepositAuth_test.cpp:629:            // to itself.  That bug was fixed in the DepositPreauth amendment.
src/test/app/DepositAuth_test.cpp:651:            env(fset(becky, asfDepositAuth));
src/test/app/DepositAuth_test.cpp:655:            // whether featureDepositPreauth is enabled.
src/test/app/DepositAuth_test.cpp:657:                supportsPreauth ? TER{tesSUCCESS} : TER{tecNO_PERMISSION}};
src/test/app/DepositAuth_test.cpp:672:                bool const supportsCredentials = features[featureCredentials];
src/test/app/DepositAuth_test.cpp:674:                TER const expectCredentials(
src/test/app/DepositAuth_test.cpp:675:                    supportsCredentials ? TER(tesSUCCESS) : TER(temDISABLED));
src/test/app/DepositAuth_test.cpp:677:                    !supportsCredentials
src/test/app/DepositAuth_test.cpp:679:                        : (!supportsPreauth ? TER(tecNO_PERMISSION)
src/test/app/DepositAuth_test.cpp:684:                        : (!supportsCredentials ? TER(temDISABLED)
src/test/app/DepositAuth_test.cpp:687:                env(deposit::authCredentials(becky, {{carol, credType}}),
src/test/app/DepositAuth_test.cpp:693:                    ter(expectCredentials));
src/test/app/DepositAuth_test.cpp:696:                    ter(expectCredentials));
src/test/app/DepositAuth_test.cpp:700:                std::string const credIdx = supportsCredentials
src/test/app/DepositAuth_test.cpp:724:                        ter(tecNO_PERMISSION));
src/test/app/DepositAuth_test.cpp:732:            // Make sure DepositPreauthorization works for payments.
src/test/app/DepositAuth_test.cpp:754:            env(fset(becky, asfDepositAuth));
src/test/app/DepositAuth_test.cpp:758:            env(pay(alice, becky, XRP(100)), ter(tecNO_PERMISSION));
src/test/app/DepositAuth_test.cpp:759:            env(pay(alice, becky, USD(100)), ter(tecNO_PERMISSION));
src/test/app/DepositAuth_test.cpp:768:            env(pay(alice, becky, XRP(100)), ter(tecNO_PERMISSION));
src/test/app/DepositAuth_test.cpp:769:            env(pay(alice, becky, USD(100)), ter(tecNO_PERMISSION));
src/test/app/DepositAuth_test.cpp:782:            env(fset(alice, asfDepositAuth));
src/test/app/DepositAuth_test.cpp:787:            env(pay(becky, alice, XRP(100)), ter(tecNO_PERMISSION));
src/test/app/DepositAuth_test.cpp:788:            env(pay(becky, alice, USD(100)), ter(tecNO_PERMISSION));
src/test/app/DepositAuth_test.cpp:803:            env(pay(alice, becky, XRP(100)), ter(tecNO_PERMISSION));
src/test/app/DepositAuth_test.cpp:804:            env(pay(alice, becky, USD(100)), ter(tecNO_PERMISSION));
src/test/app/DepositAuth_test.cpp:809:            env(fclear(becky, asfDepositAuth));
src/test/app/DepositAuth_test.cpp:819:    testCredentialsPayment()
src/test/app/DepositAuth_test.cpp:833:            Env env(*this, testable_amendments() - featureCredentials);
src/test/app/DepositAuth_test.cpp:839:            env(fset(bob, asfDepositAuth));
src/test/app/DepositAuth_test.cpp:842:            // Setup DepositPreauth object failed - amendent is not supported
src/test/app/DepositAuth_test.cpp:843:            env(deposit::authCredentials(bob, {{issuer, credType}}),
src/test/app/DepositAuth_test.cpp:847:            // But can create old DepositPreauth
src/test/app/DepositAuth_test.cpp:870:            // Issuer create credentials, but Alice didn't accept them yet
src/test/app/DepositAuth_test.cpp:880:            env(fset(bob, asfDepositAuth));
src/test/app/DepositAuth_test.cpp:885:            env(deposit::authCredentials(bob, {{issuer, credType}}));
src/test/app/DepositAuth_test.cpp:889:                ledgerEntryDepositPreauth(env, bob, {{issuer, credType}});
src/test/app/DepositAuth_test.cpp:896:                    jss::DepositPreauth);
src/test/app/DepositAuth_test.cpp:901:                jv[sfCredentialIDs.jsonName] = Json::arrayValue;
src/test/app/DepositAuth_test.cpp:926:            env(fset(john, asfDepositAuth));
src/test/app/DepositAuth_test.cpp:940:            // Issuer create credentials, but Alice didn't accept them yet
src/test/app/DepositAuth_test.cpp:958:            env(fset(bob, asfDepositAuth));
src/test/app/DepositAuth_test.cpp:962:                // Fail as destination didn't setup DepositPreauth object
src/test/app/DepositAuth_test.cpp:965:                    ter(tecNO_PERMISSION));
src/test/app/DepositAuth_test.cpp:968:            // Bob setup DepositPreauth object, duplicates is not allowed
src/test/app/DepositAuth_test.cpp:969:            env(deposit::authCredentials(
src/test/app/DepositAuth_test.cpp:973:            // Bob setup DepositPreauth object
src/test/app/DepositAuth_test.cpp:974:            env(deposit::authCredentials(bob, {{issuer, credType}}));
src/test/app/DepositAuth_test.cpp:1009:                    ter(tecNO_PERMISSION));
src/test/app/DepositAuth_test.cpp:1024:    testCredentialsCreation()
src/test/app/DepositAuth_test.cpp:1043:                // both included [AuthorizeCredentials UnauthorizeCredentials]
src/test/app/DepositAuth_test.cpp:1044:                auto jv = deposit::authCredentials(bob, {{issuer, credType}});
src/test/app/DepositAuth_test.cpp:1045:                jv[sfUnauthorizeCredentials.jsonName] = Json::arrayValue;
src/test/app/DepositAuth_test.cpp:1050:                // both included [Unauthorize, AuthorizeCredentials]
src/test/app/DepositAuth_test.cpp:1051:                auto jv = deposit::authCredentials(bob, {{issuer, credType}});
src/test/app/DepositAuth_test.cpp:1057:                // both included [Authorize, AuthorizeCredentials]
src/test/app/DepositAuth_test.cpp:1058:                auto jv = deposit::authCredentials(bob, {{issuer, credType}});
src/test/app/DepositAuth_test.cpp:1064:                // both included [Unauthorize, UnauthorizeCredentials]
src/test/app/DepositAuth_test.cpp:1065:                auto jv = deposit::unauthCredentials(bob, {{issuer, credType}});
src/test/app/DepositAuth_test.cpp:1071:                // both included [Authorize, UnauthorizeCredentials]
src/test/app/DepositAuth_test.cpp:1072:                auto jv = deposit::unauthCredentials(bob, {{issuer, credType}});
src/test/app/DepositAuth_test.cpp:1078:                // AuthorizeCredentials is empty
src/test/app/DepositAuth_test.cpp:1079:                auto jv = deposit::authCredentials(bob, {});
src/test/app/DepositAuth_test.cpp:1085:                auto jv = deposit::authCredentials(bob, {});
src/test/app/DepositAuth_test.cpp:1086:                auto& arr(jv[sfAuthorizeCredentials.jsonName]);
src/test/app/DepositAuth_test.cpp:1088:                cred[jss::Issuer] = to_string(xrpAccount());
src/test/app/DepositAuth_test.cpp:1089:                cred[sfCredentialType.jsonName] =
src/test/app/DepositAuth_test.cpp:1092:                credParent[jss::Credential] = cred;
src/test/app/DepositAuth_test.cpp:1100:                auto jv = deposit::authCredentials(bob, {{issuer, {}}});
src/test/app/DepositAuth_test.cpp:1105:                // AuthorizeCredentials is larger than 8 elements
src/test/app/DepositAuth_test.cpp:1109:                auto jv = deposit::authCredentials(
src/test/app/DepositAuth_test.cpp:1126:                auto jv = deposit::authCredentials(bob, {{rick, credType}});
src/test/app/DepositAuth_test.cpp:1136:                auto jv = deposit::authCredentials(john, {{issuer, credType}});
src/test/app/DepositAuth_test.cpp:1142:                env(deposit::unauthCredentials(bob, {{issuer, credType}}),
src/test/app/DepositAuth_test.cpp:1143:                    ter(tecNO_ENTRY));
src/test/app/DepositAuth_test.cpp:1146:            // Create DepositPreauth object
src/test/app/DepositAuth_test.cpp:1148:                env(deposit::authCredentials(bob, {{issuer, credType}}));
src/test/app/DepositAuth_test.cpp:1152:                    ledgerEntryDepositPreauth(env, bob, {{issuer, credType}});
src/test/app/DepositAuth_test.cpp:1159:                        jss::DepositPreauth);
src/test/app/DepositAuth_test.cpp:1165:                    jDP[jss::result][jss::node]["AuthorizeCredentials"]);
src/test/app/DepositAuth_test.cpp:1169:                    auto const& c(o[jss::Credential]);
src/test/app/DepositAuth_test.cpp:1170:                    BEAST_EXPECT(c[jss::Issuer].asString() == issuer.human());
src/test/app/DepositAuth_test.cpp:1172:                        c["CredentialType"].asString() ==
src/test/app/DepositAuth_test.cpp:1177:                env(deposit::authCredentials(bob, {{issuer, credType}}),
src/test/app/DepositAuth_test.cpp:1181:            // Delete DepositPreauth object
src/test/app/DepositAuth_test.cpp:1183:                env(deposit::unauthCredentials(bob, {{issuer, credType}}));
src/test/app/DepositAuth_test.cpp:1186:                    ledgerEntryDepositPreauth(env, bob, {{issuer, credType}});
src/test/app/DepositAuth_test.cpp:1225:            jv[sfExpiration.jsonName] = t;
src/test/app/DepositAuth_test.cpp:1240:            jv[sfExpiration.jsonName] = t2;
src/test/app/DepositAuth_test.cpp:1246:            BEAST_EXPECT(ownerCount(env, issuer) == 0);
src/test/app/DepositAuth_test.cpp:1247:            BEAST_EXPECT(ownerCount(env, alice) == 2);
src/test/app/DepositAuth_test.cpp:1256:            env(fset(bob, asfDepositAuth));
src/test/app/DepositAuth_test.cpp:1258:            // Bob setup DepositPreauth object
src/test/app/DepositAuth_test.cpp:1259:            env(deposit::authCredentials(
src/test/app/DepositAuth_test.cpp:1273:                    ter(tecEXPIRED));
src/test/app/DepositAuth_test.cpp:1297:                            jss::Credential &&
src/test/app/DepositAuth_test.cpp:1298:                        jle[jss::result][jss::node][jss::Issuer] ==
src/test/app/DepositAuth_test.cpp:1300:                        jle[jss::result][jss::node][jss::Subject] ==
src/test/app/DepositAuth_test.cpp:1302:                        jle[jss::result][jss::node]["CredentialType"] ==
src/test/app/DepositAuth_test.cpp:1306:                BEAST_EXPECT(ownerCount(env, issuer) == 0);
src/test/app/DepositAuth_test.cpp:1307:                BEAST_EXPECT(ownerCount(env, alice) == 1);
src/test/app/DepositAuth_test.cpp:1317:                jv[sfExpiration.jsonName] = t;
src/test/app/DepositAuth_test.cpp:1327:                BEAST_EXPECT(ownerCount(env, issuer) == 0);
src/test/app/DepositAuth_test.cpp:1328:                BEAST_EXPECT(ownerCount(env, gw) == 1);
src/test/app/DepositAuth_test.cpp:1337:                    ter(tecEXPIRED));
src/test/app/DepositAuth_test.cpp:1348:                BEAST_EXPECT(ownerCount(env, issuer) == 0);
src/test/app/DepositAuth_test.cpp:1349:                BEAST_EXPECT(ownerCount(env, gw) == 0);
src/test/app/DepositAuth_test.cpp:1370:            jv[sfExpiration.jsonName] = t;
src/test/app/DepositAuth_test.cpp:1383:            env(fset(bob, asfDepositAuth));
src/test/app/DepositAuth_test.cpp:1385:            // Bob setup DepositPreauth object
src/test/app/DepositAuth_test.cpp:1386:            env(deposit::authCredentials(bob, {{issuer, credType}}));
src/test/app/DepositAuth_test.cpp:1418:                    ter(tecEXPIRED));
src/test/app/DepositAuth_test.cpp:1433:    testSortingCredentials()
src/test/app/DepositAuth_test.cpp:1447:        std::vector<deposit::AuthorizeCredentials> credentials = {
src/test/app/DepositAuth_test.cpp:1473:                env(deposit::authCredentials(stock, credentials));
src/test/app/DepositAuth_test.cpp:1477:                    ledgerEntryDepositPreauth(env, stock, credentials);
src/test/app/DepositAuth_test.cpp:1479:                    dp[jss::result][jss::node]["AuthorizeCredentials"]);
src/test/app/DepositAuth_test.cpp:1486:                    auto const& c(o[jss::Credential]);
src/test/app/DepositAuth_test.cpp:1487:                    auto issuer = c[jss::Issuer].asString();
src/test/app/DepositAuth_test.cpp:1492:                            c["CredentialType"].asString());
src/test/app/DepositAuth_test.cpp:1497:                env(deposit::unauthCredentials(stock, credentials));
src/test/app/DepositAuth_test.cpp:1504:            env(deposit::authCredentials(stock, credentials));
src/test/app/DepositAuth_test.cpp:1511:                env(deposit::authCredentials(stock, credentials),
src/test/app/DepositAuth_test.cpp:1519:            std::vector<deposit::AuthorizeCredentials> copyCredentials(
src/test/app/DepositAuth_test.cpp:1522:            std::ranges::shuffle(copyCredentials, gen);
src/test/app/DepositAuth_test.cpp:1523:            for (auto const& c : copyCredentials)
src/test/app/DepositAuth_test.cpp:1525:                auto credentials2 = copyCredentials;
src/test/app/DepositAuth_test.cpp:1527:                env(deposit::authCredentials(stock, credentials2),
src/test/app/DepositAuth_test.cpp:1567:        testPayment(supported - featureDepositPreauth - featureCredentials);
src/test/app/DepositAuth_test.cpp:1568:        testPayment(supported - featureDepositPreauth);
src/test/app/DepositAuth_test.cpp:1569:        testPayment(supported - featureCredentials);
src/test/app/DepositAuth_test.cpp:1571:        testCredentialsPayment();
src/test/app/DepositAuth_test.cpp:1572:        testCredentialsCreation();
src/test/app/DepositAuth_test.cpp:1574:        testSortingCredentials();
src/test/app/DepositAuth_test.cpp:1578:BEAST_DEFINE_TESTSUITE(DepositAuth, app, ripple);
src/test/app/DepositAuth_test.cpp:1579:BEAST_DEFINE_TESTSUITE(DepositPreauth, app, ripple);
src/test/app/Invariants_test.cpp:96:            {tecINVARIANT_FAILED, tefINVARIANT_FAILED},
src/test/app/Invariants_test.cpp:136:            {tecINVARIANT_FAILED, tefINVARIANT_FAILED},
src/test/app/Invariants_test.cpp:169:            tecINVARIANT_FAILED,
src/test/app/Invariants_test.cpp:263:        // checker returns a tecINVARIANT_FAILED, not a tefINVARIANT_FAILED.
src/test/app/Invariants_test.cpp:272:            {tecINVARIANT_FAILED, tecINVARIANT_FAILED});
src/test/app/Invariants_test.cpp:321:            {{"account deletion left behind a non-zero owner count"}},
src/test/app/Invariants_test.cpp:323:                // Increment A1's owner count, then delete A1
src/test/app/Invariants_test.cpp:332:                BEAST_EXPECT(sleA1->at(sfOwnerCount) == 0);
src/test/app/Invariants_test.cpp:333:                adjustOwnerCount(ac.view(), sleA1, 1, ac.journal);
src/test/app/Invariants_test.cpp:393:                sle->at(sfOwnerCount) = 0;
src/test/app/Invariants_test.cpp:399:            {tecINVARIANT_FAILED, tefINVARIANT_FAILED},
src/test/app/Invariants_test.cpp:415:                // Delete the AMM account without cleaning up the directory or
src/test/app/Invariants_test.cpp:428:                sle->at(sfOwnerCount) = 0;
src/test/app/Invariants_test.cpp:435:            {tecINVARIANT_FAILED, tefINVARIANT_FAILED},
src/test/app/Invariants_test.cpp:449:                // account's directory (this deletes the directory), and delete
src/test/app/Invariants_test.cpp:474:                                lowLimit.getIssuer(),
src/test/app/Invariants_test.cpp:475:                                highLimit.getIssuer(),
src/test/app/Invariants_test.cpp:483:                auto const ownerDirKeylet = keylet::ownerDir(ammAcctID);
src/test/app/Invariants_test.cpp:485:                BEAST_EXPECT(ac.view().dirRemove(
src/test/app/Invariants_test.cpp:486:                    ownerDirKeylet, ammSle->at(sfOwnerNode), ammKey, false));
src/test/app/Invariants_test.cpp:488:                    !ac.view().exists(ownerDirKeylet) ||
src/test/app/Invariants_test.cpp:489:                    ac.view().emptyDirDelete(ownerDirKeylet));
src/test/app/Invariants_test.cpp:495:                sle->at(sfOwnerCount) = 0;
src/test/app/Invariants_test.cpp:502:            {tecINVARIANT_FAILED, tefINVARIANT_FAILED},
src/test/app/Invariants_test.cpp:677:        auto const A1FrozenByIssuer =
src/test/app/Invariants_test.cpp:686:        auto const A1DeepFrozenByIssuer =
src/test/app/Invariants_test.cpp:688:                A1FrozenByIssuer(A1, A2, env);
src/test/app/Invariants_test.cpp:719:            {tecINVARIANT_FAILED, tefINVARIANT_FAILED},
src/test/app/Invariants_test.cpp:720:            A1FrozenByIssuer);
src/test/app/Invariants_test.cpp:731:            {tecINVARIANT_FAILED, tefINVARIANT_FAILED},
src/test/app/Invariants_test.cpp:732:            A1DeepFrozenByIssuer);
src/test/app/Invariants_test.cpp:743:            {tecINVARIANT_FAILED, tefINVARIANT_FAILED},
src/test/app/Invariants_test.cpp:744:            A1DeepFrozenByIssuer);
src/test/app/Invariants_test.cpp:1148:                    lsfDisableMaster | lsfDefaultRipple | lsfDepositAuth);
src/test/app/Invariants_test.cpp:1181:                    lsfDisableMaster | lsfDefaultRipple | lsfDepositAuth |
src/test/app/Invariants_test.cpp:1255:            {{"NFT contains empty URI"}},
src/test/app/Invariants_test.cpp:1259:                nfTokens[0].setFieldVL(sfURI, Blob{});
src/test/app/Invariants_test.cpp:1338:    createPermissionedDomain(
src/test/app/Invariants_test.cpp:1355:            STArray credentials(sfAcceptedCredentials, numCreds);
src/test/app/Invariants_test.cpp:1358:                auto cred = STObject::makeInnerObject(sfCredential);
src/test/app/Invariants_test.cpp:1359:                cred.setAccountID(sfIssuer, A2);
src/test/app/Invariants_test.cpp:1362:                    sfCredentialType, Slice(credType.c_str(), credType.size()));
src/test/app/Invariants_test.cpp:1365:            sle->setFieldArray(sfAcceptedCredentials, credentials);
src/test/app/Invariants_test.cpp:1373:    testPermissionedDomainInvariants(FeatureBitset features)
src/test/app/Invariants_test.cpp:1379:            tecINVARIANT_FAILED, tecINVARIANT_FAILED};
src/test/app/Invariants_test.cpp:1381:            tecINVARIANT_FAILED, tefINVARIANT_FAILED};
src/test/app/Invariants_test.cpp:1383:        testcase << "PermissionedDomain" +
src/test/app/Invariants_test.cpp:1390:                return createPermissionedDomain(ac, A1, A2, 0).get();
src/test/app/Invariants_test.cpp:1396:        testcase << "PermissionedDomain 2";
src/test/app/Invariants_test.cpp:1398:        auto constexpr tooBig = maxPermissionedDomainCredentialsArraySize + 1;
src/test/app/Invariants_test.cpp:1404:                return !!createPermissionedDomain(ac, A1, A2, tooBig);
src/test/app/Invariants_test.cpp:1410:        testcase << "PermissionedDomain 3";
src/test/app/Invariants_test.cpp:1415:                auto slePd = createPermissionedDomain(ac, A1, A2, 0);
src/test/app/Invariants_test.cpp:1417:                STArray credentials(sfAcceptedCredentials, 2);
src/test/app/Invariants_test.cpp:1420:                    auto cred = STObject::makeInnerObject(sfCredential);
src/test/app/Invariants_test.cpp:1421:                    cred.setAccountID(sfIssuer, A2);
src/test/app/Invariants_test.cpp:1425:                        sfCredentialType,
src/test/app/Invariants_test.cpp:1429:                slePd->setFieldArray(sfAcceptedCredentials, credentials);
src/test/app/Invariants_test.cpp:1437:        testcase << "PermissionedDomain 4";
src/test/app/Invariants_test.cpp:1442:                auto slePd = createPermissionedDomain(ac, A1, A2, 0);
src/test/app/Invariants_test.cpp:1444:                STArray credentials(sfAcceptedCredentials, 2);
src/test/app/Invariants_test.cpp:1447:                    auto cred = STObject::makeInnerObject(sfCredential);
src/test/app/Invariants_test.cpp:1448:                    cred.setAccountID(sfIssuer, A2);
src/test/app/Invariants_test.cpp:1449:                    cred.setFieldVL(sfCredentialType, Slice("cred_type", 9));
src/test/app/Invariants_test.cpp:1452:                slePd->setFieldArray(sfAcceptedCredentials, credentials);
src/test/app/Invariants_test.cpp:1460:        testcase << "PermissionedDomain Set 1";
src/test/app/Invariants_test.cpp:1466:                auto slePd = createPermissionedDomain(ac, A1, A2);
src/test/app/Invariants_test.cpp:1470:                    STArray credentials(sfAcceptedCredentials, 2);
src/test/app/Invariants_test.cpp:1471:                    slePd->setFieldArray(sfAcceptedCredentials, credentials);
src/test/app/Invariants_test.cpp:1481:        testcase << "PermissionedDomain Set 2";
src/test/app/Invariants_test.cpp:1488:                auto slePd = createPermissionedDomain(ac, A1, A2);
src/test/app/Invariants_test.cpp:1492:                    STArray credentials(sfAcceptedCredentials, tooBig);
src/test/app/Invariants_test.cpp:1496:                        auto cred = STObject::makeInnerObject(sfCredential);
src/test/app/Invariants_test.cpp:1497:                        cred.setAccountID(sfIssuer, A2);
src/test/app/Invariants_test.cpp:1500:                            sfCredentialType,
src/test/app/Invariants_test.cpp:1505:                    slePd->setFieldArray(sfAcceptedCredentials, credentials);
src/test/app/Invariants_test.cpp:1515:        testcase << "PermissionedDomain Set 3";
src/test/app/Invariants_test.cpp:1521:                auto slePd = createPermissionedDomain(ac, A1, A2);
src/test/app/Invariants_test.cpp:1525:                    STArray credentials(sfAcceptedCredentials, 2);
src/test/app/Invariants_test.cpp:1528:                        auto cred = STObject::makeInnerObject(sfCredential);
src/test/app/Invariants_test.cpp:1529:                        cred.setAccountID(sfIssuer, A2);
src/test/app/Invariants_test.cpp:1533:                            sfCredentialType,
src/test/app/Invariants_test.cpp:1538:                    slePd->setFieldArray(sfAcceptedCredentials, credentials);
src/test/app/Invariants_test.cpp:1548:        testcase << "PermissionedDomain Set 4";
src/test/app/Invariants_test.cpp:1554:                auto slePd = createPermissionedDomain(ac, A1, A2);
src/test/app/Invariants_test.cpp:1558:                    STArray credentials(sfAcceptedCredentials, 2);
src/test/app/Invariants_test.cpp:1561:                        auto cred = STObject::makeInnerObject(sfCredential);
src/test/app/Invariants_test.cpp:1562:                        cred.setAccountID(sfIssuer, A2);
src/test/app/Invariants_test.cpp:1564:                            sfCredentialType, Slice("cred_type", 9));
src/test/app/Invariants_test.cpp:1567:                    slePd->setFieldArray(sfAcceptedCredentials, credentials);
src/test/app/Invariants_test.cpp:1591:            testcase << "PermissionedDomain set 2 domains ";
src/test/app/Invariants_test.cpp:1596:                    createPermissionedDomain(ac, A1, A2);
src/test/app/Invariants_test.cpp:1597:                    createPermissionedDomain(ac, A1, A2, 2, 11);
src/test/app/Invariants_test.cpp:1606:            testcase << "PermissionedDomain del 2 domains";
src/test/app/Invariants_test.cpp:1616:                createPermissionedDomainEnv(env1, A1, A2);
src/test/app/Invariants_test.cpp:1618:                createPermissionedDomainEnv(env1, A1, A2);
src/test/app/Invariants_test.cpp:1639:            testcase << "PermissionedDomain set 0 domains ";
src/test/app/Invariants_test.cpp:1652:            testcase << "PermissionedDomain del 0 domains";
src/test/app/Invariants_test.cpp:1662:                createPermissionedDomainEnv(env1, A1, A2);
src/test/app/Invariants_test.cpp:1664:                createPermissionedDomainEnv(env1, A1, A2);
src/test/app/Invariants_test.cpp:1681:            testcase << "PermissionedDomain set, delete domain";
src/test/app/Invariants_test.cpp:1691:                createPermissionedDomainEnv(env1, A1, A2);
src/test/app/Invariants_test.cpp:1710:            testcase << "PermissionedDomain del, create domain ";
src/test/app/Invariants_test.cpp:1715:                    createPermissionedDomain(ac, A1, A2);
src/test/app/Invariants_test.cpp:1724:            testcase << "PermissionedDomain invalid tx";
src/test/app/Invariants_test.cpp:1729:                    createPermissionedDomain(ac, A1, A2);
src/test/app/Invariants_test.cpp:1753:                    vault.create({.owner = a, .asset = xrpAsset});
src/test/app/Invariants_test.cpp:1814:                {tecINVARIANT_FAILED, tefINVARIANT_FAILED},
src/test/app/Invariants_test.cpp:1839:                {tecINVARIANT_FAILED, tefINVARIANT_FAILED},
src/test/app/Invariants_test.cpp:1860:    createPermissionedDomainEnv(
src/test/app/Invariants_test.cpp:1868:        pdomain::Credentials credentials;
src/test/app/Invariants_test.cpp:1919:            {tecINVARIANT_FAILED, tecINVARIANT_FAILED});
src/test/app/Invariants_test.cpp:1941:            {tecINVARIANT_FAILED, tecINVARIANT_FAILED});
src/test/app/Invariants_test.cpp:1953:                createPermissionedDomainEnv(env1, A1, A2);
src/test/app/Invariants_test.cpp:1979:                {tecINVARIANT_FAILED, tecINVARIANT_FAILED});
src/test/app/Invariants_test.cpp:1992:                createPermissionedDomainEnv(env1, A1, A2);
src/test/app/Invariants_test.cpp:2016:                {tecINVARIANT_FAILED, tecINVARIANT_FAILED});
src/test/app/Invariants_test.cpp:2029:                createPermissionedDomainEnv(env1, A1, A2);
src/test/app/Invariants_test.cpp:2050:                {tecINVARIANT_FAILED, tecINVARIANT_FAILED});
src/test/app/Invariants_test.cpp:2062:                createPermissionedDomainEnv(env1, A1, A2);
src/test/app/Invariants_test.cpp:2064:                createPermissionedDomainEnv(env1, A1, A2);
src/test/app/Invariants_test.cpp:2090:                {tecINVARIANT_FAILED, tecINVARIANT_FAILED});
src/test/app/Invariants_test.cpp:2102:                createPermissionedDomainEnv(env1, A1, A2);
src/test/app/Invariants_test.cpp:2128:                {tecINVARIANT_FAILED, tecINVARIANT_FAILED});
src/test/app/Invariants_test.cpp:2143:        auto [tx, vKeylet] = vault.create({.owner = a, .asset = asset});
src/test/app/Invariants_test.cpp:2215:                    {tecINVARIANT_FAILED, tefINVARIANT_FAILED},
src/test/app/Invariants_test.cpp:2312:                if (!BEAST_EXPECT(sleBroker->at(sfOwnerCount) == 0))
src/test/app/Invariants_test.cpp:2318:                // The pseudo-account holds the directory, so get it
src/test/app/Invariants_test.cpp:2327:                // Make sure the directory doesn't already exist
src/test/app/Invariants_test.cpp:2328:                auto const dirKeylet = keylet::ownerDir(pseudoAccountID);
src/test/app/Invariants_test.cpp:2333:                    // Create the directory
src/test/app/Invariants_test.cpp:2335:                        ::ripple::directory::createRoot(
src/test/app/Invariants_test.cpp:2348:                {{"Loan Broker with zero OwnerCount has multiple directory "
src/test/app/Invariants_test.cpp:2362:                        ::ripple::directory::insertPage(
src/test/app/Invariants_test.cpp:2376:                {tecINVARIANT_FAILED, tefINVARIANT_FAILED},
src/test/app/Invariants_test.cpp:2380:                {{"Loan Broker with zero OwnerCount has multiple indexes in "
src/test/app/Invariants_test.cpp:2392:                    // Put some extra garbage into the directory
src/test/app/Invariants_test.cpp:2395:                        ::ripple::directory::insertKey(
src/test/app/Invariants_test.cpp:2403:                {tecINVARIANT_FAILED, tefINVARIANT_FAILED},
src/test/app/Invariants_test.cpp:2407:                {{"Loan Broker directory corrupt"}},
src/test/app/Invariants_test.cpp:2423:                    // Put one meaningless key into the directory
src/test/app/Invariants_test.cpp:2426:                    ::ripple::directory::insertKey(
src/test/app/Invariants_test.cpp:2433:                {tecINVARIANT_FAILED, tefINVARIANT_FAILED},
src/test/app/Invariants_test.cpp:2437:                {{"Loan Broker with zero OwnerCount has an unexpected entry in "
src/test/app/Invariants_test.cpp:2438:                  "the directory"}},
src/test/app/Invariants_test.cpp:2452:                    ::ripple::directory::insertKey(
src/test/app/Invariants_test.cpp:2459:                {tecINVARIANT_FAILED, tefINVARIANT_FAILED},
src/test/app/Invariants_test.cpp:2482:                {tecINVARIANT_FAILED, tefINVARIANT_FAILED},
src/test/app/Invariants_test.cpp:2516:                    {tecINVARIANT_FAILED, tefINVARIANT_FAILED},
src/test/app/Invariants_test.cpp:2537:                {tecINVARIANT_FAILED, tefINVARIANT_FAILED},
src/test/app/Invariants_test.cpp:2688:                vault.create({.owner = A1, .asset = xrpIssue()});
src/test/app/Invariants_test.cpp:2712:            {tecINVARIANT_FAILED, tecINVARIANT_FAILED},
src/test/app/Invariants_test.cpp:2715:                auto [tx, _] = vault.create({.owner = A1, .asset = xrpIssue()});
src/test/app/Invariants_test.cpp:2732:            {tecINVARIANT_FAILED, tecINVARIANT_FAILED},
src/test/app/Invariants_test.cpp:2735:                auto [tx, _] = vault.create({.owner = A1, .asset = xrpIssue()});
src/test/app/Invariants_test.cpp:2752:            {tecINVARIANT_FAILED, tecINVARIANT_FAILED},
src/test/app/Invariants_test.cpp:2755:                auto [tx, _] = vault.create({.owner = A1, .asset = xrpIssue()});
src/test/app/Invariants_test.cpp:2766:                auto const vaultPage = ac.view().dirInsert(
src/test/app/Invariants_test.cpp:2767:                    keylet::ownerDir(A1.id()),
src/test/app/Invariants_test.cpp:2776:            {tecINVARIANT_FAILED, tecINVARIANT_FAILED});
src/test/app/Invariants_test.cpp:2790:            {tecINVARIANT_FAILED, tecINVARIANT_FAILED},
src/test/app/Invariants_test.cpp:2793:                auto [tx, _] = vault.create({.owner = A1, .asset = xrpIssue()});
src/test/app/Invariants_test.cpp:2819:            {tecINVARIANT_FAILED, tecINVARIANT_FAILED},
src/test/app/Invariants_test.cpp:2824:                        vault.create({.owner = A1, .asset = xrpIssue()});
src/test/app/Invariants_test.cpp:2829:                        vault.create({.owner = A2, .asset = xrpIssue()});
src/test/app/Invariants_test.cpp:2842:                    auto const vaultPage = ac.view().dirInsert(
src/test/app/Invariants_test.cpp:2843:                        keylet::ownerDir(A.id()),
src/test/app/Invariants_test.cpp:2855:            {tecINVARIANT_FAILED, tecINVARIANT_FAILED});
src/test/app/Invariants_test.cpp:2869:            {tecINVARIANT_FAILED, tecINVARIANT_FAILED},
src/test/app/Invariants_test.cpp:2872:                auto [tx, _] = vault.create({.owner = A1, .asset = xrpIssue()});
src/test/app/Invariants_test.cpp:2896:            {tecINVARIANT_FAILED, tefINVARIANT_FAILED},
src/test/app/Invariants_test.cpp:2900:                    vault.create({.owner = A1, .asset = xrpIssue()});
src/test/app/Invariants_test.cpp:2926:            {tecINVARIANT_FAILED, tecINVARIANT_FAILED},
src/test/app/Invariants_test.cpp:2937:            {tecINVARIANT_FAILED, tecINVARIANT_FAILED},
src/test/app/Invariants_test.cpp:2940:                auto [tx, _] = vault.create({.owner = A1, .asset = xrpIssue()});
src/test/app/Invariants_test.cpp:2952:            {tecINVARIANT_FAILED, tecINVARIANT_FAILED},
src/test/app/Invariants_test.cpp:2955:                auto [tx, _] = vault.create({.owner = A1, .asset = xrpIssue()});
src/test/app/Invariants_test.cpp:2967:            {tecINVARIANT_FAILED, tecINVARIANT_FAILED},
src/test/app/Invariants_test.cpp:2970:                auto [tx, _] = vault.create({.owner = A1, .asset = xrpIssue()});
src/test/app/Invariants_test.cpp:2982:            {tecINVARIANT_FAILED, tecINVARIANT_FAILED},
src/test/app/Invariants_test.cpp:2985:                auto [tx, _] = vault.create({.owner = A1, .asset = xrpIssue()});
src/test/app/Invariants_test.cpp:2997:            {tecINVARIANT_FAILED, tecINVARIANT_FAILED},
src/test/app/Invariants_test.cpp:3000:                auto [tx, _] = vault.create({.owner = A1, .asset = xrpIssue()});
src/test/app/Invariants_test.cpp:3024:            {tecINVARIANT_FAILED, tefINVARIANT_FAILED},
src/test/app/Invariants_test.cpp:3027:                auto [tx, _] = vault.create({.owner = A1, .asset = xrpIssue()});
src/test/app/Invariants_test.cpp:3046:            {tecINVARIANT_FAILED, tecINVARIANT_FAILED},
src/test/app/Invariants_test.cpp:3050:                    vault.create({.owner = A1, .asset = xrpIssue()});
src/test/app/Invariants_test.cpp:3096:            {tecINVARIANT_FAILED, tecINVARIANT_FAILED},
src/test/app/Invariants_test.cpp:3114:            {tecINVARIANT_FAILED, tecINVARIANT_FAILED},
src/test/app/Invariants_test.cpp:3130:            {tecINVARIANT_FAILED, tecINVARIANT_FAILED},
src/test/app/Invariants_test.cpp:3146:            {tecINVARIANT_FAILED, tecINVARIANT_FAILED},
src/test/app/Invariants_test.cpp:3164:            {tecINVARIANT_FAILED, tecINVARIANT_FAILED},
src/test/app/Invariants_test.cpp:3187:            {tecINVARIANT_FAILED, tecINVARIANT_FAILED},
src/test/app/Invariants_test.cpp:3204:            {tecINVARIANT_FAILED, tecINVARIANT_FAILED},
src/test/app/Invariants_test.cpp:3221:            {tecINVARIANT_FAILED, tecINVARIANT_FAILED},
src/test/app/Invariants_test.cpp:3245:            {tecINVARIANT_FAILED, tecINVARIANT_FAILED},
src/test/app/Invariants_test.cpp:3268:            {tecINVARIANT_FAILED, tecINVARIANT_FAILED},
src/test/app/Invariants_test.cpp:3292:            {tecINVARIANT_FAILED, tefINVARIANT_FAILED},
src/test/app/Invariants_test.cpp:3314:            {tecINVARIANT_FAILED, tecINVARIANT_FAILED},
src/test/app/Invariants_test.cpp:3318:                    vault.create({.owner = A1, .asset = xrpIssue()});
src/test/app/Invariants_test.cpp:3341:            {tecINVARIANT_FAILED, tecINVARIANT_FAILED},
src/test/app/Invariants_test.cpp:3345:                    vault.create({.owner = A1, .asset = xrpIssue()});
src/test/app/Invariants_test.cpp:3369:            {tecINVARIANT_FAILED, tecINVARIANT_FAILED},
src/test/app/Invariants_test.cpp:3373:                    vault.create({.owner = A1, .asset = xrpIssue()});
src/test/app/Invariants_test.cpp:3399:            {tecINVARIANT_FAILED, tecINVARIANT_FAILED},
src/test/app/Invariants_test.cpp:3403:                    vault.create({.owner = A1, .asset = xrpIssue()});
src/test/app/Invariants_test.cpp:3424:            {tecINVARIANT_FAILED, tecINVARIANT_FAILED},
src/test/app/Invariants_test.cpp:3428:                    vault.create({.owner = A1, .asset = xrpIssue()});
src/test/app/Invariants_test.cpp:3448:                (*sleShares)[sfIssuer] = A1.id();
src/test/app/Invariants_test.cpp:3454:            {tecINVARIANT_FAILED, tecINVARIANT_FAILED},
src/test/app/Invariants_test.cpp:3458:                    vault.create({.owner = A1, .asset = xrpIssue()});
src/test/app/Invariants_test.cpp:3473:                auto const vaultPage = ac.view().dirInsert(
src/test/app/Invariants_test.cpp:3474:                    keylet::ownerDir(A1.id()),
src/test/app/Invariants_test.cpp:3493:                    lsfDisableMaster | lsfDefaultRipple | lsfDepositAuth);
src/test/app/Invariants_test.cpp:3500:                auto const sharesPage = ac.view().dirInsert(
src/test/app/Invariants_test.cpp:3501:                    keylet::ownerDir(pseudoId),
src/test/app/Invariants_test.cpp:3507:                sleShares->at(sfIssuer) = pseudoId;
src/test/app/Invariants_test.cpp:3528:            {tecINVARIANT_FAILED, tefINVARIANT_FAILED});
src/test/app/Invariants_test.cpp:3537:                auto const vaultPage = ac.view().dirInsert(
src/test/app/Invariants_test.cpp:3538:                    keylet::ownerDir(A1.id()),
src/test/app/Invariants_test.cpp:3557:                    lsfDisableMaster | lsfDefaultRipple | lsfDepositAuth);
src/test/app/Invariants_test.cpp:3566:                auto const sharesPage = ac.view().dirInsert(
src/test/app/Invariants_test.cpp:3567:                    keylet::ownerDir(pseudoId),
src/test/app/Invariants_test.cpp:3573:                sleShares->at(sfIssuer) = pseudoId;
src/test/app/Invariants_test.cpp:3596:            {tecINVARIANT_FAILED, tefINVARIANT_FAILED});
src/test/app/Invariants_test.cpp:3605:                auto const vaultPage = ac.view().dirInsert(
src/test/app/Invariants_test.cpp:3606:                    keylet::ownerDir(A1.id()),
src/test/app/Invariants_test.cpp:3614:                auto const sharesPage = ac.view().dirInsert(
src/test/app/Invariants_test.cpp:3615:                    keylet::ownerDir(A2.id()),
src/test/app/Invariants_test.cpp:3622:                sleShares->at(sfIssuer) = AccountID(42);
src/test/app/Invariants_test.cpp:3643:            {tecINVARIANT_FAILED, tefINVARIANT_FAILED});
src/test/app/Invariants_test.cpp:3659:            {tecINVARIANT_FAILED, tecINVARIANT_FAILED},
src/test/app/Invariants_test.cpp:3679:            {tecINVARIANT_FAILED, tecINVARIANT_FAILED},
src/test/app/Invariants_test.cpp:3714:            {tecINVARIANT_FAILED, tecINVARIANT_FAILED},
src/test/app/Invariants_test.cpp:3745:            {tecINVARIANT_FAILED, tecINVARIANT_FAILED},
src/test/app/Invariants_test.cpp:3772:            {tecINVARIANT_FAILED, tecINVARIANT_FAILED},
src/test/app/Invariants_test.cpp:3791:            {tecINVARIANT_FAILED, tecINVARIANT_FAILED},
src/test/app/Invariants_test.cpp:3811:            {tecINVARIANT_FAILED, tecINVARIANT_FAILED},
src/test/app/Invariants_test.cpp:3834:            {tecINVARIANT_FAILED, tecINVARIANT_FAILED},
src/test/app/Invariants_test.cpp:3861:            {tecINVARIANT_FAILED, tecINVARIANT_FAILED},
src/test/app/Invariants_test.cpp:3882:            {tecINVARIANT_FAILED, tecINVARIANT_FAILED},
src/test/app/Invariants_test.cpp:3900:            {tecINVARIANT_FAILED, tecINVARIANT_FAILED},
src/test/app/Invariants_test.cpp:3935:            {tecINVARIANT_FAILED, tecINVARIANT_FAILED},
src/test/app/Invariants_test.cpp:3965:            {tecINVARIANT_FAILED, tecINVARIANT_FAILED},
src/test/app/Invariants_test.cpp:3991:            {tecINVARIANT_FAILED, tecINVARIANT_FAILED},
src/test/app/Invariants_test.cpp:4008:            {tecINVARIANT_FAILED, tecINVARIANT_FAILED},
src/test/app/Invariants_test.cpp:4025:            {tecINVARIANT_FAILED, tecINVARIANT_FAILED},
src/test/app/Invariants_test.cpp:4045:            {tecINVARIANT_FAILED, tecINVARIANT_FAILED},
src/test/app/Invariants_test.cpp:4064:            {tecINVARIANT_FAILED, tecINVARIANT_FAILED},
src/test/app/Invariants_test.cpp:4091:            {tecINVARIANT_FAILED, tecINVARIANT_FAILED},
src/test/app/Invariants_test.cpp:4134:            auto [tx, keylet] = vault.create({.owner = A1, .asset = asset});
src/test/app/Invariants_test.cpp:4162:            {tecINVARIANT_FAILED, tecINVARIANT_FAILED},
src/test/app/Invariants_test.cpp:4182:            {tecINVARIANT_FAILED, tecINVARIANT_FAILED},
src/test/app/Invariants_test.cpp:4197:            {tecINVARIANT_FAILED, tecINVARIANT_FAILED},
src/test/app/Invariants_test.cpp:4214:            {tecINVARIANT_FAILED, tecINVARIANT_FAILED},
src/test/app/Invariants_test.cpp:4237:            {tecINVARIANT_FAILED, tecINVARIANT_FAILED},
src/test/app/Invariants_test.cpp:4258:            {tecINVARIANT_FAILED, tecINVARIANT_FAILED},
src/test/app/Invariants_test.cpp:4283:            {tecINVARIANT_FAILED, tecINVARIANT_FAILED},
src/test/app/Invariants_test.cpp:4297:            tecINVARIANT_FAILED, tefINVARIANT_FAILED};
src/test/app/Invariants_test.cpp:4580:        testPermissionedDomainInvariants(defaultAmendments() | fixCleanup3_1_3);
src/test/app/Invariants_test.cpp:4581:        testPermissionedDomainInvariants(defaultAmendments() - fixCleanup3_1_3);
