src/test/app/Offer_test.cpp:2803:    testSellOffer(FeatureBitset features)
src/test/app/Offer_test.cpp:4299:    testRequireAuth(FeatureBitset features)
src/test/app/Offer_test.cpp:4301:        testcase("lsfRequireAuth");
src/test/app/Offer_test.cpp:4318:        env(fset(gw, asfRequireAuth));
src/test/app/Offer_test.cpp:4355:        //    gw adds lsfRequireAuth.  Then, later, alice's offer is crossed.
src/test/app/Offer_test.cpp:4360:        //    lsfRequireAuth set.  This time the offer create fails because
src/test/app/Offer_test.cpp:4390:        env(fset(gw, asfRequireAuth));
src/test/app/Offer_test.cpp:4501:            env(fset(cold, asfRequireAuth));
src/test/app/Offer_test.cpp:4582:        // Since gw has an offer out, gw should not be able to set RequireAuth.
src/test/app/Offer_test.cpp:4583:        env(fset(gw, asfRequireAuth), ter(tecOWNERS));
src/test/app/Offer_test.cpp:4586:        // Cancel gw's offer so we can set RequireAuth.
src/test/app/Offer_test.cpp:4592:        env(fset(gw, asfRequireAuth));
src/test/app/Offer_test.cpp:4598:        // Before DepositPreauth an account with lsfRequireAuth set could not
src/test/app/Offer_test.cpp:5337:        testSellOffer(features);
src/test/app/Offer_test.cpp:5351:        testRequireAuth(features);
src/test/app/AccountDelete_test.cpp:855:        // alice sets the lsfDepositAuth flag on her account.  This should
src/test/app/AccountDelete_test.cpp:858:        env(fset(alice, asfDepositAuth));
src/test/app/AccountDelete_test.cpp:895:    testDestinationDepositAuthCredentials()
src/test/app/AccountDelete_test.cpp:936:                // alice sets the lsfDepositAuth flag on her account.  This
src/test/app/AccountDelete_test.cpp:939:                env(fset(alice, asfDepositAuth));
src/test/app/AccountDelete_test.cpp:1053:                env(fset(fred, asfDepositAuth));
src/test/app/AccountDelete_test.cpp:1135:            // alice sets the lsfDepositAuth flag on her account.  This should
src/test/app/AccountDelete_test.cpp:1138:            env(fset(alice, asfDepositAuth));
src/test/app/AccountDelete_test.cpp:1267:        testDestinationDepositAuthCredentials();
src/test/app/OpenP0Repro_test.cpp:66:        uint256 brokerID;
src/test/app/OpenP0Repro_test.cpp:68:        jtx::Account brokerPseudo;
src/test/app/OpenP0Repro_test.cpp:96:        auto const brokerKeylet = keylet::loanbroker(owner.id(), env.seq(owner));
src/test/app/OpenP0Repro_test.cpp:102:            env(loanBroker::coverDeposit(owner, brokerKeylet.key, asset(cover)),
src/test/app/OpenP0Repro_test.cpp:108:        auto const brokerSle = env.le(brokerKeylet);
src/test/app/OpenP0Repro_test.cpp:109:        if (!BEAST_EXPECT(vaultSle && brokerSle))
src/test/app/OpenP0Repro_test.cpp:113:                brokerKeylet.key,
src/test/app/OpenP0Repro_test.cpp:120:            brokerKeylet.key,
src/test/app/OpenP0Repro_test.cpp:122:            Account{"brokerPseudo", brokerSle->at(sfAccount)}};
src/test/app/OpenP0Repro_test.cpp:129:        jtx::Account const& broker,
src/test/app/OpenP0Repro_test.cpp:136:        auto fixture = createBrokerWithCover(env, issuer, broker, 50'000);
src/test/app/OpenP0Repro_test.cpp:142:        auto const brokerSle = env.le(keylet::loanbroker(fixture.brokerID));
src/test/app/OpenP0Repro_test.cpp:143:        if (!BEAST_EXPECT(brokerSle))
src/test/app/OpenP0Repro_test.cpp:145:        auto const loanSequence = brokerSle->at(sfLoanSequence);
src/test/app/OpenP0Repro_test.cpp:146:        auto const loanKeylet = keylet::loan(fixture.brokerID, loanSequence);
src/test/app/OpenP0Repro_test.cpp:148:        env(loan::set(borrower, fixture.brokerID, 10'000),
src/test/app/OpenP0Repro_test.cpp:149:            sig(sfCounterpartySignature, broker),
src/test/app/OpenP0Repro_test.cpp:192:        auto const brokerKeylet = keylet::loanbroker(alice.id(), env.seq(alice));
src/test/app/OpenP0Repro_test.cpp:196:        env(coverDeposit(alice, brokerKeylet.key, asset(10)), THISLINE);
src/test/app/OpenP0Repro_test.cpp:199:        env(fclear(dest, asfDepositAuth), THISLINE);
src/test/app/OpenP0Repro_test.cpp:207:        env(coverWithdraw(alice, brokerKeylet.key, asset(10)),
src/test/app/OpenP0Repro_test.cpp:221:        env(coverWithdraw(alice, brokerKeylet.key, asset(1)),
src/test/app/OpenP0Repro_test.cpp:228:    testF35_brokerDeleteRegularFrozenOwner()
src/test/app/OpenP0Repro_test.cpp:234:        Account const broker{"broker"};
src/test/app/OpenP0Repro_test.cpp:236:        env.fund(XRP(100'000), issuer, broker);
src/test/app/OpenP0Repro_test.cpp:239:        auto const fixture = createBrokerWithCover(env, issuer, broker, 10);
src/test/app/OpenP0Repro_test.cpp:241:        env(trust(issuer, fixture.asset(1'000), broker, tfSetFreeze), THISLINE);
src/test/app/OpenP0Repro_test.cpp:244:        auto const before = env.balance(broker, fixture.asset);
src/test/app/OpenP0Repro_test.cpp:245:        env(loanBroker::del(broker, fixture.brokerID), ter(tesSUCCESS), THISLINE);
src/test/app/OpenP0Repro_test.cpp:247:        auto const after = env.balance(broker, fixture.asset);
src/test/app/OpenP0Repro_test.cpp:255:        testcase("F3.9 LoanBrokerCoverDeposit — regular-freeze-only broker pseudo receives cover");
src/test/app/OpenP0Repro_test.cpp:259:        Account const broker{"broker"};
src/test/app/OpenP0Repro_test.cpp:261:        env.fund(XRP(100'000), issuer, broker);
src/test/app/OpenP0Repro_test.cpp:264:        auto const fixture = createBrokerWithCover(env, issuer, broker, 5);
src/test/app/OpenP0Repro_test.cpp:266:        env(trust(issuer, fixture.asset(1'000), fixture.brokerPseudo, tfSetFreeze),
src/test/app/OpenP0Repro_test.cpp:270:        auto const before = env.balance(fixture.brokerPseudo, fixture.asset);
src/test/app/OpenP0Repro_test.cpp:271:        env(loanBroker::coverDeposit(broker, fixture.brokerID, fixture.asset(10)),
src/test/app/OpenP0Repro_test.cpp:275:        auto const after = env.balance(fixture.brokerPseudo, fixture.asset);
src/test/app/OpenP0Repro_test.cpp:283:        testcase("F3.7 LoanSet — regular-freeze-only broker owner receives origination fee");
src/test/app/OpenP0Repro_test.cpp:287:        Account const broker{"broker"};
src/test/app/OpenP0Repro_test.cpp:290:        env.fund(XRP(100'000), issuer, broker, borrower);
src/test/app/OpenP0Repro_test.cpp:293:        auto const fixture = createBrokerWithCover(env, issuer, broker, 50'000);
src/test/app/OpenP0Repro_test.cpp:297:        env(trust(issuer, fixture.asset(1'000), broker, tfSetFreeze), THISLINE);
src/test/app/OpenP0Repro_test.cpp:300:        auto const before = env.balance(broker, fixture.asset);
src/test/app/OpenP0Repro_test.cpp:301:        env(loan::set(borrower, fixture.brokerID, 10'000),
src/test/app/OpenP0Repro_test.cpp:302:            sig(sfCounterpartySignature, broker),
src/test/app/OpenP0Repro_test.cpp:309:        auto const after = env.balance(broker, fixture.asset);
src/test/app/OpenP0Repro_test.cpp:317:        testcase("F3.6 LoanPay — regular-freeze-only broker owner receives service fee");
src/test/app/OpenP0Repro_test.cpp:321:        Account const broker{"broker"};
src/test/app/OpenP0Repro_test.cpp:324:        env.fund(XRP(100'000), issuer, broker, borrower);
src/test/app/OpenP0Repro_test.cpp:328:            createLoanWithServiceFee(env, issuer, broker, borrower, 100, 0);
src/test/app/OpenP0Repro_test.cpp:330:        env(trust(issuer, fixture.asset(1'000), broker, tfSetFreeze), THISLINE);
src/test/app/OpenP0Repro_test.cpp:333:        auto const before = env.balance(broker, fixture.asset);
src/test/app/OpenP0Repro_test.cpp:339:        auto const after = env.balance(broker, fixture.asset);
src/test/app/OpenP0Repro_test.cpp:351:        Account const broker{"broker"};
src/test/app/OpenP0Repro_test.cpp:354:        env.fund(XRP(100'000), issuer, broker, borrower);
src/test/app/OpenP0Repro_test.cpp:358:            createLoanWithServiceFee(env, issuer, broker, borrower, 100, 0);
src/test/app/OpenP0Repro_test.cpp:378:        testcase("F3.10 LoanPay — regular-freeze-only broker pseudo receives fallback fee");
src/test/app/OpenP0Repro_test.cpp:382:        Account const broker{"broker"};
src/test/app/OpenP0Repro_test.cpp:385:        env.fund(XRP(100'000), issuer, broker, borrower);
src/test/app/OpenP0Repro_test.cpp:389:            createLoanWithServiceFee(env, issuer, broker, borrower, 100, 0);
src/test/app/OpenP0Repro_test.cpp:391:        auto const brokerTrustline =
src/test/app/OpenP0Repro_test.cpp:392:            keylet::line(broker.id(), fixture.asset.raw().get<Issue>());
src/test/app/OpenP0Repro_test.cpp:393:        BEAST_EXPECT(env.le(brokerTrustline) != nullptr);
src/test/app/OpenP0Repro_test.cpp:394:        auto const brokerBalance = env.balance(broker, fixture.asset);
src/test/app/OpenP0Repro_test.cpp:395:        if (brokerBalance.number() > beast::zero)
src/test/app/OpenP0Repro_test.cpp:397:            env(pay(broker, issuer, brokerBalance), THISLINE);
src/test/app/OpenP0Repro_test.cpp:400:        env(trust(broker, fixture.asset(0)), THISLINE);
src/test/app/OpenP0Repro_test.cpp:402:        BEAST_EXPECT(env.le(brokerTrustline) == nullptr);
src/test/app/OpenP0Repro_test.cpp:404:        env(trust(issuer, fixture.asset(1'000), fixture.brokerPseudo, tfSetFreeze),
src/test/app/OpenP0Repro_test.cpp:408:        auto const before = env.balance(fixture.brokerPseudo, fixture.asset);
src/test/app/OpenP0Repro_test.cpp:414:        auto const after = env.balance(fixture.brokerPseudo, fixture.asset);
src/test/app/OpenP0Repro_test.cpp:448:        auto const brokerKeylet = keylet::loanbroker(alice.id(), env.seq(alice));
src/test/app/OpenP0Repro_test.cpp:451:        env(coverDeposit(alice, brokerKeylet.key, asset(10)), THISLINE);
src/test/app/OpenP0Repro_test.cpp:454:        env(fclear(dest, asfDepositAuth), THISLINE);
src/test/app/OpenP0Repro_test.cpp:458:        env(coverWithdraw(alice, brokerKeylet.key, asset(1)),
src/test/app/OpenP0Repro_test.cpp:784:            auto const ter = accountSendMulti(
src/test/app/OpenP0Repro_test.cpp:1006:            auto const brokerKeylet =
src/test/app/OpenP0Repro_test.cpp:1007:                keylet::loanbroker(owner.id(), env.seq(owner));
src/test/app/OpenP0Repro_test.cpp:1011:            env(loan::set(depositor, brokerKeylet.key, asset(40).value()),
src/test/app/OpenP0Repro_test.cpp:1086:            auto const brokerSleBefore =
src/test/app/OpenP0Repro_test.cpp:1087:                env.le(keylet::loanbroker(fixture.brokerID));
src/test/app/OpenP0Repro_test.cpp:1088:            if (!BEAST_EXPECT(brokerSleBefore))
src/test/app/OpenP0Repro_test.cpp:1090:            auto const loanSequence = brokerSleBefore->at(sfLoanSequence);
src/test/app/OpenP0Repro_test.cpp:1092:                keylet::loan(fixture.brokerID, loanSequence);
src/test/app/OpenP0Repro_test.cpp:1094:            env(loan::set(borrower, fixture.brokerID, Number{3959'37, -2}),
src/test/app/OpenP0Repro_test.cpp:1233:        auto const brokerKeylet = keylet::loanbroker(fixture.brokerID);
src/test/app/OpenP0Repro_test.cpp:1236:            auto const brokerBefore = env.le(brokerKeylet);
src/test/app/OpenP0Repro_test.cpp:1237:            if (!BEAST_EXPECT(brokerBefore))
src/test/app/OpenP0Repro_test.cpp:1239:            Number const coverBefore = brokerBefore->at(sfCoverAvailable);
src/test/app/OpenP0Repro_test.cpp:1243:                    fixture.brokerID,
src/test/app/OpenP0Repro_test.cpp:1249:            auto const brokerAfter = env.le(brokerKeylet);
src/test/app/OpenP0Repro_test.cpp:1250:            if (!BEAST_EXPECT(brokerAfter))
src/test/app/OpenP0Repro_test.cpp:1254:            // request 1.8e-14, broker cover increases by 2e-14.
src/test/app/OpenP0Repro_test.cpp:1256:                brokerAfter->at(sfCoverAvailable) - coverBefore;
src/test/app/OpenP0Repro_test.cpp:1262:            auto const brokerBefore = env.le(brokerKeylet);
src/test/app/OpenP0Repro_test.cpp:1263:            if (!BEAST_EXPECT(brokerBefore))
src/test/app/OpenP0Repro_test.cpp:1265:            Number const coverBefore = brokerBefore->at(sfCoverAvailable);
src/test/app/OpenP0Repro_test.cpp:1270:                    fixture.brokerID,
src/test/app/OpenP0Repro_test.cpp:1276:            auto const brokerAfter = env.le(brokerKeylet);
src/test/app/OpenP0Repro_test.cpp:1277:            if (!BEAST_EXPECT(brokerAfter))
src/test/app/OpenP0Repro_test.cpp:1281:            // zero at the broker cover scale.
src/test/app/OpenP0Repro_test.cpp:1282:            BEAST_EXPECT(brokerAfter->at(sfCoverAvailable) == coverBefore);
src/test/app/OpenP0Repro_test.cpp:1287:            auto const brokerBefore = env.le(brokerKeylet);
src/test/app/OpenP0Repro_test.cpp:1288:            if (!BEAST_EXPECT(brokerBefore))
src/test/app/OpenP0Repro_test.cpp:1290:            Number const coverBefore = brokerBefore->at(sfCoverAvailable);
src/test/app/OpenP0Repro_test.cpp:1295:                    fixture.brokerID,
src/test/app/OpenP0Repro_test.cpp:1301:            auto const brokerAfter = env.le(brokerKeylet);
src/test/app/OpenP0Repro_test.cpp:1302:            if (!BEAST_EXPECT(brokerAfter))
src/test/app/OpenP0Repro_test.cpp:1307:            // the broker-cover scale and moves no funds.
src/test/app/OpenP0Repro_test.cpp:1308:            BEAST_EXPECT(brokerAfter->at(sfCoverAvailable) == coverBefore);
src/test/app/OpenP0Repro_test.cpp:1323:            auto const clawBrokerKeylet = keylet::loanbroker(clawFixture.brokerID);
src/test/app/OpenP0Repro_test.cpp:1325:            auto const brokerBefore = clawEnv.le(clawBrokerKeylet);
src/test/app/OpenP0Repro_test.cpp:1326:            if (!BEAST_EXPECT(brokerBefore))
src/test/app/OpenP0Repro_test.cpp:1328:            Number const coverBefore = brokerBefore->at(sfCoverAvailable);
src/test/app/OpenP0Repro_test.cpp:1333:                loanBrokerID(clawFixture.brokerID),
src/test/app/OpenP0Repro_test.cpp:1339:            auto const brokerAfter = clawEnv.le(clawBrokerKeylet);
src/test/app/OpenP0Repro_test.cpp:1340:            if (!BEAST_EXPECT(brokerAfter))
src/test/app/OpenP0Repro_test.cpp:1345:            BEAST_EXPECT(brokerAfter->at(sfCoverAvailable) == coverBefore);
src/test/app/OpenP0Repro_test.cpp:1353:        testcase("LoanPay current — broker minimum cover scale inconsistency");
src/test/app/OpenP0Repro_test.cpp:1386:            auto const brokerKeylet = keylet::loanbroker(lender.id(), env.seq(lender));
src/test/app/OpenP0Repro_test.cpp:1394:            env(loanBroker::coverDeposit(lender, brokerKeylet.key, iou(5'000)), THISLINE);
src/test/app/OpenP0Repro_test.cpp:1398:                auto const brokerSle = env.le(keylet::loanbroker(brokerKeylet.key));
src/test/app/OpenP0Repro_test.cpp:1399:                if (!BEAST_EXPECT(brokerSle))
src/test/app/OpenP0Repro_test.cpp:1401:                return brokerSle->at(sfLoanSequence);
src/test/app/OpenP0Repro_test.cpp:1403:            auto const tinyLoanKeylet = keylet::loan(brokerKeylet.key, tinySeq);
src/test/app/OpenP0Repro_test.cpp:1404:            env(loan::set(borrower, brokerKeylet.key, Number{1, -2}),
src/test/app/OpenP0Repro_test.cpp:1414:                auto const brokerSle = env.le(keylet::loanbroker(brokerKeylet.key));
src/test/app/OpenP0Repro_test.cpp:1415:                if (!BEAST_EXPECT(brokerSle))
src/test/app/OpenP0Repro_test.cpp:1417:                return brokerSle->at(sfLoanSequence);
src/test/app/OpenP0Repro_test.cpp:1419:            auto const bigLoanKeylet = keylet::loan(brokerKeylet.key, bigSeq);
src/test/app/OpenP0Repro_test.cpp:1420:            env(loan::set(borrower, brokerKeylet.key, Number{500}),
src/test/app/OpenP0Repro_test.cpp:1442:                loanBroker::loanBrokerID(brokerKeylet.key),
src/test/app/OpenP0Repro_test.cpp:1447:            auto const brokerSle = env.le(keylet::loanbroker(brokerKeylet.key));
src/test/app/OpenP0Repro_test.cpp:1448:            if (!BEAST_EXPECT(brokerSle))
src/test/app/OpenP0Repro_test.cpp:1450:            BEAST_EXPECT(brokerSle->at(sfCoverAvailable) == expectedCoverAfter);
src/test/app/OpenP0Repro_test.cpp:1452:            Account const pseudo{"pseudo", brokerSle->at(sfAccount)};
src/test/app/OpenP0Repro_test.cpp:1473:        // inside LoanPay.  The same broker cover therefore sends the big
src/test/app/OpenP0Repro_test.cpp:1475:        // the broker owner.
src/test/app/OpenP0Repro_test.cpp:1515:        auto const brokerKeylet = keylet::loanbroker(alice.id(), env.seq(alice));
src/test/app/OpenP0Repro_test.cpp:1519:        env(loanBroker::coverDeposit(alice, brokerKeylet.key, mpt(5'000)));
src/test/app/OpenP0Repro_test.cpp:1522:        auto const broker = env.le(brokerKeylet);
src/test/app/OpenP0Repro_test.cpp:1523:        if (!BEAST_EXPECT(broker))
src/test/app/OpenP0Repro_test.cpp:1525:        BEAST_EXPECT(broker->at(sfCoverAvailable) > 0);
src/test/app/OpenP0Repro_test.cpp:1527:        auto const brokerPseudoID = broker->at(sfAccount);
src/test/app/OpenP0Repro_test.cpp:1529:            keylet::mptoken(mptt.issuanceID(), brokerPseudoID);
src/test/app/OpenP0Repro_test.cpp:1538:        lock[jss::Holder] = toBase58(brokerPseudoID);
src/test/app/OpenP0Repro_test.cpp:1549:        env(loanBroker::del(alice, brokerKeylet.key),
src/test/app/OpenP0Repro_test.cpp:1554:        BEAST_EXPECT(!env.le(brokerKeylet));
src/test/app/OpenP0Repro_test.cpp:1762:    testMPTDomainRequireAuthCanBeClearedCurrent()
src/test/app/OpenP0Repro_test.cpp:1764:        testcase("MPT current — domain-bound RequireAuth can be cleared");
src/test/app/OpenP0Repro_test.cpp:1782:            .flags = tfMPTRequireAuth | MPTDEXFlags,
src/test/app/OpenP0Repro_test.cpp:1783:            .mutableFlags = tmfMPTCanMutateRequireAuth,
src/test/app/OpenP0Repro_test.cpp:1791:        BEAST_EXPECT(before->isFlag(lsfMPTRequireAuth));
src/test/app/OpenP0Repro_test.cpp:1797:                .mutableFlags = tmfMPTClearRequireAuth,
src/test/app/OpenP0Repro_test.cpp:1803:        // Current 3.1.3 lets the issuer remove RequireAuth while retaining a
src/test/app/OpenP0Repro_test.cpp:1806:        // made permissionless by clearing RequireAuth.
src/test/app/OpenP0Repro_test.cpp:1810:        BEAST_EXPECT(!after->isFlag(lsfMPTRequireAuth));
src/test/app/OpenP0Repro_test.cpp:2210:        auto const brokerID = keylet::loanbroker(lender.id(), env.seq(lender)).key;
src/test/app/OpenP0Repro_test.cpp:2217:        auto const brokerSle = env.le(keylet::loanbroker(brokerID));
src/test/app/OpenP0Repro_test.cpp:2218:        if (!BEAST_EXPECT(brokerSle))
src/test/app/OpenP0Repro_test.cpp:2220:        auto const loanKeylet = keylet::loan(brokerID, brokerSle->at(sfLoanSequence));
src/test/app/OpenP0Repro_test.cpp:2222:        env(loan::set(borrower, brokerID, 3'333),
src/test/app/OpenP0Repro_test.cpp:2983:        env(token::acceptSellOffer(buyer, sellIdx), ter(tesSUCCESS), THISLINE);
src/test/app/OpenP0Repro_test.cpp:2997:        testcase("TrustLine current — NFToken broker fee creates positive balance without reserve");
src/test/app/OpenP0Repro_test.cpp:3003:        Account const broker{"broker"};
src/test/app/OpenP0Repro_test.cpp:3005:        bool const brokerHigh = broker.id() > gw.id();
src/test/app/OpenP0Repro_test.cpp:3008:        env.fund(XRP(400'000), gw, seller, buyer, broker);
src/test/app/OpenP0Repro_test.cpp:3013:        env(trust(broker, USD(1'000)), THISLINE);
src/test/app/OpenP0Repro_test.cpp:3016:        env(pay(gw, broker, USD(100)), THISLINE);
src/test/app/OpenP0Repro_test.cpp:3022:        env(trust(broker, USD(0)), THISLINE);
src/test/app/OpenP0Repro_test.cpp:3024:        env(pay(broker, gw, USD(100)), THISLINE);
src/test/app/OpenP0Repro_test.cpp:3027:        auto const brokerLine = keylet::line(broker, gw, to_currency("USD"));
src/test/app/OpenP0Repro_test.cpp:3028:        auto const cleared = env.le(brokerLine);
src/test/app/OpenP0Repro_test.cpp:3031:        BEAST_EXPECT(ownerCount(env, broker) == 0);
src/test/app/OpenP0Repro_test.cpp:3032:        BEAST_EXPECT(!cleared->isFlag(brokerHigh ? lsfHighReserve : lsfLowReserve));
src/test/app/OpenP0Repro_test.cpp:3050:        env(token::brokerOffers(broker, buyIdx, sellIdx),
src/test/app/OpenP0Repro_test.cpp:3051:            token::brokerFee(USD(10)),
src/test/app/OpenP0Repro_test.cpp:3056:        auto const paid = env.le(brokerLine);
src/test/app/OpenP0Repro_test.cpp:3059:        env.require(balance(broker, USD(10)));
src/test/app/OpenP0Repro_test.cpp:3060:        BEAST_EXPECT(ownerCount(env, broker) == 0);
src/test/app/OpenP0Repro_test.cpp:3061:        BEAST_EXPECT(!paid->isFlag(brokerHigh ? lsfHighReserve : lsfLowReserve));
src/test/app/OpenP0Repro_test.cpp:3179:    testDisallowIncomingTrustlineOfferCreateCurrent()
src/test/app/OpenP0Repro_test.cpp:3181:        testcase("TrustLine current — OfferCreate bypasses DisallowIncomingTrustline");
src/test/app/OpenP0Repro_test.cpp:3202:        env(fset(gw, asfDisallowIncomingTrustline), THISLINE);
src/test/app/OpenP0Repro_test.cpp:3221:    testDisallowIncomingTrustlineNFTokenAcceptCurrent()
src/test/app/OpenP0Repro_test.cpp:3223:        testcase("NFToken current — AcceptOffer bypasses DisallowIncomingTrustline");
src/test/app/OpenP0Repro_test.cpp:3250:        env(fset(gw, asfDisallowIncomingTrustline), THISLINE);
src/test/app/OpenP0Repro_test.cpp:3256:        // Control: direct TrustSet honors asfDisallowIncomingTrustline.
src/test/app/OpenP0Repro_test.cpp:3261:        // Current 3.1.3 NFTokenAcceptOffer checks RequireAuth and deep-freeze,
src/test/app/OpenP0Repro_test.cpp:3262:        // but not DisallowIncomingTrustline, before paying the seller.
src/test/app/OpenP0Repro_test.cpp:3263:        env(token::acceptSellOffer(buyer, sellIdx), ter(tesSUCCESS), THISLINE);
src/test/app/OpenP0Repro_test.cpp:3271:    testDisallowIncomingTrustlineNFTokenBrokerFeeCurrent()
src/test/app/OpenP0Repro_test.cpp:3273:        testcase("NFToken current — broker fee bypasses DisallowIncomingTrustline");
src/test/app/OpenP0Repro_test.cpp:3279:        Account const broker{"broker"};
src/test/app/OpenP0Repro_test.cpp:3283:        env.fund(XRP(400'000), gw, seller, buyer, broker);
src/test/app/OpenP0Repro_test.cpp:3308:        env(fset(gw, asfDisallowIncomingTrustline), THISLINE);
src/test/app/OpenP0Repro_test.cpp:3311:        auto const brokerLine = keylet::line(broker, gw, to_currency("USD"));
src/test/app/OpenP0Repro_test.cpp:3312:        env(trust(broker, USD(1'000)), ter(tecNO_PERMISSION), THISLINE);
src/test/app/OpenP0Repro_test.cpp:3314:        BEAST_EXPECT(!env.le(brokerLine));
src/test/app/OpenP0Repro_test.cpp:3316:        env(token::brokerOffers(broker, buyIdx, sellIdx),
src/test/app/OpenP0Repro_test.cpp:3317:            token::brokerFee(USD(10)),
src/test/app/OpenP0Repro_test.cpp:3322:        env.require(balance(broker, USD(10)));
src/test/app/OpenP0Repro_test.cpp:3323:        BEAST_EXPECT(env.le(brokerLine));
src/test/app/OpenP0Repro_test.cpp:3327:    testDisallowIncomingTrustlineCheckCashCurrent()
src/test/app/OpenP0Repro_test.cpp:3329:        testcase("CheckCash current — bypasses DisallowIncomingTrustline");
src/test/app/OpenP0Repro_test.cpp:3339:            featureDisallowIncoming;
src/test/app/OpenP0Repro_test.cpp:3353:        env(fset(gw, asfDisallowIncomingTrustline), THISLINE);
src/test/app/OpenP0Repro_test.cpp:3359:        // Control: direct TrustSet honors asfDisallowIncomingTrustline.
src/test/app/OpenP0Repro_test.cpp:3365:        // RequireAuth and freeze, but without checking DisallowIncoming.
src/test/app/OpenP0Repro_test.cpp:3374:    testDisallowIncomingTrustlineEscrowFinishCurrent()
src/test/app/OpenP0Repro_test.cpp:3376:        testcase("TokenEscrow current — Finish bypasses DisallowIncomingTrustline");
src/test/app/OpenP0Repro_test.cpp:3386:            testable_amendments() | featureTokenEscrow | featureDisallowIncoming;
src/test/app/OpenP0Repro_test.cpp:3406:        env(fset(gw, asfDisallowIncomingTrustline), THISLINE);
src/test/app/OpenP0Repro_test.cpp:3412:        // Control: direct TrustSet honors asfDisallowIncomingTrustline.
src/test/app/OpenP0Repro_test.cpp:3418:        // checking RequireAuth and deep-freeze, but without checking
src/test/app/OpenP0Repro_test.cpp:3419:        // DisallowIncoming.
src/test/app/OpenP0Repro_test.cpp:3433:    testDisallowIncomingTrustlineAMMWithdrawCurrent()
src/test/app/OpenP0Repro_test.cpp:3435:        testcase("AMM current — Withdraw bypasses DisallowIncomingTrustline");
src/test/app/OpenP0Repro_test.cpp:3443:            testable_amendments() | featureAMM | featureDisallowIncoming;
src/test/app/OpenP0Repro_test.cpp:3460:        env(fset(gw, asfDisallowIncomingTrustline), THISLINE);
src/test/app/OpenP0Repro_test.cpp:3475:    testDisallowIncomingTrustlineAMMCreateCurrent()
src/test/app/OpenP0Repro_test.cpp:3477:        testcase("AMM current — Create bypasses DisallowIncomingTrustline");
src/test/app/OpenP0Repro_test.cpp:3485:            testable_amendments() | featureAMM | featureDisallowIncoming;
src/test/app/OpenP0Repro_test.cpp:3495:        env(fset(gw, asfDisallowIncomingTrustline), THISLINE);
src/test/app/OpenP0Repro_test.cpp:3515:    testDisallowIncomingTrustlineAMMEmptyDepositCurrent()
src/test/app/OpenP0Repro_test.cpp:3517:        testcase("AMM current — Empty deposit bypasses DisallowIncomingTrustline");
src/test/app/OpenP0Repro_test.cpp:3526:            testable_amendments() | featureAMM | featureDisallowIncoming;
src/test/app/OpenP0Repro_test.cpp:3555:        env(fset(gw, asfDisallowIncomingTrustline), THISLINE);
src/test/app/OpenP0Repro_test.cpp:3579:    testDisallowIncomingTrustlineAMMClawbackPairedAssetCurrent()
src/test/app/OpenP0Repro_test.cpp:3582:            "AMM current — Clawback returns paired asset through DisallowIncomingTrustline");
src/test/app/OpenP0Repro_test.cpp:3592:            featureAMMClawback | featureDisallowIncoming;
src/test/app/OpenP0Repro_test.cpp:3615:        env(fset(gw2, asfDisallowIncomingTrustline), THISLINE);
src/test/app/OpenP0Repro_test.cpp:3632:    testAMMClawbackDepositAuthPairedAssetCandidate()
src/test/app/OpenP0Repro_test.cpp:3634:        testcase("AMM current — Clawback bypasses DepositAuth paired asset");
src/test/app/OpenP0Repro_test.cpp:3644:            featureAMMClawback | featureDepositAuth;
src/test/app/OpenP0Repro_test.cpp:3667:        env(fset(alice, asfDepositAuth), THISLINE);
src/test/app/OpenP0Repro_test.cpp:3683:    testAMMBidDepositAuthRefundCandidate()
src/test/app/OpenP0Repro_test.cpp:3685:        testcase("AMM current — Bid refund bypasses DepositAuth");
src/test/app/OpenP0Repro_test.cpp:3694:            testable_amendments() | featureAMM | featureDepositAuth;
src/test/app/OpenP0Repro_test.cpp:3719:        env(fset(alice, asfDepositAuth), THISLINE);
src/test/app/OpenP0Repro_test.cpp:3922:            bad->setFieldU32(sfFlags, lsfLowDeepFreeze);
src/test/app/OpenP0Repro_test.cpp:3969:        testF35_brokerDeleteRegularFrozenOwner();
src/test/app/OpenP0Repro_test.cpp:3994:        testMPTDomainRequireAuthCanBeClearedCurrent();
src/test/app/OpenP0Repro_test.cpp:4022:        testDisallowIncomingTrustlineOfferCreateCurrent();
src/test/app/OpenP0Repro_test.cpp:4023:        testDisallowIncomingTrustlineNFTokenAcceptCurrent();
src/test/app/OpenP0Repro_test.cpp:4024:        testDisallowIncomingTrustlineNFTokenBrokerFeeCurrent();
src/test/app/OpenP0Repro_test.cpp:4025:        testDisallowIncomingTrustlineCheckCashCurrent();
src/test/app/OpenP0Repro_test.cpp:4026:        testDisallowIncomingTrustlineEscrowFinishCurrent();
src/test/app/OpenP0Repro_test.cpp:4027:        testDisallowIncomingTrustlineAMMWithdrawCurrent();
src/test/app/OpenP0Repro_test.cpp:4028:        testDisallowIncomingTrustlineAMMCreateCurrent();
src/test/app/OpenP0Repro_test.cpp:4029:        testDisallowIncomingTrustlineAMMEmptyDepositCurrent();
src/test/app/OpenP0Repro_test.cpp:4030:        testDisallowIncomingTrustlineAMMClawbackPairedAssetCurrent();
src/test/app/OpenP0Repro_test.cpp:4031:        testAMMClawbackDepositAuthPairedAssetCandidate();
src/test/app/OpenP0Repro_test.cpp:4032:        testAMMBidDepositAuthRefundCandidate();
src/test/app/OpenP0Repro_test.cpp:4050:        FeatureBitset const noAmmSavDisallowIncoming{
src/test/app/OpenP0Repro_test.cpp:4052:            featureAMM - featureSingleAssetVault - featureDisallowIncoming};
src/test/app/OpenP0Repro_test.cpp:4056:        Env env(*this, noAmmSavDisallowIncoming);
src/test/app/NFTokenAuth_test.cpp:26:class NFTokenAuth_test : public beast::unit_test::suite
src/test/app/NFTokenAuth_test.cpp:53:    testBuyOffer_UnauthorizedSeller(FeatureBitset features)
src/test/app/NFTokenAuth_test.cpp:65:        env(fset(G1, asfRequireAuth));
src/test/app/NFTokenAuth_test.cpp:81:        if (features[fixEnforceNFTokenTrustlineV2])
src/test/app/NFTokenAuth_test.cpp:84:            env(token::acceptBuyOffer(A2, buyIdx), ter(tecNO_LINE));
src/test/app/NFTokenAuth_test.cpp:91:            env(token::acceptBuyOffer(A2, buyIdx), ter(tecNO_AUTH));
src/test/app/NFTokenAuth_test.cpp:98:            env(token::acceptBuyOffer(A2, buyIdx));
src/test/app/NFTokenAuth_test.cpp:106:    testCreateBuyOffer_UnauthorizedBuyer(FeatureBitset features)
src/test/app/NFTokenAuth_test.cpp:118:        env(fset(G1, asfRequireAuth));
src/test/app/NFTokenAuth_test.cpp:142:        if (features[fixEnforceNFTokenTrustlineV2])
src/test/app/NFTokenAuth_test.cpp:158:    testAcceptBuyOffer_UnauthorizedBuyer(FeatureBitset features)
src/test/app/NFTokenAuth_test.cpp:170:        env(fset(G1, asfRequireAuth));
src/test/app/NFTokenAuth_test.cpp:208:        if (features[fixEnforceNFTokenTrustlineV2])
src/test/app/NFTokenAuth_test.cpp:211:            env(token::acceptBuyOffer(A2, buyIdx), ter(tecNO_AUTH));
src/test/app/NFTokenAuth_test.cpp:216:    testSellOffer_UnauthorizedSeller(FeatureBitset features)
src/test/app/NFTokenAuth_test.cpp:230:        env(fset(G1, asfRequireAuth));
src/test/app/NFTokenAuth_test.cpp:240:        if (features[fixEnforceNFTokenTrustlineV2])
src/test/app/NFTokenAuth_test.cpp:268:            env(token::acceptSellOffer(A1, sellIdx), ter(tecNO_LINE));
src/test/app/NFTokenAuth_test.cpp:276:            env(token::acceptSellOffer(A1, sellIdx), ter(tecNO_AUTH));
src/test/app/NFTokenAuth_test.cpp:289:            env(token::acceptSellOffer(A1, sellIdx));
src/test/app/NFTokenAuth_test.cpp:297:    testSellOffer_UnauthorizedBuyer(FeatureBitset features)
src/test/app/NFTokenAuth_test.cpp:309:        env(fset(G1, asfRequireAuth));
src/test/app/NFTokenAuth_test.cpp:321:        env(token::acceptSellOffer(A1, sellIdx), ter(tecINSUFFICIENT_FUNDS));
src/test/app/NFTokenAuth_test.cpp:334:        if (features[fixEnforceNFTokenTrustlineV2])
src/test/app/NFTokenAuth_test.cpp:336:            env(token::acceptSellOffer(A1, sellIdx), ter(tecNO_AUTH));
src/test/app/NFTokenAuth_test.cpp:343:        testcase("Unauthorized broker bridges authorized buyer and seller.");
src/test/app/NFTokenAuth_test.cpp:350:        Account broker{"broker"};
src/test/app/NFTokenAuth_test.cpp:353:        env.fund(XRP(10000), G1, A1, A2, broker);
src/test/app/NFTokenAuth_test.cpp:354:        env(fset(G1, asfRequireAuth));
src/test/app/NFTokenAuth_test.cpp:372:        if (features[fixEnforceNFTokenTrustlineV2])
src/test/app/NFTokenAuth_test.cpp:374:            // test: G1 requires authorization of broker, no trust line exists
src/test/app/NFTokenAuth_test.cpp:375:            env(token::brokerOffers(broker, buyIdx, sellIdx),
src/test/app/NFTokenAuth_test.cpp:376:                token::brokerFee(USD(1)),
src/test/app/NFTokenAuth_test.cpp:381:            env(trust(broker, limit));
src/test/app/NFTokenAuth_test.cpp:384:            // test: G1 requires authorization of broker
src/test/app/NFTokenAuth_test.cpp:385:            env(token::brokerOffers(broker, buyIdx, sellIdx),
src/test/app/NFTokenAuth_test.cpp:386:                token::brokerFee(USD(1)),
src/test/app/NFTokenAuth_test.cpp:390:            // test: can still be brokered without broker fee.
src/test/app/NFTokenAuth_test.cpp:391:            env(token::brokerOffers(broker, buyIdx, sellIdx));
src/test/app/NFTokenAuth_test.cpp:396:            // Old behavior: broker can receive IOUs without the authorization
src/test/app/NFTokenAuth_test.cpp:397:            env(token::brokerOffers(broker, buyIdx, sellIdx),
src/test/app/NFTokenAuth_test.cpp:398:                token::brokerFee(USD(1)));
src/test/app/NFTokenAuth_test.cpp:401:            BEAST_EXPECT(env.balance(broker, USD) == USD(1));
src/test/app/NFTokenAuth_test.cpp:409:            "Authorized broker tries to bridge offers from unauthorized "
src/test/app/NFTokenAuth_test.cpp:417:        Account broker{"broker"};
src/test/app/NFTokenAuth_test.cpp:420:        env.fund(XRP(10000), G1, A1, A2, broker);
src/test/app/NFTokenAuth_test.cpp:421:        env(fset(G1, asfRequireAuth));
src/test/app/NFTokenAuth_test.cpp:432:        env(trust(broker, limit));
src/test/app/NFTokenAuth_test.cpp:433:        env(trust(G1, USD(0), broker, tfSetfAuth));
src/test/app/NFTokenAuth_test.cpp:434:        env(pay(G1, broker, USD(1000)));
src/test/app/NFTokenAuth_test.cpp:457:        if (features[fixEnforceNFTokenTrustlineV2])
src/test/app/NFTokenAuth_test.cpp:460:            env(token::brokerOffers(broker, buyIdx, sellIdx),
src/test/app/NFTokenAuth_test.cpp:461:                token::brokerFee(USD(1)),
src/test/app/NFTokenAuth_test.cpp:471:            "Authorized broker tries to bridge offers from unauthorized "
src/test/app/NFTokenAuth_test.cpp:479:        Account broker{"broker"};
src/test/app/NFTokenAuth_test.cpp:482:        env.fund(XRP(10000), G1, A1, A2, broker);
src/test/app/NFTokenAuth_test.cpp:483:        env(fset(G1, asfRequireAuth));
src/test/app/NFTokenAuth_test.cpp:491:        env(trust(broker, limit));
src/test/app/NFTokenAuth_test.cpp:492:        env(trust(G1, limit, broker, tfSetfAuth));
src/test/app/NFTokenAuth_test.cpp:493:        env(pay(G1, broker, USD(1000)));
src/test/app/NFTokenAuth_test.cpp:510:        if (features[fixEnforceNFTokenTrustlineV2])
src/test/app/NFTokenAuth_test.cpp:512:            // test: G1 requires authorization of broker, no trust line exists
src/test/app/NFTokenAuth_test.cpp:513:            env(token::brokerOffers(broker, buyIdx, sellIdx),
src/test/app/NFTokenAuth_test.cpp:514:                token::brokerFee(USD(1)),
src/test/app/NFTokenAuth_test.cpp:523:            env(token::brokerOffers(broker, buyIdx, sellIdx),
src/test/app/NFTokenAuth_test.cpp:524:                token::brokerFee(USD(1)),
src/test/app/NFTokenAuth_test.cpp:528:            // test: cannot be brokered even without broker fee.
src/test/app/NFTokenAuth_test.cpp:529:            env(token::brokerOffers(broker, buyIdx, sellIdx), ter(tecNO_AUTH));
src/test/app/NFTokenAuth_test.cpp:534:            // Old behavior: broker can receive IOUs without the authorization
src/test/app/NFTokenAuth_test.cpp:535:            env(token::brokerOffers(broker, buyIdx, sellIdx),
src/test/app/NFTokenAuth_test.cpp:536:                token::brokerFee(USD(1)));
src/test/app/NFTokenAuth_test.cpp:558:        env(fset(G1, asfRequireAuth));
src/test/app/NFTokenAuth_test.cpp:577:        env(token::acceptSellOffer(A1, minterSellIdx));
src/test/app/NFTokenAuth_test.cpp:582:        if (features[fixEnforceNFTokenTrustlineV2])
src/test/app/NFTokenAuth_test.cpp:585:            env(token::acceptSellOffer(A2, sellIdx), ter(tecNO_AUTH));
src/test/app/NFTokenAuth_test.cpp:591:            env(token::acceptSellOffer(A2, sellIdx));
src/test/app/NFTokenAuth_test.cpp:605:            all - fixEnforceNFTokenTrustlineV2, all};
src/test/app/NFTokenAuth_test.cpp:609:            testBuyOffer_UnauthorizedSeller(feature);
src/test/app/NFTokenAuth_test.cpp:610:            testCreateBuyOffer_UnauthorizedBuyer(feature);
src/test/app/NFTokenAuth_test.cpp:611:            testAcceptBuyOffer_UnauthorizedBuyer(feature);
src/test/app/NFTokenAuth_test.cpp:612:            testSellOffer_UnauthorizedSeller(feature);
src/test/app/NFTokenAuth_test.cpp:613:            testSellOffer_UnauthorizedBuyer(feature);
src/test/app/NFTokenAuth_test.cpp:622:BEAST_DEFINE_TESTSUITE_PRIO(NFTokenAuth, app, ripple, 2);
src/test/app/Clawback_test.cpp:57:            return sle->isFlag(useHigh ? lsfHighFreeze : lsfLowFreeze);
src/test/app/SetTrust_test.cpp:31:    FeatureBitset const disallowIncoming{featureDisallowIncoming};
src/test/app/SetTrust_test.cpp:120:        env(fset(alice, asfRequireAuth));
src/test/app/SetTrust_test.cpp:342:        // tfSetAuth flag should not be set if not required by lsfRequireAuth
src/test/app/SetTrust_test.cpp:388:        env(fset(alice, asfRequireAuth));
src/test/app/SetTrust_test.cpp:494:    testDisallowIncoming(FeatureBitset features)
src/test/app/SetTrust_test.cpp:505:            env(fset(alice, asfDisallowIncomingTrustline));
src/test/app/SetTrust_test.cpp:509:            BEAST_EXPECT(!(flags & lsfDisallowIncomingTrustline));
src/test/app/SetTrust_test.cpp:512:        // fixDisallowIncomingV1
src/test/app/SetTrust_test.cpp:518:                    : (features | disallowIncoming) - fixDisallowIncomingV1;
src/test/app/SetTrust_test.cpp:529:                env(fset(gw, asfRequireAuth));
src/test/app/SetTrust_test.cpp:532:                env(fset(dist, asfDisallowIncomingTrustline));
src/test/app/SetTrust_test.cpp:565:        env(fset(gw, asfDisallowIncomingTrustline));
src/test/app/SetTrust_test.cpp:573:        env(fclear(gw, asfDisallowIncomingTrustline));
src/test/app/SetTrust_test.cpp:585:        env(fset(gw, asfDisallowIncomingTrustline));
src/test/app/SetTrust_test.cpp:598:        env(fset(bob, asfDisallowIncomingTrustline));
src/test/app/SetTrust_test.cpp:611:        env(fclear(gw, asfDisallowIncomingTrustline));
src/test/app/SetTrust_test.cpp:638:        testDisallowIncoming(features);
src/test/app/Escrow_test.cpp:276:            Env env(*this, features - featureDepositAuth);
src/test/app/Escrow_test.cpp:576:            // Bob sets DepositAuth so only Bob can finish the escrow.
src/test/app/Escrow_test.cpp:581:            env(fset("bob", asfDepositAuth));
src/test/app/Escrow_test.cpp:600:            // Bob, because of DepositAuth.
src/test/app/Escrow_test.cpp:614:            // Bob sets DepositAuth but preauthorizes Zelda, so Zelda can
src/test/app/Escrow_test.cpp:620:            env(fset("bob", asfDepositAuth));
src/test/app/Escrow_test.cpp:687:            // Self-escrowed conditional with DepositAuth.
src/test/app/Escrow_test.cpp:707:            env(fset("alice", asfDepositAuth));
src/test/app/Escrow_test.cpp:726:            // Self-escrowed conditional with DepositAuth and DepositPreauth.
src/test/app/Escrow_test.cpp:739:            // set the lsfDepositAuth flag (yet).
src/test/app/Escrow_test.cpp:753:            env(fset("alice", asfDepositAuth));
src/test/app/Escrow_test.cpp:1578:            env(fset(bob, asfDepositAuth));
src/test/app/Escrow_test.cpp:1609:            env(fset(bob, asfDepositAuth));
src/test/app/Escrow_test.cpp:1691:                env(fset(bob, asfDepositAuth));
src/test/app/Freeze_test.cpp:100:            BEAST_EXPECT(ff[jss::Flags].asUInt() & lsfLowFreeze);
src/test/app/Freeze_test.cpp:101:            BEAST_EXPECT(!(ff[jss::Flags].asUInt() & lsfHighFreeze));
src/test/app/Freeze_test.cpp:186:            BEAST_EXPECT(!(ff[jss::Flags].asUInt() & lsfLowFreeze));
src/test/app/Freeze_test.cpp:187:            BEAST_EXPECT(!(ff[jss::Flags].asUInt() & lsfHighFreeze));
src/test/app/Freeze_test.cpp:216:                BEAST_EXPECT(flags & lsfLowFreeze);
src/test/app/Freeze_test.cpp:217:                BEAST_EXPECT(flags & lsfLowDeepFreeze);
src/test/app/Freeze_test.cpp:218:                BEAST_EXPECT(!(flags & (lsfHighFreeze | lsfHighDeepFreeze)));
src/test/app/Freeze_test.cpp:227:                BEAST_EXPECT(!(flags & (lsfLowFreeze | lsfLowDeepFreeze)));
src/test/app/Freeze_test.cpp:228:                BEAST_EXPECT(!(flags & (lsfHighFreeze | lsfHighDeepFreeze)));
src/test/app/Freeze_test.cpp:243:                BEAST_EXPECT(flags & lsfLowFreeze);
src/test/app/Freeze_test.cpp:244:                BEAST_EXPECT(flags & lsfLowDeepFreeze);
src/test/app/Freeze_test.cpp:245:                BEAST_EXPECT(!(flags & (lsfHighFreeze | lsfHighDeepFreeze)));
src/test/app/Freeze_test.cpp:254:                BEAST_EXPECT(flags & lsfLowFreeze);
src/test/app/Freeze_test.cpp:255:                BEAST_EXPECT(flags & lsfLowDeepFreeze);
src/test/app/Freeze_test.cpp:256:                BEAST_EXPECT(!(flags & (lsfHighFreeze | lsfHighDeepFreeze)));
src/test/app/Freeze_test.cpp:268:                BEAST_EXPECT(flags & lsfLowFreeze);
src/test/app/Freeze_test.cpp:269:                BEAST_EXPECT(!(flags & lsfLowDeepFreeze));
src/test/app/Freeze_test.cpp:270:                BEAST_EXPECT(!(flags & (lsfHighFreeze | lsfHighDeepFreeze)));
src/test/app/Freeze_test.cpp:303:            BEAST_EXPECT(flags & lsfLowFreeze);
src/test/app/Freeze_test.cpp:328:            BEAST_EXPECT(flags & lsfLowFreeze);
src/test/app/Freeze_test.cpp:329:            BEAST_EXPECT(flags & lsfLowDeepFreeze);
src/test/app/Freeze_test.cpp:570:            BEAST_EXPECT(flags & lsfLowFreeze);
src/test/app/Freeze_test.cpp:571:            BEAST_EXPECT(!(flags & lsfHighFreeze));
src/test/app/Freeze_test.cpp:579:                BEAST_EXPECT(!(flags & (lsfLowFreeze | lsfLowDeepFreeze)));
src/test/app/Freeze_test.cpp:580:                BEAST_EXPECT(flags & lsfHighFreeze);
src/test/app/Freeze_test.cpp:581:                BEAST_EXPECT(flags & lsfHighDeepFreeze);
src/test/app/Freeze_test.cpp:637:            BEAST_EXPECT(!(flags & lsfLowFreeze));
src/test/app/Freeze_test.cpp:646:                BEAST_EXPECT(flags & lsfHighFreeze);
src/test/app/Freeze_test.cpp:647:                BEAST_EXPECT(!(flags & lsfHighDeepFreeze));
src/test/app/Freeze_test.cpp:709:        BEAST_EXPECT(!(ff[jss::Flags].asUInt() & lsfLowFreeze));
src/test/app/Freeze_test.cpp:710:        BEAST_EXPECT(ff[jss::Flags].asUInt() & lsfHighFreeze);
src/test/app/Freeze_test.cpp:738:        BEAST_EXPECT(ff[jss::Flags].asUInt() & lsfLowFreeze);
src/test/app/Freeze_test.cpp:739:        BEAST_EXPECT(!(ff[jss::Flags].asUInt() & lsfHighFreeze));
src/test/app/Freeze_test.cpp:1817:            auto const sellOfferIndex = createNFTSellOffer(env, A2, USD(10));
src/test/app/Freeze_test.cpp:1822:            env(token::acceptSellOffer(A1, sellOfferIndex));
src/test/app/Freeze_test.cpp:1832:            auto const sellOfferIndex = createNFTSellOffer(env, A2, USD(10));
src/test/app/Freeze_test.cpp:1838:            env(token::acceptSellOffer(A1, sellOfferIndex), ter(tecFROZEN));
src/test/app/Freeze_test.cpp:1847:            auto const sellOfferIndex = createNFTSellOffer(env, A1, USD(10));
src/test/app/Freeze_test.cpp:1852:            env(token::acceptSellOffer(A2, sellOfferIndex),
src/test/app/Freeze_test.cpp:1863:            auto const sellOfferIndex = createNFTSellOffer(env, A1, USD(10));
src/test/app/Freeze_test.cpp:1868:            env(token::acceptSellOffer(A2, sellOfferIndex),
src/test/app/Freeze_test.cpp:1878:            features[fixEnforceNFTokenTrustlineV2])
src/test/app/Freeze_test.cpp:1891:            env(token::acceptBuyOffer(A2, buyIdx), ter(tecFROZEN));
src/test/app/Freeze_test.cpp:1897:            env(token::acceptBuyOffer(A2, buyIdx));
src/test/app/Freeze_test.cpp:1903:            auto const sellOfferIndex = createNFTSellOffer(env, A2, USD(10));
src/test/app/Freeze_test.cpp:1908:            env(token::acceptSellOffer(A1, sellOfferIndex));
src/test/app/Freeze_test.cpp:1918:            auto const sellOfferIndex = createNFTSellOffer(env, A2, USD(10));
src/test/app/Freeze_test.cpp:1924:            env(token::acceptSellOffer(A1, sellOfferIndex), ter(tecFROZEN));
src/test/app/Freeze_test.cpp:1933:            auto const sellOfferIndex = createNFTSellOffer(env, A1, USD(10));
src/test/app/Freeze_test.cpp:1938:            env(token::acceptSellOffer(A2, sellOfferIndex));
src/test/app/Freeze_test.cpp:1948:            auto const sellOfferIndex = createNFTSellOffer(env, A1, USD(10));
src/test/app/Freeze_test.cpp:1953:            env(token::acceptSellOffer(A2, sellOfferIndex),
src/test/app/Freeze_test.cpp:1961:        // Testing brokered offer acceptance
src/test/app/Freeze_test.cpp:1963:            features[fixEnforceNFTokenTrustlineV2])
src/test/app/Freeze_test.cpp:1965:            Account broker{"broker"};
src/test/app/Freeze_test.cpp:1966:            env.fund(XRP(10000), broker);
src/test/app/Freeze_test.cpp:1968:            env(trust(G1, broker["USD"](1000), tfSetFreeze | tfSetDeepFreeze));
src/test/app/Freeze_test.cpp:1982:            env(token::brokerOffers(broker, buyIdx, sellIdx),
src/test/app/Freeze_test.cpp:1983:                token::brokerFee(USD(1)),
src/test/app/Freeze_test.cpp:1990:            features[fixEnforceNFTokenTrustlineV2])
src/test/app/Freeze_test.cpp:2010:            env(token::acceptSellOffer(A2, minterSellIdx));
src/test/app/Freeze_test.cpp:2019:            env(token::acceptSellOffer(A1, sellIdx), ter(tecFROZEN));
src/test/app/Freeze_test.cpp:2058:    createNFTSellOffer(
src/test/app/Freeze_test.cpp:2100:            fixEnforceNFTokenTrustlineV2);
src/test/app/Freeze_test.cpp:2101:        testAll(sa - featurePermissionedDEX - fixEnforceNFTokenTrustlineV2);
src/test/app/Freeze_test.cpp:2104:        testAll(sa - fixEnforceNFTokenTrustlineV2);
src/test/app/Check_test.cpp:89:    FeatureBitset const disallowIncoming{featureDisallowIncoming};
src/test/app/Check_test.cpp:293:    testCreateDisallowIncoming(FeatureBitset features)
src/test/app/Check_test.cpp:304:            env(fset(alice, asfDisallowIncomingCheck));
src/test/app/Check_test.cpp:308:            BEAST_EXPECT(!(flags & lsfDisallowIncomingCheck));
src/test/app/Check_test.cpp:361:        // enable the DisallowIncoming flag on both bob and alice
src/test/app/Check_test.cpp:362:        env(fset(bob, asfDisallowIncomingCheck));
src/test/app/Check_test.cpp:363:        env(fset(alice, asfDisallowIncomingCheck));
src/test/app/Check_test.cpp:371:        env(fclear(alice, asfDisallowIncomingCheck));
src/test/app/Check_test.cpp:379:        env(fclear(bob, asfDisallowIncomingCheck));
src/test/app/Check_test.cpp:954:            // Examine the effects of the asfRequireAuth flag.
src/test/app/Check_test.cpp:958:            env(fset(gw, asfRequireAuth));
src/test/app/Check_test.cpp:2403:        //-------------- lsfDepositAuth, check written by issuer ---------------
src/test/app/Check_test.cpp:2405:            // Both offers and checks ignore the lsfDepositAuth flag, since
src/test/app/Check_test.cpp:2407:            // So setting lsfDepositAuth on all the participants should not
src/test/app/Check_test.cpp:2412:            env(fset(gw1, asfDepositAuth));
src/test/app/Check_test.cpp:2413:            env(fset(alice, asfDepositAuth));
src/test/app/Check_test.cpp:2414:            env(fset(bob, asfDepositAuth));
src/test/app/Check_test.cpp:2457:        //------------ lsfDepositAuth, check written by non-issuer -------------
src/test/app/Check_test.cpp:2459:            // The presence of the lsfDepositAuth flag should not affect
src/test/app/Check_test.cpp:2585:        //-------------- lsfRequireAuth, check written by issuer ---------------
src/test/app/Check_test.cpp:2587:        // We want to test the lsfRequireAuth flag, but we can't set that
src/test/app/Check_test.cpp:2595:            // Set lsfRequireAuth on gw2.  That should stop any automatic
src/test/app/Check_test.cpp:2597:            env(fset(gw2, asfRequireAuth));
src/test/app/Check_test.cpp:2640:            // Because gw2 has set lsfRequireAuth, neither trust line
src/test/app/Check_test.cpp:2653:        //------------ lsfRequireAuth, check written by non-issuer -------------
src/test/app/Check_test.cpp:2655:            // Since gw2 has the lsfRequireAuth flag set, there should be
src/test/app/Check_test.cpp:2691:            // Because gw2 has set lsfRequireAuth, neither trust line
src/test/app/Check_test.cpp:2705:        testCreateDisallowIncoming(features);
src/test/app/EscrowToken_test.cpp:412:            env(fset(gw, asfRequireAuth));
src/test/app/EscrowToken_test.cpp:436:            env(fset(gw, asfRequireAuth));
src/test/app/EscrowToken_test.cpp:613:            env(fset(gw, asfRequireAuth));
src/test/app/EscrowToken_test.cpp:863:            env(fset(gw, asfRequireAuth));
src/test/app/EscrowToken_test.cpp:1705:    testIOURequireAuth(FeatureBitset features)
src/test/app/EscrowToken_test.cpp:1724:        env(fset(gw, asfRequireAuth));
src/test/app/EscrowToken_test.cpp:2368:                     tfMPTCanEscrow | tfMPTCanTransfer | tfMPTRequireAuth});
src/test/app/EscrowToken_test.cpp:2400:                     tfMPTCanEscrow | tfMPTCanTransfer | tfMPTRequireAuth});
src/test/app/EscrowToken_test.cpp:2586:                     tfMPTCanEscrow | tfMPTCanTransfer | tfMPTRequireAuth});
src/test/app/EscrowToken_test.cpp:2829:                     tfMPTCanEscrow | tfMPTCanTransfer | tfMPTRequireAuth});
src/test/app/EscrowToken_test.cpp:3634:    testMPTRequireAuth(FeatureBitset features)
src/test/app/EscrowToken_test.cpp:3650:             .flags = tfMPTCanEscrow | tfMPTCanTransfer | tfMPTRequireAuth});
src/test/app/EscrowToken_test.cpp:3921:        testIOURequireAuth(features);
src/test/app/EscrowToken_test.cpp:3940:        testMPTRequireAuth(features);
src/test/app/NFTokenBurn_test.cpp:234:                    env(token::acceptSellOffer(becky, offerIndex));
src/test/app/NFTokenBurn_test.cpp:1218:                env(token::acceptSellOffer(alice, minterOfferIndex));
src/test/app/NFTokenBurn_test.cpp:1295:            env(token::acceptSellOffer(minter, aliceOfferIndex));
src/test/app/NFTokenBurn_test.cpp:1333:            env(token::acceptSellOffer(alice, minterOfferIndex));
src/test/app/AMM_test.cpp:123:            env(fset(gw, asfRequireAuth));
src/test/app/AMM_test.cpp:305:            env(fset(gw, asfRequireAuth));
src/test/app/AMM_test.cpp:1055:            env(fset(gw, asfRequireAuth));
src/test/app/AMM_test.cpp:1728:            env(fset(gw, asfRequireAuth));
src/test/app/AMM_test.cpp:4919:                (lsfDisableMaster | lsfDefaultRipple | lsfDepositAuth));
src/xrpld/app/tx/detail/InvariantCheck.h:784: * @brief Invariants: Loan brokers are internally consistent
src/xrpld/app/tx/detail/InvariantCheck.h:797:        SLE::const_pointer brokerBefore = nullptr;
src/xrpld/app/tx/detail/InvariantCheck.h:800:        SLE::const_pointer brokerAfter = nullptr;
src/xrpld/app/tx/detail/InvariantCheck.h:803:    // pseudo-accounts. Key is the brokerID / index. It will be used to find the
src/xrpld/app/tx/detail/InvariantCheck.h:804:    // LoanBroker object if brokerBefore and brokerAfter are nullptr
src/xrpld/app/tx/detail/InvariantCheck.h:805:    std::map<uint256, BrokerInfo> brokers_;
src/xrpld/app/tx/detail/AMMBid.cpp:351:        res = accountSend(
src/xrpld/app/tx/detail/VaultClawback.cpp:436:    if (auto const ter = accountSend(
src/xrpld/app/tx/detail/VaultClawback.cpp:477:        if (auto const ter = accountSend(
src/test/app/SetAuth_test.cpp:59:        env(fset(gw, asfRequireAuth));
src/test/app/Batch_test.cpp:2717:        // brokers.
src/test/app/Batch_test.cpp:2746:        auto const brokerKeylet =
src/test/app/Batch_test.cpp:2747:            keylet::loanbroker(lender.id(), env.seq(lender));
src/test/app/Batch_test.cpp:2757:            env(coverDeposit(lender, brokerKeylet.key, coverDepositValue));
src/test/app/Batch_test.cpp:2769:            auto const loanKeylet = keylet::loan(brokerKeylet.key, 1);
src/test/app/Batch_test.cpp:2778:                            set(lender, brokerKeylet.key, asset(1000).value()),
src/test/app/Batch_test.cpp:2798:                            set(lender, brokerKeylet.key, asset(1000).value()),
src/test/app/Batch_test.cpp:2818:                            set(lender, brokerKeylet.key, asset(1000).value()),
src/test/app/Batch_test.cpp:2843:                            set(lender, brokerKeylet.key, asset(1000).value()),
src/test/app/Batch_test.cpp:2861:            BEAST_EXPECT(env.le(brokerKeylet));
src/test/app/Batch_test.cpp:2876:                            set(lender, brokerKeylet.key, asset(1000).value()),
src/test/app/Batch_test.cpp:2888:            BEAST_EXPECT(env.le(brokerKeylet));
src/test/app/Batch_test.cpp:4231:            env(fset(gw, asfRequireAuth));
src/test/app/Batch_test.cpp:4271:            env(fset(gw, asfRequireAuth));
src/xrpld/app/tx/detail/Escrow.cpp:420:    auto const ter = rippleCredit(
src/xrpld/app/tx/detail/Escrow.cpp:523:        // featureDepositAuth to remove the bug.
src/xrpld/app/tx/detail/Escrow.cpp:524:        if (!ctx_.view().rules().enabled(featureDepositAuth) &&
src/xrpld/app/tx/detail/Escrow.cpp:948:            rippleCredit(view, issuer, receiver, finalAmt, true, journal);
src/xrpld/app/tx/detail/Escrow.cpp:1132:    if (ctx_.view().rules().enabled(featureDepositAuth))
src/xrpld/app/tx/detail/VaultSet.cpp:124:        if ((sleIssuance->getFlags() & lsfMPTRequireAuth) == 0)
src/xrpld/app/tx/detail/SetAccount.cpp:41:            uTxFlags & (tfRequireAuth | tfOptionalAuth))
src/xrpld/app/tx/detail/SetAccount.cpp:45:            (*uSetFlag == asfRequireAuth || *uSetFlag == asfDisableMaster ||
src/xrpld/app/tx/detail/SetAccount.cpp:50:            (*uClearFlag == asfRequireAuth || *uClearFlag == asfDisableMaster ||
src/xrpld/app/tx/detail/SetAccount.cpp:84:    // RequireAuth
src/xrpld/app/tx/detail/SetAccount.cpp:86:    bool bSetRequireAuth =
src/xrpld/app/tx/detail/SetAccount.cpp:87:        (uTxFlags & tfRequireAuth) || (uSetFlag == asfRequireAuth);
src/xrpld/app/tx/detail/SetAccount.cpp:88:    bool bClearRequireAuth =
src/xrpld/app/tx/detail/SetAccount.cpp:89:        (uTxFlags & tfOptionalAuth) || (uClearFlag == asfRequireAuth);
src/xrpld/app/tx/detail/SetAccount.cpp:91:    if (bSetRequireAuth && bClearRequireAuth)
src/xrpld/app/tx/detail/SetAccount.cpp:260:    bool bSetRequireAuth =
src/xrpld/app/tx/detail/SetAccount.cpp:261:        (uTxFlags & tfRequireAuth) || (uSetFlag == asfRequireAuth);
src/xrpld/app/tx/detail/SetAccount.cpp:264:    // RequireAuth
src/xrpld/app/tx/detail/SetAccount.cpp:266:    if (bSetRequireAuth && !(uFlagsIn & lsfRequireAuth))
src/xrpld/app/tx/detail/SetAccount.cpp:329:    bool const bSetRequireAuth{
src/xrpld/app/tx/detail/SetAccount.cpp:330:        (uTxFlags & tfRequireAuth) || (uSetFlag == asfRequireAuth)};
src/xrpld/app/tx/detail/SetAccount.cpp:331:    bool const bClearRequireAuth{
src/xrpld/app/tx/detail/SetAccount.cpp:332:        (uTxFlags & tfOptionalAuth) || (uClearFlag == asfRequireAuth)};
src/xrpld/app/tx/detail/SetAccount.cpp:352:    // RequireAuth
src/xrpld/app/tx/detail/SetAccount.cpp:354:    if (bSetRequireAuth && !(uFlagsIn & lsfRequireAuth))
src/xrpld/app/tx/detail/SetAccount.cpp:356:        JLOG(j_.trace()) << "Set RequireAuth.";
src/xrpld/app/tx/detail/SetAccount.cpp:357:        uFlagsOut |= lsfRequireAuth;
src/xrpld/app/tx/detail/SetAccount.cpp:360:    if (bClearRequireAuth && (uFlagsIn & lsfRequireAuth))
src/xrpld/app/tx/detail/SetAccount.cpp:362:        JLOG(j_.trace()) << "Clear RequireAuth.";
src/xrpld/app/tx/detail/SetAccount.cpp:363:        uFlagsOut &= ~lsfRequireAuth;
src/xrpld/app/tx/detail/SetAccount.cpp:486:    // DepositAuth
src/xrpld/app/tx/detail/SetAccount.cpp:488:    if (view().rules().enabled(featureDepositAuth))
src/xrpld/app/tx/detail/SetAccount.cpp:490:        if (uSetFlag == asfDepositAuth)
src/xrpld/app/tx/detail/SetAccount.cpp:492:            JLOG(j_.trace()) << "Set lsfDepositAuth.";
src/xrpld/app/tx/detail/SetAccount.cpp:493:            uFlagsOut |= lsfDepositAuth;
src/xrpld/app/tx/detail/SetAccount.cpp:495:        else if (uClearFlag == asfDepositAuth)
src/xrpld/app/tx/detail/SetAccount.cpp:497:            JLOG(j_.trace()) << "Clear lsfDepositAuth.";
src/xrpld/app/tx/detail/SetAccount.cpp:498:            uFlagsOut &= ~lsfDepositAuth;
src/xrpld/app/tx/detail/SetAccount.cpp:627:    if (ctx_.view().rules().enabled(featureDisallowIncoming))
src/xrpld/app/tx/detail/SetAccount.cpp:629:        if (uSetFlag == asfDisallowIncomingNFTokenOffer)
src/xrpld/app/tx/detail/SetAccount.cpp:630:            uFlagsOut |= lsfDisallowIncomingNFTokenOffer;
src/xrpld/app/tx/detail/SetAccount.cpp:631:        else if (uClearFlag == asfDisallowIncomingNFTokenOffer)
src/xrpld/app/tx/detail/SetAccount.cpp:632:            uFlagsOut &= ~lsfDisallowIncomingNFTokenOffer;
src/xrpld/app/tx/detail/SetAccount.cpp:634:        if (uSetFlag == asfDisallowIncomingCheck)
src/xrpld/app/tx/detail/SetAccount.cpp:635:            uFlagsOut |= lsfDisallowIncomingCheck;
src/xrpld/app/tx/detail/SetAccount.cpp:636:        else if (uClearFlag == asfDisallowIncomingCheck)
src/xrpld/app/tx/detail/SetAccount.cpp:637:            uFlagsOut &= ~lsfDisallowIncomingCheck;
src/xrpld/app/tx/detail/SetAccount.cpp:639:        if (uSetFlag == asfDisallowIncomingPayChan)
src/xrpld/app/tx/detail/SetAccount.cpp:640:            uFlagsOut |= lsfDisallowIncomingPayChan;
src/xrpld/app/tx/detail/SetAccount.cpp:641:        else if (uClearFlag == asfDisallowIncomingPayChan)
src/xrpld/app/tx/detail/SetAccount.cpp:642:            uFlagsOut &= ~lsfDisallowIncomingPayChan;
src/xrpld/app/tx/detail/SetAccount.cpp:644:        if (uSetFlag == asfDisallowIncomingTrustline)
src/xrpld/app/tx/detail/SetAccount.cpp:645:            uFlagsOut |= lsfDisallowIncomingTrustline;
src/xrpld/app/tx/detail/SetAccount.cpp:646:        else if (uClearFlag == asfDisallowIncomingTrustline)
src/xrpld/app/tx/detail/SetAccount.cpp:647:            uFlagsOut &= ~lsfDisallowIncomingTrustline;
src/xrpld/app/tx/detail/AMMWithdraw.cpp:612:    auto res = accountSend(
src/xrpld/app/tx/detail/AMMWithdraw.cpp:635:        res = accountSend(
src/test/app/NFTokenDir_test.cpp:151:            env(token::acceptSellOffer(buyer, offer));
src/test/app/NFTokenDir_test.cpp:227:                    env(token::acceptSellOffer(buyer, offer));
src/test/app/NFTokenDir_test.cpp:452:                    env(token::acceptSellOffer(buyer, offers[i]));
src/test/app/NFTokenDir_test.cpp:461:                    env(token::acceptSellOffer(buyer, offers.back()),
src/test/app/NFTokenDir_test.cpp:466:                env(token::acceptSellOffer(buyer, offers.back()));
src/test/app/NFTokenDir_test.cpp:713:            env(token::acceptSellOffer(buyer, offer));
src/test/app/NFTokenDir_test.cpp:718:        env(token::acceptSellOffer(buyer, offerForPageOverflow),
src/test/app/NFTokenDir_test.cpp:924:                env(token::acceptSellOffer(buyer, offer));
src/test/app/NFTokenDir_test.cpp:933:            env(token::acceptSellOffer(buyer, offer),
src/xrpld/app/tx/detail/LoanPay.cpp:87:    auto const brokerSle =
src/xrpld/app/tx/detail/LoanPay.cpp:88:        view.read(keylet::loanbroker(loanSle->at(sfLoanBrokerID)));
src/xrpld/app/tx/detail/LoanPay.cpp:89:    if (!brokerSle)
src/xrpld/app/tx/detail/LoanPay.cpp:92:    auto const vaultSle = view.read(keylet::vault(brokerSle->at(sfVaultID)));
src/xrpld/app/tx/detail/LoanPay.cpp:190:    auto const loanBrokerSle = ctx.view.read(keylet::loanbroker(loanBrokerID));
src/xrpld/app/tx/detail/LoanPay.cpp:271:    auto const brokerID = loanSle->at(sfLoanBrokerID);
src/xrpld/app/tx/detail/LoanPay.cpp:272:    auto const brokerSle = view.peek(keylet::loanbroker(brokerID));
src/xrpld/app/tx/detail/LoanPay.cpp:273:    if (!brokerSle)
src/xrpld/app/tx/detail/LoanPay.cpp:275:    auto const brokerOwner = brokerSle->at(sfOwner);
src/xrpld/app/tx/detail/LoanPay.cpp:276:    auto const brokerPseudoAccount = brokerSle->at(sfAccount);
src/xrpld/app/tx/detail/LoanPay.cpp:277:    auto const vaultID = brokerSle->at(sfVaultID);
src/xrpld/app/tx/detail/LoanPay.cpp:284:    // Determine where to send the broker's fee
src/xrpld/app/tx/detail/LoanPay.cpp:285:    auto coverAvailableProxy = brokerSle->at(sfCoverAvailable);
src/xrpld/app/tx/detail/LoanPay.cpp:286:    TenthBips32 const coverRateMinimum{brokerSle->at(sfCoverRateMinimum)};
src/xrpld/app/tx/detail/LoanPay.cpp:287:    auto debtTotalProxy = brokerSle->at(sfDebtTotal);
src/xrpld/app/tx/detail/LoanPay.cpp:289:    // Send the broker fee to the owner if they have sufficient cover available,
src/xrpld/app/tx/detail/LoanPay.cpp:291:    // _and_ if the broker is authorized to hold funds. If not, so as not to
src/xrpld/app/tx/detail/LoanPay.cpp:292:    // block the payment, add it to the cover balance (send it to the broker
src/xrpld/app/tx/detail/LoanPay.cpp:300:        // the broker's solvency.
src/xrpld/app/tx/detail/LoanPay.cpp:307:            !isDeepFrozen(view, brokerOwner, asset) &&
src/xrpld/app/tx/detail/LoanPay.cpp:308:            !requireAuth(view, asset, brokerOwner, AuthType::StrongAuth);
src/xrpld/app/tx/detail/LoanPay.cpp:311:    auto const brokerPayee =
src/xrpld/app/tx/detail/LoanPay.cpp:312:        sendBrokerFeeToOwner ? brokerOwner : brokerPseudoAccount;
src/xrpld/app/tx/detail/LoanPay.cpp:313:    auto const brokerPayeeSle = view.peek(keylet::account(brokerPayee));
src/xrpld/app/tx/detail/LoanPay.cpp:318:        if (auto const ret = checkDeepFrozen(view, brokerPayee, asset))
src/xrpld/app/tx/detail/LoanPay.cpp:355:        asset, view, loanSle, brokerSle, amount, paymentType, j_);
src/xrpld/app/tx/detail/LoanPay.cpp:407:    view.update(brokerSle);
src/xrpld/app/tx/detail/LoanPay.cpp:424:    // Account for value changes when reducing the broker's debt:
src/xrpld/app/tx/detail/LoanPay.cpp:449:    // in the loan broker's debt total. This is because the broker may have more
src/xrpld/app/tx/detail/LoanPay.cpp:488:                     << ", total paid to broker: " << totalPaidToBroker
src/xrpld/app/tx/detail/LoanPay.cpp:501:        // to split it. The broker can Withdraw it later if they want, or leave
src/xrpld/app/tx/detail/LoanPay.cpp:507:    associateAsset(*brokerSle, asset);
src/xrpld/app/tx/detail/LoanPay.cpp:597:    auto const brokerBalanceBefore = account_ == brokerPayee
src/xrpld/app/tx/detail/LoanPay.cpp:601:              brokerPayee,
src/xrpld/app/tx/detail/LoanPay.cpp:617:        if (brokerPayee == account_)
src/xrpld/app/tx/detail/LoanPay.cpp:619:            // The broker may have deleted their holding. Recreate it if needed
src/xrpld/app/tx/detail/LoanPay.cpp:622:                    brokerPayee,
src/xrpld/app/tx/detail/LoanPay.cpp:623:                    brokerPayeeSle->at(sfBalance).value().xrp(),
src/xrpld/app/tx/detail/LoanPay.cpp:632:                requireAuth(view, asset, brokerPayee, AuthType::StrongAuth))
src/xrpld/app/tx/detail/LoanPay.cpp:636:    if (auto const ter = accountSendMulti(
src/xrpld/app/tx/detail/LoanPay.cpp:641:             {brokerPayee, totalPaidToBroker}},
src/xrpld/app/tx/detail/LoanPay.cpp:681:    auto const brokerBalanceAfter = account_ == brokerPayee
src/xrpld/app/tx/detail/LoanPay.cpp:685:              brokerPayee,
src/xrpld/app/tx/detail/LoanPay.cpp:704:                 brokerBalanceBefore,
src/xrpld/app/tx/detail/LoanPay.cpp:707:                 brokerBalanceAfter,
src/xrpld/app/tx/detail/LoanPay.cpp:736:    auto const brokerBalanceBeforeRounded =
src/xrpld/app/tx/detail/LoanPay.cpp:737:        roundToScale(brokerBalanceBefore, balanceScale);
src/xrpld/app/tx/detail/LoanPay.cpp:740:        accountBalanceBefore + vaultBalanceBefore + brokerBalanceBefore;
src/xrpld/app/tx/detail/LoanPay.cpp:749:                     << ", broker " << Number(brokerBalanceBeforeRounded)
src/xrpld/app/tx/detail/LoanPay.cpp:750:                     << " (" << Number(brokerBalanceBefore) << ")"
src/xrpld/app/tx/detail/LoanPay.cpp:758:    auto const brokerBalanceAfterRounded =
src/xrpld/app/tx/detail/LoanPay.cpp:759:        roundToScale(brokerBalanceAfter, balanceScale);
src/xrpld/app/tx/detail/LoanPay.cpp:762:        accountBalanceAfter + vaultBalanceAfter + brokerBalanceAfter;
src/xrpld/app/tx/detail/LoanPay.cpp:771:                     << ", broker " << Number(brokerBalanceAfterRounded) << " ("
src/xrpld/app/tx/detail/LoanPay.cpp:772:                     << Number(brokerBalanceAfter) << ")"
src/xrpld/app/tx/detail/LoanPay.cpp:779:    auto const brokerBalanceChange = brokerBalanceAfter - brokerBalanceBefore;
src/xrpld/app/tx/detail/LoanPay.cpp:782:        accountBalanceChange + vaultBalanceChange + brokerBalanceChange;
src/xrpld/app/tx/detail/LoanPay.cpp:789:                     << ", broker " << to_string(brokerBalanceChange)  //
src/xrpld/app/tx/detail/LoanPay.cpp:823:        vaultBalanceAfter >= beast::zero && brokerBalanceAfter >= beast::zero,
src/xrpld/app/tx/detail/LoanPay.cpp:825:        "positive vault and broker balances");
src/xrpld/app/tx/detail/LoanPay.cpp:831:        brokerBalanceAfter >= brokerBalanceBefore,
src/xrpld/app/tx/detail/LoanPay.cpp:833:        "broker balance did not decrease");
src/xrpld/app/tx/detail/LoanPay.cpp:836:            brokerBalanceAfter > brokerBalanceBefore,
src/xrpld/app/tx/detail/LoanPay.cpp:838:        "vault and/or broker balance increased");
src/test/app/XChain_test.cpp:2184:                .tx(fset("scAlice", asfDepositAuth))  // set deposit auth
src/test/app/XChain_test.cpp:3424:                .tx(fset("scBob", asfDepositAuth))  // set deposit auth
src/test/app/XChain_test.cpp:3487:                    .tx(fset("scBob", 0, asfDepositAuth))  // clear deposit auth
src/test/app/XChain_test.cpp:3591:                .tx(fset("scBob", asfDepositAuth))  // set deposit auth
src/test/app/XChain_test.cpp:3861:                .tx(fset(unpaid, asfDepositAuth))
src/xrpld/app/tx/detail/LoanDelete.cpp:45:    auto const loanBrokerSle = ctx.view.read(keylet::loanbroker(loanBrokerID));
src/xrpld/app/tx/detail/LoanDelete.cpp:77:    auto const brokerID = loanSle->at(sfLoanBrokerID);
src/xrpld/app/tx/detail/LoanDelete.cpp:78:    auto const brokerSle = view.peek(keylet::loanbroker(brokerID));
src/xrpld/app/tx/detail/LoanDelete.cpp:79:    if (!brokerSle)
src/xrpld/app/tx/detail/LoanDelete.cpp:81:    auto const brokerPseudoAccount = brokerSle->at(sfAccount);
src/xrpld/app/tx/detail/LoanDelete.cpp:83:    auto const vaultSle = view.peek(keylet::vault(brokerSle->at(sfVaultID)));
src/xrpld/app/tx/detail/LoanDelete.cpp:90:            keylet::ownerDir(brokerPseudoAccount),
src/xrpld/app/tx/detail/LoanDelete.cpp:107:    // The broker's owner count is solely for the number of outstanding loans,
src/xrpld/app/tx/detail/LoanDelete.cpp:108:    // and is distinct from the broker's pseudo-account's owner count
src/xrpld/app/tx/detail/LoanDelete.cpp:109:    adjustOwnerCount(view, brokerSle, -1, j_);
src/xrpld/app/tx/detail/LoanDelete.cpp:112:    if (brokerSle->at(sfOwnerCount) == 0)
src/xrpld/app/tx/detail/LoanDelete.cpp:114:        auto debtTotalProxy = brokerSle->at(sfDebtTotal);
src/xrpld/app/tx/detail/LoanDelete.cpp:133:    associateAsset(*brokerSle, vaultAsset);
src/test/app/FixNFTokenPageLinks_test.cpp:386:            env(token::acceptSellOffer(daria, offerIndex));
src/test/app/FixNFTokenPageLinks_test.cpp:421:            env(token::acceptBuyOffer(daria, offerIndex));
src/xrpld/app/tx/detail/Payment.cpp:459:    bool const depositAuth = view().rules().enabled(featureDepositAuth);
src/xrpld/app/tx/detail/Payment.cpp:460:    bool const reqDepositAuth =
src/xrpld/app/tx/detail/Payment.cpp:461:        sleDst->getFlags() & lsfDepositAuth && depositAuth;
src/xrpld/app/tx/detail/Payment.cpp:468:    // If the destination has lsfDepositAuth set, then only direct XRP
src/xrpld/app/tx/detail/Payment.cpp:470:    if (!depositPreauth && ripple && reqDepositAuth)
src/xrpld/app/tx/detail/Payment.cpp:610:        auto res = accountSend(
src/xrpld/app/tx/detail/Payment.cpp:683:        // in an unusable state if it sets the lsfDepositAuth flag and
src/xrpld/app/tx/detail/Payment.cpp:685:        // account with lsfDepositAuth set spent all of its XRP, it
src/xrpld/app/tx/detail/VaultDeposit.cpp:270:    if (auto const ter = accountSend(
src/xrpld/app/tx/detail/VaultDeposit.cpp:296:    if (auto const ter = accountSend(
src/xrpld/app/tx/detail/VaultWithdraw.cpp:271:    if (auto const ter = accountSend(
src/xrpld/app/tx/detail/LoanManage.h:35:        SLE::ref brokerSle,
src/xrpld/app/tx/detail/VaultCreate.cpp:187:        mptFlags |= lsfMPTRequireAuth;
src/test/app/Invariants_test.cpp:586:                uFlags |= lsfLowDeepFreeze;
src/test/app/Invariants_test.cpp:601:                uFlags |= lsfHighDeepFreeze;
src/test/app/Invariants_test.cpp:616:                uFlags |= lsfLowDeepFreeze | lsfHighDeepFreeze;
src/test/app/Invariants_test.cpp:631:                uFlags |= lsfLowDeepFreeze | lsfHighFreeze;
src/test/app/Invariants_test.cpp:646:                uFlags |= lsfLowFreeze | lsfHighDeepFreeze;
src/test/app/Invariants_test.cpp:1148:                    lsfDisableMaster | lsfDefaultRipple | lsfDepositAuth);
src/test/app/Invariants_test.cpp:1181:                    lsfDisableMaster | lsfDefaultRipple | lsfDepositAuth |
src/test/app/Invariants_test.cpp:2152:        auto const loanBrokerKeylet = keylet::loanbroker(a.id(), env.seq(a));
src/test/app/Invariants_test.cpp:2250:        testcase << "valid loan broker";
src/test/app/Invariants_test.cpp:2487:                Keylet brokerKeylet = keylet::amendments();
src/test/app/Invariants_test.cpp:2492:                        brokerKeylet =
src/test/app/Invariants_test.cpp:2494:                        if (!BEAST_EXPECT(env.le(brokerKeylet)))
src/test/app/Invariants_test.cpp:2497:                            alice, brokerKeylet.key, asset(10)));
src/test/app/Invariants_test.cpp:2499:                        return BEAST_EXPECT(env.le(brokerKeylet));
src/test/app/Invariants_test.cpp:2506:                        auto sle = ac.view().peek(brokerKeylet);
src/test/app/Invariants_test.cpp:3493:                    lsfDisableMaster | lsfDefaultRipple | lsfDepositAuth);
src/test/app/Invariants_test.cpp:3557:                    lsfDisableMaster | lsfDefaultRipple | lsfDepositAuth);
src/test/app/Invariants_test.cpp:4380:                sleBad->setFieldU32(sfFlags, lsfLowDeepFreeze);
src/xrpld/app/tx/detail/LoanBrokerCoverDeposit.cpp:37:    auto const brokerID = tx[sfLoanBrokerID];
src/xrpld/app/tx/detail/LoanBrokerCoverDeposit.cpp:40:    auto const sleBroker = ctx.view.read(keylet::loanbroker(brokerID));
src/xrpld/app/tx/detail/LoanBrokerCoverDeposit.cpp:55:        JLOG(ctx.j.fatal()) << "Vault is missing for Broker " << brokerID;
src/xrpld/app/tx/detail/LoanBrokerCoverDeposit.cpp:98:    auto const brokerID = tx[sfLoanBrokerID];
src/xrpld/app/tx/detail/LoanBrokerCoverDeposit.cpp:101:    auto broker = view().peek(keylet::loanbroker(brokerID));
src/xrpld/app/tx/detail/LoanBrokerCoverDeposit.cpp:102:    if (!broker)
src/xrpld/app/tx/detail/LoanBrokerCoverDeposit.cpp:105:    auto const vault = view().read(keylet::vault(broker->at(sfVaultID)));
src/xrpld/app/tx/detail/LoanBrokerCoverDeposit.cpp:111:    auto const brokerPseudoID = broker->at(sfAccount);
src/xrpld/app/tx/detail/LoanBrokerCoverDeposit.cpp:114:    if (auto ter = accountSend(
src/xrpld/app/tx/detail/LoanBrokerCoverDeposit.cpp:117:            brokerPseudoID,
src/xrpld/app/tx/detail/LoanBrokerCoverDeposit.cpp:124:    broker->at(sfCoverAvailable) += amount;
src/xrpld/app/tx/detail/LoanBrokerCoverDeposit.cpp:125:    view().update(broker);
src/xrpld/app/tx/detail/LoanBrokerCoverDeposit.cpp:127:    associateAsset(*broker, vaultAsset);
src/xrpld/app/tx/detail/LoanManage.cpp:101:    auto const loanBrokerSle = ctx.view.read(keylet::loanbroker(loanBrokerID));
src/xrpld/app/tx/detail/LoanManage.cpp:140:    SLE::ref brokerSle,
src/xrpld/app/tx/detail/LoanManage.cpp:148:    auto brokerDebtTotalProxy = brokerSle->at(sfDebtTotal);
src/xrpld/app/tx/detail/LoanManage.cpp:153:    TenthBips32 const coverRateMinimum{brokerSle->at(sfCoverRateMinimum)};
src/xrpld/app/tx/detail/LoanManage.cpp:155:        brokerSle->at(sfCoverRateLiquidation)};
src/xrpld/app/tx/detail/LoanManage.cpp:160:            tenthBipsOfValue(brokerDebtTotalProxy.value(), coverRateMinimum);
src/xrpld/app/tx/detail/LoanManage.cpp:173:        auto const coverAvailable = *brokerSle->at(sfCoverAvailable);
src/xrpld/app/tx/detail/LoanManage.cpp:265:            brokerDebtTotalProxy, -totalDefaultAmount, vaultAsset, vaultScale);
src/xrpld/app/tx/detail/LoanManage.cpp:267:        auto coverAvailableProxy = brokerSle->at(sfCoverAvailable);
src/xrpld/app/tx/detail/LoanManage.cpp:277:        view.update(brokerSle);
src/xrpld/app/tx/detail/LoanManage.cpp:294:    return accountSend(
src/xrpld/app/tx/detail/LoanManage.cpp:296:        brokerSle->at(sfAccount),
src/xrpld/app/tx/detail/LoanManage.cpp:411:    auto const brokerID = loanSle->at(sfLoanBrokerID);
src/xrpld/app/tx/detail/LoanManage.cpp:412:    auto const brokerSle = view.peek(keylet::loanbroker(brokerID));
src/xrpld/app/tx/detail/LoanManage.cpp:413:    if (!brokerSle)
src/xrpld/app/tx/detail/LoanManage.cpp:416:    auto const vaultSle = view.peek(keylet::vault(brokerSle->at(sfVaultID)));
src/xrpld/app/tx/detail/LoanManage.cpp:426:                view, loanSle, brokerSle, vaultSle, vaultAsset, j_);
src/xrpld/app/tx/detail/LoanManage.cpp:440:        associateAsset(*brokerSle, vaultAsset);
src/test/app/AMMExtended_test.cpp:1334:    testRequireAuth(FeatureBitset features)
src/test/app/AMMExtended_test.cpp:1336:        testcase("lsfRequireAuth");
src/test/app/AMMExtended_test.cpp:1349:        env(fset(gw, asfRequireAuth));
src/test/app/AMMExtended_test.cpp:1400:        env(fset(gw, asfRequireAuth));
src/test/app/AMMExtended_test.cpp:1484:        testRequireAuth(all);
src/test/app/AMMExtended_test.cpp:3089:        // The initial implementation of DepositAuth had a bug where an
src/test/app/AMMExtended_test.cpp:3090:        // account with the DepositAuth flag set could not make a payment
src/test/app/AMMExtended_test.cpp:3113:        env(fset(becky, asfDepositAuth));
src/test/app/AMMExtended_test.cpp:3133:        // that has the lsfDepositAuth flag set.
src/test/app/AMMExtended_test.cpp:3152:        // bob sets the lsfDepositAuth flag.
src/test/app/AMMExtended_test.cpp:3153:        env(fset(bob, asfDepositAuth), require(flags(bob, asfDepositAuth)));
src/test/app/AMMExtended_test.cpp:3158:            env.require(flags(bob, asfDepositAuth));
src/test/app/AMMExtended_test.cpp:3184:        // bob can make payments while his lsfDepositAuth flag is set.
src/test/app/AMMExtended_test.cpp:3207:        // Give bob enough XRP for the fee to clear the lsfDepositAuth flag.
src/test/app/AMMExtended_test.cpp:3210:        // bob clears the lsfDepositAuth and the next payment succeeds.
src/test/app/AMMExtended_test.cpp:3211:        env(fclear(bob, asfDepositAuth));
src/test/app/AMMExtended_test.cpp:3350:            BEAST_EXPECT(!(ff[jss::Flags].asUInt() & lsfLowFreeze));
src/test/app/AMMExtended_test.cpp:3351:            BEAST_EXPECT(!(ff[jss::Flags].asUInt() & lsfHighFreeze));
src/test/app/AMMExtended_test.cpp:3842:    testDepositAuth()
src/test/app/AMMExtended_test.cpp:3898:        testDepositAuth();
src/test/app/MPToken_test.cpp:77:                     .flags = tfMPTRequireAuth,
src/test/app/MPToken_test.cpp:88:                     .flags = tfMPTRequireAuth,
src/test/app/MPToken_test.cpp:94:                // tries to set DomainID when RequireAuth is not set
src/test/app/MPToken_test.cpp:107:                     .flags = tfMPTRequireAuth,
src/test/app/MPToken_test.cpp:180:                 .flags = tfMPTCanLock | tfMPTRequireAuth | tfMPTCanEscrow |
src/test/app/MPToken_test.cpp:218:                    .flags = tfMPTCanLock | tfMPTRequireAuth | tfMPTCanEscrow |
src/test/app/MPToken_test.cpp:413:            mptAlice.create({.ownerCount = 1, .flags = tfMPTRequireAuth});
src/test/app/MPToken_test.cpp:520:            mptAlice.create({.ownerCount = 1, .flags = tfMPTRequireAuth});
src/test/app/MPToken_test.cpp:759:                mptAlice.create({.flags = tfMPTRequireAuth});
src/test/app/MPToken_test.cpp:896:                {.ownerCount = 1, .holderCount = 0, .flags = tfMPTRequireAuth});
src/test/app/MPToken_test.cpp:1102:        // If RequireAuth is enabled, Payment fails if the receiver is not
src/test/app/MPToken_test.cpp:1112:                 .flags = tfMPTRequireAuth | tfMPTCanTransfer});
src/test/app/MPToken_test.cpp:1119:        // If RequireAuth is enabled, Payment fails if the sender is not
src/test/app/MPToken_test.cpp:1129:                 .flags = tfMPTRequireAuth | tfMPTCanTransfer});
src/test/app/MPToken_test.cpp:1152:            // If RequireAuth is enabled and domain is a match, payment succeeds
src/test/app/MPToken_test.cpp:1180:                    .flags = tfMPTRequireAuth | tfMPTCanTransfer,
src/test/app/MPToken_test.cpp:1222:                    .flags = tfMPTRequireAuth | tfMPTCanTransfer,
src/test/app/MPToken_test.cpp:1302:                    .flags = tfMPTRequireAuth | tfMPTCanTransfer,
src/test/app/MPToken_test.cpp:1817:                 .flags = tfMPTRequireAuth | tfMPTCanTransfer});
src/test/app/MPToken_test.cpp:1828:            env(fset(bob, asfDepositAuth));
src/test/app/MPToken_test.cpp:1896:                 .flags = tfMPTRequireAuth | tfMPTCanTransfer});
src/test/app/MPToken_test.cpp:1907:            env(fset(bob, asfDepositAuth));
src/test/app/MPToken_test.cpp:2194:            // NFTokenAcceptOffer
src/test/app/MPToken_test.cpp:2197:                jv[jss::TransactionType] = jss::NFTokenAcceptOffer;
src/test/app/MPToken_test.cpp:2598:                 .flags = tfMPTCanClawback | tfMPTRequireAuth});
src/test/app/MPToken_test.cpp:2947:                tmfMPTSetRequireAuth | tmfMPTClearRequireAuth,
src/test/app/MPToken_test.cpp:2976:                tmfMPTSetRequireAuth,
src/test/app/MPToken_test.cpp:2977:                tmfMPTClearRequireAuth,
src/test/app/MPToken_test.cpp:3131:                tmfMPTSetRequireAuth,
src/test/app/MPToken_test.cpp:3132:                tmfMPTClearRequireAuth,
src/test/app/MPToken_test.cpp:3255:                tmfMPTCanMutateRequireAuth,
src/test/app/MPToken_test.cpp:3256:                tmfMPTSetRequireAuth,
src/test/app/MPToken_test.cpp:3257:                tmfMPTClearRequireAuth);
src/test/app/MPToken_test.cpp:3397:    testMutateRequireAuth(FeatureBitset features)
src/test/app/MPToken_test.cpp:3399:        testcase("Mutate MPTRequireAuth");
src/test/app/MPToken_test.cpp:3409:             .flags = tfMPTRequireAuth,
src/test/app/MPToken_test.cpp:3410:             .mutableFlags = tmfMPTCanMutateRequireAuth});
src/test/app/MPToken_test.cpp:3425:        // Clear RequireAuth
src/test/app/MPToken_test.cpp:3427:            {.account = alice, .mutableFlags = tmfMPTClearRequireAuth});
src/test/app/MPToken_test.cpp:3432:        // Set RequireAuth again
src/test/app/MPToken_test.cpp:3433:        mptAlice.set({.account = alice, .mutableFlags = tmfMPTSetRequireAuth});
src/test/app/MPToken_test.cpp:3655:        // accountSendMulti from the issuer to the given receivers.
src/test/app/MPToken_test.cpp:3662:            auto const ter = accountSendMulti(
src/test/app/MPToken_test.cpp:3824:        testMutateRequireAuth(all);
src/test/app/Delegate_test.cpp:872:            env(fset(gw, asfRequireAuth));
src/test/app/Delegate_test.cpp:993:            env(fset(gw, asfRequireAuth));
src/test/app/Delegate_test.cpp:1053:            env(fset(gw, asfRequireAuth));
src/test/app/Delegate_test.cpp:1116:            jt[sfFlags] = tfRequireAuth;
src/test/app/Delegate_test.cpp:1196:            // can not set asfRequireAuth flag for alice
src/test/app/Delegate_test.cpp:1197:            env(fset(alice, asfRequireAuth),
src/test/app/Delegate_test.cpp:1204:            // bib still does not have permission to set asfRequireAuth for
src/test/app/Delegate_test.cpp:1206:            env(fset(alice, asfRequireAuth),
src/test/app/Delegate_test.cpp:1210:            env(fset(alice, asfRequireAuth));
src/test/app/Delegate_test.cpp:1211:            env.require(flags(alice, asfRequireAuth));
src/test/app/Delegate_test.cpp:1261:            testSetClearFlag(asfRequireAuth);
src/test/app/Delegate_test.cpp:1274:            testSetClearFlag(asfDepositAuth);
src/test/app/Delegate_test.cpp:1275:            testSetClearFlag(asfDisallowIncomingCheck);
src/test/app/Delegate_test.cpp:1276:            testSetClearFlag(asfDisallowIncomingNFTokenOffer);
src/test/app/Delegate_test.cpp:1277:            testSetClearFlag(asfDisallowIncomingPayChan);
src/test/app/Delegate_test.cpp:1278:            testSetClearFlag(asfDisallowIncomingTrustline);
src/test/app/Delegate_test.cpp:1678:        // NFTokenAcceptOffer are not included, they are tested separately.
src/test/app/Delegate_test.cpp:1766:        // NFTokenAcceptOffer are tested separately. Since
src/test/app/Delegate_test.cpp:1787:                  "NFTokenAcceptOffer"})
src/test/app/Delegate_test.cpp:1797:        // NFTokenAcceptOffer are allowed to be delegated if either
src/test/app/Delegate_test.cpp:1815:                      "NFTokenAcceptOffer"})
src/xrpld/app/tx/detail/PayChan.cpp:232:        if (ctx.view.rules().enabled(featureDisallowIncoming) &&
src/xrpld/app/tx/detail/PayChan.cpp:233:            (flags & lsfDisallowIncomingPayChan))
src/xrpld/app/tx/detail/PayChan.cpp:240:        // featureDepositAuth to remove the bug.
src/xrpld/app/tx/detail/PayChan.cpp:241:        if (!ctx.view.rules().enabled(featureDepositAuth) &&
src/xrpld/app/tx/detail/PayChan.cpp:565:        // featureDepositAuth to remove the bug.
src/xrpld/app/tx/detail/PayChan.cpp:566:        bool const depositAuth{ctx_.view().rules().enabled(featureDepositAuth)};
src/xrpld/app/tx/detail/CreateCheck.cpp:83:    if (ctx.view.rules().enabled(featureDisallowIncoming) &&
src/xrpld/app/tx/detail/CreateCheck.cpp:84:        (flags & lsfDisallowIncomingCheck))
src/xrpld/app/tx/detail/CreateCheck.cpp:126:                        (issuerId > srcId) ? lsfHighFreeze : lsfLowFreeze))
src/xrpld/app/tx/detail/CreateCheck.cpp:140:                        (dstId > issuerId) ? lsfHighFreeze : lsfLowFreeze))
src/xrpld/app/tx/detail/MPTokenAuthorize.cpp:138:    // lsfMPTRequireAuth set
src/xrpld/app/tx/detail/MPTokenAuthorize.cpp:139:    if (!(mptIssuanceFlags & lsfMPTRequireAuth))
src/xrpld/app/tx/detail/AMMDeposit.cpp:577:    auto res = accountSend(
src/xrpld/app/tx/detail/AMMDeposit.cpp:603:        res = accountSend(
src/xrpld/app/tx/detail/AMMDeposit.cpp:619:    res = accountSend(
src/test/app/DepositAuth_test.cpp:39:hasDepositAuth(jtx::Env const& env, jtx::Account const& acct)
src/test/app/DepositAuth_test.cpp:41:    return ((*env.le(acct))[sfFlags] & lsfDepositAuth) == lsfDepositAuth;
src/test/app/DepositAuth_test.cpp:44:struct DepositAuth_test : public beast::unit_test::suite
src/test/app/DepositAuth_test.cpp:55:            // featureDepositAuth is disabled.
src/test/app/DepositAuth_test.cpp:56:            Env env(*this, testable_amendments() - featureDepositAuth);
src/test/app/DepositAuth_test.cpp:60:            env(fset(alice, asfDepositAuth));
src/test/app/DepositAuth_test.cpp:62:            BEAST_EXPECT(!hasDepositAuth(env, alice));
src/test/app/DepositAuth_test.cpp:64:            env(fclear(alice, asfDepositAuth));
src/test/app/DepositAuth_test.cpp:66:            BEAST_EXPECT(!hasDepositAuth(env, alice));
src/test/app/DepositAuth_test.cpp:69:            // featureDepositAuth is enabled.
src/test/app/DepositAuth_test.cpp:73:            env(fset(alice, asfDepositAuth));
src/test/app/DepositAuth_test.cpp:75:            BEAST_EXPECT(hasDepositAuth(env, alice));
src/test/app/DepositAuth_test.cpp:77:            env(fclear(alice, asfDepositAuth));
src/test/app/DepositAuth_test.cpp:79:            BEAST_EXPECT(!hasDepositAuth(env, alice));
src/test/app/DepositAuth_test.cpp:87:        // that has the lsfDepositAuth flag set.
src/test/app/DepositAuth_test.cpp:112:        // bob sets the lsfDepositAuth flag.
src/test/app/DepositAuth_test.cpp:113:        env(fset(bob, asfDepositAuth), require(flags(bob, asfDepositAuth)));
src/test/app/DepositAuth_test.cpp:118:            env.require(flags(bob, asfDepositAuth));
src/test/app/DepositAuth_test.cpp:142:        // bob can make payments while his lsfDepositAuth flag is set.
src/test/app/DepositAuth_test.cpp:165:        // Give bob enough XRP for the fee to clear the lsfDepositAuth flag.
src/test/app/DepositAuth_test.cpp:168:        // bob clears the lsfDepositAuth and the next payment succeeds.
src/test/app/DepositAuth_test.cpp:169:        env(fclear(bob, asfDepositAuth));
src/test/app/DepositAuth_test.cpp:183:        // lsfDepositAuth flag set.
src/test/app/DepositAuth_test.cpp:196:        // bob sets the lsfDepositAuth flag.
src/test/app/DepositAuth_test.cpp:197:        env(fset(bob, asfDepositAuth), fee(drops(baseFee)));
src/test/app/DepositAuth_test.cpp:256:        // bob should not be able to clear lsfDepositAuth.
src/test/app/DepositAuth_test.cpp:257:        env(fclear(bob, asfDepositAuth), ter(terINSUF_FEE_B));
src/test/app/DepositAuth_test.cpp:265:        // Pay bob enough so he can afford the fee to clear lsfDepositAuth.
src/test/app/DepositAuth_test.cpp:270:        // request to clear lsfDepositAuth.  So the balance should be zero
src/test/app/DepositAuth_test.cpp:271:        // and lsfDepositAuth should be cleared.
src/test/app/DepositAuth_test.cpp:273:        env.require(nflags(bob, asfDepositAuth));
src/test/app/DepositAuth_test.cpp:275:        // Since bob no longer has lsfDepositAuth set we should be able to
src/test/app/DepositAuth_test.cpp:285:        // It its current incarnation the DepositAuth flag does not change
src/test/app/DepositAuth_test.cpp:302:                              bool withDepositAuth) {
src/test/app/DepositAuth_test.cpp:303:            assert(!withDepositAuth || features[featureDepositAuth]);
src/test/app/DepositAuth_test.cpp:315:            if (withDepositAuth)
src/test/app/DepositAuth_test.cpp:316:                env(fset(gw1, asfDepositAuth));
src/test/app/DepositAuth_test.cpp:326:                                 bool withDepositAuth) {
src/test/app/DepositAuth_test.cpp:327:            assert(!withDepositAuth || features[featureDepositAuth]);
src/test/app/DepositAuth_test.cpp:337:            if (withDepositAuth)
src/test/app/DepositAuth_test.cpp:338:                env(fset(alice, asfDepositAuth));
src/test/app/DepositAuth_test.cpp:348:        // Test every combo of noRipplePrev, noRippleNext, and withDepositAuth
src/test/app/DepositAuth_test.cpp:353:            auto const withDepositAuth = i & 0x4;
src/test/app/DepositAuth_test.cpp:355:                testable_amendments() | featureDepositAuth,
src/test/app/DepositAuth_test.cpp:358:                withDepositAuth);
src/test/app/DepositAuth_test.cpp:360:            if (!withDepositAuth)
src/test/app/DepositAuth_test.cpp:362:                    testable_amendments() - featureDepositAuth,
src/test/app/DepositAuth_test.cpp:365:                    withDepositAuth);
src/test/app/DepositAuth_test.cpp:368:                testable_amendments() | featureDepositAuth,
src/test/app/DepositAuth_test.cpp:371:                withDepositAuth);
src/test/app/DepositAuth_test.cpp:373:            if (!withDepositAuth)
src/test/app/DepositAuth_test.cpp:375:                    testable_amendments() - featureDepositAuth,
src/test/app/DepositAuth_test.cpp:378:                    withDepositAuth);
src/test/app/DepositAuth_test.cpp:627:            // The initial implementation of DepositAuth had a bug where an
src/test/app/DepositAuth_test.cpp:628:            // account with the DepositAuth flag set could not make a payment
src/test/app/DepositAuth_test.cpp:651:            env(fset(becky, asfDepositAuth));
src/test/app/DepositAuth_test.cpp:754:            env(fset(becky, asfDepositAuth));
src/test/app/DepositAuth_test.cpp:782:            env(fset(alice, asfDepositAuth));
src/test/app/DepositAuth_test.cpp:809:            env(fclear(becky, asfDepositAuth));
src/test/app/DepositAuth_test.cpp:839:            env(fset(bob, asfDepositAuth));
src/test/app/DepositAuth_test.cpp:880:            env(fset(bob, asfDepositAuth));
src/test/app/DepositAuth_test.cpp:926:            env(fset(john, asfDepositAuth));
src/test/app/DepositAuth_test.cpp:958:            env(fset(bob, asfDepositAuth));
src/test/app/DepositAuth_test.cpp:1256:            env(fset(bob, asfDepositAuth));
src/test/app/DepositAuth_test.cpp:1383:            env(fset(bob, asfDepositAuth));
src/test/app/DepositAuth_test.cpp:1578:BEAST_DEFINE_TESTSUITE(DepositAuth, app, ripple);
src/xrpld/app/tx/detail/NFTokenUtils.cpp:862:    bool const isSellOffer = txFlags & tfSellNFToken;
src/xrpld/app/tx/detail/NFTokenUtils.cpp:863:    if (!isSellOffer && !amount)
src/xrpld/app/tx/detail/NFTokenUtils.cpp:871:    if (owner.has_value() == isSellOffer)
src/xrpld/app/tx/detail/NFTokenUtils.cpp:880:        // specific broker using the Destination field.  This change doesn't
src/xrpld/app/tx/detail/NFTokenUtils.cpp:886:        if (!isSellOffer && !rules.enabled(fixNFTokenNegOffer))
src/xrpld/app/tx/detail/NFTokenUtils.cpp:980:        if (view.rules().enabled(featureDisallowIncoming))
src/xrpld/app/tx/detail/NFTokenUtils.cpp:985:            if (sleDst->getFlags() & lsfDisallowIncomingNFTokenOffer)
src/xrpld/app/tx/detail/NFTokenUtils.cpp:993:        if (view.rules().enabled(featureDisallowIncoming))
src/xrpld/app/tx/detail/NFTokenUtils.cpp:1002:            if (sleOwner->getFlags() & lsfDisallowIncomingNFTokenOffer)
src/xrpld/app/tx/detail/NFTokenUtils.cpp:1007:    if (view.rules().enabled(fixEnforceNFTokenTrustlineV2) && !amount.native())
src/xrpld/app/tx/detail/NFTokenUtils.cpp:1014:        auto const res = nft::checkTrustlineAuthorized(
src/xrpld/app/tx/detail/NFTokenUtils.cpp:1051:        bool const isSellOffer = txFlags & tfSellNFToken;
src/xrpld/app/tx/detail/NFTokenUtils.cpp:1056:            isSellOffer ? keylet::nft_sells(nftokenID)
src/xrpld/app/tx/detail/NFTokenUtils.cpp:1059:            [&nftokenID, isSellOffer](std::shared_ptr<SLE> const& sle) {
src/xrpld/app/tx/detail/NFTokenUtils.cpp:1061:                    isSellOffer ? lsfNFTokenSellOffers : lsfNFTokenBuyOffers;
src/xrpld/app/tx/detail/NFTokenUtils.cpp:1070:        if (isSellOffer)
src/xrpld/app/tx/detail/NFTokenUtils.cpp:1097:checkTrustlineAuthorized(
src/xrpld/app/tx/detail/NFTokenUtils.cpp:1106:        "ripple::nft::checkTrustlineAuthorized : valid to check.");
src/xrpld/app/tx/detail/NFTokenUtils.cpp:1108:    if (view.rules().enabled(fixEnforceNFTokenTrustlineV2))
src/xrpld/app/tx/detail/NFTokenUtils.cpp:1113:            JLOG(j.debug()) << "ripple::nft::checkTrustlineAuthorized: can't "
src/xrpld/app/tx/detail/NFTokenUtils.cpp:1128:        if (issuerAccount->isFlag(lsfRequireAuth))
src/xrpld/app/tx/detail/NFTokenUtils.cpp:1142:                    id > issue.account ? lsfLowAuth : lsfHighAuth))
src/xrpld/app/tx/detail/NFTokenUtils.cpp:1153:checkTrustlineDeepFrozen(
src/xrpld/app/tx/detail/NFTokenUtils.cpp:1162:        "ripple::nft::checkTrustlineDeepFrozen : valid to check.");
src/xrpld/app/tx/detail/NFTokenUtils.cpp:1169:            JLOG(j.debug()) << "ripple::nft::checkTrustlineDeepFrozen: can't "
src/xrpld/app/tx/detail/NFTokenUtils.cpp:1195:            (*trustLine)[sfFlags] & (lsfLowDeepFreeze | lsfHighDeepFreeze);
src/test/app/Vault_test.cpp:115:            env(fset(alice, asfDepositAuth));
src/test/app/Vault_test.cpp:363:                    prefix + " fail to withdraw to 3rd party lsfDepositAuth");
src/test/app/Vault_test.cpp:612:            env(fset(issuer, asfRequireAuth));
src/test/app/Vault_test.cpp:616:            env.require(flags(issuer, asfRequireAuth));
src/test/app/Vault_test.cpp:682:            env(fset(issuer, asfRequireAuth));
src/test/app/Vault_test.cpp:1772:                     (args.requireAuth ? tfMPTRequireAuth : none),
src/test/app/Vault_test.cpp:2493:                     tfMPTRequireAuth});
src/test/app/Vault_test.cpp:4675:            // Create a loan broker backed by this vault
src/test/app/Vault_test.cpp:4676:            auto const brokerKeylet =
src/test/app/Vault_test.cpp:4677:                keylet::loanbroker(d.owner.id(), env.seq(d.owner));
src/test/app/Vault_test.cpp:4683:                    brokerKeylet.key,
src/test/app/Vault_test.cpp:5407:            auto const& brokerKeylet =
src/test/app/Vault_test.cpp:5408:                keylet::loanbroker(owner.id(), env.seq(owner));
src/test/app/Vault_test.cpp:5413:            auto const& loanKeylet = keylet::loan(brokerKeylet.key, 1);
src/test/app/Vault_test.cpp:5416:            env(set(depositor, brokerKeylet.key, asset(100).value()),
src/test/app/Vault_test.cpp:5853:                // Create a loan broker backed by this vault
src/test/app/Vault_test.cpp:5854:                auto const brokerKeylet =
src/test/app/Vault_test.cpp:5855:                    keylet::loanbroker(owner.id(), env.seq(owner));
src/test/app/Vault_test.cpp:5861:                env(set(depositor, brokerKeylet.key, asset(40).value()),
src/test/app/Vault_test.cpp:5916:                // Create a loan broker backed by this vault
src/test/app/Vault_test.cpp:5917:                auto const brokerKeylet =
src/test/app/Vault_test.cpp:5918:                    keylet::loanbroker(owner.id(), env.seq(owner));
src/test/app/Vault_test.cpp:5923:                env(set(depositor, brokerKeylet.key, asset(40).value()),
src/test/app/Vault_test.cpp:5976:                // Create a loan broker backed by this vault
src/test/app/Vault_test.cpp:5977:                auto const brokerKeylet =
src/test/app/Vault_test.cpp:5978:                    keylet::loanbroker(owner.id(), env.seq(owner));
src/test/app/Vault_test.cpp:5984:                env(set(depositor, brokerKeylet.key, asset(40).value()),
src/test/app/Vault_test.cpp:6038:                auto const brokerKeylet =
src/test/app/Vault_test.cpp:6039:                    keylet::loanbroker(owner.id(), env.seq(owner));
src/test/app/Vault_test.cpp:6045:                env(set(depositor, brokerKeylet.key, asset(40).value()),
src/test/app/Vault_test.cpp:6091:                auto const brokerKeylet =
src/test/app/Vault_test.cpp:6092:                    keylet::loanbroker(owner.id(), env.seq(owner));
src/test/app/Vault_test.cpp:6098:                env(set(depositor, brokerKeylet.key, asset(100).value()),
src/test/app/Vault_test.cpp:6202:            // Create a loan broker backed by this vault
src/test/app/Vault_test.cpp:6203:            auto const brokerKeylet =
src/test/app/Vault_test.cpp:6204:                keylet::loanbroker(owner.id(), env.seq(owner));
src/test/app/Vault_test.cpp:6210:            env(set(depositor, brokerKeylet.key, IOU(40).value()),
src/test/app/Vault_test.cpp:6520:        // accountSend/accountHolds which read sfMPTAmount, so escrowed
src/xrpld/app/tx/detail/NFTokenUtils.h:157:checkTrustlineAuthorized(
src/xrpld/app/tx/detail/NFTokenUtils.h:164:checkTrustlineDeepFrozen(
src/test/app/LPTokenTransfer_test.cpp:408:            env(token::acceptSellOffer(carol, sellOfferIndex),
src/test/app/LPTokenTransfer_test.cpp:417:            env(token::acceptSellOffer(carol, sellOfferIndex));
src/test/app/LPTokenTransfer_test.cpp:446:            env(token::acceptSellOffer(carol, sellOfferIndex));
src/test/app/LPTokenTransfer_test.cpp:461:            env(token::acceptBuyOffer(carol, buyOfferIndex));
src/xrpld/app/tx/detail/SetTrust.cpp:46:        uFlags |= (bHigh ? ripple::lsfHighFreeze : ripple::lsfLowFreeze);
src/xrpld/app/tx/detail/SetTrust.cpp:50:        uFlags &= ~(bHigh ? ripple::lsfHighFreeze : ripple::lsfLowFreeze);
src/xrpld/app/tx/detail/SetTrust.cpp:55:            (bHigh ? ripple::lsfHighDeepFreeze : ripple::lsfLowDeepFreeze);
src/xrpld/app/tx/detail/SetTrust.cpp:60:            ~(bHigh ? ripple::lsfHighDeepFreeze : ripple::lsfLowDeepFreeze);
src/xrpld/app/tx/detail/SetTrust.cpp:206:    if (bSetAuth && !(sle->getFieldU32(sfFlags) & lsfRequireAuth))
src/xrpld/app/tx/detail/SetTrust.cpp:243:    if ((ctx.view.rules().enabled(featureDisallowIncoming) ||
src/xrpld/app/tx/detail/SetTrust.cpp:251:    if (ctx.view.rules().enabled(featureDisallowIncoming))
src/xrpld/app/tx/detail/SetTrust.cpp:253:        if (sleDst->getFlags() & lsfDisallowIncomingTrustline)
src/xrpld/app/tx/detail/SetTrust.cpp:255:            // The original implementation of featureDisallowIncoming was
src/xrpld/app/tx/detail/SetTrust.cpp:257:            //   o fixDisallowIncomingV1 is enabled and
src/xrpld/app/tx/detail/SetTrust.cpp:260:            if (ctx.view.rules().enabled(fixDisallowIncomingV1) &&
src/xrpld/app/tx/detail/SetTrust.cpp:349:        auto const frozen = uFlags & (bHigh ? lsfHighFreeze : lsfLowFreeze);
src/xrpld/app/tx/detail/SetTrust.cpp:351:            uFlags & (bHigh ? lsfHighDeepFreeze : lsfLowDeepFreeze);
src/xrpld/app/tx/detail/SetTrust.cpp:613:            (uFlagsOut & lsfLowFreeze) || saLowLimit ||
src/xrpld/app/tx/detail/SetTrust.cpp:619:            (uFlagsOut & lsfHighFreeze) || saHighLimit ||
src/xrpld/app/tx/detail/SetTrust.cpp:632:            uFlagsOut |= (bHigh ? lsfHighAuth : lsfLowAuth);
src/xrpld/app/tx/detail/MPTokenIssuanceSet.cpp:55:     {tmfMPTSetRequireAuth,
src/xrpld/app/tx/detail/MPTokenIssuanceSet.cpp:56:      tmfMPTClearRequireAuth,
src/xrpld/app/tx/detail/MPTokenIssuanceSet.cpp:57:      lsmfMPTCanMutateRequireAuth},
src/xrpld/app/tx/detail/MPTokenIssuanceSet.cpp:217:        if (not sleMptIssuance->isFlag(lsfMPTRequireAuth))
src/xrpld/app/tx/detail/InvariantCheck.cpp:738:        bool const lowFreeze = uFlags & lsfLowFreeze;
src/xrpld/app/tx/detail/InvariantCheck.cpp:739:        bool const lowDeepFreeze = uFlags & lsfLowDeepFreeze;
src/xrpld/app/tx/detail/InvariantCheck.cpp:741:        bool const highFreeze = uFlags & lsfHighFreeze;
src/xrpld/app/tx/detail/InvariantCheck.cpp:742:        bool const highDeepFreeze = uFlags & lsfHighDeepFreeze;
src/xrpld/app/tx/detail/InvariantCheck.cpp:1012:        change.line->isFlag(high ? lsfLowFreeze : lsfHighFreeze);
src/xrpld/app/tx/detail/InvariantCheck.cpp:1014:        change.line->isFlag(high ? lsfLowDeepFreeze : lsfHighDeepFreeze);
src/xrpld/app/tx/detail/InvariantCheck.cpp:1117:                (lsfDisableMaster | lsfDefaultRipple | lsfDepositAuth);
src/xrpld/app/tx/detail/InvariantCheck.cpp:1869:            // 3. The lsfDisableMaster, lsfDefaultRipple, and lsfDepositAuth
src/xrpld/app/tx/detail/InvariantCheck.cpp:1895:                    lsfDisableMaster | lsfDefaultRipple | lsfDepositAuth))
src/xrpld/app/tx/detail/InvariantCheck.cpp:2459:            auto& broker = brokers_[after->key()];
src/xrpld/app/tx/detail/InvariantCheck.cpp:2460:            broker.brokerBefore = before;
src/xrpld/app/tx/detail/InvariantCheck.cpp:2461:            broker.brokerAfter = after;
src/xrpld/app/tx/detail/InvariantCheck.cpp:2469:            brokers_.emplace(loanBrokerID, BrokerInfo{});
src/xrpld/app/tx/detail/InvariantCheck.cpp:2550:                brokers_.emplace(loanBrokerID, BrokerInfo{});
src/xrpld/app/tx/detail/InvariantCheck.cpp:2564:            brokers_.emplace(loanBrokerID, BrokerInfo{});
src/xrpld/app/tx/detail/InvariantCheck.cpp:2568:    for (auto const& [brokerID, broker] : brokers_)
src/xrpld/app/tx/detail/InvariantCheck.cpp:2570:        auto const& after = broker.brokerAfter
src/xrpld/app/tx/detail/InvariantCheck.cpp:2571:            ? broker.brokerAfter
src/xrpld/app/tx/detail/InvariantCheck.cpp:2572:            : view.read(keylet::loanbroker(brokerID));
src/xrpld/app/tx/detail/InvariantCheck.cpp:2580:        auto const& before = broker.brokerBefore;
src/xrpld/app/tx/detail/NFTokenBurn.cpp:105:        std::size_t const deletedSellOffers = nft::removeTokenOffersWithLimit(
src/xrpld/app/tx/detail/NFTokenBurn.cpp:110:        if (maxDeletableTokenOfferEntries > deletedSellOffers)
src/xrpld/app/tx/detail/NFTokenBurn.cpp:115:                maxDeletableTokenOfferEntries - deletedSellOffers);
src/xrpld/app/tx/detail/AMMCreate.cpp:272:    auto res = accountSend(sb, accountId, account_, lpTokens, ctx_.journal);
src/xrpld/app/tx/detail/AMMCreate.cpp:280:        if (auto const res = accountSend(
src/xrpld/app/tx/detail/Offer.h:276:    return accountSend(std::forward<Args>(args)...);
src/xrpld/app/tx/detail/DeleteAccount.cpp:254:        if (ctx.view.rules().enabled(featureDepositAuth) &&
src/xrpld/app/tx/detail/DeleteAccount.cpp:255:            (sleDst->getFlags() & lsfDepositAuth))
src/xrpld/app/tx/detail/DeleteAccount.cpp:380:    if (ctx_.view().rules().enabled(featureDepositAuth) &&
src/xrpld/app/tx/detail/MPTokenIssuanceCreate.cpp:76:        if ((ctx.tx.getFlags() & tfMPTRequireAuth) == 0)
src/xrpld/app/tx/detail/CashCheck.cpp:198:            if (sleIssuer->at(sfFlags) & lsfRequireAuth)
src/xrpld/app/tx/detail/CashCheck.cpp:203:                    // have lsfRequireAuth set.
src/xrpld/app/tx/detail/CashCheck.cpp:214:                    (canonical_gt ? lsfLowAuth : lsfHighAuth));
src/xrpld/app/tx/detail/LoanBrokerDelete.cpp:30:    auto const brokerID = tx[sfLoanBrokerID];
src/xrpld/app/tx/detail/LoanBrokerDelete.cpp:32:    auto const sleBroker = ctx.view.read(keylet::loanbroker(brokerID));
src/xrpld/app/tx/detail/LoanBrokerDelete.cpp:39:    auto const brokerOwner = sleBroker->at(sfOwner);
src/xrpld/app/tx/detail/LoanBrokerDelete.cpp:41:    if (account != brokerOwner)
src/xrpld/app/tx/detail/LoanBrokerDelete.cpp:56:        JLOG(ctx.j.fatal()) << "Vault is missing for Broker " << brokerID;
src/xrpld/app/tx/detail/LoanBrokerDelete.cpp:85:    // If there are assets in the cover, broker will receive them on deletion.
src/xrpld/app/tx/detail/LoanBrokerDelete.cpp:86:    // So we need to check if the broker owner is deep frozen for that asset.
src/xrpld/app/tx/detail/LoanBrokerDelete.cpp:89:        if (auto const ret = checkDeepFrozen(ctx.view, brokerOwner, asset))
src/xrpld/app/tx/detail/LoanBrokerDelete.cpp:104:    auto const brokerID = tx[sfLoanBrokerID];
src/xrpld/app/tx/detail/LoanBrokerDelete.cpp:106:    // Delete the loan broker
src/xrpld/app/tx/detail/LoanBrokerDelete.cpp:107:    auto broker = view().peek(keylet::loanbroker(brokerID));
src/xrpld/app/tx/detail/LoanBrokerDelete.cpp:108:    if (!broker)
src/xrpld/app/tx/detail/LoanBrokerDelete.cpp:110:    auto const vaultID = broker->at(sfVaultID);
src/xrpld/app/tx/detail/LoanBrokerDelete.cpp:117:    auto const brokerPseudoID = broker->at(sfAccount);
src/xrpld/app/tx/detail/LoanBrokerDelete.cpp:121:            broker->at(sfOwnerNode),
src/xrpld/app/tx/detail/LoanBrokerDelete.cpp:122:            broker->key(),
src/xrpld/app/tx/detail/LoanBrokerDelete.cpp:129:            broker->at(sfVaultNode),
src/xrpld/app/tx/detail/LoanBrokerDelete.cpp:130:            broker->key(),
src/xrpld/app/tx/detail/LoanBrokerDelete.cpp:138:            STAmount{vaultAsset, broker->at(sfCoverAvailable)};
src/xrpld/app/tx/detail/LoanBrokerDelete.cpp:139:        if (auto const ter = accountSend(
src/xrpld/app/tx/detail/LoanBrokerDelete.cpp:141:                brokerPseudoID,
src/xrpld/app/tx/detail/LoanBrokerDelete.cpp:149:    if (auto ter = removeEmptyHolding(view(), brokerPseudoID, vaultAsset, j_))
src/xrpld/app/tx/detail/LoanBrokerDelete.cpp:152:    auto brokerPseudoSLE = view().peek(keylet::account(brokerPseudoID));
src/xrpld/app/tx/detail/LoanBrokerDelete.cpp:153:    if (!brokerPseudoSLE)
src/xrpld/app/tx/detail/LoanBrokerDelete.cpp:157:    // obligations associated with the broker or broker pseudo-account.
src/xrpld/app/tx/detail/LoanBrokerDelete.cpp:158:    if (*brokerPseudoSLE->at(sfBalance))
src/xrpld/app/tx/detail/LoanBrokerDelete.cpp:163:    if (brokerPseudoSLE->at(sfOwnerCount) != 0)
src/xrpld/app/tx/detail/LoanBrokerDelete.cpp:169:    if (auto const directory = keylet::ownerDir(brokerPseudoID);
src/xrpld/app/tx/detail/LoanBrokerDelete.cpp:176:    view().erase(brokerPseudoSLE);
src/xrpld/app/tx/detail/LoanBrokerDelete.cpp:178:    view().erase(broker);
src/xrpld/app/tx/detail/LoanBrokerDelete.cpp:190:    associateAsset(*broker, vaultAsset);
src/xrpld/app/tx/detail/Clawback.cpp:249:    return rippleCredit(
src/xrpld/app/tx/detail/Clawback.cpp:275:    return rippleCredit(
src/xrpld/app/tx/detail/LoanBrokerSet.cpp:98:    if (auto const brokerID = tx[~sfLoanBrokerID])
src/xrpld/app/tx/detail/LoanBrokerSet.cpp:102:        auto const sleBroker = ctx.view.read(keylet::loanbroker(*brokerID));
src/xrpld/app/tx/detail/LoanBrokerSet.cpp:168:    if (auto const brokerID = tx[~sfLoanBrokerID])
src/xrpld/app/tx/detail/LoanBrokerSet.cpp:171:        auto broker = view.peek(keylet::loanbroker(*brokerID));
src/xrpld/app/tx/detail/LoanBrokerSet.cpp:172:        if (!broker)
src/xrpld/app/tx/detail/LoanBrokerSet.cpp:181:        auto const vault = view.read(keylet::vault(broker->at(sfVaultID)));
src/xrpld/app/tx/detail/LoanBrokerSet.cpp:188:            broker->at(sfData) = *data;
src/xrpld/app/tx/detail/LoanBrokerSet.cpp:190:            broker->at(sfDebtMaximum) = *debtMax;
src/xrpld/app/tx/detail/LoanBrokerSet.cpp:192:        view.update(broker);
src/xrpld/app/tx/detail/LoanBrokerSet.cpp:194:        associateAsset(*broker, vaultAsset);
src/xrpld/app/tx/detail/LoanBrokerSet.cpp:222:        auto broker =
src/xrpld/app/tx/detail/LoanBrokerSet.cpp:223:            std::make_shared<SLE>(keylet::loanbroker(account_, sequence));
src/xrpld/app/tx/detail/LoanBrokerSet.cpp:225:        if (auto const ter = dirLink(view, account_, broker))
src/xrpld/app/tx/detail/LoanBrokerSet.cpp:227:        if (auto const ter = dirLink(view, vaultPseudoID, broker, sfVaultNode))
src/xrpld/app/tx/detail/LoanBrokerSet.cpp:238:            createPseudoAccount(view, broker->key(), sfLoanBrokerID);
src/xrpld/app/tx/detail/LoanBrokerSet.cpp:249:        broker->at(sfSequence) = sequence;
src/xrpld/app/tx/detail/LoanBrokerSet.cpp:250:        broker->at(sfVaultID) = vaultID;
src/xrpld/app/tx/detail/LoanBrokerSet.cpp:251:        broker->at(sfOwner) = account_;
src/xrpld/app/tx/detail/LoanBrokerSet.cpp:252:        broker->at(sfAccount) = pseudoId;
src/xrpld/app/tx/detail/LoanBrokerSet.cpp:253:        // The LoanSequence indexes loans created by this broker, starting at 1
src/xrpld/app/tx/detail/LoanBrokerSet.cpp:254:        broker->at(sfLoanSequence) = 1;
src/xrpld/app/tx/detail/LoanBrokerSet.cpp:256:            broker->at(sfData) = *data;
src/xrpld/app/tx/detail/LoanBrokerSet.cpp:258:            broker->at(sfManagementFeeRate) = *rate;
src/xrpld/app/tx/detail/LoanBrokerSet.cpp:260:            broker->at(sfDebtMaximum) = *debtMax;
src/xrpld/app/tx/detail/LoanBrokerSet.cpp:262:            broker->at(sfCoverRateMinimum) = *coverMin;
src/xrpld/app/tx/detail/LoanBrokerSet.cpp:264:            broker->at(sfCoverRateLiquidation) = *coverLiq;
src/xrpld/app/tx/detail/LoanBrokerSet.cpp:266:        view.insert(broker);
src/xrpld/app/tx/detail/LoanBrokerSet.cpp:268:        associateAsset(*broker, vaultAsset);
src/xrpld/app/tx/detail/LoanBrokerCoverClawback.cpp:18:    auto const brokerID = ctx.tx[~sfLoanBrokerID];
src/xrpld/app/tx/detail/LoanBrokerCoverClawback.cpp:21:    if (!brokerID && !amount)
src/xrpld/app/tx/detail/LoanBrokerCoverClawback.cpp:24:    if (brokerID && *brokerID == beast::zero)
src/xrpld/app/tx/detail/LoanBrokerCoverClawback.cpp:41:        if (!brokerID)
src/xrpld/app/tx/detail/LoanBrokerCoverClawback.cpp:48:            // broker's pseudo-account, but we don't know yet whether it is, so
src/xrpld/app/tx/detail/LoanBrokerCoverClawback.cpp:62:    // If the broker ID was provided in the transaction, that's all we
src/xrpld/app/tx/detail/LoanBrokerCoverClawback.cpp:64:    if (auto const brokerID = tx[~sfLoanBrokerID])
src/xrpld/app/tx/detail/LoanBrokerCoverClawback.cpp:65:        return *brokerID;
src/xrpld/app/tx/detail/LoanBrokerCoverClawback.cpp:67:    // If the broker ID was not provided, and the amount is either
src/xrpld/app/tx/detail/LoanBrokerCoverClawback.cpp:81:    // Thus, Amount.issuer _should_ be the loan broker's
src/xrpld/app/tx/detail/LoanBrokerCoverClawback.cpp:93:    if (auto const brokerID = sle->at(~sfLoanBrokerID))
src/xrpld/app/tx/detail/LoanBrokerCoverClawback.cpp:94:        return *brokerID;
src/xrpld/app/tx/detail/LoanBrokerCoverClawback.cpp:106:    AccountID const& brokerPseudoAccountID,
src/xrpld/app/tx/detail/LoanBrokerCoverClawback.cpp:122:    else if (holder == brokerPseudoAccountID)
src/xrpld/app/tx/detail/LoanBrokerCoverClawback.cpp:216:    auto const brokerID = *findBrokerID;
src/xrpld/app/tx/detail/LoanBrokerCoverClawback.cpp:219:    auto const sleBroker = ctx.view.read(keylet::loanbroker(brokerID));
src/xrpld/app/tx/detail/LoanBrokerCoverClawback.cpp:226:    auto const brokerPseudoAccountID = sleBroker->at(sfAccount);
src/xrpld/app/tx/detail/LoanBrokerCoverClawback.cpp:232:        JLOG(ctx.j.fatal()) << "Vault is missing for Broker " << brokerID;
src/xrpld/app/tx/detail/LoanBrokerCoverClawback.cpp:245:    // Only the issuer of the vault asset can claw it back from the broker's
src/xrpld/app/tx/detail/LoanBrokerCoverClawback.cpp:256:            determineAsset(ctx.view, account, brokerPseudoAccountID, *amount);
src/xrpld/app/tx/detail/LoanBrokerCoverClawback.cpp:282:            brokerPseudoAccountID,
src/xrpld/app/tx/detail/LoanBrokerCoverClawback.cpp:315:    auto const brokerID = *findBrokerID;
src/xrpld/app/tx/detail/LoanBrokerCoverClawback.cpp:318:    auto sleBroker = view().peek(keylet::loanbroker(brokerID));
src/xrpld/app/tx/detail/LoanBrokerCoverClawback.cpp:322:    auto const brokerPseudoID = *sleBroker->at(sfAccount);
src/xrpld/app/tx/detail/LoanBrokerCoverClawback.cpp:346:    return accountSend(
src/xrpld/app/tx/detail/LoanBrokerCoverClawback.cpp:347:        view(), brokerPseudoID, account, clawAmount, j_, WaiveTransferFee::Yes);
src/test/app/PayChan_test.cpp:38:    FeatureBitset const disallowIncoming{featureDisallowIncoming};
src/test/app/PayChan_test.cpp:261:    testDisallowIncoming(FeatureBitset features)
src/test/app/PayChan_test.cpp:271:            env(fset(alice, asfDisallowIncomingPayChan));
src/test/app/PayChan_test.cpp:275:            BEAST_EXPECT(!(flags & lsfDisallowIncomingPayChan));
src/test/app/PayChan_test.cpp:288:        env(fset(bob, asfDisallowIncomingPayChan));
src/test/app/PayChan_test.cpp:300:        env(fset(alice, asfDisallowIncomingPayChan));
src/test/app/PayChan_test.cpp:312:        env(fclear(bob, asfDisallowIncomingPayChan));
src/test/app/PayChan_test.cpp:332:        env(fclear(alice, asfDisallowIncomingPayChan));
src/test/app/PayChan_test.cpp:682:            Env env(*this, features - featureDepositAuth);
src/test/app/PayChan_test.cpp:704:            Env env(*this, features - featureDepositAuth);
src/test/app/PayChan_test.cpp:761:    testDepositAuth(FeatureBitset features)
src/test/app/PayChan_test.cpp:775:            env(fset(bob, asfDepositAuth));
src/test/app/PayChan_test.cpp:788:            // asfDepositAuth set.
src/test/app/PayChan_test.cpp:792:            // alice claims. Fails because bob's lsfDepositAuth flag is set.
src/test/app/PayChan_test.cpp:805:                // lsfDepositAuth flag set.
src/test/app/PayChan_test.cpp:817:                // lsfDepositAuth flag is set since bob submitted the
src/test/app/PayChan_test.cpp:871:                // bob clears lsfDepositAuth.  Now alice can claim.
src/test/app/PayChan_test.cpp:872:                env(fclear(bob, asfDepositAuth));
src/test/app/PayChan_test.cpp:885:    testDepositAuthCreds()
src/test/app/PayChan_test.cpp:936:            env(fset(bob, asfDepositAuth));
src/test/app/PayChan_test.cpp:963:            // Fails because bob's lsfDepositAuth flag is set.
src/test/app/PayChan_test.cpp:1033:            // Succeed, lsfDepositAuth is not set
src/test/app/PayChan_test.cpp:1057:            env(fset(bob, asfDepositAuth));
src/test/app/PayChan_test.cpp:2330:        testDisallowIncoming(features);
src/test/app/PayChan_test.cpp:2338:        testDepositAuth(features);
src/test/app/PayChan_test.cpp:2360:        testDepositAuthCreds();
src/xrpld/app/tx/detail/AMMClawback.cpp:232:    auto const ter = rippleCredit(sb, holder, issuer, amountWithdraw, true, j_);
src/xrpld/app/tx/detail/AMMClawback.cpp:245:        return rippleCredit(sb, holder, issuer, *amount2Withdraw, true, j_);
src/xrpld/app/tx/detail/LoanBrokerCoverWithdraw.cpp:47:    auto const brokerID = tx[sfLoanBrokerID];
src/xrpld/app/tx/detail/LoanBrokerCoverWithdraw.cpp:57:    auto const sleBroker = ctx.view.read(keylet::loanbroker(brokerID));
src/xrpld/app/tx/detail/LoanBrokerCoverWithdraw.cpp:72:        JLOG(ctx.j.fatal()) << "Vault is missing for Broker " << brokerID;
src/xrpld/app/tx/detail/LoanBrokerCoverWithdraw.cpp:81:    // The broker's pseudo-account is the source of funds.
src/xrpld/app/tx/detail/LoanBrokerCoverWithdraw.cpp:152:    auto const brokerID = tx[sfLoanBrokerID];
src/xrpld/app/tx/detail/LoanBrokerCoverWithdraw.cpp:156:    auto broker = view().peek(keylet::loanbroker(brokerID));
src/xrpld/app/tx/detail/LoanBrokerCoverWithdraw.cpp:157:    if (!broker)
src/xrpld/app/tx/detail/LoanBrokerCoverWithdraw.cpp:160:    auto const vault = view().read(keylet::vault(broker->at(sfVaultID)));
src/xrpld/app/tx/detail/LoanBrokerCoverWithdraw.cpp:166:    auto const brokerPseudoID = *broker->at(sfAccount);
src/xrpld/app/tx/detail/LoanBrokerCoverWithdraw.cpp:169:    broker->at(sfCoverAvailable) -= amount;
src/xrpld/app/tx/detail/LoanBrokerCoverWithdraw.cpp:170:    view().update(broker);
src/xrpld/app/tx/detail/LoanBrokerCoverWithdraw.cpp:172:    associateAsset(*broker, vaultAsset);
src/xrpld/app/tx/detail/LoanBrokerCoverWithdraw.cpp:179:        brokerPseudoID,
src/xrpld/app/tx/detail/XChainBridge.cpp:367:enum class DepositAuthPolicy { normal, dstCanBypass };
src/xrpld/app/tx/detail/XChainBridge.cpp:409:    DepositAuthPolicy depositAuthPolicy,
src/xrpld/app/tx/detail/XChainBridge.cpp:428:        bool const canBypassDepositAuth = dst == claimOwner &&
src/xrpld/app/tx/detail/XChainBridge.cpp:429:            depositAuthPolicy == DepositAuthPolicy::dstCanBypass;
src/xrpld/app/tx/detail/XChainBridge.cpp:431:        if (!canBypassDepositAuth && (sleDst->getFlags() & lsfDepositAuth) &&
src/xrpld/app/tx/detail/XChainBridge.cpp:628:    DepositAuthPolicy depositAuthPolicy,
src/xrpld/app/tx/detail/XChainBridge.cpp:702:                    DepositAuthPolicy::normal,
src/xrpld/app/tx/detail/XChainBridge.cpp:966:            DepositAuthPolicy::normal,
src/xrpld/app/tx/detail/XChainBridge.cpp:1140:            DepositAuthPolicy::normal,
src/xrpld/app/tx/detail/XChainBridge.cpp:1856:        DepositAuthPolicy::dstCanBypass,
src/xrpld/app/tx/detail/XChainBridge.cpp:1972:        DepositAuthPolicy::normal,
src/xrpld/app/tx/detail/XChainBridge.cpp:2247:        DepositAuthPolicy::normal,
src/xrpld/app/tx/detail/NFTokenAcceptOffer.h:27:class NFTokenAcceptOffer : public Transactor
src/xrpld/app/tx/detail/NFTokenAcceptOffer.h:50:    explicit NFTokenAcceptOffer(ApplyContext& ctx) : Transactor(ctx)
src/xrpld/app/tx/detail/NFTokenAcceptOffer.cpp:20:#include <xrpld/app/tx/detail/NFTokenAcceptOffer.h>
src/xrpld/app/tx/detail/NFTokenAcceptOffer.cpp:31:NFTokenAcceptOffer::getFlagsMask(PreflightContext const& ctx)
src/xrpld/app/tx/detail/NFTokenAcceptOffer.cpp:33:    return tfNFTokenAcceptOfferMask;
src/xrpld/app/tx/detail/NFTokenAcceptOffer.cpp:37:NFTokenAcceptOffer::preflight(PreflightContext const& ctx)
src/xrpld/app/tx/detail/NFTokenAcceptOffer.cpp:39:    auto const bo = ctx.tx[~sfNFTokenBuyOffer];
src/xrpld/app/tx/detail/NFTokenAcceptOffer.cpp:40:    auto const so = ctx.tx[~sfNFTokenSellOffer];
src/xrpld/app/tx/detail/NFTokenAcceptOffer.cpp:47:    // present and greater than zero in brokered mode.
src/xrpld/app/tx/detail/NFTokenAcceptOffer.cpp:61:NFTokenAcceptOffer::preclaim(PreclaimContext const& ctx)
src/xrpld/app/tx/detail/NFTokenAcceptOffer.cpp:99:    auto const [bo, err1] = checkOffer(ctx.tx[~sfNFTokenBuyOffer]);
src/xrpld/app/tx/detail/NFTokenAcceptOffer.cpp:102:    auto const [so, err2] = checkOffer(ctx.tx[~sfNFTokenSellOffer]);
src/xrpld/app/tx/detail/NFTokenAcceptOffer.cpp:109:        // The two offers being brokered must be for the same token:
src/xrpld/app/tx/detail/NFTokenAcceptOffer.cpp:113:        // The two offers being brokered must be for the same asset:
src/xrpld/app/tx/detail/NFTokenAcceptOffer.cpp:117:        // The two offers may not form a loop.  A broker may not sell the
src/xrpld/app/tx/detail/NFTokenAcceptOffer.cpp:132:            // a broker. After, it must be whoever is submitting the tx.
src/xrpld/app/tx/detail/NFTokenAcceptOffer.cpp:146:            // a broker. After, it must be whoever is submitting the tx.
src/xrpld/app/tx/detail/NFTokenAcceptOffer.cpp:156:        // The broker can specify an amount that represents their cut; if they
src/xrpld/app/tx/detail/NFTokenAcceptOffer.cpp:160:        if (auto const brokerFee = ctx.tx[~sfNFTokenBrokerFee])
src/xrpld/app/tx/detail/NFTokenAcceptOffer.cpp:162:            if (brokerFee->issue() != (*bo)[sfAmount].issue())
src/xrpld/app/tx/detail/NFTokenAcceptOffer.cpp:165:            if (brokerFee >= (*bo)[sfAmount])
src/xrpld/app/tx/detail/NFTokenAcceptOffer.cpp:168:            if ((*so)[sfAmount] > (*bo)[sfAmount] - *brokerFee)
src/xrpld/app/tx/detail/NFTokenAcceptOffer.cpp:171:            // Check if broker is allowed to receive the fee with these IOUs.
src/xrpld/app/tx/detail/NFTokenAcceptOffer.cpp:172:            if (!brokerFee->native() &&
src/xrpld/app/tx/detail/NFTokenAcceptOffer.cpp:173:                ctx.view.rules().enabled(fixEnforceNFTokenTrustlineV2))
src/xrpld/app/tx/detail/NFTokenAcceptOffer.cpp:175:                auto res = nft::checkTrustlineAuthorized(
src/xrpld/app/tx/detail/NFTokenAcceptOffer.cpp:179:                    brokerFee->asset().get<Issue>());
src/xrpld/app/tx/detail/NFTokenAcceptOffer.cpp:183:                res = nft::checkTrustlineDeepFrozen(
src/xrpld/app/tx/detail/NFTokenAcceptOffer.cpp:187:                    brokerFee->asset().get<Issue>());
src/xrpld/app/tx/detail/NFTokenAcceptOffer.cpp:243:        // created by the broker.
src/xrpld/app/tx/detail/NFTokenAcceptOffer.cpp:244:        if (ctx.view.rules().enabled(fixEnforceNFTokenTrustlineV2) &&
src/xrpld/app/tx/detail/NFTokenAcceptOffer.cpp:247:            auto res = nft::checkTrustlineAuthorized(
src/xrpld/app/tx/detail/NFTokenAcceptOffer.cpp:254:                res = nft::checkTrustlineAuthorized(
src/xrpld/app/tx/detail/NFTokenAcceptOffer.cpp:262:                res = nft::checkTrustlineDeepFrozen(
src/xrpld/app/tx/detail/NFTokenAcceptOffer.cpp:314:            // In the case of brokered mode, this check is essentially
src/xrpld/app/tx/detail/NFTokenAcceptOffer.cpp:319:            // We also _must not_ check the tx submitter in brokered
src/xrpld/app/tx/detail/NFTokenAcceptOffer.cpp:320:            // mode, because then we are confirming that the broker can
src/xrpld/app/tx/detail/NFTokenAcceptOffer.cpp:335:            if (ctx.view.rules().enabled(fixEnforceNFTokenTrustlineV2))
src/xrpld/app/tx/detail/NFTokenAcceptOffer.cpp:337:                auto res = nft::checkTrustlineAuthorized(
src/xrpld/app/tx/detail/NFTokenAcceptOffer.cpp:347:                    res = nft::checkTrustlineAuthorized(
src/xrpld/app/tx/detail/NFTokenAcceptOffer.cpp:357:            auto const res = nft::checkTrustlineDeepFrozen(
src/xrpld/app/tx/detail/NFTokenAcceptOffer.cpp:387:        if (ctx.view.rules().enabled(fixEnforceNFTokenTrustlineV2))
src/xrpld/app/tx/detail/NFTokenAcceptOffer.cpp:389:            auto res = nft::checkTrustlineAuthorized(
src/xrpld/app/tx/detail/NFTokenAcceptOffer.cpp:394:            res = nft::checkTrustlineDeepFrozen(
src/xrpld/app/tx/detail/NFTokenAcceptOffer.cpp:405:NFTokenAcceptOffer::pay(
src/xrpld/app/tx/detail/NFTokenAcceptOffer.cpp:414:    auto const result = accountSend(view(), from, to, amount, j_);
src/xrpld/app/tx/detail/NFTokenAcceptOffer.cpp:433:NFTokenAcceptOffer::transferNFToken(
src/xrpld/app/tx/detail/NFTokenAcceptOffer.cpp:487:NFTokenAcceptOffer::acceptOffer(std::shared_ptr<SLE> const& offer)
src/xrpld/app/tx/detail/NFTokenAcceptOffer.cpp:522:NFTokenAcceptOffer::doApply()
src/xrpld/app/tx/detail/NFTokenAcceptOffer.cpp:531:    auto bo = loadToken(ctx_.tx[~sfNFTokenBuyOffer]);
src/xrpld/app/tx/detail/NFTokenAcceptOffer.cpp:532:    auto so = loadToken(ctx_.tx[~sfNFTokenSellOffer]);
src/xrpld/app/tx/detail/NFTokenAcceptOffer.cpp:602:        // o The broker is paid the cut they requested.
src/xrpld/app/tx/detail/NFTokenAcceptOffer.cpp:604:        //   broker is paid.  The issuer can take up to 50% of the remainder.
src/xrpld/app/tx/detail/NFTokenAcceptOffer.cpp:608:        // broker's portion is already removed.  Calculating the issuer's
src/xrpld/app/tx/detail/NFTokenAcceptOffer.cpp:609:        // cut before the broker's cut is removed can result in more money
src/xrpld/app/tx/detail/NFTokenAcceptOffer.cpp:612:        // Send the broker the amount they requested.
src/test/app/PayStrand_test.cpp:58:                return lsfHighFreeze;
src/test/app/PayStrand_test.cpp:59:            return lsfLowFreeze;
src/test/app/PayStrand_test.cpp:62:                return lsfHighAuth;
src/test/app/PayStrand_test.cpp:63:            return lsfLowAuth;
src/test/app/PayStrand_test.cpp:981:            env(fset(gw, asfRequireAuth));
src/xrpld/app/tx/detail/LoanSet.cpp:108:    if (auto const brokerID = ctx.tx[~sfLoanBrokerID];
src/xrpld/app/tx/detail/LoanSet.cpp:109:        brokerID && *brokerID == beast::zero)
src/xrpld/app/tx/detail/LoanSet.cpp:123:    // loanbroker exists at this point.
src/xrpld/app/tx/detail/LoanSet.cpp:128:        if (auto const broker =
src/xrpld/app/tx/detail/LoanSet.cpp:129:                ctx.view.read(keylet::loanbroker(ctx.tx[sfLoanBrokerID])))
src/xrpld/app/tx/detail/LoanSet.cpp:130:            return broker->at(sfOwner);
src/xrpld/app/tx/detail/LoanSet.cpp:254:    auto const brokerID = tx[sfLoanBrokerID];
src/xrpld/app/tx/detail/LoanSet.cpp:256:    auto const brokerSle = ctx.view.read(keylet::loanbroker(brokerID));
src/xrpld/app/tx/detail/LoanSet.cpp:257:    if (!brokerSle)
src/xrpld/app/tx/detail/LoanSet.cpp:264:    auto const brokerOwner = brokerSle->at(sfOwner);
src/xrpld/app/tx/detail/LoanSet.cpp:265:    auto const counterparty = tx[~sfCounterparty].value_or(brokerOwner);
src/xrpld/app/tx/detail/LoanSet.cpp:266:    if (account != brokerOwner && counterparty != brokerOwner)
src/xrpld/app/tx/detail/LoanSet.cpp:272:    auto const brokerPseudo = brokerSle->at(sfAccount);
src/xrpld/app/tx/detail/LoanSet.cpp:274:    auto const borrower = counterparty == brokerOwner ? account : counterparty;
src/xrpld/app/tx/detail/LoanSet.cpp:284:    auto const vault = ctx.view.read(keylet::vault(brokerSle->at(sfVaultID)));
src/xrpld/app/tx/detail/LoanSet.cpp:327:    // brokerPseudo is the fallback account to receive LoanPay fees, even if the
src/xrpld/app/tx/detail/LoanSet.cpp:328:    // broker owner is unable to accept them. Don't create the loan if it is
src/xrpld/app/tx/detail/LoanSet.cpp:330:    if (auto const ret = checkDeepFrozen(ctx.view, brokerPseudo, asset))
src/xrpld/app/tx/detail/LoanSet.cpp:345:    // brokerOwner is going to receive funds if there's an origination fee, so
src/xrpld/app/tx/detail/LoanSet.cpp:347:    if (auto const ret = checkDeepFrozen(ctx.view, brokerOwner, asset))
src/xrpld/app/tx/detail/LoanSet.cpp:362:    auto const brokerID = tx[sfLoanBrokerID];
src/xrpld/app/tx/detail/LoanSet.cpp:364:    auto const brokerSle = view.peek(keylet::loanbroker(brokerID));
src/xrpld/app/tx/detail/LoanSet.cpp:365:    if (!brokerSle)
src/xrpld/app/tx/detail/LoanSet.cpp:367:    auto const brokerOwner = brokerSle->at(sfOwner);
src/xrpld/app/tx/detail/LoanSet.cpp:368:    auto const brokerOwnerSle = view.peek(keylet::account(brokerOwner));
src/xrpld/app/tx/detail/LoanSet.cpp:369:    if (!brokerOwnerSle)
src/xrpld/app/tx/detail/LoanSet.cpp:372:    auto const vaultSle = view.peek(keylet ::vault(brokerSle->at(sfVaultID)));
src/xrpld/app/tx/detail/LoanSet.cpp:378:    auto const counterparty = tx[~sfCounterparty].value_or(brokerOwner);
src/xrpld/app/tx/detail/LoanSet.cpp:379:    auto const borrower = counterparty == brokerOwner ? account_ : counterparty;
src/xrpld/app/tx/detail/LoanSet.cpp:386:    auto const brokerPseudo = brokerSle->at(sfAccount);
src/xrpld/app/tx/detail/LoanSet.cpp:387:    auto const brokerPseudoSle = view.peek(keylet::account(brokerPseudo));
src/xrpld/app/tx/detail/LoanSet.cpp:388:    if (!brokerPseudoSle)
src/xrpld/app/tx/detail/LoanSet.cpp:416:        TenthBips16{brokerSle->at(sfManagementFeeRate)},
src/xrpld/app/tx/detail/LoanSet.cpp:478:    auto const newDebtTotal = brokerSle->at(sfDebtTotal) + newDebtDelta;
src/xrpld/app/tx/detail/LoanSet.cpp:479:    if (auto const debtMaximum = brokerSle->at(sfDebtMaximum);
src/xrpld/app/tx/detail/LoanSet.cpp:486:    TenthBips32 const coverRateMinimum{brokerSle->at(sfCoverRateMinimum)};
src/xrpld/app/tx/detail/LoanSet.cpp:490:        // the broker's solvency.
src/xrpld/app/tx/detail/LoanSet.cpp:492:        if (brokerSle->at(sfCoverAvailable) <
src/xrpld/app/tx/detail/LoanSet.cpp:543:            brokerOwner == account_ || brokerOwner == counterparty,
src/xrpld/app/tx/detail/LoanSet.cpp:545:            "broker owner signed transaction");
src/xrpld/app/tx/detail/LoanSet.cpp:549:                brokerOwner,
src/xrpld/app/tx/detail/LoanSet.cpp:550:                brokerOwnerSle->at(sfBalance).value().xrp(),
src/xrpld/app/tx/detail/LoanSet.cpp:560:            requireAuth(view, vaultAsset, brokerOwner, AuthType::StrongAuth))
src/xrpld/app/tx/detail/LoanSet.cpp:563:    if (auto const ter = accountSendMulti(
src/xrpld/app/tx/detail/LoanSet.cpp:567:            {{borrower, loanAssetsToBorrower}, {brokerOwner, originationFee}},
src/xrpld/app/tx/detail/LoanSet.cpp:574:    auto loanSequenceProxy = brokerSle->at(sfLoanSequence);
src/xrpld/app/tx/detail/LoanSet.cpp:578:        std::make_shared<SLE>(keylet::loan(brokerID, *loanSequenceProxy));
src/xrpld/app/tx/detail/LoanSet.cpp:593:    loan->at(sfLoanBrokerID) = brokerID;
src/xrpld/app/tx/detail/LoanSet.cpp:628:    // Update the balances in the loan broker
src/xrpld/app/tx/detail/LoanSet.cpp:630:        brokerSle->at(sfDebtTotal), newDebtDelta, vaultAsset, vaultScale);
src/xrpld/app/tx/detail/LoanSet.cpp:631:    // The broker's owner count is solely for the number of outstanding loans,
src/xrpld/app/tx/detail/LoanSet.cpp:632:    // and is distinct from the broker's pseudo-account's owner count
src/xrpld/app/tx/detail/LoanSet.cpp:633:    adjustOwnerCount(view, brokerSle, 1, j_);
src/xrpld/app/tx/detail/LoanSet.cpp:639:    view.update(brokerSle);
src/xrpld/app/tx/detail/LoanSet.cpp:642:    if (auto const ter = dirLink(view, brokerPseudo, loan, sfLoanBrokerNode))
src/xrpld/app/tx/detail/LoanSet.cpp:649:    associateAsset(*brokerSle, vaultAsset);
src/test/app/LoanBroker_test.cpp:41:            // Can't create a loan broker regardless of whether the vault exists
src/test/app/LoanBroker_test.cpp:43:            auto const brokerKeylet =
src/test/app/LoanBroker_test.cpp:44:                keylet::loanbroker(alice.id(), env.seq(alice));
src/test/app/LoanBroker_test.cpp:47:            env(coverDeposit(alice, brokerKeylet.key, asset(1000)),
src/test/app/LoanBroker_test.cpp:50:            env(coverWithdraw(alice, brokerKeylet.key, asset(1000)),
src/test/app/LoanBroker_test.cpp:55:                loanBrokerID(brokerKeylet.key),
src/test/app/LoanBroker_test.cpp:59:                loanBrokerID(brokerKeylet.key),
src/test/app/LoanBroker_test.cpp:63:            env(del(alice, brokerKeylet.key), ter(temDISABLED));
src/test/app/LoanBroker_test.cpp:126:        auto const badKeylet = keylet::loanbroker(alice.id(), env.seq(alice));
src/test/app/LoanBroker_test.cpp:139:        auto const keylet = keylet::loanbroker(alice.id(), env.seq(alice));
src/test/app/LoanBroker_test.cpp:151:        if (auto broker = env.le(keylet); BEAST_EXPECT(broker))
src/test/app/LoanBroker_test.cpp:153:            // log << "Broker after create: " << to_string(broker->getJson())
src/test/app/LoanBroker_test.cpp:155:            BEAST_EXPECT(broker->at(sfVaultID) == vault.vaultID);
src/test/app/LoanBroker_test.cpp:156:            BEAST_EXPECT(broker->at(sfAccount) != alice.id());
src/test/app/LoanBroker_test.cpp:157:            BEAST_EXPECT(broker->at(sfOwner) == alice.id());
src/test/app/LoanBroker_test.cpp:158:            BEAST_EXPECT(broker->at(sfFlags) == 0);
src/test/app/LoanBroker_test.cpp:159:            BEAST_EXPECT(broker->at(sfSequence) == env.seq(alice) - 1);
src/test/app/LoanBroker_test.cpp:160:            BEAST_EXPECT(broker->at(sfOwnerCount) == 0);
src/test/app/LoanBroker_test.cpp:161:            BEAST_EXPECT(broker->at(sfLoanSequence) == 1);
src/test/app/LoanBroker_test.cpp:162:            BEAST_EXPECT(broker->at(sfDebtTotal) == 0);
src/test/app/LoanBroker_test.cpp:163:            BEAST_EXPECT(broker->at(sfCoverAvailable) == 0);
src/test/app/LoanBroker_test.cpp:165:                checkBroker(broker);
src/test/app/LoanBroker_test.cpp:174:                "Broker pseudo-account", broker->at(sfAccount)};
src/test/app/LoanBroker_test.cpp:184:                    (lsfDisableMaster | lsfDefaultRipple | lsfDepositAuth));
src/test/app/LoanBroker_test.cpp:210:                // Get the AccountInfo RPC result for the broker pseudo-account
src/test/app/LoanBroker_test.cpp:234:                [&env, &vault, &pseudoAccount, &broker, &keylet, this](auto n) {
src/test/app/LoanBroker_test.cpp:237:                    if (BEAST_EXPECT(broker = env.le(keylet)))
src/test/app/LoanBroker_test.cpp:241:                            broker->at(sfCoverAvailable) == amount.number());
src/test/app/LoanBroker_test.cpp:261:            // Need one of brokerID or amount
src/test/app/LoanBroker_test.cpp:270:            // Clawbacks with an MPT need to specify the broker ID
src/test/app/LoanBroker_test.cpp:291:                    // with the broker's pseudo-account as the issuer
src/test/app/LoanBroker_test.cpp:298:                    // Pseudo-account is not for a broker
src/test/app/LoanBroker_test.cpp:303:                    // needs to match the loan broker
src/test/app/LoanBroker_test.cpp:308:                    PrettyAsset const brokerWrongCurrencyAsset =
src/test/app/LoanBroker_test.cpp:312:                        amount(brokerWrongCurrencyAsset(10)),
src/test/app/LoanBroker_test.cpp:317:                    // Clawbacks with an MPT need to specify the broker ID, even
src/test/app/LoanBroker_test.cpp:456:            // Make modifications to the broker
src/test/app/LoanBroker_test.cpp:458:                changeBroker(broker);
src/test/app/LoanBroker_test.cpp:463:            if (BEAST_EXPECT(broker = env.le(keylet)) && checkChangedBroker)
src/test/app/LoanBroker_test.cpp:464:                checkChangedBroker(broker);
src/test/app/LoanBroker_test.cpp:470:                loanBrokerID(broker->key()),
src/test/app/LoanBroker_test.cpp:476:            if (BEAST_EXPECT(broker = env.le(keylet)))
src/test/app/LoanBroker_test.cpp:478:                BEAST_EXPECT(!broker->isFieldPresent(sfDebtMaximum));
src/test/app/LoanBroker_test.cpp:479:                BEAST_EXPECT(!broker->isFieldPresent(sfData));
src/test/app/LoanBroker_test.cpp:483:            // try to delete the wrong broker object
src/test/app/LoanBroker_test.cpp:485:            // evan tries to delete the broker
src/test/app/LoanBroker_test.cpp:488:            // Get the "bad" broker out of the way
src/test/app/LoanBroker_test.cpp:492:            // Note alice's balance of the asset and the broker account's cover
src/test/app/LoanBroker_test.cpp:496:            BEAST_EXPECT(coverFunds.number() == broker->at(sfCoverAvailable));
src/test/app/LoanBroker_test.cpp:500:            // delete the broker
src/test/app/LoanBroker_test.cpp:501:            // log << "Broker before delete: " << to_string(broker->getJson())
src/test/app/LoanBroker_test.cpp:514:                broker = env.le(keylet);
src/test/app/LoanBroker_test.cpp:515:                BEAST_EXPECT(!broker);
src/test/app/LoanBroker_test.cpp:534:        // Create 3 loan brokers: one for XRP, one for an IOU, and one for an
src/test/app/LoanBroker_test.cpp:539:        // For simplicity, alice will be the sole actor for the vault & brokers.
src/test/app/LoanBroker_test.cpp:727:                [&](SLE::const_ref broker) {
src/test/app/LoanBroker_test.cpp:729:                    BEAST_EXPECT(!broker->isFieldPresent(sfManagementFeeRate));
src/test/app/LoanBroker_test.cpp:730:                    BEAST_EXPECT(!broker->isFieldPresent(sfCoverRateMinimum));
src/test/app/LoanBroker_test.cpp:732:                        !broker->isFieldPresent(sfCoverRateLiquidation));
src/test/app/LoanBroker_test.cpp:733:                    BEAST_EXPECT(!broker->isFieldPresent(sfData));
src/test/app/LoanBroker_test.cpp:734:                    BEAST_EXPECT(!broker->isFieldPresent(sfDebtMaximum));
src/test/app/LoanBroker_test.cpp:735:                    BEAST_EXPECT(broker->at(sfDebtMaximum) == 0);
src/test/app/LoanBroker_test.cpp:736:                    BEAST_EXPECT(broker->at(sfCoverRateMinimum) == 0);
src/test/app/LoanBroker_test.cpp:737:                    BEAST_EXPECT(broker->at(sfCoverRateLiquidation) == 0);
src/test/app/LoanBroker_test.cpp:742:                [&](SLE::const_ref broker) {
src/test/app/LoanBroker_test.cpp:747:                        keylet::loanbroker(alice.id(), env.seq(alice));
src/test/app/LoanBroker_test.cpp:757:                        loanBrokerID(broker->key()),
src/test/app/LoanBroker_test.cpp:762:                        loanBrokerID(broker->key()),
src/test/app/LoanBroker_test.cpp:767:                        loanBrokerID(broker->key()),
src/test/app/LoanBroker_test.cpp:773:                        loanBrokerID(broker->key()),
src/test/app/LoanBroker_test.cpp:779:                        loanBrokerID(broker->key()),
src/test/app/LoanBroker_test.cpp:788:                        loanBrokerID(broker->key()),
src/test/app/LoanBroker_test.cpp:795:                        loanBrokerID(broker->key()),
src/test/app/LoanBroker_test.cpp:803:                            loanBrokerID(broker->key()),
src/test/app/LoanBroker_test.cpp:812:                        loanBrokerID(broker->key()),
src/test/app/LoanBroker_test.cpp:817:                [&](SLE::const_ref broker) {
src/test/app/LoanBroker_test.cpp:819:                    BEAST_EXPECT(checkVL(broker->at(sfData), testData));
src/test/app/LoanBroker_test.cpp:822:                    auto const actual = broker->at(sfDebtMaximum);
src/test/app/LoanBroker_test.cpp:850:                [&](SLE::const_ref broker) {
src/test/app/LoanBroker_test.cpp:852:                    BEAST_EXPECT(broker->at(sfManagementFeeRate) == 123);
src/test/app/LoanBroker_test.cpp:853:                    BEAST_EXPECT(broker->at(sfCoverRateMinimum) == 100);
src/test/app/LoanBroker_test.cpp:854:                    BEAST_EXPECT(broker->at(sfCoverRateLiquidation) == 200);
src/test/app/LoanBroker_test.cpp:855:                    BEAST_EXPECT(broker->at(sfDebtMaximum) == Number(9));
src/test/app/LoanBroker_test.cpp:856:                    BEAST_EXPECT(checkVL(broker->at(sfData), testData));
src/test/app/LoanBroker_test.cpp:858:                [&](SLE::const_ref broker) {
src/test/app/LoanBroker_test.cpp:861:                        loanBrokerID(broker->key()),
src/test/app/LoanBroker_test.cpp:865:                [&](SLE::const_ref broker) {
src/test/app/LoanBroker_test.cpp:867:                    BEAST_EXPECT(!broker->isFieldPresent(sfData));
src/test/app/LoanBroker_test.cpp:868:                    BEAST_EXPECT(!broker->isFieldPresent(sfDebtMaximum));
src/test/app/LoanBroker_test.cpp:889:        LoanBrokerTest brokerTest)
src/test/app/LoanBroker_test.cpp:931:        auto const brokerKeylet =
src/test/app/LoanBroker_test.cpp:932:            keylet::loanbroker(alice.id(), env.seq(alice));
src/test/app/LoanBroker_test.cpp:936:        auto broker = env.le(brokerKeylet);
src/test/app/LoanBroker_test.cpp:937:        if (!BEAST_EXPECT(broker))
src/test/app/LoanBroker_test.cpp:942:            // empty broker ID
src/test/app/LoanBroker_test.cpp:945:            // zero broker ID
src/test/app/LoanBroker_test.cpp:953:            // empty broker ID
src/test/app/LoanBroker_test.cpp:956:            // zero broker ID
src/test/app/LoanBroker_test.cpp:963:        if (brokerTest == CoverDeposit)
src/test/app/LoanBroker_test.cpp:965:            // preflight: temINVALID (empty/zero broker id)
src/test/app/LoanBroker_test.cpp:967:                return coverDeposit(alice, brokerKeylet.key, asset(10));
src/test/app/LoanBroker_test.cpp:971:            env(coverDeposit(alice, brokerKeylet.key, issuer["BAD"](10)),
src/test/app/LoanBroker_test.cpp:978:            env(coverDeposit(alice, brokerKeylet.key, vaultInfo.asset(10)),
src/test/app/LoanBroker_test.cpp:984:            env(coverDeposit(alice, brokerKeylet.key, vaultInfo.asset(10)),
src/test/app/LoanBroker_test.cpp:990:            env(coverDeposit(alice, brokerKeylet.key, vaultInfo.asset(10)),
src/test/app/LoanBroker_test.cpp:994:        if (brokerTest == CoverWithdraw)
src/test/app/LoanBroker_test.cpp:996:            // preflight: temINVALID (empty/zero broker id)
src/test/app/LoanBroker_test.cpp:998:                return coverWithdraw(alice, brokerKeylet.key, asset(10));
src/test/app/LoanBroker_test.cpp:1002:            env(coverWithdraw(alice, brokerKeylet.key, issuer["BAD"](10)),
src/test/app/LoanBroker_test.cpp:1008:            env(coverWithdraw(alice, brokerKeylet.key, asset(10)),
src/test/app/LoanBroker_test.cpp:1018:            env(coverWithdraw(alice, brokerKeylet.key, asset(10)),
src/test/app/LoanBroker_test.cpp:1025:            env(fset(dest, asfDepositAuth), THISLINE);
src/test/app/LoanBroker_test.cpp:1027:            env(coverWithdraw(alice, brokerKeylet.key, asset(10)),
src/test/app/LoanBroker_test.cpp:1034:            env(fclear(dest, asfDepositAuth), THISLINE);
src/test/app/LoanBroker_test.cpp:1037:            env(coverWithdraw(alice, brokerKeylet.key, asset(10)),
src/test/app/LoanBroker_test.cpp:1047:            env(coverWithdraw(alice, brokerKeylet.key, asset(10)),
src/test/app/LoanBroker_test.cpp:1053:            env(coverWithdraw(alice, brokerKeylet.key, asset(10)),
src/test/app/LoanBroker_test.cpp:1059:        if (brokerTest == CoverClawback)
src/test/app/LoanBroker_test.cpp:1061:            // preflight: temINVALID (empty/zero broker id)
src/test/app/LoanBroker_test.cpp:1065:                    loanBrokerID(brokerKeylet.key),
src/test/app/LoanBroker_test.cpp:1073:                    loanBrokerID(brokerKeylet.key),
src/test/app/LoanBroker_test.cpp:1083:                    loanBrokerID(brokerKeylet.key),
src/test/app/LoanBroker_test.cpp:1092:                    loanBrokerID(brokerKeylet.key),
src/test/app/LoanBroker_test.cpp:1100:        if (brokerTest == Delete)
src/test/app/LoanBroker_test.cpp:1104:            env(loan::set(borrower, brokerKeylet.key, asset(50).value()),
src/test/app/LoanBroker_test.cpp:1109:            // preflight: temINVALID (empty/zero broker id)
src/test/app/LoanBroker_test.cpp:1110:            testZeroBrokerID([&]() { return del(alice, brokerKeylet.key); });
src/test/app/LoanBroker_test.cpp:1113:            env(del(alice, brokerKeylet.key),
src/test/app/LoanBroker_test.cpp:1118:            auto const loanKeylet = keylet::loan(brokerKeylet.key, 1);
src/test/app/LoanBroker_test.cpp:1126:            env(del(alice, brokerKeylet.key), ter(tecFROZEN), THISLINE);
src/test/app/LoanBroker_test.cpp:1131:            // successful delete the loan broker object
src/test/app/LoanBroker_test.cpp:1132:            env(del(alice, brokerKeylet.key), ter(tesSUCCESS), THISLINE);
src/test/app/LoanBroker_test.cpp:1135:            env(del(alice, brokerKeylet.key), THISLINE);
src/test/app/LoanBroker_test.cpp:1137:        if (brokerTest == Set)
src/test/app/LoanBroker_test.cpp:1139:            // preflight: temINVALID (empty/zero broker id)
src/test/app/LoanBroker_test.cpp:1143:                    loanBrokerID(brokerKeylet.key));
src/test/app/LoanBroker_test.cpp:1149:                    loanBrokerID(brokerKeylet.key));
src/test/app/LoanBroker_test.cpp:1262:            accountSend failure, removeEmptyHolding failure,
src/test/app/LoanBroker_test.cpp:1305:        auto const brokerKeylet =
src/test/app/LoanBroker_test.cpp:1306:            keylet::loanbroker(alice.id(), env.seq(alice));
src/test/app/LoanBroker_test.cpp:1315:        tx.setFieldH256(sfLoanBrokerID, brokerKeylet.key);
src/test/app/LoanBroker_test.cpp:1333:                ac.view().peek(keylet::loanbroker(brokerKeylet.key)))
src/test/app/LoanBroker_test.cpp:1350:    testRequireAuth()
src/test/app/LoanBroker_test.cpp:1368:            .flags = MPTDEXFlags | tfMPTRequireAuth | tfMPTCanClawback |
src/test/app/LoanBroker_test.cpp:1430:        auto const brokerKeylet =
src/test/app/LoanBroker_test.cpp:1431:            keylet::loanbroker(alice.id(), env.seq(alice));
src/test/app/LoanBroker_test.cpp:1435:        auto const broker = env.le(brokerKeylet);
src/test/app/LoanBroker_test.cpp:1436:        if (!BEAST_EXPECT(broker))
src/test/app/LoanBroker_test.cpp:1438:        Account brokerPseudo("pseudo", broker->at(sfAccount));
src/test/app/LoanBroker_test.cpp:1443:             .holder = brokerPseudo,
src/test/app/LoanBroker_test.cpp:1450:            env(coverDeposit(alice, brokerKeylet.key, vaultInfo.asset(10)),
src/test/app/LoanBroker_test.cpp:1457:            env(coverWithdraw(alice, brokerKeylet.key, vaultInfo.asset(5)),
src/test/app/LoanBroker_test.cpp:1464:                loanBrokerID(brokerKeylet.key),
src/test/app/LoanBroker_test.cpp:1516:        auto const brokerKeylet =
src/test/app/LoanBroker_test.cpp:1517:            keylet::loanbroker(alice.id(), env.seq(alice));
src/test/app/LoanBroker_test.cpp:1523:        env(loan::set(borrower, brokerKeylet.key, asset(50).value()),
src/test/app/LoanBroker_test.cpp:1527:        auto const broker = env.le(brokerKeylet);
src/test/app/LoanBroker_test.cpp:1528:        if (!BEAST_EXPECT(broker))
src/test/app/LoanBroker_test.cpp:1531:        BEAST_EXPECT(broker->at(sfDebtTotal) == 50);
src/test/app/LoanBroker_test.cpp:1532:        auto debtTotal = broker->at(sfDebtTotal);
src/test/app/LoanBroker_test.cpp:1535:        tx2[sfLoanBrokerID] = to_string(brokerKeylet.key);
src/test/app/LoanBroker_test.cpp:1587:        Account const& broker = issuer;
src/test/app/LoanBroker_test.cpp:1599:                vault.create({.owner = broker, .asset = token.asset()});
src/test/app/LoanBroker_test.cpp:1604:                    {.depositor = broker, .id = keylet.key, .amount = deposit}),
src/test/app/LoanBroker_test.cpp:1608:            auto const brokerKeylet =
src/test/app/LoanBroker_test.cpp:1609:                keylet::loanbroker(broker, env.seq(broker));
src/test/app/LoanBroker_test.cpp:1611:            env(loanBroker::set(broker, keylet.key));
src/test/app/LoanBroker_test.cpp:1614:            env(loanBroker::coverDeposit(broker, brokerKeylet.key, deposit),
src/test/app/LoanBroker_test.cpp:1691:        Account issuer("broker");
src/test/app/LoanBroker_test.cpp:1692:        Account broker("issuer");
src/test/app/LoanBroker_test.cpp:1697:            RequireAuth,
src/test/app/LoanBroker_test.cpp:1713:                    case RequireAuth:
src/test/app/LoanBroker_test.cpp:1745:            env.fund(XRP(1'000), issuer, broker, dest);
src/test/app/LoanBroker_test.cpp:1748:            if (trustState == RequireAuth)
src/test/app/LoanBroker_test.cpp:1750:                env(fset(issuer, asfRequireAuth));
src/test/app/LoanBroker_test.cpp:1753:                setTrustLine(broker, RequireAuth);
src/test/app/LoanBroker_test.cpp:1758:            env(trust(broker, token(2'000), 0));
src/test/app/LoanBroker_test.cpp:1759:            env(pay(issuer, broker, token(2'000)));
src/test/app/LoanBroker_test.cpp:1764:                vault.create({.owner = broker, .asset = token.asset()});
src/test/app/LoanBroker_test.cpp:1770:                {.depositor = broker,
src/test/app/LoanBroker_test.cpp:1776:                    {.depositor = broker,
src/test/app/LoanBroker_test.cpp:1785:                {.depositor = broker,
src/test/app/LoanBroker_test.cpp:1790:            auto const brokerKeylet =
src/test/app/LoanBroker_test.cpp:1791:                keylet::loanbroker(broker, env.seq(broker));
src/test/app/LoanBroker_test.cpp:1793:            env(loanBroker::set(broker, keylet.key));
src/test/app/LoanBroker_test.cpp:1797:                broker, brokerKeylet.key, token(1'000)));
src/test/app/LoanBroker_test.cpp:1800:            env(loanBroker::coverWithdraw(broker, brokerKeylet.key, token(100)),
src/test/app/LoanBroker_test.cpp:1806:            // Clearing RequireAuth shouldn't change the result
src/test/app/LoanBroker_test.cpp:1807:            if (trustState == RequireAuth)
src/test/app/LoanBroker_test.cpp:1809:                env(fclear(issuer, asfRequireAuth));
src/test/app/LoanBroker_test.cpp:1813:                        broker, brokerKeylet.key, token(100)),
src/test/app/LoanBroker_test.cpp:1821:        test(RequireAuth);
src/test/app/LoanBroker_test.cpp:1832:        Account issuer("broker");
src/test/app/LoanBroker_test.cpp:1833:        Account broker("issuer");
src/test/app/LoanBroker_test.cpp:1837:            RequireAuth,
src/test/app/LoanBroker_test.cpp:1848:            env.fund(XRP(1'000), issuer, broker, dest);
src/test/app/LoanBroker_test.cpp:1854:                    case RequireAuth: {
src/test/app/LoanBroker_test.cpp:1858:                             .holders = {broker, dest},
src/test/app/LoanBroker_test.cpp:1860:                             .flags = MPTDEXFlags | tfMPTRequireAuth,
src/test/app/LoanBroker_test.cpp:1874:                             .holders = {broker, dest},
src/test/app/LoanBroker_test.cpp:1886:                             .holders = {broker},
src/test/app/LoanBroker_test.cpp:1902:                vault.create({.owner = broker, .asset = token.asset()});
src/test/app/LoanBroker_test.cpp:1908:                {.depositor = broker,
src/test/app/LoanBroker_test.cpp:1914:                    {.depositor = broker,
src/test/app/LoanBroker_test.cpp:1929:                    {.depositor = broker,
src/test/app/LoanBroker_test.cpp:1935:            auto const brokerKeylet =
src/test/app/LoanBroker_test.cpp:1936:                keylet::loanbroker(broker, env.seq(broker));
src/test/app/LoanBroker_test.cpp:1938:            env(loanBroker::set(broker, keylet.key));
src/test/app/LoanBroker_test.cpp:1942:                broker, brokerKeylet.key, token(1'000)));
src/test/app/LoanBroker_test.cpp:1945:            env(loanBroker::coverWithdraw(broker, brokerKeylet.key, token(100)),
src/test/app/LoanBroker_test.cpp:1952:        test(RequireAuth);
src/test/app/LoanBroker_test.cpp:1978:        testRequireAuth();
src/xrpld/app/tx/detail/CreateOffer.cpp:264:    if ((*issuerAccount)[sfFlags] & lsfRequireAuth)
src/xrpld/app/tx/detail/CreateOffer.cpp:280:            (*trustLine)[sfFlags] & (canonical_gt ? lsfLowAuth : lsfHighAuth));
src/xrpld/app/tx/detail/CreateOffer.cpp:310:        (*trustLine)[sfFlags] & (lsfLowDeepFreeze | lsfHighDeepFreeze);
src/test/app/NFToken_test.cpp:34:    FeatureBitset const disallowIncoming{featureDisallowIncoming};
src/test/app/NFToken_test.cpp:130:            env(token::acceptBuyOffer(master, offerIndex), ter(temDISABLED));
src/test/app/NFToken_test.cpp:184:            env(token::acceptBuyOffer(master, aliceOfferIndex));
src/test/app/NFToken_test.cpp:1125:        env(token::acceptSellOffer(buyer, noXferOfferIndex),
src/test/app/NFToken_test.cpp:1132:        env(token::acceptSellOffer(buyer, noXferOfferIndex),
src/test/app/NFToken_test.cpp:1138:        // Supply nether an sfNFTokenBuyOffer nor an sfNFTokenSellOffer field.
src/test/app/NFToken_test.cpp:1140:            Json::Value jv = token::acceptSellOffer(buyer, noXferOfferIndex);
src/test/app/NFToken_test.cpp:1141:            jv.removeMember(sfNFTokenSellOffer.jsonName);
src/test/app/NFToken_test.cpp:1149:            Json::Value jv = token::acceptBuyOffer(buyer, noXferOfferIndex);
src/test/app/NFToken_test.cpp:1159:            Json::Value jv = token::acceptSellOffer(buyer, noXferOfferIndex);
src/test/app/NFToken_test.cpp:1167:        // A brokered offer may not contain a negative or zero brokerFee.
src/test/app/NFToken_test.cpp:1168:        env(token::brokerOffers(buyer, noXferOfferIndex, xrpOnlyOfferIndex),
src/test/app/NFToken_test.cpp:1169:            token::brokerFee(gwAUD(0)),
src/test/app/NFToken_test.cpp:1178:        env(token::acceptBuyOffer(buyer, beast::zero),
src/test/app/NFToken_test.cpp:1185:        env(token::acceptBuyOffer(buyer, missingOfferIndex),
src/test/app/NFToken_test.cpp:1193:        env(token::acceptBuyOffer(alice, buyerExpOfferIndex), ter(tecEXPIRED));
src/test/app/NFToken_test.cpp:1202:        env(token::acceptSellOffer(buyer, beast::zero),
src/test/app/NFToken_test.cpp:1208:        env(token::acceptSellOffer(buyer, missingOfferIndex),
src/test/app/NFToken_test.cpp:1216:        env(token::acceptSellOffer(buyer, aliceExpOfferIndex), ter(tecEXPIRED));
src/test/app/NFToken_test.cpp:1228:        // preclaim brokered
src/test/app/NFToken_test.cpp:1245:        // We're about to exercise offer brokering, so we need
src/test/app/NFToken_test.cpp:1257:            // gw attempts to broker offers that are not for the same token.
src/test/app/NFToken_test.cpp:1258:            env(token::brokerOffers(gw, buyerOfferIndex, xrpOnlyOfferIndex),
src/test/app/NFToken_test.cpp:1263:            // gw attempts to broker offers that are not for the same currency.
src/test/app/NFToken_test.cpp:1264:            env(token::brokerOffers(gw, buyerOfferIndex, plainOfferIndex),
src/test/app/NFToken_test.cpp:1269:            // In a brokered offer, the buyer must offer greater than or
src/test/app/NFToken_test.cpp:1271:            env(token::brokerOffers(gw, buyerOfferIndex, audOfferIndex),
src/test/app/NFToken_test.cpp:1294:            env(token::brokerOffers(gw, buyerOfferIndex, audOfferIndex),
src/test/app/NFToken_test.cpp:1295:                token::brokerFee(XRP(40)),
src/test/app/NFToken_test.cpp:1301:            env(token::brokerOffers(gw, buyerOfferIndex, audOfferIndex),
src/test/app/NFToken_test.cpp:1302:                token::brokerFee(gwAUD(31)),
src/test/app/NFToken_test.cpp:1309:            env(token::brokerOffers(gw, buyerOfferIndex, audOfferIndex),
src/test/app/NFToken_test.cpp:1310:                token::brokerFee(gwAUD(1.5)),
src/test/app/NFToken_test.cpp:1334:            env(token::acceptBuyOffer(buyer, plainOfferIndex),
src/test/app/NFToken_test.cpp:1340:            env(token::acceptBuyOffer(buyer, buyerOfferIndex),
src/test/app/NFToken_test.cpp:1349:            env(token::acceptBuyOffer(alice, buyerOfferIndex),
src/test/app/NFToken_test.cpp:1361:                env(token::acceptSellOffer(gw, offerIndex));
src/test/app/NFToken_test.cpp:1369:            env(token::acceptBuyOffer(alice, buyerOfferIndex),
src/test/app/NFToken_test.cpp:1393:            env(token::acceptSellOffer(alice, buyerOfferIndex),
src/test/app/NFToken_test.cpp:1399:            env(token::acceptSellOffer(alice, plainOfferIndex),
src/test/app/NFToken_test.cpp:1406:            env(token::acceptSellOffer(buyer, plainOfferIndex),
src/test/app/NFToken_test.cpp:1420:                env(token::acceptSellOffer(alice, offerIndex));
src/test/app/NFToken_test.cpp:1427:            env(token::acceptSellOffer(buyer, audOfferIndex),
src/test/app/NFToken_test.cpp:1478:            env(token::acceptSellOffer(buyer, offerIndex));
src/test/app/NFToken_test.cpp:1706:                uint256 const beckyBuyOfferIndex =
src/test/app/NFToken_test.cpp:1711:                env(token::acceptBuyOffer(alice, beckyBuyOfferIndex));
src/test/app/NFToken_test.cpp:1765:                uint256 const beckyBuyOfferIndex =
src/test/app/NFToken_test.cpp:1770:                env(token::acceptBuyOffer(alice, beckyBuyOfferIndex));
src/test/app/NFToken_test.cpp:1774:                uint256 const beckySellOfferIndex =
src/test/app/NFToken_test.cpp:1779:                env(token::acceptSellOffer(cheri, beckySellOfferIndex));
src/test/app/NFToken_test.cpp:1791:                env(token::acceptBuyOffer(cheri, beckyBuyBackOfferIndex));
src/test/app/NFToken_test.cpp:1810:                uint256 const aliceSellOfferIndex =
src/test/app/NFToken_test.cpp:1815:                env(token::acceptSellOffer(cheri, aliceSellOfferIndex));
src/test/app/NFToken_test.cpp:1828:                uint256 const cheriSellOfferIndex =
src/test/app/NFToken_test.cpp:1833:                env(token::acceptSellOffer(becky, cheriSellOfferIndex));
src/test/app/NFToken_test.cpp:1877:            uint256 const aliceSellOfferIndex =
src/test/app/NFToken_test.cpp:1882:            env(token::acceptSellOffer(becky, aliceSellOfferIndex));
src/test/app/NFToken_test.cpp:1907:            uint256 const aliceBuyOfferIndex =
src/test/app/NFToken_test.cpp:1912:            env(token::acceptBuyOffer(becky, aliceBuyOfferIndex));
src/test/app/NFToken_test.cpp:1966:            uint256 const minterSellOfferIndex =
src/test/app/NFToken_test.cpp:1981:            env(token::acceptSellOffer(becky, minterSellOfferIndex));
src/test/app/NFToken_test.cpp:2003:            uint256 const aliceBuyOfferIndex =
src/test/app/NFToken_test.cpp:2020:            uint256 const minterBuyOfferIndex =
src/test/app/NFToken_test.cpp:2035:            env(token::acceptBuyOffer(becky, minterBuyOfferIndex));
src/test/app/NFToken_test.cpp:2045:            env(token::cancelOffer(alice, {aliceBuyOfferIndex}));
src/test/app/NFToken_test.cpp:2062:            uint256 const aliceSellOfferIndex =
src/test/app/NFToken_test.cpp:2069:            uint256 const beckyBuyOfferIndex =
src/test/app/NFToken_test.cpp:2077:            env(token::acceptSellOffer(becky, aliceSellOfferIndex));
src/test/app/NFToken_test.cpp:2083:            uint256 const beckySellOfferIndex =
src/test/app/NFToken_test.cpp:2093:            env(token::acceptSellOffer(minter, beckySellOfferIndex));
src/test/app/NFToken_test.cpp:2100:            uint256 const minterSellOfferIndex =
src/test/app/NFToken_test.cpp:2110:            env(token::acceptSellOffer(alice, minterSellOfferIndex));
src/test/app/NFToken_test.cpp:2118:            env(token::acceptBuyOffer(alice, beckyBuyOfferIndex));
src/test/app/NFToken_test.cpp:2185:            uint256 const beckyBuyOfferIndex =
src/test/app/NFToken_test.cpp:2193:            env(token::acceptBuyOffer(alice, beckyBuyOfferIndex));
src/test/app/NFToken_test.cpp:2199:            uint256 const beckySellOfferIndex =
src/test/app/NFToken_test.cpp:2204:            env(token::acceptSellOffer(carol, beckySellOfferIndex));
src/test/app/NFToken_test.cpp:2211:            uint256 const minterBuyOfferIndex =
src/test/app/NFToken_test.cpp:2216:            env(token::acceptBuyOffer(carol, minterBuyOfferIndex));
src/test/app/NFToken_test.cpp:2225:            uint256 const minterSellOfferIndex =
src/test/app/NFToken_test.cpp:2230:            env(token::acceptSellOffer(alice, minterSellOfferIndex));
src/test/app/NFToken_test.cpp:2255:            uint256 const beckyBuyOfferIndex =
src/test/app/NFToken_test.cpp:2263:            env(token::acceptBuyOffer(alice, beckyBuyOfferIndex));
src/test/app/NFToken_test.cpp:2269:            uint256 const beckySellOfferIndex =
src/test/app/NFToken_test.cpp:2274:            env(token::acceptSellOffer(carol, beckySellOfferIndex));
src/test/app/NFToken_test.cpp:2282:            uint256 const minterBuyOfferIndex =
src/test/app/NFToken_test.cpp:2287:            env(token::acceptBuyOffer(carol, minterBuyOfferIndex));
src/test/app/NFToken_test.cpp:2297:            uint256 const minterSellOfferIndex =
src/test/app/NFToken_test.cpp:2302:            env(token::acceptSellOffer(alice, minterSellOfferIndex));
src/test/app/NFToken_test.cpp:2347:            uint256 const beckyBuyOfferIndex =
src/test/app/NFToken_test.cpp:2355:            env(token::acceptBuyOffer(alice, beckyBuyOfferIndex));
src/test/app/NFToken_test.cpp:2361:            uint256 const beckySellOfferIndex =
src/test/app/NFToken_test.cpp:2366:            env(token::acceptSellOffer(minter, beckySellOfferIndex));
src/test/app/NFToken_test.cpp:2374:            uint256 const carolBuyOfferIndex =
src/test/app/NFToken_test.cpp:2379:            env(token::acceptBuyOffer(minter, carolBuyOfferIndex));
src/test/app/NFToken_test.cpp:2389:            uint256 const carolSellOfferIndex =
src/test/app/NFToken_test.cpp:2394:            env(token::acceptSellOffer(alice, carolSellOfferIndex));
src/test/app/NFToken_test.cpp:2439:            uint256 const minterBuyOfferIndex =
src/test/app/NFToken_test.cpp:2443:            env(token::acceptBuyOffer(alice, minterBuyOfferIndex));
src/test/app/NFToken_test.cpp:2454:            uint256 const minterSellOfferIndex =
src/test/app/NFToken_test.cpp:2458:            env(token::acceptSellOffer(carol, minterSellOfferIndex));
src/test/app/NFToken_test.cpp:2469:            uint256 const beckyBuyOfferIndex =
src/test/app/NFToken_test.cpp:2474:            env(token::acceptBuyOffer(carol, beckyBuyOfferIndex));
src/test/app/NFToken_test.cpp:2518:            uint256 const minterBuyOfferIndex =
src/test/app/NFToken_test.cpp:2523:            env(token::acceptBuyOffer(alice, minterBuyOfferIndex));
src/test/app/NFToken_test.cpp:2532:            uint256 const minterSellOfferIndex =
src/test/app/NFToken_test.cpp:2537:            env(token::acceptSellOffer(carol, minterSellOfferIndex));
src/test/app/NFToken_test.cpp:2553:            uint256 const beckyBuyOfferIndex =
src/test/app/NFToken_test.cpp:2558:            env(token::acceptBuyOffer(carol, beckyBuyOfferIndex));
src/test/app/NFToken_test.cpp:2769:        Account const broker{"broker"};
src/test/app/NFToken_test.cpp:2771:        env.fund(XRP(1000), issuer, minter, buyer, broker);
src/test/app/NFToken_test.cpp:2864:            env(token::acceptSellOffer(issuer, offerMinterSellsToBuyer),
src/test/app/NFToken_test.cpp:2872:            env(token::acceptSellOffer(buyer, offerMinterSellsToBuyer));
src/test/app/NFToken_test.cpp:2894:            env(token::acceptBuyOffer(issuer, offerMinterBuysFromBuyer),
src/test/app/NFToken_test.cpp:2902:            env(token::acceptBuyOffer(buyer, offerMinterBuysFromBuyer));
src/test/app/NFToken_test.cpp:2909:            // destination must act as a broker.  The NFToken owner may not
src/test/app/NFToken_test.cpp:2915:                token::destination(broker));
src/test/app/NFToken_test.cpp:2921:            env(token::acceptBuyOffer(minter, offerBuyerBuysFromMinter),
src/test/app/NFToken_test.cpp:2933:        // Show that a sell offer's Destination can broker that sell offer
src/test/app/NFToken_test.cpp:2939:                token::destination(broker),
src/test/app/NFToken_test.cpp:2953:                // issuer cannot broker the offers, because they are not the
src/test/app/NFToken_test.cpp:2958:                env(token::brokerOffers(
src/test/app/NFToken_test.cpp:2967:            // Since broker is the sell offer's destination, they can broker
src/test/app/NFToken_test.cpp:2969:            env(token::brokerOffers(
src/test/app/NFToken_test.cpp:2970:                broker, offerBuyerToMinter, offerMinterToBroker));
src/test/app/NFToken_test.cpp:2977:        // Show that brokered mode cannot complete a transfer where the
src/test/app/NFToken_test.cpp:3003:                // Cannot broker offers when the sell destination is not the
src/test/app/NFToken_test.cpp:3008:                env(token::brokerOffers(
src/test/app/NFToken_test.cpp:3009:                        broker, offerIssuerToBuyer, offerBuyerToMinter),
src/test/app/NFToken_test.cpp:3017:                // amendment switch: When enabled the broker fails, when
src/test/app/NFToken_test.cpp:3018:                // disabled the broker succeeds if the destination is the buyer.
src/test/app/NFToken_test.cpp:3022:                env(token::brokerOffers(
src/test/app/NFToken_test.cpp:3023:                        broker, offerMinterToBuyer, offerBuyerToMinter),
src/test/app/NFToken_test.cpp:3029:                    env(token::acceptBuyOffer(buyer, offerMinterToBuyer));
src/test/app/NFToken_test.cpp:3051:        // then that destination can broker the offers.
src/test/app/NFToken_test.cpp:3056:                token::destination(broker),
src/test/app/NFToken_test.cpp:3063:                token::destination(broker));
src/test/app/NFToken_test.cpp:3066:                // Cannot broker offers when the sell destination is not the
src/test/app/NFToken_test.cpp:3067:                // buyer or the broker.
src/test/app/NFToken_test.cpp:3071:                env(token::brokerOffers(
src/test/app/NFToken_test.cpp:3081:            env(token::brokerOffers(
src/test/app/NFToken_test.cpp:3082:                broker, offerBuyerToBroker, offerMinterToBroker));
src/test/app/NFToken_test.cpp:3091:    testCreateOfferDestinationDisallowIncoming(FeatureBitset features)
src/test/app/NFToken_test.cpp:3102:            env(fset(alice, asfDisallowIncomingNFTokenOffer));
src/test/app/NFToken_test.cpp:3106:            BEAST_EXPECT(!(flags & lsfDisallowIncomingNFTokenOffer));
src/test/app/NFToken_test.cpp:3129:        env(fset(buyer, asfDisallowIncomingNFTokenOffer));
src/test/app/NFToken_test.cpp:3145:        env(fclear(buyer, asfDisallowIncomingNFTokenOffer));
src/test/app/NFToken_test.cpp:3172:            env(fset(buyer, asfDisallowIncomingNFTokenOffer));
src/test/app/NFToken_test.cpp:3178:            env(fclear(buyer, asfDisallowIncomingNFTokenOffer));
src/test/app/NFToken_test.cpp:3192:            env(token::acceptSellOffer(buyer, offerIndex));
src/test/app/NFToken_test.cpp:3199:        env(fset(buyer, asfDisallowIncomingNFTokenOffer));
src/test/app/NFToken_test.cpp:3222:            env(fset(buyer, asfDisallowIncomingNFTokenOffer));
src/test/app/NFToken_test.cpp:3231:            env(fclear(buyer, asfDisallowIncomingNFTokenOffer));
src/test/app/NFToken_test.cpp:3382:            env(token::acceptSellOffer(buyer, offer0));
src/test/app/NFToken_test.cpp:3395:            env(token::acceptSellOffer(buyer, offer1), ter(tecEXPIRED));
src/test/app/NFToken_test.cpp:3404:                env(token::acceptSellOffer(issuer, offer1),
src/test/app/NFToken_test.cpp:3411:                env(token::acceptSellOffer(issuer, offer1), ter(tecEXPIRED));
src/test/app/NFToken_test.cpp:3442:            env(token::acceptSellOffer(minter, offerSellBack));
src/test/app/NFToken_test.cpp:3474:            env(token::acceptBuyOffer(minter, offer0));
src/test/app/NFToken_test.cpp:3485:            env(token::acceptBuyOffer(minter, offer1), ter(tecEXPIRED));
src/test/app/NFToken_test.cpp:3494:                env(token::acceptBuyOffer(issuer, offer1),
src/test/app/NFToken_test.cpp:3501:                env(token::acceptBuyOffer(issuer, offer1), ter(tecEXPIRED));
src/test/app/NFToken_test.cpp:3532:            env(token::acceptSellOffer(minter, offerSellBack));
src/test/app/NFToken_test.cpp:3539:        // Show that in brokered mode:
src/test/app/NFToken_test.cpp:3578:            // An unexpired offer can be brokered.
src/test/app/NFToken_test.cpp:3579:            env(token::brokerOffers(issuer, buyOffer0, sellOffer0));
src/test/app/NFToken_test.cpp:3590:            // If the sell offer is expired it cannot be brokered.
src/test/app/NFToken_test.cpp:3591:            env(token::brokerOffers(issuer, buyOffer1, sellOffer1),
src/test/app/NFToken_test.cpp:3634:            env(token::acceptSellOffer(minter, offerSellBack));
src/test/app/NFToken_test.cpp:3641:        // Show that in brokered mode:
src/test/app/NFToken_test.cpp:3676:            // An unexpired offer can be brokered.
src/test/app/NFToken_test.cpp:3677:            env(token::brokerOffers(issuer, buyOffer0, sellOffer0));
src/test/app/NFToken_test.cpp:3687:            env(token::brokerOffers(issuer, buyOffer1, sellOffer1),
src/test/app/NFToken_test.cpp:3694:                // After amendment: expired offers were deleted during broker
src/test/app/NFToken_test.cpp:3723:            env(token::acceptSellOffer(minter, offerSellBack));
src/test/app/NFToken_test.cpp:3729:        // Show that in brokered mode:
src/test/app/NFToken_test.cpp:3767:            // Unexpired offers can be brokered.
src/test/app/NFToken_test.cpp:3768:            env(token::brokerOffers(issuer, buyOffer0, sellOffer0));
src/test/app/NFToken_test.cpp:3778:            env(token::brokerOffers(issuer, buyOffer1, sellOffer1),
src/test/app/NFToken_test.cpp:3805:            env(token::acceptSellOffer(minter, offerSellBack));
src/test/app/NFToken_test.cpp:4070:            Account const broker{"broker"};
src/test/app/NFToken_test.cpp:4074:            env.fund(XRP(1000), issuer, minter, buyer, broker, gw);
src/test/app/NFToken_test.cpp:4080:            env(trust(broker, gwXAU(2000)));
src/test/app/NFToken_test.cpp:4125:                checkOwnerCountIsOne({issuer, minter, buyer, broker}, __LINE__);
src/test/app/NFToken_test.cpp:4146:                auto const brokerBalance = env.balance(broker);
src/test/app/NFToken_test.cpp:4149:                // Broker charges no brokerFee.
src/test/app/NFToken_test.cpp:4150:                env(token::brokerOffers(
src/test/app/NFToken_test.cpp:4151:                    broker, buyOfferIndex, minterOfferIndex));
src/test/app/NFToken_test.cpp:4158:                BEAST_EXPECT(env.balance(broker) == brokerBalance - baseFee);
src/test/app/NFToken_test.cpp:4172:                checkOwnerCountIsOne({issuer, minter, buyer, broker}, __LINE__);
src/test/app/NFToken_test.cpp:4191:                // Broker attempts to charge a 1.1 XRP brokerFee and fails.
src/test/app/NFToken_test.cpp:4192:                env(token::brokerOffers(
src/test/app/NFToken_test.cpp:4193:                        broker, buyOfferIndex, minterOfferIndex),
src/test/app/NFToken_test.cpp:4194:                    token::brokerFee(XRP(1.1)),
src/test/app/NFToken_test.cpp:4200:                auto const brokerBalance = env.balance(broker);
src/test/app/NFToken_test.cpp:4203:                // Broker charges a 0.5 XRP brokerFee.
src/test/app/NFToken_test.cpp:4204:                env(token::brokerOffers(
src/test/app/NFToken_test.cpp:4205:                        broker, buyOfferIndex, minterOfferIndex),
src/test/app/NFToken_test.cpp:4206:                    token::brokerFee(XRP(0.5)));
src/test/app/NFToken_test.cpp:4214:                    env.balance(broker) == brokerBalance + XRP(0.5) - baseFee);
src/test/app/NFToken_test.cpp:4228:                checkOwnerCountIsOne({issuer, minter, buyer, broker}, __LINE__);
src/test/app/NFToken_test.cpp:4249:                auto const brokerBalance = env.balance(broker);
src/test/app/NFToken_test.cpp:4252:                // Broker charges no brokerFee.
src/test/app/NFToken_test.cpp:4253:                env(token::brokerOffers(
src/test/app/NFToken_test.cpp:4254:                    broker, buyOfferIndex, minterOfferIndex));
src/test/app/NFToken_test.cpp:4261:                BEAST_EXPECT(env.balance(broker) == brokerBalance - baseFee);
src/test/app/NFToken_test.cpp:4275:                checkOwnerCountIsOne({issuer, minter, buyer, broker}, __LINE__);
src/test/app/NFToken_test.cpp:4296:                auto const brokerBalance = env.balance(broker);
src/test/app/NFToken_test.cpp:4299:                // Broker charges a 0.75 XRP brokerFee.
src/test/app/NFToken_test.cpp:4300:                env(token::brokerOffers(
src/test/app/NFToken_test.cpp:4301:                        broker, buyOfferIndex, minterOfferIndex),
src/test/app/NFToken_test.cpp:4302:                    token::brokerFee(XRP(0.75)));
src/test/app/NFToken_test.cpp:4306:                // left _after_ broker takes their fee.  minter gets the
src/test/app/NFToken_test.cpp:4307:                // remainder after both broker and minter take their cuts
src/test/app/NFToken_test.cpp:4311:                    env.balance(broker) == brokerBalance + XRP(0.75) - baseFee);
src/test/app/NFToken_test.cpp:4354:                checkOwnerCountIsOne({issuer, minter, buyer, broker}, __LINE__);
src/test/app/NFToken_test.cpp:4355:                setXAUBalance({issuer, minter, buyer, broker}, 1000, __LINE__);
src/test/app/NFToken_test.cpp:4375:                    // broker attempts to broker the offers but cannot.
src/test/app/NFToken_test.cpp:4376:                    env(token::brokerOffers(
src/test/app/NFToken_test.cpp:4377:                            broker, buyOfferIndex, minterOfferIndex),
src/test/app/NFToken_test.cpp:4395:                    // broker attempts to broker the offers but cannot.
src/test/app/NFToken_test.cpp:4396:                    env(token::brokerOffers(
src/test/app/NFToken_test.cpp:4397:                            broker, buyOfferIndex, minterOfferIndex),
src/test/app/NFToken_test.cpp:4414:                // Broker attempts to charge a brokerFee but cannot.
src/test/app/NFToken_test.cpp:4415:                env(token::brokerOffers(
src/test/app/NFToken_test.cpp:4416:                        broker, buyOfferIndex, minterOfferIndex),
src/test/app/NFToken_test.cpp:4417:                    token::brokerFee(gwXAU(0.1)),
src/test/app/NFToken_test.cpp:4421:                // broker charges no brokerFee and succeeds.
src/test/app/NFToken_test.cpp:4422:                env(token::brokerOffers(
src/test/app/NFToken_test.cpp:4423:                    broker, buyOfferIndex, minterOfferIndex));
src/test/app/NFToken_test.cpp:4429:                BEAST_EXPECT(ownerCount(env, broker) == 1);
src/test/app/NFToken_test.cpp:4433:                BEAST_EXPECT(env.balance(broker, gwXAU) == gwXAU(1000));
src/test/app/NFToken_test.cpp:4441:            // There are both transfer and broker fees.
src/test/app/NFToken_test.cpp:4443:                checkOwnerCountIsOne({issuer, minter, buyer, broker}, __LINE__);
src/test/app/NFToken_test.cpp:4444:                setXAUBalance({issuer, minter, buyer, broker}, 1000, __LINE__);
src/test/app/NFToken_test.cpp:4463:                    // broker attempts to broker the offers but cannot.
src/test/app/NFToken_test.cpp:4464:                    env(token::brokerOffers(
src/test/app/NFToken_test.cpp:4465:                            broker, buyOfferIndex, minterOfferIndex),
src/test/app/NFToken_test.cpp:4483:                    // broker attempts to broker the offers but cannot.
src/test/app/NFToken_test.cpp:4484:                    env(token::brokerOffers(
src/test/app/NFToken_test.cpp:4485:                            broker, buyOfferIndex, minterOfferIndex),
src/test/app/NFToken_test.cpp:4501:                // Broker attempts to charge a brokerFee larger than the
src/test/app/NFToken_test.cpp:4503:                env(token::brokerOffers(
src/test/app/NFToken_test.cpp:4504:                        broker, buyOfferIndex, minterOfferIndex),
src/test/app/NFToken_test.cpp:4505:                    token::brokerFee(gwXAU(101)),
src/test/app/NFToken_test.cpp:4509:                // broker charges the full difference between the two offers and
src/test/app/NFToken_test.cpp:4511:                env(token::brokerOffers(
src/test/app/NFToken_test.cpp:4512:                        broker, buyOfferIndex, minterOfferIndex),
src/test/app/NFToken_test.cpp:4513:                    token::brokerFee(gwXAU(100)));
src/test/app/NFToken_test.cpp:4519:                BEAST_EXPECT(ownerCount(env, broker) == 1);
src/test/app/NFToken_test.cpp:4523:                BEAST_EXPECT(env.balance(broker, gwXAU) == gwXAU(1100));
src/test/app/NFToken_test.cpp:4530:            // There are both transfer and broker fees, but broker takes less
src/test/app/NFToken_test.cpp:4533:                checkOwnerCountIsOne({issuer, minter, buyer, broker}, __LINE__);
src/test/app/NFToken_test.cpp:4534:                setXAUBalance({issuer, minter, buyer, broker}, 1000, __LINE__);
src/test/app/NFToken_test.cpp:4552:                // broker charges half difference between the two offers and
src/test/app/NFToken_test.cpp:4555:                env(token::brokerOffers(
src/test/app/NFToken_test.cpp:4556:                        broker, buyOfferIndex, minterOfferIndex),
src/test/app/NFToken_test.cpp:4557:                    token::brokerFee(gwXAU(50)));
src/test/app/NFToken_test.cpp:4563:                BEAST_EXPECT(ownerCount(env, broker) == 1);
src/test/app/NFToken_test.cpp:4567:                BEAST_EXPECT(env.balance(broker, gwXAU) == gwXAU(1050));
src/test/app/NFToken_test.cpp:4575:                checkOwnerCountIsOne({issuer, minter, buyer, broker}, __LINE__);
src/test/app/NFToken_test.cpp:4577:                setXAUBalance({broker}, 500, __LINE__);
src/test/app/NFToken_test.cpp:4596:                    env(token::brokerOffers(
src/test/app/NFToken_test.cpp:4597:                            broker, buyOfferIndex, minterOfferIndex),
src/test/app/NFToken_test.cpp:4598:                        token::brokerFee(gwXAU(50)));
src/test/app/NFToken_test.cpp:4603:                    BEAST_EXPECT(ownerCount(env, broker) == 1);
src/test/app/NFToken_test.cpp:4607:                    BEAST_EXPECT(env.balance(broker, gwXAU) == gwXAU(550));
src/test/app/NFToken_test.cpp:4615:                    env(token::brokerOffers(
src/test/app/NFToken_test.cpp:4616:                            broker, buyOfferIndex, minterOfferIndex),
src/test/app/NFToken_test.cpp:4617:                        token::brokerFee(gwXAU(50)),
src/test/app/NFToken_test.cpp:4623:                    BEAST_EXPECT(ownerCount(env, broker) == 1);
src/test/app/NFToken_test.cpp:4627:                    BEAST_EXPECT(env.balance(broker, gwXAU) == gwXAU(500));
src/test/app/NFToken_test.cpp:4673:        auto nftBuyOfferCount = [&env](uint256 const& nftId) -> std::size_t {
src/test/app/NFToken_test.cpp:4689:        BEAST_EXPECT(nftBuyOfferCount(nftId) == 2);
src/test/app/NFToken_test.cpp:4692:        env(token::acceptBuyOffer(issuer, buyer1OfferIndex));
src/test/app/NFToken_test.cpp:4702:        BEAST_EXPECT(nftBuyOfferCount(nftId) == 1);
src/test/app/NFToken_test.cpp:4706:        env(token::acceptBuyOffer(buyer1, buyer2OfferIndex));
src/test/app/NFToken_test.cpp:4715:        BEAST_EXPECT(nftBuyOfferCount(nftId) == 0);
src/test/app/NFToken_test.cpp:4784:        // NFTokenAcceptOffer.  issuer accepts buyer's offer.
src/test/app/NFToken_test.cpp:4785:        env(token::acceptBuyOffer(issuer, offerIndex1),
src/test/app/NFToken_test.cpp:4867:        env(token::acceptBuyOffer(minter, carlaOfferIndex));
src/test/app/NFToken_test.cpp:5050:        auto makeSellOffers =
src/test/app/NFToken_test.cpp:5066:        makeSellOffers(XRP(1));
src/test/app/NFToken_test.cpp:5070:        makeSellOffers(XRP(250));
src/test/app/NFToken_test.cpp:5074:        makeSellOffers(XRP(251));
src/test/app/NFToken_test.cpp:5078:        makeSellOffers(XRP(500));
src/test/app/NFToken_test.cpp:5082:        makeSellOffers(XRP(501));
src/test/app/NFToken_test.cpp:5090:        auto makeBuyOffers =
src/test/app/NFToken_test.cpp:5106:        makeBuyOffers(XRP(1));
src/test/app/NFToken_test.cpp:5110:        makeBuyOffers(XRP(250));
src/test/app/NFToken_test.cpp:5114:        makeBuyOffers(XRP(251));
src/test/app/NFToken_test.cpp:5118:        makeBuyOffers(XRP(500));
src/test/app/NFToken_test.cpp:5122:        makeBuyOffers(XRP(501));
src/test/app/NFToken_test.cpp:5219:                env(token::acceptSellOffer(buyer, sellNegXrpOfferIndex),
src/test/app/NFToken_test.cpp:5222:                env(token::acceptSellOffer(buyer, sellNegIouOfferIndex),
src/test/app/NFToken_test.cpp:5227:                env(token::acceptBuyOffer(issuer, buyNegXrpOfferIndex),
src/test/app/NFToken_test.cpp:5230:                env(token::acceptBuyOffer(issuer, buyNegIouOfferIndex),
src/test/app/NFToken_test.cpp:5244:                env(token::brokerOffers(
src/test/app/NFToken_test.cpp:5248:                env(token::brokerOffers(
src/test/app/NFToken_test.cpp:5316:            env(token::acceptSellOffer(buyer, sellNegXrpOfferIndex),
src/test/app/NFToken_test.cpp:5319:            env(token::acceptSellOffer(buyer, sellNegIouOfferIndex),
src/test/app/NFToken_test.cpp:5324:            env(token::acceptBuyOffer(issuer, buyNegXrpOfferIndex),
src/test/app/NFToken_test.cpp:5327:            env(token::acceptBuyOffer(issuer, buyNegIouOfferIndex),
src/test/app/NFToken_test.cpp:5332:            env(token::brokerOffers(
src/test/app/NFToken_test.cpp:5336:            env(token::brokerOffers(
src/test/app/NFToken_test.cpp:5387:            Account const broker{"broker"};
src/test/app/NFToken_test.cpp:5391:            env.fund(XRP(1000), gw, minter, secondarySeller, buyer, broker);
src/test/app/NFToken_test.cpp:5396:            env(trust(broker, gwXAU(10000)));
src/test/app/NFToken_test.cpp:5410:                                       &broker,
src/test/app/NFToken_test.cpp:5424:                BEAST_EXPECT(env.balance(broker, gwXAU) == gwXAU(5000));
src/test/app/NFToken_test.cpp:5425:                BEAST_EXPECT(env.balance(broker, gwXPB) == gwXPB(0));
src/test/app/NFToken_test.cpp:5434:                BEAST_EXPECT(env.balance(gw, broker["XAU"]) == gwXAU(-5000));
src/test/app/NFToken_test.cpp:5435:                BEAST_EXPECT(env.balance(gw, broker["XPB"]) == gwXPB(0));
src/test/app/NFToken_test.cpp:5443:                                                  &broker,
src/test/app/NFToken_test.cpp:5467:                auto brokerDiff = gwXAU(5000) - env.balance(broker, gwXAU);
src/test/app/NFToken_test.cpp:5468:                if (brokerDiff > gwXAU(0))
src/test/app/NFToken_test.cpp:5469:                    env(pay(gw, broker, brokerDiff));
src/test/app/NFToken_test.cpp:5470:                else if (brokerDiff < gwXAU(0))
src/test/app/NFToken_test.cpp:5472:                    brokerDiff.negate();
src/test/app/NFToken_test.cpp:5473:                    env(pay(broker, gw, brokerDiff));
src/test/app/NFToken_test.cpp:5475:                if (env.balance(broker, gwXPB) > gwXPB(0))
src/test/app/NFToken_test.cpp:5476:                    env(pay(broker, gw, env.balance(broker, gwXPB)));
src/test/app/NFToken_test.cpp:5491:            auto createBuyOffer =
src/test/app/NFToken_test.cpp:5508:            auto createSellOffer =
src/test/app/NFToken_test.cpp:5530:                    createSellOffer(minter, nftID, gwXAU(1000));
src/test/app/NFToken_test.cpp:5534:                env(token::acceptSellOffer(buyer, offerID), ter(sellTER));
src/test/app/NFToken_test.cpp:5554:                    createBuyOffer(buyer, minter, nftID, gwXAU(1000));
src/test/app/NFToken_test.cpp:5558:                env(token::acceptBuyOffer(minter, offerID), ter(sellTER));
src/test/app/NFToken_test.cpp:5578:                auto const offerID = createSellOffer(minter, nftID, gwXAU(995));
src/test/app/NFToken_test.cpp:5582:                env(token::acceptSellOffer(buyer, offerID), ter(sellTER));
src/test/app/NFToken_test.cpp:5602:                    createBuyOffer(buyer, minter, nftID, gwXAU(995));
src/test/app/NFToken_test.cpp:5606:                env(token::acceptBuyOffer(minter, offerID), ter(sellTER));
src/test/app/NFToken_test.cpp:5626:                auto const offerID = createSellOffer(minter, nftID, gwXAU(900));
src/test/app/NFToken_test.cpp:5627:                env(token::acceptSellOffer(buyer, offerID));
src/test/app/NFToken_test.cpp:5643:                    createBuyOffer(buyer, minter, nftID, gwXAU(900));
src/test/app/NFToken_test.cpp:5644:                env(token::acceptBuyOffer(minter, offerID));
src/test/app/NFToken_test.cpp:5665:                    createSellOffer(minter, nftID, gwXAU(1000));
src/test/app/NFToken_test.cpp:5666:                env(token::acceptSellOffer(buyer, offerID));
src/test/app/NFToken_test.cpp:5687:                    createBuyOffer(buyer, minter, nftID, gwXAU(1000));
src/test/app/NFToken_test.cpp:5688:                env(token::acceptBuyOffer(minter, offerID));
src/test/app/NFToken_test.cpp:5703:                    createSellOffer(minter, nftID, gwXAU(1000));
src/test/app/NFToken_test.cpp:5707:                env(token::acceptSellOffer(gw, offerID), ter(sellTER));
src/test/app/NFToken_test.cpp:5729:                    createBuyOffer(gw, minter, nftID, gwXAU(1000), {offerTER});
src/test/app/NFToken_test.cpp:5733:                env(token::acceptBuyOffer(minter, offerID), ter(sellTER));
src/test/app/NFToken_test.cpp:5751:                    createSellOffer(minter, nftID, gwXAU(5000));
src/test/app/NFToken_test.cpp:5755:                env(token::acceptSellOffer(gw, offerID), ter(sellTER));
src/test/app/NFToken_test.cpp:5777:                    createBuyOffer(gw, minter, nftID, gwXAU(5000), {offerTER});
src/test/app/NFToken_test.cpp:5781:                env(token::acceptBuyOffer(minter, offerID), ter(sellTER));
src/test/app/NFToken_test.cpp:5799:                auto const offerID = createSellOffer(gw, nftID, gwXAU(1000));
src/test/app/NFToken_test.cpp:5800:                env(token::acceptSellOffer(buyer, offerID));
src/test/app/NFToken_test.cpp:5814:                    createBuyOffer(buyer, gw, nftID, gwXAU(1000));
src/test/app/NFToken_test.cpp:5815:                env(token::acceptBuyOffer(gw, offerID));
src/test/app/NFToken_test.cpp:5827:                auto const offerID = createSellOffer(gw, nftID, gwXAU(2000));
src/test/app/NFToken_test.cpp:5828:                env(token::acceptSellOffer(buyer, offerID),
src/test/app/NFToken_test.cpp:5840:                    createBuyOffer(buyer, gw, nftID, gwXAU(2000));
src/test/app/NFToken_test.cpp:5841:                env(token::acceptBuyOffer(gw, offerID),
src/test/app/NFToken_test.cpp:5851:                auto const offerID = createSellOffer(minter, nftID, gwXPB(10));
src/test/app/NFToken_test.cpp:5852:                env(token::acceptSellOffer(buyer, offerID),
src/test/app/NFToken_test.cpp:5862:                auto const offerID = createBuyOffer(
src/test/app/NFToken_test.cpp:5868:                env(token::acceptBuyOffer(minter, offerID),
src/test/app/NFToken_test.cpp:5882:                auto const offerID = createSellOffer(minter, nftID, gwXPB(10));
src/test/app/NFToken_test.cpp:5883:                env(token::acceptSellOffer(buyer, offerID));
src/test/app/NFToken_test.cpp:5901:                    createBuyOffer(buyer, minter, nftID, gwXPB(10));
src/test/app/NFToken_test.cpp:5902:                env(token::acceptBuyOffer(minter, offerID));
src/test/app/NFToken_test.cpp:5919:                    createSellOffer(minter, nftID, XRP(0));
src/test/app/NFToken_test.cpp:5920:                env(token::acceptSellOffer(secondarySeller, primaryOfferID));
src/test/app/NFToken_test.cpp:5925:                    createSellOffer(secondarySeller, nftID, gwXAU(1000));
src/test/app/NFToken_test.cpp:5929:                env(token::acceptSellOffer(buyer, offerID), ter(sellTER));
src/test/app/NFToken_test.cpp:5955:                    createSellOffer(minter, nftID, XRP(0));
src/test/app/NFToken_test.cpp:5956:                env(token::acceptSellOffer(secondarySeller, primaryOfferID));
src/test/app/NFToken_test.cpp:5961:                    createBuyOffer(buyer, secondarySeller, nftID, gwXAU(1000));
src/test/app/NFToken_test.cpp:5965:                env(token::acceptBuyOffer(secondarySeller, offerID),
src/test/app/NFToken_test.cpp:5992:                    createSellOffer(minter, nftID, XRP(0));
src/test/app/NFToken_test.cpp:5993:                env(token::acceptSellOffer(secondarySeller, primaryOfferID));
src/test/app/NFToken_test.cpp:5998:                    createSellOffer(secondarySeller, nftID, gwXAU(900));
src/test/app/NFToken_test.cpp:5999:                env(token::acceptSellOffer(buyer, offerID));
src/test/app/NFToken_test.cpp:6019:                    createSellOffer(minter, nftID, XRP(0));
src/test/app/NFToken_test.cpp:6020:                env(token::acceptSellOffer(secondarySeller, primaryOfferID));
src/test/app/NFToken_test.cpp:6025:                    createBuyOffer(buyer, secondarySeller, nftID, gwXAU(900));
src/test/app/NFToken_test.cpp:6026:                env(token::acceptBuyOffer(secondarySeller, offerID));
src/test/app/NFToken_test.cpp:6041:                // There is a broker fee on the NFT. XAU transfer fee is only
src/test/app/NFToken_test.cpp:6043:                // broker fee.
src/test/app/NFToken_test.cpp:6046:                // broker fee:
src/test/app/NFToken_test.cpp:6052:                // C) Broker receives broker fee (no IOU transfer fee)
src/test/app/NFToken_test.cpp:6060:                    createSellOffer(minter, nftID, gwXAU(300));
src/test/app/NFToken_test.cpp:6062:                    createBuyOffer(buyer, minter, nftID, gwXAU(500));
src/test/app/NFToken_test.cpp:6063:                env(token::brokerOffers(broker, buyOffer, sellOffer),
src/test/app/NFToken_test.cpp:6064:                    token::brokerFee(gwXAU(100)));
src/test/app/NFToken_test.cpp:6069:                BEAST_EXPECT(env.balance(broker, gwXAU) == gwXAU(5100));
src/test/app/NFToken_test.cpp:6072:                BEAST_EXPECT(env.balance(gw, broker["XAU"]) == gwXAU(-5100));
src/test/app/NFToken_test.cpp:6075:                // There is broker and transfer fee on the NFT
src/test/app/NFToken_test.cpp:6078:                // transfer fee, and 100 broker fee:
src/test/app/NFToken_test.cpp:6084:                // C) Broker receives broker fee (no IOU transfer fee)
src/test/app/NFToken_test.cpp:6096:                    createSellOffer(minter, nftID, XRP(0));
src/test/app/NFToken_test.cpp:6097:                env(token::acceptSellOffer(secondarySeller, primaryOfferID));
src/test/app/NFToken_test.cpp:6102:                    createSellOffer(secondarySeller, nftID, gwXAU(300));
src/test/app/NFToken_test.cpp:6104:                    createBuyOffer(buyer, secondarySeller, nftID, gwXAU(500));
src/test/app/NFToken_test.cpp:6105:                env(token::brokerOffers(broker, buyOffer, sellOffer),
src/test/app/NFToken_test.cpp:6106:                    token::brokerFee(gwXAU(100)));
src/test/app/NFToken_test.cpp:6112:                BEAST_EXPECT(env.balance(broker, gwXAU) == gwXAU(5100));
src/test/app/NFToken_test.cpp:6117:                BEAST_EXPECT(env.balance(gw, broker["XAU"]) == gwXAU(-5100));
src/test/app/NFToken_test.cpp:6131:        // Then someone could broker the two offers.  This would result in
src/test/app/NFToken_test.cpp:6133:        // the broker pocketing the profit.
src/test/app/NFToken_test.cpp:6143:        Account const broker{"broker"};
src/test/app/NFToken_test.cpp:6147:        env.fund(XRP(10000), alice, bob, broker);
src/test/app/NFToken_test.cpp:6165:        //     a broker can sell the NFT that bob owns to bob and pocket the
src/test/app/NFToken_test.cpp:6173:        uint256 const bobBuyOfferIndex =
src/test/app/NFToken_test.cpp:6177:        uint256 const aliceSellOfferIndex =
src/test/app/NFToken_test.cpp:6185:        env(token::acceptSellOffer(bob, aliceSellOfferIndex));
src/test/app/NFToken_test.cpp:6189:        BEAST_EXPECT(env.le(keylet::nftoffer(bobBuyOfferIndex)));
src/test/app/NFToken_test.cpp:6192:        uint256 const bobSellOfferIndex =
src/test/app/NFToken_test.cpp:6197:        // bob now has a buy offer and a sell offer on the books.  A broker
src/test/app/NFToken_test.cpp:6201:        auto const brokersPriorBalance = env.balance(broker);
src/test/app/NFToken_test.cpp:6205:        env(token::brokerOffers(broker, bobBuyOfferIndex, bobSellOfferIndex),
src/test/app/NFToken_test.cpp:6206:            token::brokerFee(XRP(1)),
src/test/app/NFToken_test.cpp:6213:            // broker should be almost XRP(1) richer because they also paid a
src/test/app/NFToken_test.cpp:6218:                env.balance(broker) == brokersPriorBalance + XRP(1) - baseFee);
src/test/app/NFToken_test.cpp:6223:            // than the broker burning their transaction fee.
src/test/app/NFToken_test.cpp:6226:            BEAST_EXPECT(env.balance(broker) == brokersPriorBalance - baseFee);
src/test/app/NFToken_test.cpp:7010:        // NFTokenAcceptOffer.
src/test/app/NFToken_test.cpp:7026:        Account const broker{"broker"};
src/test/app/NFToken_test.cpp:7029:        env.fund(XRP(10000), alice, bob, broker);
src/test/app/NFToken_test.cpp:7033:        // changed in the most recent NFTokenMint or NFTokenAcceptOffer
src/test/app/NFToken_test.cpp:7159:            auto const bobBuyOfferIndex =
src/test/app/NFToken_test.cpp:7163:            verifyNFTokenOfferID(bobBuyOfferIndex);
src/test/app/NFToken_test.cpp:7166:            // Verify the NFTokenID is correct in the NFTokenAcceptOffer tx meta
src/test/app/NFToken_test.cpp:7167:            env(token::acceptBuyOffer(alice, bobBuyOfferIndex));
src/test/app/NFToken_test.cpp:7172:        // Check `nftoken_ids` in brokered mode
src/test/app/NFToken_test.cpp:7181:            // Alice creates sell offer and set broker as destination
src/test/app/NFToken_test.cpp:7185:                token::destination(broker),
src/test/app/NFToken_test.cpp:7197:            // Check NFTokenID meta for NFTokenAcceptOffer in brokered mode
src/test/app/NFToken_test.cpp:7198:            env(token::brokerOffers(
src/test/app/NFToken_test.cpp:7199:                broker, offerBobToBroker, offerAliceToBroker));
src/test/app/NFToken_test.cpp:7255:        auto mintAndCreateSellOffer = [](test::jtx::Env& env,
src/test/app/NFToken_test.cpp:7294:                mintAndCreateSellOffer(env, alice, XRP(0));
src/test/app/NFToken_test.cpp:7304:                env(token::acceptSellOffer(bob, sellOfferIndex));
src/test/app/NFToken_test.cpp:7323:                env(token::acceptSellOffer(bob, sellOfferIndex),
src/test/app/NFToken_test.cpp:7340:                env(token::acceptSellOffer(bob, sellOfferIndex),
src/test/app/NFToken_test.cpp:7350:                env(token::acceptSellOffer(bob, sellOfferIndex));
src/test/app/NFToken_test.cpp:7380:                        mintAndCreateSellOffer(env, alice, XRP(0));
src/test/app/NFToken_test.cpp:7383:                    env(token::acceptSellOffer(bob, sellOfferIndex));
src/test/app/NFToken_test.cpp:7391:                    mintAndCreateSellOffer(env, alice, XRP(0));
src/test/app/NFToken_test.cpp:7395:                env(token::acceptSellOffer(bob, sellOfferIndex1),
src/test/app/NFToken_test.cpp:7406:                env(token::acceptSellOffer(bob, sellOfferIndex1));
src/test/app/NFToken_test.cpp:7417:                        mintAndCreateSellOffer(env, alice, XRP(0));
src/test/app/NFToken_test.cpp:7421:                    env(token::acceptSellOffer(bob, sellOfferIndex));
src/test/app/NFToken_test.cpp:7430:                    mintAndCreateSellOffer(env, alice, XRP(0));
src/test/app/NFToken_test.cpp:7434:                env(token::acceptSellOffer(bob, sellOfferIndex33),
src/test/app/NFToken_test.cpp:7444:                env(token::acceptSellOffer(bob, sellOfferIndex33));
src/test/app/NFToken_test.cpp:7488:            env(token::acceptBuyOffer(alice, buyOfferIndex),
src/test/app/NFToken_test.cpp:7497:            env(token::acceptBuyOffer(alice, buyOfferIndex));
src/test/app/NFToken_test.cpp:7501:        // Test the reserve behavior in brokered mode.
src/test/app/NFToken_test.cpp:7504:        // free NFTokenPages in brokered mode. This is merely an
src/test/app/NFToken_test.cpp:7509:            Account const broker{"broker"};
src/test/app/NFToken_test.cpp:7516:            env.fund(XRP(10000), alice, broker);
src/test/app/NFToken_test.cpp:7530:            // Alice creates sell offer and set broker as destination
src/test/app/NFToken_test.cpp:7534:                token::destination(broker),
src/test/app/NFToken_test.cpp:7544:            // broker offers.
src/test/app/NFToken_test.cpp:7548:            env(token::brokerOffers(
src/test/app/NFToken_test.cpp:7549:                    broker, offerBobToBroker, offerAliceToBroker),
src/test/app/NFToken_test.cpp:7557:            // broker offers.
src/test/app/NFToken_test.cpp:7558:            env(token::brokerOffers(
src/test/app/NFToken_test.cpp:7559:                broker, offerBobToBroker, offerAliceToBroker));
src/test/app/NFToken_test.cpp:7639:                uint256 const beckyBuyOfferIndex1 =
src/test/app/NFToken_test.cpp:7644:                uint256 const beckyBuyOfferIndex2 =
src/test/app/NFToken_test.cpp:7650:                env(token::acceptBuyOffer(issuer, beckyBuyOfferIndex1));
src/test/app/NFToken_test.cpp:7651:                env(token::acceptBuyOffer(issuer, beckyBuyOfferIndex2));
src/test/app/NFToken_test.cpp:7690:            env(token::acceptSellOffer(cheri, beckyAutoTrustOfferIndex));
src/test/app/NFToken_test.cpp:7709:                env(token::acceptSellOffer(cheri, beckyNoAutoTrustOfferIndex),
src/test/app/NFToken_test.cpp:7719:                env(token::acceptSellOffer(cheri, beckyNoAutoTrustOfferIndex));
src/test/app/NFToken_test.cpp:7726:                env(token::acceptSellOffer(cheri, beckyNoAutoTrustOfferIndex));
src/test/app/NFToken_test.cpp:7807:            uint256 const beckyBuyOfferIndex1 =
src/test/app/NFToken_test.cpp:7812:            uint256 const beckyBuyOfferIndex2 =
src/test/app/NFToken_test.cpp:7818:            env(token::acceptBuyOffer(issuer, beckyBuyOfferIndex1));
src/test/app/NFToken_test.cpp:7819:            env(token::acceptBuyOffer(issuer, beckyBuyOfferIndex2));
src/test/app/NFToken_test.cpp:7848:            env(token::acceptSellOffer(cheri, beckyAutoTrustOfferIndex));
src/test/app/NFToken_test.cpp:7873:            env(token::acceptSellOffer(cheri, beckyAutoTrustOfferIndex));
src/test/app/NFToken_test.cpp:7881:            env(token::acceptSellOffer(cheri, beckyNoAutoTrustOfferIndex));
src/test/app/NFToken_test.cpp:8123:            env(token::acceptSellOffer(alice, offerID));
src/test/app/NFToken_test.cpp:8197:        testCreateOfferDestinationDisallowIncoming(features);
src/test/app/NFToken_test.cpp:8260:class NFTokenDisallowIncoming_test : public NFTokenBaseUtil_test
src/test/app/NFToken_test.cpp:8335:BEAST_DEFINE_TESTSUITE_PRIO(NFTokenDisallowIncoming, app, ripple, 2);
src/test/app/Loan_test.cpp:44:            auto const keylet = keylet::loanbroker(alice, env.seq(alice));
src/test/app/Loan_test.cpp:60:            // Actual sequence will be based off the loan broker, but we
src/test/app/Loan_test.cpp:112:        uint256 brokerID;
src/test/app/Loan_test.cpp:117:            Keylet const& brokerKeylet_,
src/test/app/Loan_test.cpp:121:            , brokerID(brokerKeylet_.key)
src/test/app/Loan_test.cpp:128:        brokerKeylet() const
src/test/app/Loan_test.cpp:130:            return keylet::loanbroker(brokerID);
src/test/app/Loan_test.cpp:150:        // The account submitting the transaction. May be borrower or broker.
src/test/app/Loan_test.cpp:152:        // The counterparty. Should be the other of borrower or broker.
src/test/app/Loan_test.cpp:175:        operator()(jtx::Env& env, BrokerInfo const& broker, FN const&... fN)
src/test/app/Loan_test.cpp:183:                broker.brokerID,
src/test/app/Loan_test.cpp:184:                broker.asset(principalRequest).number(),
src/test/app/Loan_test.cpp:194:                loanOriginationFee(broker.asset(*originationFee).number())(
src/test/app/Loan_test.cpp:197:                loanServiceFee(broker.asset(*serviceFee).number())(env, jt);
src/test/app/Loan_test.cpp:199:                latePaymentFee(broker.asset(*lateFee).number())(env, jt);
src/test/app/Loan_test.cpp:201:                closePaymentFee(broker.asset(*closeFee).number())(env, jt);
src/test/app/Loan_test.cpp:255:    /** Helper class to compare the expected state of a loan and loan broker
src/test/app/Loan_test.cpp:262:        BrokerInfo const& broker;
src/test/app/Loan_test.cpp:268:            BrokerInfo const& broker_,
src/test/app/Loan_test.cpp:272:            , broker(broker_)
src/test/app/Loan_test.cpp:278:        /** Checks the expected broker state against the ledger
src/test/app/Loan_test.cpp:290:            if (auto brokerSle = env.le(keylet::loanbroker(broker.brokerID));
src/test/app/Loan_test.cpp:291:                env.test.BEAST_EXPECT(brokerSle))
src/test/app/Loan_test.cpp:294:                    brokerSle->at(sfManagementFeeRate)};
src/test/app/Loan_test.cpp:295:                auto const brokerDebt = brokerSle->at(sfDebtTotal);
src/test/app/Loan_test.cpp:297:                env.test.BEAST_EXPECT(brokerDebt == expectedDebt);
src/test/app/Loan_test.cpp:299:                    env.balance(pseudoAccount, broker.asset).number() ==
src/test/app/Loan_test.cpp:300:                    brokerSle->at(sfCoverAvailable));
src/test/app/Loan_test.cpp:302:                    brokerSle->at(sfOwnerCount) == ownerCount);
src/test/app/Loan_test.cpp:305:                        env.le(keylet::vault(brokerSle->at(sfVaultID)));
src/test/app/Loan_test.cpp:312:                        env.balance(vaultPseudo, broker.asset).number());
src/test/app/Loan_test.cpp:339:                broker.asset,
src/test/app/Loan_test.cpp:341:                    broker.asset, expectedPayment + adjustment, borrowerScale)};
src/test/app/Loan_test.cpp:344:                    env.balance(account, broker.asset) -
src/test/app/Loan_test.cpp:358:        /** Checks both the loan and broker expect states against the ledger */
src/test/app/Loan_test.cpp:404:                if (auto brokerSle =
src/test/app/Loan_test.cpp:405:                        env.le(keylet::loanbroker(broker.brokerID));
src/test/app/Loan_test.cpp:406:                    env.test.BEAST_EXPECT(brokerSle))
src/test/app/Loan_test.cpp:409:                            env.le(keylet::vault(brokerSle->at(sfVaultID)));
src/test/app/Loan_test.cpp:429:        /** Checks both the loan and broker expect states against the ledger */
src/test/app/Loan_test.cpp:478:        auto const keylet = keylet::loanbroker(lender.id(), env.seq(lender));
src/test/app/Loan_test.cpp:500:        BrokerInfo const& broker,
src/test/app/Loan_test.cpp:533:        BrokerInfo const& broker,
src/test/app/Loan_test.cpp:541:        auto const state = getCurrentState(env, broker, loanKeylet);
src/test/app/Loan_test.cpp:545:        BEAST_EXPECT(state.principalOutstanding == broker.asset(1000).value());
src/test/app/Loan_test.cpp:548:            (broker.asset.integral()
src/test/app/Loan_test.cpp:551:                       broker.vaultScale(env),
src/test/app/Loan_test.cpp:559:                    broker.asset,
src/test/app/Loan_test.cpp:566:                broker.asset,
src/test/app/Loan_test.cpp:568:                broker.params.managementFeeRate,
src/test/app/Loan_test.cpp:579:        BrokerInfo const& broker,
src/test/app/Loan_test.cpp:582:        if (auto const brokerSle = env.le(keylet::loanbroker(broker.brokerID));
src/test/app/Loan_test.cpp:583:            BEAST_EXPECT(brokerSle))
src/test/app/Loan_test.cpp:586:                    env.le(keylet::vault(brokerSle->at(sfVaultID)));
src/test/app/Loan_test.cpp:611:        BrokerParameters const& brokerParams,
src/test/app/Loan_test.cpp:629:                    (brokerParams.vaultDeposit + brokerParams.coverDeposit));
src/test/app/Loan_test.cpp:678:        BrokerParameters const& brokerParams,
src/test/app/Loan_test.cpp:688:            createAsset(env, assetType, brokerParams, issuer, lender, borrower);
src/test/app/Loan_test.cpp:695:        auto const feeRate = brokerParams.managementFeeRate;
src/test/app/Loan_test.cpp:703:            asset(brokerParams.vaultDeposit).number().exponent());
src/test/app/Loan_test.cpp:733:        BrokerParameters const& brokerParams,
src/test/app/Loan_test.cpp:753:            env, brokerParams, loanParams, assetType, issuer, lender, borrower);
src/test/app/Loan_test.cpp:757:            createAsset(env, assetType, brokerParams, issuer, lender, borrower);
src/test/app/Loan_test.cpp:764:                asset(brokerParams.vaultDeposit + brokerParams.coverDeposit)));
src/test/app/Loan_test.cpp:768:        BrokerInfo const broker =
src/test/app/Loan_test.cpp:769:            createVaultAndBroker(env, asset, lender, brokerParams);
src/test/app/Loan_test.cpp:772:            auto const brokerSle = env.le(keylet::loanbroker(broker.brokerID));
src/test/app/Loan_test.cpp:773:            if (!BEAST_EXPECT(brokerSle))
src/test/app/Loan_test.cpp:775:            auto const brokerPseudo = brokerSle->at(sfAccount);
src/test/app/Loan_test.cpp:776:            return Account("Broker pseudo-account", brokerPseudo);
src/test/app/Loan_test.cpp:783:            auto const brokerSle = env.le(keylet::loanbroker(broker.brokerID));
src/test/app/Loan_test.cpp:784:            if (!BEAST_EXPECT(brokerSle))
src/test/app/Loan_test.cpp:788:            BEAST_EXPECT(brokerSle->at(sfOwnerCount) == 0);
src/test/app/Loan_test.cpp:792:            auto const loanSequence = brokerSle->at(sfLoanSequence);
src/test/app/Loan_test.cpp:793:            return keylet::loan(broker.brokerID, loanSequence);
src/test/app/Loan_test.cpp:799:        env(loanParams(env, broker));
src/test/app/Loan_test.cpp:803:        return std::make_tuple(broker, loanKeylet, pseudoAcct);
src/test/app/Loan_test.cpp:809:        BrokerInfo const& broker,
src/test/app/Loan_test.cpp:817:        STAmount const serviceFee = broker.asset(servFee.value_or(0));
src/test/app/Loan_test.cpp:821:        auto const borrowerBalance = env.balance(borrower, broker.asset);
src/test/app/Loan_test.cpp:829:            (broker.asset.native() ? Number(
src/test/app/Loan_test.cpp:833:                                   : broker.asset(15).number());
src/test/app/Loan_test.cpp:838:            (broker.asset.native() || issuer != borrower))
src/test/app/Loan_test.cpp:840:                pay((broker.asset.native() ? env.master : issuer),
src/test/app/Loan_test.cpp:842:                    STAmount{broker.asset, shortage}));
src/test/app/Loan_test.cpp:848:        BrokerInfo const& broker,
src/test/app/Loan_test.cpp:865:        auto const currencyLabel = getCurrencyLabel(broker.asset);
src/test/app/Loan_test.cpp:870:        auto state = getCurrentState(env, broker, loanKeylet);
src/test/app/Loan_test.cpp:875:            broker.asset(loanParams.serviceFee.value_or(0));
src/test/app/Loan_test.cpp:878:            env, broker, issuer, borrower, state, loanParams.serviceFee);
src/test/app/Loan_test.cpp:891:            broker.asset,
src/test/app/Loan_test.cpp:893:                broker.asset, state.periodicPayment, state.loanScale)};
src/test/app/Loan_test.cpp:919:                broker.params.managementFeeRate);
src/test/app/Loan_test.cpp:948:            ? broker.asset(*paymentParams.overpaymentExtra).value()
src/test/app/Loan_test.cpp:950:                  broker.asset(10).value(),
src/test/app/Loan_test.cpp:951:                  STAmount{broker.asset, totalDue / 20});
src/test/app/Loan_test.cpp:954:            STAmount{broker.asset, totalDue * paymentParams.overpaymentFactor} +
src/test/app/Loan_test.cpp:958:            env.balance(borrower, broker.asset).number();
src/test/app/Loan_test.cpp:972:            broker.params.managementFeeRate);
src/test/app/Loan_test.cpp:979:                 (broker.asset.native() ? Number(baseFee) * totalPaymentsMade
src/test/app/Loan_test.cpp:982:                env.balance(borrower, broker.asset).number() ==
src/test/app/Loan_test.cpp:986:        auto const defaultRound = broker.asset.integral() ? 3 : 0;
src/test/app/Loan_test.cpp:1002:                    broker.asset.raw(),
src/test/app/Loan_test.cpp:1010:                    broker.params.managementFeeRate);
src/test/app/Loan_test.cpp:1028:                broker.params.managementFeeRate);
src/test/app/Loan_test.cpp:1061:                broker.asset, paymentComponents.trackedValueDelta + serviceFee};
src/test/app/Loan_test.cpp:1077:                     ((broker.asset.integral() &&
src/test/app/Loan_test.cpp:1093:                env.balance(borrower, broker.asset);
src/test/app/Loan_test.cpp:1107:                PrettyAmount adjustment = broker.asset(0);
src/test/app/Loan_test.cpp:1108:                if (broker.asset.native())
src/test/app/Loan_test.cpp:1246:        BrokerParameters const& brokerParams,
src/test/app/Loan_test.cpp:1258:            env, assetType, brokerParams, loanParams, issuer, lender, borrower);
src/test/app/Loan_test.cpp:1262:        auto broker = std::get<BrokerInfo>(*loanResult);
src/test/app/Loan_test.cpp:1267:            env, broker, pseudoAcct, loanKeylet);
src/test/app/Loan_test.cpp:1271:            broker,
src/test/app/Loan_test.cpp:1301:        BrokerInfo const& broker,
src/test/app/Loan_test.cpp:1311:            auto const brokerSle = env.le(keylet::loanbroker(broker.brokerID));
src/test/app/Loan_test.cpp:1312:            if (!BEAST_EXPECT(brokerSle))
src/test/app/Loan_test.cpp:1315:                    keylet::loan(broker.brokerID), std::uint32_t(0));
src/test/app/Loan_test.cpp:1318:            BEAST_EXPECT(brokerSle->at(sfOwnerCount) == 0);
src/test/app/Loan_test.cpp:1322:            auto const loanSequence = brokerSle->at(sfLoanSequence);
src/test/app/Loan_test.cpp:1324:                keylet::loan(broker.brokerID, loanSequence), loanSequence);
src/test/app/Loan_test.cpp:1328:            env, broker, pseudoAcct, keylet);
src/test/app/Loan_test.cpp:1388:            broker.asset(loanParams.principalRequest).value();
src/test/app/Loan_test.cpp:1390:            broker.asset(*loanParams.originationFee).value();
src/test/app/Loan_test.cpp:1392:            broker.asset(*loanParams.serviceFee).value();
src/test/app/Loan_test.cpp:1393:        auto const lateFeeAmount = broker.asset(*loanParams.lateFee).value();
src/test/app/Loan_test.cpp:1394:        auto const closeFeeAmount = broker.asset(*loanParams.closeFee).value();
src/test/app/Loan_test.cpp:1396:        auto const borrowerStartbalance = env.balance(borrower, broker.asset);
src/test/app/Loan_test.cpp:1398:        auto createJtx = loanParams(env, broker);
src/test/app/Loan_test.cpp:1407:        if (auto const brokerSle = env.le(keylet::loanbroker(broker.brokerID));
src/test/app/Loan_test.cpp:1408:            BEAST_EXPECT(brokerSle))
src/test/app/Loan_test.cpp:1410:            BEAST_EXPECT(brokerSle->at(sfOwnerCount) == 1);
src/test/app/Loan_test.cpp:1415:            PrettyAmount adjustment = broker.asset(0);
src/test/app/Loan_test.cpp:1416:            if (broker.asset.native())
src/test/app/Loan_test.cpp:1422:                env.balance(borrower, broker.asset).value() ==
src/test/app/Loan_test.cpp:1440:            BEAST_EXPECT(loan->at(sfLoanBrokerID) == broker.brokerID);
src/test/app/Loan_test.cpp:1466:                (broker.asset.integral()
src/test/app/Loan_test.cpp:1469:                           broker.vaultScale(env),
src/test/app/Loan_test.cpp:1475:        auto state = getCurrentState(env, broker, keylet, verifyLoanStatus);
src/test/app/Loan_test.cpp:1478:            broker.asset.raw(),
src/test/app/Loan_test.cpp:1483:            broker.params.managementFeeRate,
src/test/app/Loan_test.cpp:1523:        env(manage(lender, broker.brokerID, tfLoanImpair), ter(tecNO_ENTRY));
src/test/app/Loan_test.cpp:1531:        bool const canImpair = canImpairLoan(env, broker, state);
src/test/app/Loan_test.cpp:1568:            env.balance(borrower, broker.asset);
src/test/app/Loan_test.cpp:1570:        // Try to delete the loan broker with an active loan
src/test/app/Loan_test.cpp:1571:        env(loanBroker::del(lender, broker.brokerID), ter(tecHAS_OBLIGATIONS));
src/test/app/Loan_test.cpp:1573:        // delete our broker!
src/test/app/Loan_test.cpp:1579:        env(del(lender, broker.brokerID), ter(tecNO_ENTRY));
src/test/app/Loan_test.cpp:1589:        PrettyAmount adjustment = broker.asset(0);
src/test/app/Loan_test.cpp:1593:            if (broker.asset.native())
src/test/app/Loan_test.cpp:1603:            env.balance(borrower, broker.asset).value() ==
src/test/app/Loan_test.cpp:1607:        if (auto const brokerSle = env.le(keylet::loanbroker(broker.brokerID));
src/test/app/Loan_test.cpp:1608:            BEAST_EXPECT(brokerSle))
src/test/app/Loan_test.cpp:1610:            BEAST_EXPECT(brokerSle->at(sfOwnerCount) == 0);
src/test/app/Loan_test.cpp:1638:        BrokerInfo const& broker,
src/test/app/Loan_test.cpp:1645:        auto const& asset = broker.asset.raw();
src/test/app/Loan_test.cpp:1662:        // brokers.
src/test/app/Loan_test.cpp:1671:        Number const principalRequest = broker.asset(loanAmount).value();
src/test/app/Loan_test.cpp:1672:        Number const maxCoveredLoanValue = broker.params.maxCoveredLoanValue(0);
src/test/app/Loan_test.cpp:1675:            broker.asset(maxCoveredLoanValue).value();
src/test/app/Loan_test.cpp:1677:            broker.asset(broker.params.vaultDeposit).value();
src/test/app/Loan_test.cpp:1679:            broker.asset(broker.params.debtMax).value();
src/test/app/Loan_test.cpp:1684:            auto const brokerSle = env.le(keylet::loanbroker(broker.brokerID));
src/test/app/Loan_test.cpp:1685:            if (!BEAST_EXPECT(brokerSle))
src/test/app/Loan_test.cpp:1687:            auto const brokerPseudo = brokerSle->at(sfAccount);
src/test/app/Loan_test.cpp:1688:            return Account("Broker pseudo-account", brokerPseudo);
src/test/app/Loan_test.cpp:1696:        env(set(evan, broker.brokerID, principalRequest, tfLoanSetMask),
src/test/app/Loan_test.cpp:1703:        env(set(evan, broker.brokerID, principalRequest),
src/test/app/Loan_test.cpp:1709:        env(set(evan, broker.brokerID, principalRequest),
src/test/app/Loan_test.cpp:1717:        env(set(evan, broker.brokerID, principalRequest),
src/test/app/Loan_test.cpp:1723:        env(set(evan, broker.brokerID, principalRequest),
src/test/app/Loan_test.cpp:1730:        env(set(evan, broker.brokerID, principalRequest),
src/test/app/Loan_test.cpp:1735:        env(set(evan, broker.brokerID, principalRequest),
src/test/app/Loan_test.cpp:1741:        env(set(evan, broker.brokerID, principalRequest),
src/test/app/Loan_test.cpp:1747:        env(set(evan, broker.brokerID, principalRequest),
src/test/app/Loan_test.cpp:1754:        env(set(evan, broker.brokerID, principalRequest),
src/test/app/Loan_test.cpp:1759:        env(set(evan, broker.brokerID, principalRequest),
src/test/app/Loan_test.cpp:1765:        env(set(evan, broker.brokerID, principalRequest),
src/test/app/Loan_test.cpp:1771:        env(set(evan, broker.brokerID, principalRequest),
src/test/app/Loan_test.cpp:1778:        env(set(evan, broker.brokerID, principalRequest),
src/test/app/Loan_test.cpp:1783:        env(set(evan, broker.brokerID, principalRequest),
src/test/app/Loan_test.cpp:1789:        env(set(evan, broker.brokerID, principalRequest),
src/test/app/Loan_test.cpp:1794:        env(set(evan, broker.brokerID, principalRequest),
src/test/app/Loan_test.cpp:1801:        env(set(evan, broker.brokerID, principalRequest),
src/test/app/Loan_test.cpp:1806:        env(set(evan, broker.brokerID, principalRequest),
src/test/app/Loan_test.cpp:1812:        env(set(evan, broker.brokerID, principalRequest),
src/test/app/Loan_test.cpp:1817:        env(set(evan, broker.brokerID, principalRequest),
src/test/app/Loan_test.cpp:1824:        env(set(evan, broker.brokerID, principalRequest),
src/test/app/Loan_test.cpp:1830:        env(set(evan, broker.brokerID, principalRequest),
src/test/app/Loan_test.cpp:1837:        env(set(evan, broker.brokerID, principalRequest),
src/test/app/Loan_test.cpp:1843:        env(set(evan, broker.brokerID, principalRequest),
src/test/app/Loan_test.cpp:1850:        env(set(evan, broker.brokerID, principalRequest),
src/test/app/Loan_test.cpp:1857:        env(set(evan, broker.brokerID, principalRequest),
src/test/app/Loan_test.cpp:1865:        env(set(borrower, broker.brokerID, principalRequest),
src/test/app/Loan_test.cpp:1871:        env(set(borrower, broker.brokerID, principalRequest),
src/test/app/Loan_test.cpp:1878:        env(set(borrower, broker.brokerID, principalRequest),
src/test/app/Loan_test.cpp:1886:        env(set(borrower, broker.brokerID, principalRequest),
src/test/app/Loan_test.cpp:1896:        env(set(borrower, broker.brokerID, principalRequest),
src/test/app/Loan_test.cpp:1902:        // not the broker owner, no counterparty, not signed by broker
src/test/app/Loan_test.cpp:1904:        env(set(borrower, broker.brokerID, principalRequest),
src/test/app/Loan_test.cpp:1908:        // not the broker owner, counterparty is borrower
src/test/app/Loan_test.cpp:1909:        env(set(evan, broker.brokerID, principalRequest),
src/test/app/Loan_test.cpp:1926:        env(set(lender, broker.brokerID, principalRequest),
src/test/app/Loan_test.cpp:1933:        env(set(evan, broker.brokerID, totalVaultRequest + 1),
src/test/app/Loan_test.cpp:1938:        // Request more funds than the broker's first-loss capital can
src/test/app/Loan_test.cpp:1940:        env(set(evan, broker.brokerID, maxCoveredLoanRequest + 1),
src/test/app/Loan_test.cpp:1949:            auto const brokerSle = env.le(keylet::loanbroker(broker.brokerID));
src/test/app/Loan_test.cpp:1950:            if (!BEAST_EXPECT(brokerSle))
src/test/app/Loan_test.cpp:1955:                    env.le(keylet::vault(brokerSle->at(sfVaultID)));
src/test/app/Loan_test.cpp:1972:                if (broker.asset.native())
src/test/app/Loan_test.cpp:1977:                else if (broker.asset.holds<Issue>())
src/test/app/Loan_test.cpp:2024:                    env(set(evan, broker.brokerID, debtMaximumRequest),
src/test/app/Loan_test.cpp:2034:                    // except too it requests more principal than the broker can
src/test/app/Loan_test.cpp:2036:                    env(set(evan, broker.brokerID, debtMaximumRequest + 1),
src/test/app/Loan_test.cpp:2065:                    env(set(evan, broker.brokerID, debtMaximumRequest),
src/test/app/Loan_test.cpp:2075:                    // except too it requests more principal than the broker can
src/test/app/Loan_test.cpp:2077:                    env(set(evan, broker.brokerID, debtMaximumRequest + 1),
src/test/app/Loan_test.cpp:2089:            [&env, this](uint256 const& brokerID, Number const& expected) {
src/test/app/Loan_test.cpp:2090:                if (auto const brokerSle = env.le(keylet::loanbroker(brokerID));
src/test/app/Loan_test.cpp:2091:                    BEAST_EXPECT(brokerSle))
src/test/app/Loan_test.cpp:2093:                    auto const available = brokerSle->at(sfCoverAvailable);
src/test/app/Loan_test.cpp:2101:                                  BrokerInfo const& broker) {
src/test/app/Loan_test.cpp:2102:            if (auto const brokerSle =
src/test/app/Loan_test.cpp:2103:                    env.le(keylet::loanbroker(broker.brokerID));
src/test/app/Loan_test.cpp:2104:                BEAST_EXPECT(brokerSle))
src/test/app/Loan_test.cpp:2108:                    (broker.asset.integral()
src/test/app/Loan_test.cpp:2111:                               broker.vaultScale(env),
src/test/app/Loan_test.cpp:2115:                    broker.asset,
src/test/app/Loan_test.cpp:2119:                                brokerSle->at(sfDebtTotal),
src/test/app/Loan_test.cpp:2120:                                broker.params.coverRateMin),
src/test/app/Loan_test.cpp:2121:                            broker.params.coverRateLiquidation),
src/test/app/Loan_test.cpp:2124:                return std::make_pair(defaultAmount, brokerSle->at(sfOwner));
src/test/app/Loan_test.cpp:2129:                                  BrokerInfo const& broker,
src/test/app/Loan_test.cpp:2130:                                  AccountID const& brokerAcct,
src/test/app/Loan_test.cpp:2134:                broker.brokerID, startingCoverAvailable - amountToBeCovered);
src/test/app/Loan_test.cpp:2136:                brokerAcct,
src/test/app/Loan_test.cpp:2137:                broker.brokerID,
src/test/app/Loan_test.cpp:2138:                STAmount{broker.asset, amountToBeCovered}));
src/test/app/Loan_test.cpp:2139:            coverAvailable(broker.brokerID, startingCoverAvailable);
src/test/app/Loan_test.cpp:2154:                    getCurrentState(env, broker, loanKeylet, verifyLoanStatus);
src/test/app/Loan_test.cpp:2157:                auto const& broker = verifyLoanStatus.broker;
src/test/app/Loan_test.cpp:2159:                    broker.brokerID,
src/test/app/Loan_test.cpp:2160:                    broker.asset(broker.params.coverDeposit).number());
src/test/app/Loan_test.cpp:2165:                    bool const canImpair = canImpairLoan(env, broker, state);
src/test/app/Loan_test.cpp:2194:                auto const [amountToBeCovered, brokerAcct] =
src/test/app/Loan_test.cpp:2195:                    getDefaultInfo(state, broker);
src/test/app/Loan_test.cpp:2204:                    broker,
src/test/app/Loan_test.cpp:2205:                    brokerAcct,
src/test/app/Loan_test.cpp:2223:                env(pay(borrower, loanKeylet.key, broker.asset(300)),
src/test/app/Loan_test.cpp:2242:                    broker.asset(10),
src/test/app/Loan_test.cpp:2245:            // broker.asset(80) is less than a single payment, but all these
src/test/app/Loan_test.cpp:2247:            env(pay(borrower, loanKeylet.key, broker.asset(-80), txFlags),
src/test/app/Loan_test.cpp:2249:            env(pay(borrower, broker.brokerID, broker.asset(80), txFlags),
src/test/app/Loan_test.cpp:2251:            env(pay(evan, loanKeylet.key, broker.asset(80), txFlags),
src/test/app/Loan_test.cpp:2264:                            broker.asset,
src/test/app/Loan_test.cpp:2277:                                broker.asset,
src/test/app/Loan_test.cpp:2293:                    broker.asset(state.periodicPayment * 2),
src/test/app/Loan_test.cpp:2298:                    broker.asset(state.periodicPayment * 2),
src/test/app/Loan_test.cpp:2303:                    broker.asset(state.periodicPayment * 2),
src/test/app/Loan_test.cpp:2308:                    broker.asset(state.periodicPayment * 2),
src/test/app/Loan_test.cpp:2313:                auto const otherAsset = broker.asset.raw() == assets[0].raw()
src/test/app/Loan_test.cpp:2323:                    STAmount{broker.asset, 1},
src/test/app/Loan_test.cpp:2330:                env.balance(borrower, broker.asset);
src/test/app/Loan_test.cpp:2335:            auto const transactionAmount = payoffAmount + broker.asset(10);
src/test/app/Loan_test.cpp:2347:                        broker.asset,
src/test/app/Loan_test.cpp:2363:            PrettyAmount adjustment = broker.asset(0);
src/test/app/Loan_test.cpp:2364:            if (broker.asset.native())
src/test/app/Loan_test.cpp:2399:                    getCurrentState(env, broker, loanKeylet, verifyLoanStatus);
src/test/app/Loan_test.cpp:2419:                    broker.asset, state.principalOutstanding};
src/test/app/Loan_test.cpp:2421:                    broker.asset,
src/test/app/Loan_test.cpp:2426:                    broker.asset(Number(1141552511415525, -19)));
src/test/app/Loan_test.cpp:2428:                    broker.asset, state.principalOutstanding * Number(36, -3)};
src/test/app/Loan_test.cpp:2429:                BEAST_EXPECT(prepaymentPenalty == broker.asset(36));
src/test/app/Loan_test.cpp:2430:                STAmount const closePaymentFee = broker.asset(4);
src/test/app/Loan_test.cpp:2438:                        broker.asset,
src/test/app/Loan_test.cpp:2439:                        broker.asset(Number(1040000114155251, -12)).number(),
src/test/app/Loan_test.cpp:2446:                        (state.periodicPayment + broker.asset(2).value()));
src/test/app/Loan_test.cpp:2467:                    getCurrentState(env, broker, loanKeylet, verifyLoanStatus);
src/test/app/Loan_test.cpp:2471:                    STAmount(broker.asset, state.periodicPayment) ==
src/test/app/Loan_test.cpp:2472:                    broker.asset(Number(8333457002039338267, -17)));
src/test/app/Loan_test.cpp:2480:                        (state.periodicPayment + broker.asset(2).value());
src/test/app/Loan_test.cpp:2481:                    STAmount payoffAmount{broker.asset, rawPayoff};
src/test/app/Loan_test.cpp:2484:                            broker.asset(Number(1024014840244721, -12)),
src/test/app/Loan_test.cpp:2494:                    startingPayments * broker.asset(2).value();
src/test/app/Loan_test.cpp:2496:                    broker.asset, totalPayoffValue};
src/test/app/Loan_test.cpp:2527:            broker,
src/test/app/Loan_test.cpp:2541:            broker,
src/test/app/Loan_test.cpp:2555:            broker,
src/test/app/Loan_test.cpp:2569:            broker,
src/test/app/Loan_test.cpp:2583:            broker,
src/test/app/Loan_test.cpp:2597:            broker,
src/test/app/Loan_test.cpp:2611:            broker,
src/test/app/Loan_test.cpp:2625:            broker,
src/test/app/Loan_test.cpp:2639:            broker,
src/test/app/Loan_test.cpp:2648:                    getCurrentState(env, broker, loanKeylet, verifyLoanStatus);
src/test/app/Loan_test.cpp:2673:                    broker.asset,
src/test/app/Loan_test.cpp:2675:                        broker.asset, state.periodicPayment, state.loanScale)};
src/test/app/Loan_test.cpp:2683:                auto const serviceFee = broker.asset(2);
src/test/app/Loan_test.cpp:2688:                        broker.asset(
src/test/app/Loan_test.cpp:2703:                        broker.asset(
src/test/app/Loan_test.cpp:2713:                        broker.params.managementFeeRate);
src/test/app/Loan_test.cpp:2733:                    STAmount{broker.asset, totalDue} + broker.asset(10);
src/test/app/Loan_test.cpp:2739:                        broker.asset(
src/test/app/Loan_test.cpp:2757:                        broker.params.managementFeeRate);
src/test/app/Loan_test.cpp:2764:                            broker.asset.raw(),
src/test/app/Loan_test.cpp:2772:                            broker.params.managementFeeRate);
src/test/app/Loan_test.cpp:2789:                            broker.params.managementFeeRate);
src/test/app/Loan_test.cpp:2811:                        broker.asset,
src/test/app/Loan_test.cpp:2827:                         ((broker.asset.integral() &&
src/test/app/Loan_test.cpp:2845:                            broker.asset,
src/test/app/Loan_test.cpp:2850:                                broker.asset(
src/test/app/Loan_test.cpp:2874:                        env.balance(borrower, broker.asset);
src/test/app/Loan_test.cpp:2876:                    if (canImpairLoan(env, broker, state))
src/test/app/Loan_test.cpp:2888:                    PrettyAmount adjustment = broker.asset(0);
src/test/app/Loan_test.cpp:2889:                    if (broker.asset.native())
src/test/app/Loan_test.cpp:2969:        LoanPay fails with tecINVARIANT_FAILED  error when loan_broker(also
src/test/app/Loan_test.cpp:2971:        loan with loan broker as borrower, loan origination fee and loan service
src/test/app/Loan_test.cpp:2972:        fee. Loan broker makes the first payment with periodic payment and loan
src/test/app/Loan_test.cpp:3002:            broker,
src/test/app/Loan_test.cpp:3012:                    getCurrentState(env, broker, verifyLoanStatus.keylet);
src/test/app/Loan_test.cpp:3013:                auto const serviceFee = broker.asset(2).value();
src/test/app/Loan_test.cpp:3016:                    broker.asset,
src/test/app/Loan_test.cpp:3018:                        broker.asset,
src/test/app/Loan_test.cpp:3030:                STAmount const bigPayment{broker.asset, totalDue * numPayments};
src/test/app/Loan_test.cpp:3043:                            totalDue + STAmount{broker.asset, 1}));
src/test/app/Loan_test.cpp:3057:            broker,
src/test/app/Loan_test.cpp:3072:            broker,
src/test/app/Loan_test.cpp:3087:            broker,
src/test/app/Loan_test.cpp:3102:            broker,
src/test/app/Loan_test.cpp:3138:                    env(fset(issuer, asfRequireAuth));
src/test/app/Loan_test.cpp:3149:                         (args.requireAuth ? tfMPTRequireAuth : none)});
src/test/app/Loan_test.cpp:3188:                // Create vaults and loan brokers
src/test/app/Loan_test.cpp:3190:                std::vector<BrokerInfo> brokers;
src/test/app/Loan_test.cpp:3191:                brokers.reserve(assets.size());
src/test/app/Loan_test.cpp:3194:                    brokers.emplace_back(
src/test/app/Loan_test.cpp:3199:                    (mptTest)(env, brokers[0], mptt);
src/test/app/Loan_test.cpp:3201:                    (iouTest)(env, brokers[1]);
src/test/app/Loan_test.cpp:3205:            [&, this](Env& env, BrokerInfo const& broker, auto&) {
src/test/app/Loan_test.cpp:3207:                Number const principalRequest = broker.asset(1'000).value();
src/test/app/Loan_test.cpp:3210:                env(set(issuer, broker.brokerID, principalRequest),
src/test/app/Loan_test.cpp:3216:                env(set(lender, broker.brokerID, principalRequest),
src/test/app/Loan_test.cpp:3221:            [&, this](Env& env, BrokerInfo const& broker) {
src/test/app/Loan_test.cpp:3223:                Number const principalRequest = broker.asset(1'000).value();
src/test/app/Loan_test.cpp:3226:                env(set(issuer, broker.brokerID, principalRequest),
src/test/app/Loan_test.cpp:3232:                env(set(lender, broker.brokerID, principalRequest),
src/test/app/Loan_test.cpp:3240:            [&, this](Env& env, BrokerInfo const& broker, auto&) {
src/test/app/Loan_test.cpp:3242:                Number const principalRequest = broker.asset(1'000).value();
src/test/app/Loan_test.cpp:3245:                env(set(borrower, broker.brokerID, principalRequest),
src/test/app/Loan_test.cpp:3252:                env(set(lender, broker.brokerID, principalRequest),
src/test/app/Loan_test.cpp:3258:            [&, this](Env& env, BrokerInfo const& broker) {
src/test/app/Loan_test.cpp:3260:                Number const principalRequest = broker.asset(1'000).value();
src/test/app/Loan_test.cpp:3263:                env(set(borrower, broker.brokerID, principalRequest),
src/test/app/Loan_test.cpp:3270:                env(set(lender, broker.brokerID, principalRequest),
src/test/app/Loan_test.cpp:3288:            [&, this](Env& env, BrokerInfo const& broker, MPTTester& mptt) {
src/test/app/Loan_test.cpp:3290:                Number const principalRequest = broker.asset(1'000).value();
src/test/app/Loan_test.cpp:3310:                env(set(borrower, broker.brokerID, principalRequest),
src/test/app/Loan_test.cpp:3320:                env(set(borrower, broker.brokerID, principalRequest),
src/test/app/Loan_test.cpp:3334:            [&, this](Env& env, BrokerInfo const& broker) {
src/test/app/Loan_test.cpp:3336:                Number const principalRequest = broker.asset(1'000).value();
src/test/app/Loan_test.cpp:3342:                env.trust(broker.asset(0), borrower);
src/test/app/Loan_test.cpp:3345:                env(pay(borrower, issuer, broker.asset(10'000)));
src/test/app/Loan_test.cpp:3348:                    keylet::line(borrower, broker.asset.raw().get<Issue>());
src/test/app/Loan_test.cpp:3358:                env(set(borrower, broker.brokerID, principalRequest),
src/test/app/Loan_test.cpp:3368:                env(set(borrower, broker.brokerID, principalRequest),
src/test/app/Loan_test.cpp:3380:            [&, this](Env& env, BrokerInfo const& broker, MPTTester& mptt) {
src/test/app/Loan_test.cpp:3382:                Number const principalRequest = broker.asset(1'000).value();
src/test/app/Loan_test.cpp:3392:                    lender, issuer, broker.asset(sleMPT1->at(sfMPTAmount))));
src/test/app/Loan_test.cpp:3406:                env(set(borrower, broker.brokerID, principalRequest),
src/test/app/Loan_test.cpp:3407:                    loanOriginationFee(broker.asset(1).value()),
src/test/app/Loan_test.cpp:3417:                env(set(borrower, broker.brokerID, principalRequest),
src/test/app/Loan_test.cpp:3418:                    loanOriginationFee(broker.asset(1).value()),
src/test/app/Loan_test.cpp:3432:            [&, this](Env& env, BrokerInfo const& broker) {
src/test/app/Loan_test.cpp:3434:                Number const principalRequest = broker.asset(1'000).value();
src/test/app/Loan_test.cpp:3440:                env.trust(broker.asset(0), lender);
src/test/app/Loan_test.cpp:3444:                    keylet::line(lender, broker.asset.raw().get<Issue>());
src/test/app/Loan_test.cpp:3451:                        broker.asset(abs(sleLine1->at(sfBalance).value()))));
src/test/app/Loan_test.cpp:3461:                env(set(borrower, broker.brokerID, principalRequest),
src/test/app/Loan_test.cpp:3462:                    loanOriginationFee(broker.asset(1).value()),
src/test/app/Loan_test.cpp:3472:                env(set(borrower, broker.brokerID, principalRequest),
src/test/app/Loan_test.cpp:3473:                    loanOriginationFee(broker.asset(1).value()),
src/test/app/Loan_test.cpp:3485:            [&, this](Env& env, BrokerInfo const& broker, MPTTester& mptt) {
src/test/app/Loan_test.cpp:3487:                Number const principalRequest = broker.asset(1'000).value();
src/test/app/Loan_test.cpp:3495:                    lender, issuer, broker.asset(sleMPT1->at(sfMPTAmount))));
src/test/app/Loan_test.cpp:3505:                env(set(borrower, broker.brokerID, principalRequest),
src/test/app/Loan_test.cpp:3506:                    loanOriginationFee(broker.asset(1).value()),
src/test/app/Loan_test.cpp:3514:                env(set(borrower, broker.brokerID, principalRequest),
src/test/app/Loan_test.cpp:3529:            [&, this](Env& env, BrokerInfo const& broker, auto&) {
src/test/app/Loan_test.cpp:3531:                Number const principalRequest = broker.asset(1'000).value();
src/test/app/Loan_test.cpp:3534:                env(set(borrower, broker.brokerID, principalRequest),
src/test/app/Loan_test.cpp:3539:            [&, this](Env& env, BrokerInfo const& broker) {
src/test/app/Loan_test.cpp:3541:                Number const principalRequest = broker.asset(1'000).value();
src/test/app/Loan_test.cpp:3544:                env(set(borrower, broker.brokerID, principalRequest),
src/test/app/Loan_test.cpp:3552:            [&, this](Env& env, BrokerInfo const& broker, auto&) {
src/test/app/Loan_test.cpp:3554:                Number const principalRequest = broker.asset(1'000).value();
src/test/app/Loan_test.cpp:3557:                env(set(lender, broker.brokerID, principalRequest),
src/test/app/Loan_test.cpp:3562:            [&, this](Env& env, BrokerInfo const& broker) {
src/test/app/Loan_test.cpp:3564:                Number const principalRequest = broker.asset(1'000).value();
src/test/app/Loan_test.cpp:3567:                env(set(lender, broker.brokerID, principalRequest),
src/test/app/Loan_test.cpp:3584:            [&, this](Env& env, BrokerInfo const& broker, auto&) {
src/test/app/Loan_test.cpp:3587:                Number const principalRequest = broker.asset(1'000).value();
src/test/app/Loan_test.cpp:3592:                env(set(borrower, broker.brokerID, principalRequest),
src/test/app/Loan_test.cpp:3597:            [&, this](Env& env, BrokerInfo const& broker) {
src/test/app/Loan_test.cpp:3600:                Number const principalRequest = broker.asset(1'000).value();
src/test/app/Loan_test.cpp:3605:                env(set(borrower, broker.brokerID, principalRequest),
src/test/app/Loan_test.cpp:3613:            [&, this](Env& env, BrokerInfo const& broker, auto&) {
src/test/app/Loan_test.cpp:3616:                Number const principalRequest = broker.asset(1'000).value();
src/test/app/Loan_test.cpp:3621:                env(set(lender, broker.brokerID, principalRequest),
src/test/app/Loan_test.cpp:3626:            [&, this](Env& env, BrokerInfo const& broker) {
src/test/app/Loan_test.cpp:3629:                Number const principalRequest = broker.asset(1'000).value();
src/test/app/Loan_test.cpp:3634:                env(set(lender, broker.brokerID, principalRequest),
src/test/app/Loan_test.cpp:3642:            [&, this](Env& env, BrokerInfo const& broker, auto&) {
src/test/app/Loan_test.cpp:3644:                Number const principalRequest = broker.asset(1'000).value();
src/test/app/Loan_test.cpp:3646:                auto tx = vault.set({.owner = lender, .id = broker.vaultID});
src/test/app/Loan_test.cpp:3652:                env(set(issuer, broker.brokerID, principalRequest),
src/test/app/Loan_test.cpp:3663:            [&, this](Env& env, BrokerInfo const& broker, auto&) {
src/test/app/Loan_test.cpp:3665:                Number const principalRequest = broker.asset(1'000).value();
src/test/app/Loan_test.cpp:3667:                auto tx = vault.set({.owner = lender, .id = broker.vaultID});
src/test/app/Loan_test.cpp:3670:                    broker.asset(1).number();
src/test/app/Loan_test.cpp:3675:                env(set(issuer, broker.brokerID, principalRequest),
src/test/app/Loan_test.cpp:3694:        // Create 3 loan brokers: one for XRP, one for an IOU, and one for
src/test/app/Loan_test.cpp:3700:        // brokers.
src/test/app/Loan_test.cpp:3742:        // Create vaults and loan brokers
src/test/app/Loan_test.cpp:3743:        std::vector<BrokerInfo> brokers;
src/test/app/Loan_test.cpp:3744:        brokers.reserve(assets.size());
src/test/app/Loan_test.cpp:3747:            brokers.emplace_back(createVaultAndBroker(
src/test/app/Loan_test.cpp:3755:        for (auto const& broker : brokers)
src/test/app/Loan_test.cpp:3767:                        broker,
src/test/app/Loan_test.cpp:3773:            if (auto brokerSle = env.le(keylet::loanbroker(broker.brokerID));
src/test/app/Loan_test.cpp:3774:                BEAST_EXPECT(brokerSle))
src/test/app/Loan_test.cpp:3776:                BEAST_EXPECT(brokerSle->at(sfOwnerCount) == 0);
src/test/app/Loan_test.cpp:3777:                BEAST_EXPECT(brokerSle->at(sfDebtTotal) == 0);
src/test/app/Loan_test.cpp:3779:                auto const coverAvailable = brokerSle->at(sfCoverAvailable);
src/test/app/Loan_test.cpp:3782:                    broker.brokerID,
src/test/app/Loan_test.cpp:3783:                    STAmount(broker.asset, coverAvailable)));
src/test/app/Loan_test.cpp:3786:                brokerSle = env.le(keylet::loanbroker(broker.brokerID));
src/test/app/Loan_test.cpp:3787:                BEAST_EXPECT(brokerSle && brokerSle->at(sfCoverAvailable) == 0);
src/test/app/Loan_test.cpp:3789:            // Verify we can delete the loan broker
src/test/app/Loan_test.cpp:3790:            env(loanBroker::del(lender, broker.brokerID));
src/test/app/Loan_test.cpp:3802:        // Create 3 loan brokers: one for XRP, one for an IOU, and one for
src/test/app/Loan_test.cpp:3808:        // brokers.
src/test/app/Loan_test.cpp:3819:        // Create vaults and loan brokers
src/test/app/Loan_test.cpp:3820:        BrokerInfo const broker{createVaultAndBroker(env, xrpAsset, lender)};
src/test/app/Loan_test.cpp:3831:                broker.brokerID,
src/test/app/Loan_test.cpp:3832:                broker.asset(principalRequest).value()),
src/test/app/Loan_test.cpp:3911:            BEAST_EXPECT(loan[sfLoanBrokerID] == to_string(broker.brokerID));
src/test/app/Loan_test.cpp:3937:        env(pay(lender, loanKeylet.key, broker.asset(1000)));
src/test/app/Loan_test.cpp:3958:        BrokerParameters const brokerParams;
src/test/app/Loan_test.cpp:3959:        env.fund(XRP(brokerParams.vaultDeposit * 100), lender, borrower);
src/test/app/Loan_test.cpp:3964:        BrokerInfo const broker{
src/test/app/Loan_test.cpp:3965:            createVaultAndBroker(env, xrpAsset, lender, brokerParams)};
src/test/app/Loan_test.cpp:3973:            set(borrower, broker.brokerID, principalRequest, 0);
src/test/app/Loan_test.cpp:4025:        BrokerParameters const brokerParams{.debtMax = 0};
src/test/app/Loan_test.cpp:4027:            XRP(brokerParams.vaultDeposit * 100), issuer, noripple(lender));
src/test/app/Loan_test.cpp:4032:        BrokerInfo const broker{
src/test/app/Loan_test.cpp:4033:            createVaultAndBroker(env, xrpAsset, lender, brokerParams)};
src/test/app/Loan_test.cpp:4035:        if (auto const brokerSle = env.le(keylet::loanbroker(broker.brokerID));
src/test/app/Loan_test.cpp:4036:            BEAST_EXPECT(brokerSle))
src/test/app/Loan_test.cpp:4038:            BEAST_EXPECT(brokerSle->at(sfDebtMaximum) == 0);
src/test/app/Loan_test.cpp:4047:            set(lender, broker.brokerID, principalRequest), fee(loanSetFee));
src/test/app/Loan_test.cpp:4077:        BrokerParameters const brokerParams;
src/test/app/Loan_test.cpp:4079:            XRP(brokerParams.vaultDeposit * 100), issuer, lender, borrower);
src/test/app/Loan_test.cpp:4083:        BrokerInfo const broker{
src/test/app/Loan_test.cpp:4084:            createVaultAndBroker(env, xrpAsset, lender, brokerParams)};
src/test/app/Loan_test.cpp:4095:            set(borrower, broker.brokerID, principalRequest),
src/test/app/Loan_test.cpp:4109:        auto const brokerStateBefore =
src/test/app/Loan_test.cpp:4110:            env.le(keylet::loanbroker(broker.brokerID));
src/test/app/Loan_test.cpp:4111:        auto const loanSequence = brokerStateBefore->at(sfLoanSequence);
src/test/app/Loan_test.cpp:4112:        auto const keylet = keylet::loan(broker.brokerID, loanSequence);
src/test/app/Loan_test.cpp:4476:        Account const broker("broker");
src/test/app/Loan_test.cpp:4483:            auto getCoverBalance = [&](BrokerInfo const& brokerInfo,
src/test/app/Loan_test.cpp:4486:                        env.le(keylet::loanbroker(brokerInfo.brokerID));
src/test/app/Loan_test.cpp:4502:            env.fund(XRP(20'000), issuer, broker, borrower);
src/test/app/Loan_test.cpp:4505:            env(trust(broker, IOU(20'000'000)));
src/test/app/Loan_test.cpp:4506:            env(pay(issuer, broker, IOU(10'000'000)));
src/test/app/Loan_test.cpp:4509:            auto const brokerInfo = createVaultAndBroker(env, IOU, broker);
src/test/app/Loan_test.cpp:4511:            BEAST_EXPECT(getCoverBalance(brokerInfo, sfAccount) == IOU(1'000));
src/test/app/Loan_test.cpp:4513:            auto const keylet = keylet::loan(brokerInfo.brokerID, 1);
src/test/app/Loan_test.cpp:4515:            env(set(borrower, brokerInfo.brokerID, 10'000),
src/test/app/Loan_test.cpp:4516:                sig(sfCounterpartySignature, broker),
src/test/app/Loan_test.cpp:4535:                        broker["IOU"](0),
src/test/app/Loan_test.cpp:4545:                    // The fee goes to the broker pseudo-account
src/test/app/Loan_test.cpp:4547:                        getCoverBalance(brokerInfo, sfAccount) == IOU(1'100));
src/test/app/Loan_test.cpp:4549:                        getCoverBalance(brokerInfo, sfOwner) == IOU(8'999'000));
src/test/app/Loan_test.cpp:4553:                    // The fee goes to the broker account
src/test/app/Loan_test.cpp:4555:                        getCoverBalance(brokerInfo, sfOwner) == IOU(8'999'100));
src/test/app/Loan_test.cpp:4557:                        getCoverBalance(brokerInfo, sfAccount) == IOU(1'000));
src/test/app/Loan_test.cpp:4584:        BrokerParameters const brokerParams{
src/test/app/Loan_test.cpp:4587:        auto const broker =
src/test/app/Loan_test.cpp:4588:            createVaultAndBroker(env, asset, lender, brokerParams);
src/test/app/Loan_test.cpp:4591:        env(set(borrower, broker.brokerID, 200),
src/test/app/Loan_test.cpp:4600:        auto const loanKeylet = keylet::loan(broker.brokerID, 1);
src/test/app/Loan_test.cpp:4657:        BrokerInfo const brokerInfo{
src/test/app/Loan_test.cpp:4661:        STAmount const debtMaximumRequest = brokerInfo.asset(1'000).value();
src/test/app/Loan_test.cpp:4663:        env(set(borrower, brokerInfo.brokerID, debtMaximumRequest),
src/test/app/Loan_test.cpp:4671:        auto const loanKeylet = keylet::loan(brokerInfo.brokerID, loanSequence);
src/test/app/Loan_test.cpp:4686:            if (auto brokerSle =
src/test/app/Loan_test.cpp:4687:                    env.le(keylet::loanbroker(brokerInfo.brokerID));
src/test/app/Loan_test.cpp:4688:                BEAST_EXPECT(brokerSle))
src/test/app/Loan_test.cpp:4690:                return Account{"pseudo", brokerSle->at(sfAccount)};
src/test/app/Loan_test.cpp:4765:            BrokerInfo const brokerInfo{
src/test/app/Loan_test.cpp:4769:            Number const debtMaximumRequest = brokerInfo.asset(1'000).value();
src/test/app/Loan_test.cpp:4770:            test(env, brokerInfo, loanSetFee, debtMaximumRequest);
src/test/app/Loan_test.cpp:4775:                        BrokerInfo const& brokerInfo,
src/test/app/Loan_test.cpp:4782:                env(set(borrower, brokerInfo.brokerID, debtMaximumRequest),
src/test/app/Loan_test.cpp:4789:                env(set(borrower, brokerInfo.brokerID, debtMaximumRequest),
src/test/app/Loan_test.cpp:4796:                env(set(borrower, brokerInfo.brokerID, debtMaximumRequest),
src/test/app/Loan_test.cpp:4803:            // empty/zero broker ID
src/test/app/Loan_test.cpp:4809:                    // empty broker ID
src/test/app/Loan_test.cpp:4817:                // empty broker ID
src/test/app/Loan_test.cpp:4819:                // zero broker ID
src/test/app/Loan_test.cpp:4830:                set(borrower, brokerInfo.brokerID, debtMaximumRequest),
src/test/app/Loan_test.cpp:4851:                        BrokerInfo const& brokerInfo,
src/test/app/Loan_test.cpp:4859:            env(set(borrower, brokerInfo.brokerID, debtMaximumRequest),
src/test/app/Loan_test.cpp:4867:                        BrokerInfo const& brokerInfo,
src/test/app/Loan_test.cpp:4875:            env(set(borrower, brokerInfo.brokerID, debtMaximumRequest),
src/test/app/Loan_test.cpp:4885:            env(set(borrower, brokerInfo.brokerID, debtMaximumRequest),
src/test/app/Loan_test.cpp:4896:        testcase << "LoanSet trigger ripple::accountSendMPT : minimum amount "
src/test/app/Loan_test.cpp:4920:        BrokerInfo const broker{createVaultAndBroker(env, mptAsset, lender)};
src/test/app/Loan_test.cpp:4928:            set(borrower, broker.brokerID, principalRequest),
src/test/app/Loan_test.cpp:4946:        auto const brokerStateBefore =
src/test/app/Loan_test.cpp:4947:            env.le(keylet::loanbroker(broker.brokerID));
src/test/app/Loan_test.cpp:4985:        BrokerInfo const broker{createVaultAndBroker(env, iouAsset, lender)};
src/test/app/Loan_test.cpp:4994:            set(borrower, broker.brokerID, principalRequest),
src/test/app/Loan_test.cpp:5009:        auto const brokerStateBefore =
src/test/app/Loan_test.cpp:5010:            env.le(keylet::loanbroker(broker.brokerID));
src/test/app/Loan_test.cpp:5011:        auto const loanSequence = brokerStateBefore->at(sfLoanSequence);
src/test/app/Loan_test.cpp:5012:        auto const keylet = keylet::loan(broker.brokerID, loanSequence);
src/test/app/Loan_test.cpp:5019:            auto const brokerSle = env.le(keylet::loanbroker(broker.brokerID));
src/test/app/Loan_test.cpp:5020:            if (!BEAST_EXPECT(brokerSle))
src/test/app/Loan_test.cpp:5022:            auto const brokerPseudo = brokerSle->at(sfAccount);
src/test/app/Loan_test.cpp:5023:            return Account("Broker pseudo-account", brokerPseudo);
src/test/app/Loan_test.cpp:5027:            env, broker, pseudoAcct, keylet);
src/test/app/Loan_test.cpp:5028:        auto const originalState = getCurrentState(env, broker, keylet);
src/test/app/Loan_test.cpp:5038:            pay(borrower, keylet.key, STAmount{broker.asset, payment}),
src/test/app/Loan_test.cpp:5044:        auto const newState = getCurrentState(env, broker, keylet);
src/test/app/Loan_test.cpp:5046:            broker.asset,
src/test/app/Loan_test.cpp:5053:            broker.asset, newState.totalValue, originalState.loanScale));
src/test/app/Loan_test.cpp:5055:            broker.asset,
src/test/app/Loan_test.cpp:5089:        BrokerInfo const broker{createVaultAndBroker(env, iouAsset, lender)};
src/test/app/Loan_test.cpp:5097:            set(borrower, broker.brokerID, principalRequest),
src/test/app/Loan_test.cpp:5112:        auto const brokerStateBefore =
src/test/app/Loan_test.cpp:5113:            env.le(keylet::loanbroker(broker.brokerID));
src/test/app/Loan_test.cpp:5114:        auto const loanSequence = brokerStateBefore->at(sfLoanSequence);
src/test/app/Loan_test.cpp:5115:        auto const keylet = keylet::loan(broker.brokerID, loanSequence);
src/test/app/Loan_test.cpp:5122:            pay(borrower, keylet.key, STAmount{broker.asset, Number{}}));
src/test/app/Loan_test.cpp:5159:        BrokerInfo const broker{createVaultAndBroker(env, iouAsset, lender)};
src/test/app/Loan_test.cpp:5168:            set(borrower, broker.brokerID, principalRequest),
src/test/app/Loan_test.cpp:5185:        auto const brokerStateBefore =
src/test/app/Loan_test.cpp:5186:            env.le(keylet::loanbroker(broker.brokerID));
src/test/app/Loan_test.cpp:5187:        auto const loanSequence = brokerStateBefore->at(sfLoanSequence);
src/test/app/Loan_test.cpp:5188:        auto const keylet = keylet::loan(broker.brokerID, loanSequence);
src/test/app/Loan_test.cpp:5194:            auto const stateBefore = getCurrentState(env, broker, keylet);
src/test/app/Loan_test.cpp:5207:            auto const stateBefore = getCurrentState(env, broker, keylet);
src/test/app/Loan_test.cpp:5215:                pay(borrower, keylet.key, STAmount{broker.asset, amount}));
src/test/app/Loan_test.cpp:5223:            auto const stateAfter = getCurrentState(env, broker, keylet);
src/test/app/Loan_test.cpp:5318:        BrokerInfo const broker{createVaultAndBroker(env, iouAsset, lender)};
src/test/app/Loan_test.cpp:5326:            set(borrower, broker.brokerID, principalRequest),
src/test/app/Loan_test.cpp:5340:        auto const brokerStateBefore =
src/test/app/Loan_test.cpp:5341:            env.le(keylet::loanbroker(broker.brokerID));
src/test/app/Loan_test.cpp:5342:        auto const loanSequence = brokerStateBefore->at(sfLoanSequence);
src/test/app/Loan_test.cpp:5343:        auto const keylet = keylet::loan(broker.brokerID, loanSequence);
src/test/app/Loan_test.cpp:5351:        auto const stateBefore = getCurrentState(env, broker, keylet);
src/test/app/Loan_test.cpp:5355:                pay(borrower, keylet.key, STAmount{broker.asset, Number{}}));
src/test/app/Loan_test.cpp:5370:                pay(borrower, keylet.key, STAmount{broker.asset, Number{}}));
src/test/app/Loan_test.cpp:5383:        auto const stateAfter = getCurrentState(env, broker, keylet);
src/test/app/Loan_test.cpp:5430:        BrokerInfo const broker{createVaultAndBroker(env, iouAsset, lender)};
src/test/app/Loan_test.cpp:5433:                broker.asset(broker.params.coverDeposit * 10).value();
src/test/app/Loan_test.cpp:5435:                lender, broker.brokerID, coverDepositValue));
src/test/app/Loan_test.cpp:5445:            set(borrower, broker.brokerID, principalRequest),
src/test/app/Loan_test.cpp:5459:        auto const brokerStateBefore =
src/test/app/Loan_test.cpp:5460:            env.le(keylet::loanbroker(broker.brokerID));
src/test/app/Loan_test.cpp:5461:        auto const loanSequence = brokerStateBefore->at(sfLoanSequence);
src/test/app/Loan_test.cpp:5462:        auto const keylet = keylet::loan(broker.brokerID, loanSequence);
src/test/app/Loan_test.cpp:5470:        auto const stateBefore = getCurrentState(env, broker, keylet);
src/test/app/Loan_test.cpp:5476:            pay(borrower, keylet.key, STAmount{broker.asset, Number{}}));
src/test/app/Loan_test.cpp:5488:        auto const stateAfter = getCurrentState(env, broker, keylet);
src/test/app/Loan_test.cpp:5524:        BrokerParameters const brokerParams{
src/test/app/Loan_test.cpp:5526:        BrokerInfo broker{
src/test/app/Loan_test.cpp:5527:            createVaultAndBroker(env, iouAsset, lender, brokerParams)};
src/test/app/Loan_test.cpp:5540:                set(borrower, broker.brokerID, Number{55524'81, -2}),
src/test/app/Loan_test.cpp:5655:            auto const brokerStateBefore =
src/test/app/Loan_test.cpp:5656:                env.le(keylet::loanbroker(broker.brokerID));
src/test/app/Loan_test.cpp:5657:            auto const loanSequence = brokerStateBefore->at(sfLoanSequence);
src/test/app/Loan_test.cpp:5658:            auto const keylet = keylet::loan(broker.brokerID, loanSequence);
src/test/app/Loan_test.cpp:5688:            auto const brokerStateBefore =
src/test/app/Loan_test.cpp:5689:                env.le(keylet::loanbroker(broker.brokerID));
src/test/app/Loan_test.cpp:5690:            auto const loanSequence = brokerStateBefore->at(sfLoanSequence);
src/test/app/Loan_test.cpp:5691:            auto const keylet = keylet::loan(broker.brokerID, loanSequence);
src/test/app/Loan_test.cpp:5716:            auto const afterState = getCurrentState(env, broker, keylet);
src/test/app/Loan_test.cpp:5742:            auto const brokerState =
src/test/app/Loan_test.cpp:5743:                env.le(keylet::loanbroker(broker.brokerID));
src/test/app/Loan_test.cpp:5745:            auto const loanSequence = brokerState->at(sfLoanSequence);
src/test/app/Loan_test.cpp:5746:            auto const keylet = keylet::loan(broker.brokerID, loanSequence);
src/test/app/Loan_test.cpp:5761:            auto const beforeState = getCurrentState(env, broker, keylet);
src/test/app/Loan_test.cpp:5776:                    STAmount{broker.asset, payment}, beforeState.loanScale);
src/test/app/Loan_test.cpp:5784:            auto const afterState = getCurrentState(env, broker, keylet);
src/test/app/Loan_test.cpp:5793:    testRequireAuth()
src/test/app/Loan_test.cpp:5810:            .flags = MPTDEXFlags | tfMPTRequireAuth | tfMPTCanClawback |
src/test/app/Loan_test.cpp:5816:        BrokerInfo brokerInfo{createVaultAndBroker(env, asset, lender)};
src/test/app/Loan_test.cpp:5819:        STAmount const debtMaximumRequest = brokerInfo.asset(1'000).value();
src/test/app/Loan_test.cpp:5835:            env(set(borrower, brokerInfo.brokerID, debtMaximumRequest),
src/test/app/Loan_test.cpp:5842:        auto const loanKeylet = keylet::loan(brokerInfo.brokerID, loanSequence);
src/test/app/Loan_test.cpp:5889:        auto const brokerKeylet =
src/test/app/Loan_test.cpp:5890:            keylet::loanbroker(alice.id(), env.seq(alice));
src/test/app/Loan_test.cpp:5894:        auto const brokerSle = env.le(brokerKeylet);
src/test/app/Loan_test.cpp:5895:        if (!BEAST_EXPECT(brokerSle))
src/test/app/Loan_test.cpp:5899:            "Loan Broker pseudo-account", brokerSle->at(sfAccount)};
src/test/app/Loan_test.cpp:5901:        // Remove CanTransfer after the broker is set up.
src/test/app/Loan_test.cpp:5909:        // Cover cannot be transferred to broker account
src/test/app/Loan_test.cpp:5911:        env(coverDeposit(alice, brokerKeylet.key, depositAmount),
src/test/app/Loan_test.cpp:5915:        if (auto const refreshed = env.le(brokerKeylet);
src/test/app/Loan_test.cpp:5926:        env(coverDeposit(alice, brokerKeylet.key, depositAmount));
src/test/app/Loan_test.cpp:5929:        if (auto const refreshed = env.le(brokerKeylet);
src/test/app/Loan_test.cpp:5940:        // Cover cannot be transferred from broker account
src/test/app/Loan_test.cpp:5941:        env(coverWithdraw(alice, brokerKeylet.key, depositAmount),
src/test/app/Loan_test.cpp:5949:        env(coverWithdraw(alice, brokerKeylet.key, depositAmount));
src/test/app/Loan_test.cpp:5952:        if (auto const refreshed = env.le(brokerKeylet);
src/test/app/Loan_test.cpp:5985:        BrokerInfo broker{createVaultAndBroker(env, asset, lender)};
src/test/app/Loan_test.cpp:5989:        auto const brokerPreLoan = env.le(keylet::loanbroker(broker.brokerID));
src/test/app/Loan_test.cpp:5990:        if (!BEAST_EXPECT(brokerPreLoan))
src/test/app/Loan_test.cpp:5993:        auto const loanSequence = brokerPreLoan->at(sfLoanSequence);
src/test/app/Loan_test.cpp:5994:        auto const loanKeylet = keylet::loan(broker.brokerID, loanSequence);
src/test/app/Loan_test.cpp:6001:        env(set(borrower, broker.brokerID, principal),
src/test/app/Loan_test.cpp:6015:        auto state1 = getCurrentState(env, broker, loanKeylet);
src/test/app/Loan_test.cpp:6025:        auto const brokerSle = env.le(keylet::loanbroker(broker.brokerID));
src/test/app/Loan_test.cpp:6027:        if (!BEAST_EXPECT(brokerSle && loanSle))
src/test/app/Loan_test.cpp:6030:        auto state = getCurrentState(env, broker, loanKeylet);
src/test/app/Loan_test.cpp:6032:        TenthBips16 const managementFeeRate{brokerSle->at(sfManagementFeeRate)};
src/test/app/Loan_test.cpp:6040:            broker.asset, loanSle->at(sfClosePaymentFee), state.loanScale);
src/test/app/Loan_test.cpp:6042:            broker.asset, loanSle->at(sfLatePaymentFee), state.loanScale);
src/test/app/Loan_test.cpp:6072:            roundToAsset(broker.asset, fullPaymentInterest, state.loanScale);
src/test/app/Loan_test.cpp:6074:            broker.asset,
src/test/app/Loan_test.cpp:6092:            roundToAsset(broker.asset, baseFullDue, state.loanScale));
src/test/app/Loan_test.cpp:6103:            roundToAsset(broker.asset, lateInterestRaw, state.loanScale);
src/test/app/Loan_test.cpp:6105:            broker.asset,
src/test/app/Loan_test.cpp:6113:        auto const balanceBefore = env.balance(borrower, broker.asset).number();
src/test/app/Loan_test.cpp:6115:        STAmount const paymentAmount{broker.asset.raw(), baseFullDue};
src/test/app/Loan_test.cpp:6122:        auto const balanceAfter = env.balance(borrower, broker.asset).number();
src/test/app/Loan_test.cpp:6164:                BrokerParameters brokerParams{
src/test/app/Loan_test.cpp:6166:                BrokerInfo broker{
src/test/app/Loan_test.cpp:6167:                    createVaultAndBroker(env, asset, lender, brokerParams)};
src/test/app/Loan_test.cpp:6171:                    set(borrower, broker.brokerID, principalRequest),
src/test/app/Loan_test.cpp:6180:                auto const brokerBefore =
src/test/app/Loan_test.cpp:6181:                    env.le(keylet::loanbroker(broker.brokerID));
src/test/app/Loan_test.cpp:6182:                BEAST_EXPECT(brokerBefore);
src/test/app/Loan_test.cpp:6183:                if (!brokerBefore)
src/test/app/Loan_test.cpp:6186:                Number const debtOutstanding = brokerBefore->at(sfDebtTotal);
src/test/app/Loan_test.cpp:6188:                    brokerBefore->at(sfCoverAvailable);
src/test/app/Loan_test.cpp:6196:                env(coverClawback(issuer, 0), loanBrokerID(broker.brokerID));
src/test/app/Loan_test.cpp:6199:                auto const brokerAfter =
src/test/app/Loan_test.cpp:6200:                    env.le(keylet::loanbroker(broker.brokerID));
src/test/app/Loan_test.cpp:6201:                BEAST_EXPECT(brokerAfter);
src/test/app/Loan_test.cpp:6202:                if (!brokerAfter)
src/test/app/Loan_test.cpp:6205:                Number const debtAfter = brokerAfter->at(sfDebtTotal);
src/test/app/Loan_test.cpp:6210:                    brokerAfter->at(sfCoverAvailable);
src/test/app/Loan_test.cpp:6257:        BrokerParameters brokerParams{};
src/test/app/Loan_test.cpp:6258:        auto const broker =
src/test/app/Loan_test.cpp:6259:            createVaultAndBroker(env, asset, lender, brokerParams);
src/test/app/Loan_test.cpp:6279:            set(borrower, broker.brokerID, principalRequest, 0),
src/test/app/Loan_test.cpp:6295:        auto const brokerSle = env.le(keylet::loanbroker(broker.brokerID));
src/test/app/Loan_test.cpp:6296:        BEAST_EXPECT(brokerSle);
src/test/app/Loan_test.cpp:6297:        auto const loanSequence = brokerSle ? brokerSle->at(sfLoanSequence) : 0;
src/test/app/Loan_test.cpp:6298:        auto const loanKeylet = keylet::loan(broker.brokerID, loanSequence);
src/test/app/Loan_test.cpp:6304:        auto state = getCurrentState(env, broker, loanKeylet);
src/test/app/Loan_test.cpp:6316:            brokerParams.managementFeeRate);
src/test/app/Loan_test.cpp:6325:        auto after = getCurrentState(env, broker, loanKeylet);
src/test/app/Loan_test.cpp:6328:        auto const brokerSle2 = env.le(keylet::loanbroker(broker.brokerID));
src/test/app/Loan_test.cpp:6329:        BEAST_EXPECT(brokerSle2);
src/test/app/Loan_test.cpp:6336:        auto const managementFeeRate = brokerSle2
src/test/app/Loan_test.cpp:6337:            ? TenthBips16{brokerSle2->at(sfManagementFeeRate)}
src/test/app/Loan_test.cpp:6406:            brokerSle2 ? brokerSle2->at(sfVaultID) : uint256{};
src/test/app/Loan_test.cpp:6492:        BrokerParameters brokerParams{
src/test/app/Loan_test.cpp:6498:        auto broker = createVaultAndBroker(env, asset, lender, brokerParams);
src/test/app/Loan_test.cpp:6501:            auto const brokerSle = env.le(keylet::loanbroker(broker.brokerID));
src/test/app/Loan_test.cpp:6502:            if (!BEAST_EXPECT(brokerSle))
src/test/app/Loan_test.cpp:6506:            BEAST_EXPECT(brokerSle->at(sfOwnerCount) == 0);
src/test/app/Loan_test.cpp:6510:            auto const loanSequence = brokerSle->at(sfLoanSequence);
src/test/app/Loan_test.cpp:6511:            return keylet::loan(broker.brokerID, loanSequence);
src/test/app/Loan_test.cpp:6516:        auto const& vaultKeylet = broker.vaultKeylet();
src/test/app/Loan_test.cpp:6532:                broker.asset(brokerParams.vaultDeposit).number());
src/test/app/Loan_test.cpp:6547:        env(loanParams(env, broker));
src/test/app/Loan_test.cpp:6583:                broker
src/test/app/Loan_test.cpp:6585:                        brokerParams.vaultDeposit - loanParams.principalRequest)
src/test/app/Loan_test.cpp:6589:                broker.asset(brokerParams.vaultDeposit + state.interestDue)
src/test/app/Loan_test.cpp:6625:        BrokerParameters const brokerParams{
src/test/app/Loan_test.cpp:6645:            env, assetType, brokerParams, loanParams, issuer, lender, borrower);
src/test/app/Loan_test.cpp:6650:        auto broker = std::get<BrokerInfo>(*loanResult);
src/test/app/Loan_test.cpp:6656:        auto state = getCurrentState(env, broker, loanKeylet);
src/test/app/Loan_test.cpp:6664:            env, broker, issuer, borrower, state, loanParams.serviceFee);
src/test/app/Loan_test.cpp:6701:        BrokerParameters const brokerParams{
src/test/app/Loan_test.cpp:6719:            env, assetType, brokerParams, loanParams, issuer, lender, borrower);
src/test/app/Loan_test.cpp:6724:        auto broker = std::get<BrokerInfo>(*loanResult);
src/test/app/Loan_test.cpp:6729:            env, broker, pseudoAcct, loanKeylet);
src/test/app/Loan_test.cpp:6731:        if (auto const brokerSle = env.le(broker.brokerKeylet());
src/test/app/Loan_test.cpp:6732:            BEAST_EXPECT(brokerSle))
src/test/app/Loan_test.cpp:6737:                    brokerSle->at(sfDebtTotal) ==
src/test/app/Loan_test.cpp:6744:            broker,
src/test/app/Loan_test.cpp:6753:        if (auto const brokerSle = env.le(broker.brokerKeylet());
src/test/app/Loan_test.cpp:6754:            BEAST_EXPECT(brokerSle))
src/test/app/Loan_test.cpp:6759:                    brokerSle->at(sfDebtTotal) ==
src/test/app/Loan_test.cpp:6761:                BEAST_EXPECT(brokerSle->at(sfDebtTotal) == beast::zero);
src/test/app/Loan_test.cpp:6796:        auto const brokerKeyLet =
src/test/app/Loan_test.cpp:6797:            keylet::loanbroker(lender.id(), env.seq(lender));
src/test/app/Loan_test.cpp:6802:        // BrokerInfo brokerInfo{xrpIssue(), keylet, vaultKeyLet, {}};
src/test/app/Loan_test.cpp:6806:        env(set(borrower, brokerKeyLet.key, debtMaximumRequest),
src/test/app/Loan_test.cpp:6816:        auto const loanKeylet = keylet::loan(brokerKeyLet.key, loanSequence);
src/test/app/Loan_test.cpp:6854:        BrokerParameters const brokerParams{
src/test/app/Loan_test.cpp:6861:        auto const brokerInfo =
src/test/app/Loan_test.cpp:6862:            createVaultAndBroker(env, xrpAsset, lender, brokerParams);
src/test/app/Loan_test.cpp:6865:        env(loan::set(borrower, brokerInfo.brokerID, xrpAsset(804).value()),
src/test/app/Loan_test.cpp:6873:        if (auto const brokerSle =
src/test/app/Loan_test.cpp:6874:                env.le(keylet::loanbroker(brokerInfo.brokerID));
src/test/app/Loan_test.cpp:6875:            BEAST_EXPECT(brokerSle))
src/test/app/Loan_test.cpp:6877:            log << *brokerSle << std::endl;
src/test/app/Loan_test.cpp:6878:            BEAST_EXPECT(brokerSle->at(sfDebtTotal) == Number(804));
src/test/app/Loan_test.cpp:6883:        env(coverWithdraw(lender, brokerInfo.brokerID, xrpAsset(2).value()),
src/test/app/Loan_test.cpp:6890:        env(coverWithdraw(lender, brokerInfo.brokerID, xrpAsset(1).value()));
src/test/app/Loan_test.cpp:6895:        if (auto const brokerSle =
src/test/app/Loan_test.cpp:6896:                env.le(keylet::loanbroker(brokerInfo.brokerID));
src/test/app/Loan_test.cpp:6897:            BEAST_EXPECT(brokerSle))
src/test/app/Loan_test.cpp:6899:            log << *brokerSle << std::endl;
src/test/app/Loan_test.cpp:6901:                brokerSle->at(sfCoverAvailable) == xrpAsset(81).value());
src/test/app/Loan_test.cpp:6902:            BEAST_EXPECT(brokerSle->at(sfDebtTotal) == Number(804));
src/test/app/Loan_test.cpp:6923:        BrokerParameters const brokerParams{
src/test/app/Loan_test.cpp:6943:            env, assetType, brokerParams, loanParams, issuer, lender, borrower);
src/test/app/Loan_test.cpp:6948:        auto broker = std::get<BrokerInfo>(*loanResult);
src/test/app/Loan_test.cpp:6953:            env, broker, pseudoAcct, loanKeylet);
src/test/app/Loan_test.cpp:6957:            broker,
src/test/app/Loan_test.cpp:6973:        Account const broker{"broker"};
src/test/app/Loan_test.cpp:6982:            if (borrower == broker)
src/test/app/Loan_test.cpp:6983:                env.fund(XRP(10'000), broker, issuer, depositor);
src/test/app/Loan_test.cpp:6985:                env.fund(XRP(10'000), broker, borrower, issuer, depositor);
src/test/app/Loan_test.cpp:6997:                vault.create({.owner = broker, .asset = asset});
src/test/app/Loan_test.cpp:7008:            auto const brokerKeylet =
src/test/app/Loan_test.cpp:7009:                keylet::loanbroker(broker.id(), env.seq(broker));
src/test/app/Loan_test.cpp:7011:            env(loanBroker::set(broker, vaultKeylet.key), txFee);
src/test/app/Loan_test.cpp:7016:            env(set(broker, brokerKeylet.key, debtMaximumRequest),
src/test/app/Loan_test.cpp:7026:                keylet::loan(brokerKeylet.key, loanSequence);
src/test/app/Loan_test.cpp:7028:            auto const brokerBalanceBefore = env.balance(broker, asset);
src/test/app/Loan_test.cpp:7042:                        // The service fee is transferred to the broker if
src/test/app/Loan_test.cpp:7043:                        // a borrower is not the broker
src/test/app/Loan_test.cpp:7044:                        if (borrower != broker)
src/test/app/Loan_test.cpp:7045:                            return brokerBalanceBefore.number() + serviceFee;
src/test/app/Loan_test.cpp:7046:                        // Since a borrower is the broker, the payment is
src/test/app/Loan_test.cpp:7047:                        // transferred to the Vault from the broker but not
src/test/app/Loan_test.cpp:7049:                        // If the asset is XRP then the broker pays the txfee.
src/test/app/Loan_test.cpp:7051:                            return brokerBalanceBefore.number() - payment -
src/test/app/Loan_test.cpp:7053:                        return brokerBalanceBefore.number() - payment;
src/test/app/Loan_test.cpp:7056:                        env.balance(broker, asset).value() ==
src/test/app/Loan_test.cpp:7061:        // Test when a borrower is the broker and is not to verify correct
src/test/app/Loan_test.cpp:7063:        for (auto const& borrowerAcct : {broker, borrower_})
src/test/app/Loan_test.cpp:7071:                    env(trust(broker, IOU(1'000'000'000)));
src/test/app/Loan_test.cpp:7073:                    env(pay(issuer, broker, IOU(100'000'000)));
src/test/app/Loan_test.cpp:7084:                         .holders = {broker, depositor},
src/test/app/Loan_test.cpp:7102:        BrokerParameters const brokerParams{
src/test/app/Loan_test.cpp:7118:            env, assetType, brokerParams, loanParams, issuer, lender, issuer);
src/test/app/Loan_test.cpp:7123:        auto broker = std::get<BrokerInfo>(*loanResult);
src/test/app/Loan_test.cpp:7128:            env, broker, pseudoAcct, loanKeylet);
src/test/app/Loan_test.cpp:7132:            broker,
src/test/app/Loan_test.cpp:7153:        BrokerParameters const brokerParams{
src/test/app/Loan_test.cpp:7180:            env, assetType, brokerParams, loanParams, issuer, lender, borrower);
src/test/app/Loan_test.cpp:7185:        auto broker = std::get<BrokerInfo>(*loanResult);
src/test/app/Loan_test.cpp:7190:            env, broker, pseudoAcct, loanKeylet);
src/test/app/Loan_test.cpp:7192:        auto const state = getCurrentState(env, broker, loanKeylet);
src/test/app/Loan_test.cpp:7197:            STAmount{broker.asset, state.periodicPayment * 3 / 2 + 1},
src/test/app/Loan_test.cpp:7208:            broker,
src/test/app/Loan_test.cpp:7247:            result.brokerKeylet().key,
src/test/app/Loan_test.cpp:7248:            (env.le(result.brokerKeylet()))->at(sfLoanSequence));
src/test/app/Loan_test.cpp:7251:                result.brokerKeylet().key,
src/test/app/Loan_test.cpp:7289:        Account const broker("broker");
src/test/app/Loan_test.cpp:7292:        env.fund(XRP(20'000), issuer, broker, borrower);
src/test/app/Loan_test.cpp:7295:        env(trust(broker, IOU(20'000'000)));
src/test/app/Loan_test.cpp:7297:        env(pay(issuer, broker, IOU(10'000'000)));
src/test/app/Loan_test.cpp:7300:        // Create vault and broker
src/test/app/Loan_test.cpp:7301:        auto const brokerInfo = createVaultAndBroker(env, IOU, broker);
src/test/app/Loan_test.cpp:7303:        auto const keylet = keylet::loan(brokerInfo.brokerID, 1);
src/test/app/Loan_test.cpp:7304:        env(set(borrower, brokerInfo.brokerID, 10'000),
src/test/app/Loan_test.cpp:7305:            sig(sfCounterpartySignature, broker),
src/test/app/Loan_test.cpp:7310:        // Ensure broker has sufficient cover so brokerPayee == brokerOwner
src/test/app/Loan_test.cpp:7312:        // Deposit enough cover to ensure the fee goes to broker owner
src/test/app/Loan_test.cpp:7318:            broker, brokerInfo.brokerID, STAmount{IOU, additionalCover}));
src/test/app/Loan_test.cpp:7320:        // Verify broker owner has a trustline
src/test/app/Loan_test.cpp:7321:        auto const brokerTrustline = keylet::line(broker, IOU);
src/test/app/Loan_test.cpp:7322:        BEAST_EXPECT(env.le(brokerTrustline) != nullptr);
src/test/app/Loan_test.cpp:7325:        auto const brokerBalance = env.balance(broker, IOU);
src/test/app/Loan_test.cpp:7326:        env(pay(broker, issuer, brokerBalance));
src/test/app/Loan_test.cpp:7329:        env(trust(broker, IOU(0)));
src/test/app/Loan_test.cpp:7332:        BEAST_EXPECT(env.le(brokerTrustline) == nullptr);
src/test/app/Loan_test.cpp:7340:        BEAST_EXPECT(env.le(brokerTrustline) == nullptr);
src/test/app/Loan_test.cpp:7341:        // Verify the service fee went to the broker pseudo-account
src/test/app/Loan_test.cpp:7342:        if (auto const brokerSle =
src/test/app/Loan_test.cpp:7343:                env.le(keylet::loanbroker(brokerInfo.brokerID));
src/test/app/Loan_test.cpp:7344:            BEAST_EXPECT(brokerSle))
src/test/app/Loan_test.cpp:7346:            Account const pseudo("pseudo-account", brokerSle->at(sfAccount));
src/test/app/Loan_test.cpp:7363:        Account const broker("broker");
src/test/app/Loan_test.cpp:7366:        env.fund(XRP(20'000), issuer, broker, borrower);
src/test/app/Loan_test.cpp:7375:        // Authorize broker and borrower
src/test/app/Loan_test.cpp:7376:        mptt.authorize({.account = broker});
src/test/app/Loan_test.cpp:7382:        env(pay(issuer, broker, MPT(10'000'000)));
src/test/app/Loan_test.cpp:7386:        // Create vault and broker
src/test/app/Loan_test.cpp:7387:        auto const brokerInfo = createVaultAndBroker(env, MPT, broker);
src/test/app/Loan_test.cpp:7389:        auto const keylet = keylet::loan(brokerInfo.brokerID, 1);
src/test/app/Loan_test.cpp:7390:        env(set(borrower, brokerInfo.brokerID, 10'000),
src/test/app/Loan_test.cpp:7391:            sig(sfCounterpartySignature, broker),
src/test/app/Loan_test.cpp:7396:        // Ensure broker has sufficient cover so brokerPayee == brokerOwner
src/test/app/Loan_test.cpp:7398:        // Deposit enough cover to ensure the fee goes to broker owner
src/test/app/Loan_test.cpp:7404:            broker, brokerInfo.brokerID, STAmount{MPT, additionalCover}));
src/test/app/Loan_test.cpp:7406:        // Verify broker owner is authorized
src/test/app/Loan_test.cpp:7407:        auto const brokerMpt = keylet::mptoken(mptt.issuanceID(), broker);
src/test/app/Loan_test.cpp:7408:        BEAST_EXPECT(env.le(brokerMpt) != nullptr);
src/test/app/Loan_test.cpp:7411:        auto const brokerBalance = env.balance(broker, MPT);
src/test/app/Loan_test.cpp:7412:        env(pay(broker, issuer, brokerBalance));
src/test/app/Loan_test.cpp:7415:        mptt.authorize({.account = broker, .flags = tfMPTUnauthorize});
src/test/app/Loan_test.cpp:7418:        BEAST_EXPECT(env.le(brokerMpt) == nullptr);
src/test/app/Loan_test.cpp:7427:        BEAST_EXPECT(env.le(brokerMpt) == nullptr);
src/test/app/Loan_test.cpp:7428:        // Verify the service fee went to the broker pseudo-account
src/test/app/Loan_test.cpp:7429:        if (auto const brokerSle =
src/test/app/Loan_test.cpp:7430:                env.le(keylet::loanbroker(brokerInfo.brokerID));
src/test/app/Loan_test.cpp:7431:            BEAST_EXPECT(brokerSle))
src/test/app/Loan_test.cpp:7433:            Account const pseudo("pseudo-account", brokerSle->at(sfAccount));
src/test/app/Loan_test.cpp:7451:        Account const broker("broker");
src/test/app/Loan_test.cpp:7454:        env.fund(XRP(20'000), issuer, broker, borrower);
src/test/app/Loan_test.cpp:7465:        env(credentials::create(broker, issuer, credType));
src/test/app/Loan_test.cpp:7466:        env(credentials::accept(broker, issuer, credType));
src/test/app/Loan_test.cpp:7475:            .flags = tfMPTCanClawback | tfMPTRequireAuth | tfMPTCanTransfer |
src/test/app/Loan_test.cpp:7482:        // Authorize broker and borrower
src/test/app/Loan_test.cpp:7483:        mptt.authorize({.account = broker});
src/test/app/Loan_test.cpp:7489:        env(pay(issuer, broker, MPT(10'000'000)));
src/test/app/Loan_test.cpp:7493:        // Create vault and broker
src/test/app/Loan_test.cpp:7494:        auto const brokerInfo = createVaultAndBroker(env, MPT, broker);
src/test/app/Loan_test.cpp:7496:        auto const keylet = keylet::loan(brokerInfo.brokerID, 1);
src/test/app/Loan_test.cpp:7497:        env(set(borrower, brokerInfo.brokerID, 10'000),
src/test/app/Loan_test.cpp:7498:            sig(sfCounterpartySignature, broker),
src/test/app/Loan_test.cpp:7503:        // Ensure broker has sufficient cover so brokerPayee == brokerOwner
src/test/app/Loan_test.cpp:7505:        // Deposit enough cover to ensure the fee goes to broker owner
src/test/app/Loan_test.cpp:7511:            broker, brokerInfo.brokerID, STAmount{MPT, additionalCover}));
src/test/app/Loan_test.cpp:7513:        // Verify broker owner is authorized
src/test/app/Loan_test.cpp:7514:        auto const brokerMpt = keylet::mptoken(mptt.issuanceID(), broker);
src/test/app/Loan_test.cpp:7515:        BEAST_EXPECT(env.le(brokerMpt) != nullptr);
src/test/app/Loan_test.cpp:7518:        auto const brokerBalance = env.balance(broker, MPT);
src/test/app/Loan_test.cpp:7519:        env(pay(broker, issuer, brokerBalance));
src/test/app/Loan_test.cpp:7522:        env(credentials::deleteCred(broker, broker, issuer, credType));
src/test/app/Loan_test.cpp:7525:        // Make sure the broker is not authorized to hold the MPT after we
src/test/app/Loan_test.cpp:7527:        env(pay(issuer, broker, MPT(1'000)), ter(tecNO_AUTH));
src/test/app/Loan_test.cpp:7536:        // Verify broker is still not authorized
src/test/app/Loan_test.cpp:7537:        env(pay(issuer, broker, MPT(1'000)), ter(tecNO_AUTH));
src/test/app/Loan_test.cpp:7538:        // Verify the service fee went to the broker pseudo-account
src/test/app/Loan_test.cpp:7539:        if (auto const brokerSle =
src/test/app/Loan_test.cpp:7540:                env.le(keylet::loanbroker(brokerInfo.brokerID));
src/test/app/Loan_test.cpp:7541:            BEAST_EXPECT(brokerSle))
src/test/app/Loan_test.cpp:7543:            Account const pseudo("pseudo-account", brokerSle->at(sfAccount));
src/test/app/Loan_test.cpp:7561:        Account const broker("broker");
src/test/app/Loan_test.cpp:7564:        env.fund(XRP(20'000), issuer, broker, borrower);
src/test/app/Loan_test.cpp:7575:        // Add credentials for the broker and borrower
src/test/app/Loan_test.cpp:7576:        env(credentials::create(broker, issuer, credType));
src/test/app/Loan_test.cpp:7577:        env(credentials::accept(broker, issuer, credType));
src/test/app/Loan_test.cpp:7586:            .flags = tfMPTCanClawback | tfMPTRequireAuth | tfMPTCanTransfer |
src/test/app/Loan_test.cpp:7593:        // Authorize broker and borrower
src/test/app/Loan_test.cpp:7594:        mptt.authorize({.account = broker});
src/test/app/Loan_test.cpp:7599:        env(pay(issuer, broker, MPT(10'000'000)));
src/test/app/Loan_test.cpp:7603:        // Create vault and broker
src/test/app/Loan_test.cpp:7604:        auto const brokerInfo = createVaultAndBroker(env, MPT, broker);
src/test/app/Loan_test.cpp:7608:        auto const brokerBalance = env.balance(broker, MPT);
src/test/app/Loan_test.cpp:7609:        env(pay(broker, issuer, brokerBalance));
src/test/app/Loan_test.cpp:7612:        env(credentials::deleteCred(broker, broker, issuer, credType));
src/test/app/Loan_test.cpp:7616:        env(set(borrower, brokerInfo.brokerID, 10'000),
src/test/app/Loan_test.cpp:7617:            sig(sfCounterpartySignature, broker),
src/test/app/Loan_test.cpp:7648:        auto const brokerInfo = createVaultAndBroker(
src/test/app/Loan_test.cpp:7660:        auto const brokerKeylet = brokerInfo.brokerKeylet();
src/test/app/Loan_test.cpp:7673:            set(borrowerA, brokerKeylet.key, principalAmount),
src/test/app/Loan_test.cpp:7683:        auto const loanAKeylet = keylet::loan(brokerKeylet.key, 1);
src/test/app/Loan_test.cpp:7687:            set(borrowerB, brokerKeylet.key, principalAmount),
src/test/app/Loan_test.cpp:7697:        auto const loanBKeylet = keylet::loan(brokerKeylet.key, 2);
src/test/app/Loan_test.cpp:7718:        // Check broker state after first default (from committed ledger)
src/test/app/Loan_test.cpp:7719:        auto brokerSle = env.le(brokerKeylet);
src/test/app/Loan_test.cpp:7720:        if (!BEAST_EXPECT(brokerSle))
src/test/app/Loan_test.cpp:7722:        auto const afterFirstDebtTotal = brokerSle->at(sfDebtTotal);
src/test/app/Loan_test.cpp:7723:        auto const afterFirstCoverAvailable = brokerSle->at(sfCoverAvailable);
src/test/app/Loan_test.cpp:7733:        brokerSle = env.le(brokerKeylet);
src/test/app/Loan_test.cpp:7734:        if (!BEAST_EXPECT(brokerSle))
src/test/app/Loan_test.cpp:7736:        auto const afterSecondDebtTotal = brokerSle->at(sfDebtTotal);
src/test/app/Loan_test.cpp:7737:        auto const afterSecondCoverAvailable = brokerSle->at(sfCoverAvailable);
src/test/app/Loan_test.cpp:7769:        auto const brokerInfo = createVaultAndBroker(
src/test/app/Loan_test.cpp:7779:            auto const brokerSle =
src/test/app/Loan_test.cpp:7780:                env.le(keylet::loanbroker(brokerInfo.brokerID));
src/test/app/Loan_test.cpp:7781:            auto const currentSeq = brokerSle->at(sfLoanSequence);
src/test/app/Loan_test.cpp:7782:            auto const vaultKeylet = keylet::vault(brokerSle->at(sfVaultID));
src/test/app/Loan_test.cpp:7783:            auto const vaultId = brokerSle->at(sfVaultID);
src/test/app/Loan_test.cpp:7794:        env(set(borrower, brokerInfo.brokerID, iou(principal).value(), flags),
src/test/app/Loan_test.cpp:7804:        auto const loanKeylet = keylet::loan(brokerInfo.brokerID, currentSeq);
src/test/app/Loan_test.cpp:7928:        // Create vault and broker, then add deposits from two depositors
src/test/app/Loan_test.cpp:7929:        auto const broker = createVaultAndBroker(env, iouAsset, lender);
src/test/app/Loan_test.cpp:7934:                .id = broker.vaultKeylet().key,
src/test/app/Loan_test.cpp:7940:                .id = broker.vaultKeylet().key,
src/test/app/Loan_test.cpp:7947:        auto const sleBroker = env.le(keylet::loanbroker(broker.brokerID));
src/test/app/Loan_test.cpp:7952:            keylet::loan(broker.brokerID, sleBroker->at(sfLoanSequence));
src/test/app/Loan_test.cpp:7954:        env(set(borrower, broker.brokerID, PRINCIPAL_AMOUNT),
src/test/app/Loan_test.cpp:7967:        auto const vaultAfterImpair = env.le(broker.vaultKeylet());
src/test/app/Loan_test.cpp:7973:            broker.asset(PRINCIPAL_AMOUNT).value());
src/test/app/Loan_test.cpp:7998:                     .id = broker.vaultKeylet().key,
src/test/app/Loan_test.cpp:8057:        testRequireAuth();
src/test/app/Loan_test.cpp:8127:        BrokerParameters brokerParams{
src/test/app/Loan_test.cpp:8142:        runLoan(assetType, brokerParams, loanParams);
src/test/app/Loan_test.cpp:8189:        BrokerParameters const brokerParams{
src/test/app/Loan_test.cpp:8203:        runLoan(AssetType::XRP, brokerParams, loanParams);
