src/xrpld/app/tx/detail/CreateOffer.cpp:21:#include <xrpld/app/misc/PermissionedDEXHelpers.h>
src/xrpld/app/tx/detail/CreateOffer.cpp:23:#include <xrpld/app/tx/detail/CreateOffer.h>
src/xrpld/app/tx/detail/CreateOffer.cpp:36:CreateOffer::makeTxConsequences(PreflightContext const& ctx)
src/xrpld/app/tx/detail/CreateOffer.cpp:39:        auto const& amount{tx[sfTakerGets]};
src/xrpld/app/tx/detail/CreateOffer.cpp:47:CreateOffer::checkExtraFeatures(PreflightContext const& ctx)
src/xrpld/app/tx/detail/CreateOffer.cpp:49:    if (ctx.tx.isFieldPresent(sfDomainID) &&
src/xrpld/app/tx/detail/CreateOffer.cpp:50:        !ctx.rules.enabled(featurePermissionedDEX))
src/xrpld/app/tx/detail/CreateOffer.cpp:57:CreateOffer::getFlagsMask(PreflightContext const& ctx)
src/xrpld/app/tx/detail/CreateOffer.cpp:59:    // The tfOfferCreateMask is built assuming that PermissionedDEX is
src/xrpld/app/tx/detail/CreateOffer.cpp:61:    if (ctx.rules.enabled(featurePermissionedDEX))
src/xrpld/app/tx/detail/CreateOffer.cpp:62:        return tfOfferCreateMask;
src/xrpld/app/tx/detail/CreateOffer.cpp:63:    // If PermissionedDEX is not enabled, add tfHybrid to the mask,
src/xrpld/app/tx/detail/CreateOffer.cpp:65:    return tfOfferCreateMask | tfHybrid;
src/xrpld/app/tx/detail/CreateOffer.cpp:69:CreateOffer::preflight(PreflightContext const& ctx)
src/xrpld/app/tx/detail/CreateOffer.cpp:76:    if (tx.isFlag(tfHybrid) && !tx.isFieldPresent(sfDomainID))
src/xrpld/app/tx/detail/CreateOffer.cpp:96:    if (auto const cancelSequence = tx[~sfOfferSequence];
src/xrpld/app/tx/detail/CreateOffer.cpp:103:    STAmount saTakerPays = tx[sfTakerPays];
src/xrpld/app/tx/detail/CreateOffer.cpp:104:    STAmount saTakerGets = tx[sfTakerGets];
src/xrpld/app/tx/detail/CreateOffer.cpp:106:    if (!isLegalNet(saTakerPays) || !isLegalNet(saTakerGets))
src/xrpld/app/tx/detail/CreateOffer.cpp:109:    if (saTakerPays.native() && saTakerGets.native())
src/xrpld/app/tx/detail/CreateOffer.cpp:114:    if (saTakerPays <= beast::zero || saTakerGets <= beast::zero)
src/xrpld/app/tx/detail/CreateOffer.cpp:120:    auto const& uPaysIssuerID = saTakerPays.getIssuer();
src/xrpld/app/tx/detail/CreateOffer.cpp:121:    auto const& uPaysCurrency = saTakerPays.getCurrency();
src/xrpld/app/tx/detail/CreateOffer.cpp:123:    auto const& uGetsIssuerID = saTakerGets.getIssuer();
src/xrpld/app/tx/detail/CreateOffer.cpp:124:    auto const& uGetsCurrency = saTakerGets.getCurrency();
src/xrpld/app/tx/detail/CreateOffer.cpp:138:    if (saTakerPays.native() != !uPaysIssuerID ||
src/xrpld/app/tx/detail/CreateOffer.cpp:139:        saTakerGets.native() != !uGetsIssuerID)
src/xrpld/app/tx/detail/CreateOffer.cpp:149:CreateOffer::preclaim(PreclaimContext const& ctx)
src/xrpld/app/tx/detail/CreateOffer.cpp:153:    auto saTakerPays = ctx.tx[sfTakerPays];
src/xrpld/app/tx/detail/CreateOffer.cpp:154:    auto saTakerGets = ctx.tx[sfTakerGets];
src/xrpld/app/tx/detail/CreateOffer.cpp:156:    auto const& uPaysIssuerID = saTakerPays.getIssuer();
src/xrpld/app/tx/detail/CreateOffer.cpp:157:    auto const& uPaysCurrency = saTakerPays.getCurrency();
src/xrpld/app/tx/detail/CreateOffer.cpp:159:    auto const& uGetsIssuerID = saTakerGets.getIssuer();
src/xrpld/app/tx/detail/CreateOffer.cpp:161:    auto const cancelSequence = ctx.tx[~sfOfferSequence];
src/xrpld/app/tx/detail/CreateOffer.cpp:178:    if (accountFunds(ctx.view, id, saTakerGets, fhZERO_IF_FROZEN, viewJ) <=
src/xrpld/app/tx/detail/CreateOffer.cpp:191:                            << " uOfferSequence=" << *cancelSequence;
src/xrpld/app/tx/detail/CreateOffer.cpp:204:            ? TER{tecEXPIRED}
src/xrpld/app/tx/detail/CreateOffer.cpp:208:    // Make sure that we are authorized to hold what the taker will pay us.
src/xrpld/app/tx/detail/CreateOffer.cpp:209:    if (!saTakerPays.native())
src/xrpld/app/tx/detail/CreateOffer.cpp:221:    // if domain is specified, make sure that domain exists and the offer create
src/xrpld/app/tx/detail/CreateOffer.cpp:222:    // is part of the domain
src/xrpld/app/tx/detail/CreateOffer.cpp:223:    if (ctx.tx.isFieldPresent(sfDomainID))
src/xrpld/app/tx/detail/CreateOffer.cpp:225:        if (!permissioned_dex::accountInDomain(
src/xrpld/app/tx/detail/CreateOffer.cpp:226:                ctx.view, id, ctx.tx[sfDomainID]))
src/xrpld/app/tx/detail/CreateOffer.cpp:227:            return tecNO_PERMISSION;
src/xrpld/app/tx/detail/CreateOffer.cpp:234:CreateOffer::checkAcceptAsset(
src/xrpld/app/tx/detail/CreateOffer.cpp:244:        "ripple::CreateOffer::checkAcceptAsset : input is not XRP");
src/xrpld/app/tx/detail/CreateOffer.cpp:287:            return (flags & tapRETRY) ? TER{terNO_AUTH} : TER{tecNO_AUTH};
src/xrpld/app/tx/detail/CreateOffer.cpp:321:CreateOffer::flowCross(
src/xrpld/app/tx/detail/CreateOffer.cpp:324:    Amounts const& takerAmount,
src/xrpld/app/tx/detail/CreateOffer.cpp:325:    std::optional<uint256> const& domainID)
src/xrpld/app/tx/detail/CreateOffer.cpp:329:        // If the taker is unfunded before we begin crossing there's nothing
src/xrpld/app/tx/detail/CreateOffer.cpp:336:            accountFunds(psb, account_, takerAmount.in, fhZERO_IF_FROZEN, j_);
src/xrpld/app/tx/detail/CreateOffer.cpp:340:            JLOG(j_.debug()) << "Not crossing: taker is unfunded.";
src/xrpld/app/tx/detail/CreateOffer.cpp:341:            return {tecUNFUNDED_OFFER, takerAmount};
src/xrpld/app/tx/detail/CreateOffer.cpp:346:        // offer taker.  Set sendMax to allow for the gateway's cut.
src/xrpld/app/tx/detail/CreateOffer.cpp:348:        STAmount sendMax = takerAmount.in;
src/xrpld/app/tx/detail/CreateOffer.cpp:355:                    takerAmount.in,
src/xrpld/app/tx/detail/CreateOffer.cpp:357:                    takerAmount.in.issue(),
src/xrpld/app/tx/detail/CreateOffer.cpp:362:        // Payment flow code compares quality after the transfer rate is
src/xrpld/app/tx/detail/CreateOffer.cpp:364:        Quality threshold{takerAmount.out, sendMax};
src/xrpld/app/tx/detail/CreateOffer.cpp:367:        // cross offers that have a better quality than this one.
src/xrpld/app/tx/detail/CreateOffer.cpp:377:        // of the takerAmount currencies are XRP then we cross through an
src/xrpld/app/tx/detail/CreateOffer.cpp:381:        if (!takerAmount.in.native() && !takerAmount.out.native())
src/xrpld/app/tx/detail/CreateOffer.cpp:388:        STAmount deliver = takerAmount.out;
src/xrpld/app/tx/detail/CreateOffer.cpp:404:                    takerAmount.out.issue(),
src/xrpld/app/tx/detail/CreateOffer.cpp:418:            true,                       // owner pays transfer fee
src/xrpld/app/tx/detail/CreateOffer.cpp:422:            domainID,
src/xrpld/app/tx/detail/CreateOffer.cpp:435:        auto afterCross = takerAmount;  // If !tesSUCCESS offer unchanged
src/xrpld/app/tx/detail/CreateOffer.cpp:438:            STAmount const takerInBalance = accountFunds(
src/xrpld/app/tx/detail/CreateOffer.cpp:439:                psb, account_, takerAmount.in, fhZERO_IF_FROZEN, j_);
src/xrpld/app/tx/detail/CreateOffer.cpp:441:            if (takerInBalance <= beast::zero)
src/xrpld/app/tx/detail/CreateOffer.cpp:451:                    Quality{takerAmount.out, takerAmount.in}.rate()};
src/xrpld/app/tx/detail/CreateOffer.cpp:457:                    // Quality,
src/xrpld/app/tx/detail/CreateOffer.cpp:468:                            takerAmount.in.issue(),
src/xrpld/app/tx/detail/CreateOffer.cpp:490:                                takerAmount.out.issue(),
src/xrpld/app/tx/detail/CreateOffer.cpp:494:                            afterCross.in, rate, takerAmount.out.issue(), true);
src/xrpld/app/tx/detail/CreateOffer.cpp:501:                    // Quality.
src/xrpld/app/tx/detail/CreateOffer.cpp:505:                        "ripple::CreateOffer::flowCross : minimum offer");
src/xrpld/app/tx/detail/CreateOffer.cpp:509:                        afterCross.out, rate, takerAmount.in.issue(), true);
src/xrpld/app/tx/detail/CreateOffer.cpp:521:    return {tecINTERNAL, takerAmount};
src/xrpld/app/tx/detail/CreateOffer.cpp:525:CreateOffer::format_amount(STAmount const& amount)
src/xrpld/app/tx/detail/CreateOffer.cpp:534:CreateOffer::applyHybrid(
src/xrpld/app/tx/detail/CreateOffer.cpp:538:    STAmount const& saTakerPays,
src/xrpld/app/tx/detail/CreateOffer.cpp:539:    STAmount const& saTakerGets,
src/xrpld/app/tx/detail/CreateOffer.cpp:542:    if (!sleOffer->isFieldPresent(sfDomainID))
src/xrpld/app/tx/detail/CreateOffer.cpp:545:    // set hybrid flag
src/xrpld/app/tx/detail/CreateOffer.cpp:546:    sleOffer->setFlag(lsfHybrid);
src/xrpld/app/tx/detail/CreateOffer.cpp:548:    // if offer is hybrid, need to also place into open offer dir
src/xrpld/app/tx/detail/CreateOffer.cpp:549:    Book const book{saTakerPays.issue(), saTakerGets.issue(), std::nullopt};
src/xrpld/app/tx/detail/CreateOffer.cpp:552:        keylet::quality(keylet::book(book), getRate(saTakerGets, saTakerPays));
src/xrpld/app/tx/detail/CreateOffer.cpp:556:        // don't set domainID on the directory object since this directory is
src/xrpld/app/tx/detail/CreateOffer.cpp:557:        // for open book
src/xrpld/app/tx/detail/CreateOffer.cpp:564:            << "final result: failed to add hybrid offer to open book";
src/xrpld/app/tx/detail/CreateOffer.cpp:565:        return tecDIR_FULL;  // LCOV_EXCL_LINE
src/xrpld/app/tx/detail/CreateOffer.cpp:568:    STArray bookArr(sfAdditionalBooks, 1);
src/xrpld/app/tx/detail/CreateOffer.cpp:570:    bookInfo.setFieldH256(sfBookDirectory, dir.key);
src/xrpld/app/tx/detail/CreateOffer.cpp:571:    bookInfo.setFieldU64(sfBookNode, *bookNode);
src/xrpld/app/tx/detail/CreateOffer.cpp:577:    sleOffer->setFieldArray(sfAdditionalBooks, bookArr);
src/xrpld/app/tx/detail/CreateOffer.cpp:582:CreateOffer::applyGuts(Sandbox& sb, Sandbox& sbCancel)
src/xrpld/app/tx/detail/CreateOffer.cpp:592:    bool const bHybrid(uTxFlags & tfHybrid);
src/xrpld/app/tx/detail/CreateOffer.cpp:594:    auto saTakerPays = ctx_.tx[sfTakerPays];
src/xrpld/app/tx/detail/CreateOffer.cpp:595:    auto saTakerGets = ctx_.tx[sfTakerGets];
src/xrpld/app/tx/detail/CreateOffer.cpp:596:    auto const domainID = ctx_.tx[~sfDomainID];
src/xrpld/app/tx/detail/CreateOffer.cpp:598:    auto const cancelSequence = ctx_.tx[~sfOfferSequence];
src/xrpld/app/tx/detail/CreateOffer.cpp:607:    auto uRate = getRate(saTakerGets, saTakerPays);
src/xrpld/app/tx/detail/CreateOffer.cpp:639:            sb.rules().enabled(featureDepositPreauth) ? TER{tecEXPIRED}
src/xrpld/app/tx/detail/CreateOffer.cpp:650:        auto const& uPaysIssuerID = saTakerPays.getIssuer();
src/xrpld/app/tx/detail/CreateOffer.cpp:651:        auto const& uGetsIssuerID = saTakerGets.getIssuer();
src/xrpld/app/tx/detail/CreateOffer.cpp:653:        std::uint8_t uTickSize = Quality::maxTickSize;
src/xrpld/app/tx/detail/CreateOffer.cpp:666:        if (uTickSize < Quality::maxTickSize)
src/xrpld/app/tx/detail/CreateOffer.cpp:669:                Quality{saTakerGets, saTakerPays}.round(uTickSize).rate();
src/xrpld/app/tx/detail/CreateOffer.cpp:676:                // this is a sell, round taker pays
src/xrpld/app/tx/detail/CreateOffer.cpp:677:                saTakerPays = multiply(saTakerGets, rate, saTakerPays.issue());
src/xrpld/app/tx/detail/CreateOffer.cpp:681:                // this is a buy, round taker gets
src/xrpld/app/tx/detail/CreateOffer.cpp:682:                saTakerGets = divide(saTakerPays, rate, saTakerGets.issue());
src/xrpld/app/tx/detail/CreateOffer.cpp:684:            if (!saTakerGets || !saTakerPays)
src/xrpld/app/tx/detail/CreateOffer.cpp:690:            uRate = getRate(saTakerGets, saTakerPays);
src/xrpld/app/tx/detail/CreateOffer.cpp:694:        Amounts const takerAmount(saTakerGets, saTakerPays);
src/xrpld/app/tx/detail/CreateOffer.cpp:697:                         << to_string(takerAmount.in.issue()) << " -> "
src/xrpld/app/tx/detail/CreateOffer.cpp:698:                         << to_string(takerAmount.out.issue());
src/xrpld/app/tx/detail/CreateOffer.cpp:704:            stream << "     in: " << format_amount(takerAmount.in);
src/xrpld/app/tx/detail/CreateOffer.cpp:705:            stream << "    out: " << format_amount(takerAmount.out);
src/xrpld/app/tx/detail/CreateOffer.cpp:716:            flowCross(psbFlow, psbCancelFlow, takerAmount, domainID);
src/xrpld/app/tx/detail/CreateOffer.cpp:724:            "ripple::CreateOffer::applyGuts : result is tesSUCCESS or "
src/xrpld/app/tx/detail/CreateOffer.cpp:744:            saTakerGets.issue() == place_offer.in.issue(),
src/xrpld/app/tx/detail/CreateOffer.cpp:745:            "ripple::CreateOffer::applyGuts : taker gets issue match");
src/xrpld/app/tx/detail/CreateOffer.cpp:747:            saTakerPays.issue() == place_offer.out.issue(),
src/xrpld/app/tx/detail/CreateOffer.cpp:748:            "ripple::CreateOffer::applyGuts : taker pays issue match");
src/xrpld/app/tx/detail/CreateOffer.cpp:750:        if (takerAmount != place_offer)
src/xrpld/app/tx/detail/CreateOffer.cpp:760:            return {tefINTERNAL, true};
src/xrpld/app/tx/detail/CreateOffer.cpp:771:        // were the taker.
src/xrpld/app/tx/detail/CreateOffer.cpp:772:        saTakerPays = place_offer.out;
src/xrpld/app/tx/detail/CreateOffer.cpp:773:        saTakerGets = place_offer.in;
src/xrpld/app/tx/detail/CreateOffer.cpp:777:        saTakerPays > zero && saTakerGets > zero,
src/xrpld/app/tx/detail/CreateOffer.cpp:778:        "ripple::CreateOffer::applyGuts : taker pays and gets positive");
src/xrpld/app/tx/detail/CreateOffer.cpp:789:        stream << "    Pays: " << saTakerPays.getFullText();
src/xrpld/app/tx/detail/CreateOffer.cpp:790:        stream << "    Gets: " << saTakerGets.getFullText();
src/xrpld/app/tx/detail/CreateOffer.cpp:819:        return {tefINTERNAL, false};
src/xrpld/app/tx/detail/CreateOffer.cpp:823:            sb.fees().accountReserve(sleCreator->getFieldU32(sfOwnerCount) + 1);
src/xrpld/app/tx/detail/CreateOffer.cpp:845:    // Add offer to owner's directory.
src/xrpld/app/tx/detail/CreateOffer.cpp:846:    auto const ownerNode = sb.dirInsert(
src/xrpld/app/tx/detail/CreateOffer.cpp:847:        keylet::ownerDir(account_), offer_index, describeOwnerDir(account_));
src/xrpld/app/tx/detail/CreateOffer.cpp:849:    if (!ownerNode)
src/xrpld/app/tx/detail/CreateOffer.cpp:853:            << "final result: failed to add offer to owner's directory";
src/xrpld/app/tx/detail/CreateOffer.cpp:854:        return {tecDIR_FULL, true};
src/xrpld/app/tx/detail/CreateOffer.cpp:858:    // Update owner count.
src/xrpld/app/tx/detail/CreateOffer.cpp:859:    adjustOwnerCount(sb, sleCreator, 1, viewJ);
src/xrpld/app/tx/detail/CreateOffer.cpp:861:    JLOG(j_.trace()) << "adding to book: " << to_string(saTakerPays.issue())
src/xrpld/app/tx/detail/CreateOffer.cpp:862:                     << " : " << to_string(saTakerGets.issue())
src/xrpld/app/tx/detail/CreateOffer.cpp:863:                     << (domainID ? (" : " + to_string(*domainID)) : "");
src/xrpld/app/tx/detail/CreateOffer.cpp:865:    Book const book{saTakerPays.issue(), saTakerGets.issue(), domainID};
src/xrpld/app/tx/detail/CreateOffer.cpp:870:    // Regular offer - BookDirectory points to open directory
src/xrpld/app/tx/detail/CreateOffer.cpp:872:    // Domain offer (w/o hyrbid) - BookDirectory points to domain
src/xrpld/app/tx/detail/CreateOffer.cpp:875:    // Hybrid domain offer - BookDirectory points to domain directory,
src/xrpld/app/tx/detail/CreateOffer.cpp:876:    // and AdditionalBooks field stores one entry that points to the open
src/xrpld/app/tx/detail/CreateOffer.cpp:878:    auto dir = keylet::quality(keylet::book(book), uRate);
src/xrpld/app/tx/detail/CreateOffer.cpp:883:        sle->setFieldH160(sfTakerPaysCurrency, saTakerPays.issue().currency);
src/xrpld/app/tx/detail/CreateOffer.cpp:884:        sle->setFieldH160(sfTakerPaysIssuer, saTakerPays.issue().account);
src/xrpld/app/tx/detail/CreateOffer.cpp:885:        sle->setFieldH160(sfTakerGetsCurrency, saTakerGets.issue().currency);
src/xrpld/app/tx/detail/CreateOffer.cpp:886:        sle->setFieldH160(sfTakerGetsIssuer, saTakerGets.issue().account);
src/xrpld/app/tx/detail/CreateOffer.cpp:887:        sle->setFieldU64(sfExchangeRate, uRate);
src/xrpld/app/tx/detail/CreateOffer.cpp:889:            sle->setFieldH256(sfDomainID, *maybeDomain);
src/xrpld/app/tx/detail/CreateOffer.cpp:893:        // sets domainID on book directory if it's a domain offer
src/xrpld/app/tx/detail/CreateOffer.cpp:894:        setBookDir(sle, domainID);
src/xrpld/app/tx/detail/CreateOffer.cpp:901:        return {tecDIR_FULL, true};
src/xrpld/app/tx/detail/CreateOffer.cpp:908:    sleOffer->setFieldH256(sfBookDirectory, dir.key);
src/xrpld/app/tx/detail/CreateOffer.cpp:909:    sleOffer->setFieldAmount(sfTakerPays, saTakerPays);
src/xrpld/app/tx/detail/CreateOffer.cpp:910:    sleOffer->setFieldAmount(sfTakerGets, saTakerGets);
src/xrpld/app/tx/detail/CreateOffer.cpp:911:    sleOffer->setFieldU64(sfOwnerNode, *ownerNode);
src/xrpld/app/tx/detail/CreateOffer.cpp:912:    sleOffer->setFieldU64(sfBookNode, *bookNode);
src/xrpld/app/tx/detail/CreateOffer.cpp:919:    if (domainID)
src/xrpld/app/tx/detail/CreateOffer.cpp:920:        sleOffer->setFieldH256(sfDomainID, *domainID);
src/xrpld/app/tx/detail/CreateOffer.cpp:922:    // if it's a hybrid offer, set hybrid flag, and create an open dir
src/xrpld/app/tx/detail/CreateOffer.cpp:923:    if (bHybrid)
src/xrpld/app/tx/detail/CreateOffer.cpp:925:        auto const res = applyHybrid(
src/xrpld/app/tx/detail/CreateOffer.cpp:926:            sb, sleOffer, offer_index, saTakerPays, saTakerGets, setBookDir);
src/xrpld/app/tx/detail/CreateOffer.cpp:942:CreateOffer::doApply()
src/libxrpl/ledger/CredentialHelpers.cpp:20:#include <xrpl/ledger/CredentialHelpers.h>
src/libxrpl/ledger/CredentialHelpers.cpp:28:namespace credentials {
src/libxrpl/ledger/CredentialHelpers.cpp:31:checkExpired(SLE const& sleCredential, NetClock::time_point const& closed)
src/libxrpl/ledger/CredentialHelpers.cpp:33:    std::uint32_t const exp = sleCredential[~sfExpiration].value_or(
src/libxrpl/ledger/CredentialHelpers.cpp:48:        // Credentials already checked in preclaim. Look only for expired here.
src/libxrpl/ledger/CredentialHelpers.cpp:49:        auto const k = keylet::credential(h);
src/libxrpl/ledger/CredentialHelpers.cpp:55:                << "Credentials are expired. Cred: " << sleCred->getText();
src/libxrpl/ledger/CredentialHelpers.cpp:56:            // delete expired credentials even if the transaction failed
src/libxrpl/ledger/CredentialHelpers.cpp:57:            auto const err = deleteSLE(view, sleCred, j);
src/libxrpl/ledger/CredentialHelpers.cpp:68:deleteSLE(
src/libxrpl/ledger/CredentialHelpers.cpp:70:    std::shared_ptr<SLE> const& sleCredential,
src/libxrpl/ledger/CredentialHelpers.cpp:73:    if (!sleCredential)
src/libxrpl/ledger/CredentialHelpers.cpp:77:        [&view, &sleCredential, j](
src/libxrpl/ledger/CredentialHelpers.cpp:88:        // Remove object from owner directory
src/libxrpl/ledger/CredentialHelpers.cpp:89:        std::uint64_t const page = sleCredential->getFieldU64(node);
src/libxrpl/ledger/CredentialHelpers.cpp:90:        if (!view.dirRemove(
src/libxrpl/ledger/CredentialHelpers.cpp:91:                keylet::ownerDir(account), page, sleCredential->key(), false))
src/libxrpl/ledger/CredentialHelpers.cpp:94:            JLOG(j.fatal()) << "Unable to delete Credential from owner.";
src/libxrpl/ledger/CredentialHelpers.cpp:100:            adjustOwnerCount(view, sleAccount, -1, j);
src/libxrpl/ledger/CredentialHelpers.cpp:105:    auto const issuer = sleCredential->getAccountID(sfIssuer);
src/libxrpl/ledger/CredentialHelpers.cpp:106:    auto const subject = sleCredential->getAccountID(sfSubject);
src/libxrpl/ledger/CredentialHelpers.cpp:107:    bool const accepted = sleCredential->getFlags() & lsfAccepted;
src/libxrpl/ledger/CredentialHelpers.cpp:121:    view.erase(sleCredential);
src/libxrpl/ledger/CredentialHelpers.cpp:129:    if (!tx.isFieldPresent(sfCredentialIDs))
src/libxrpl/ledger/CredentialHelpers.cpp:132:    auto const& credentials = tx.getFieldV256(sfCredentialIDs);
src/libxrpl/ledger/CredentialHelpers.cpp:133:    if (credentials.empty() || (credentials.size() > maxCredentialsArraySize))
src/libxrpl/ledger/CredentialHelpers.cpp:136:            << "Malformed transaction: Credentials array size is invalid: "
src/libxrpl/ledger/CredentialHelpers.cpp:137:            << credentials.size();
src/libxrpl/ledger/CredentialHelpers.cpp:142:    for (auto const& cred : credentials)
src/libxrpl/ledger/CredentialHelpers.cpp:148:                << "Malformed transaction: duplicates in credentials.";
src/libxrpl/ledger/CredentialHelpers.cpp:163:    if (!tx.isFieldPresent(sfCredentialIDs))
src/libxrpl/ledger/CredentialHelpers.cpp:166:    auto const& credIDs(tx.getFieldV256(sfCredentialIDs));
src/libxrpl/ledger/CredentialHelpers.cpp:169:        auto const sleCred = view.read(keylet::credential(h));
src/libxrpl/ledger/CredentialHelpers.cpp:172:            JLOG(j.trace()) << "Credential doesn't exist. Cred: " << h;
src/libxrpl/ledger/CredentialHelpers.cpp:179:                << "Credential doesn't belong to the source account. Cred: "
src/libxrpl/ledger/CredentialHelpers.cpp:186:            JLOG(j.trace()) << "Credential isn't accepted. Cred: " << h;
src/libxrpl/ledger/CredentialHelpers.cpp:197:validDomain(ReadView const& view, uint256 domainID, AccountID const& subject)
src/libxrpl/ledger/CredentialHelpers.cpp:199:    // Note, permissioned domain objects can be deleted at any time
src/libxrpl/ledger/CredentialHelpers.cpp:200:    auto const slePD = view.read(keylet::permissionedDomain(domainID));
src/libxrpl/ledger/CredentialHelpers.cpp:206:    for (auto const& h : slePD->getFieldArray(sfAcceptedCredentials))
src/libxrpl/ledger/CredentialHelpers.cpp:209:        auto const type = h.getFieldVL(sfCredentialType);
src/libxrpl/ledger/CredentialHelpers.cpp:210:        auto const keyletCredential =
src/libxrpl/ledger/CredentialHelpers.cpp:211:            keylet::credential(subject, issuer, makeSlice(type));
src/libxrpl/ledger/CredentialHelpers.cpp:212:        auto const sleCredential = view.read(keyletCredential);
src/libxrpl/ledger/CredentialHelpers.cpp:214:        // We cannot delete expired credentials, that would require ApplyView&
src/libxrpl/ledger/CredentialHelpers.cpp:215:        // However we can check if credentials are expired. Expected transaction
src/libxrpl/ledger/CredentialHelpers.cpp:216:        // flow is to use `validDomain` in preclaim, converting tecEXPIRED to
src/libxrpl/ledger/CredentialHelpers.cpp:217:        // tesSUCCESS, then proceed to call `verifyValidDomain` in doApply. This
src/libxrpl/ledger/CredentialHelpers.cpp:218:        // allows expired credentials to be deleted by any transaction.
src/libxrpl/ledger/CredentialHelpers.cpp:219:        if (sleCredential)
src/libxrpl/ledger/CredentialHelpers.cpp:221:            if (checkExpired(*sleCredential, closeTime))
src/libxrpl/ledger/CredentialHelpers.cpp:226:            else if (sleCredential->getFlags() & lsfAccepted)
src/libxrpl/ledger/CredentialHelpers.cpp:233:    return foundExpired ? tecEXPIRED : tecNO_AUTH;
src/libxrpl/ledger/CredentialHelpers.cpp:247:        auto sleCred = view.read(keylet::credential(h));
src/libxrpl/ledger/CredentialHelpers.cpp:249:            return tefINTERNAL;  // LCOV_EXCL_LINE
src/libxrpl/ledger/CredentialHelpers.cpp:252:            sorted.emplace((*sleCred)[sfIssuer], (*sleCred)[sfCredentialType]);
src/libxrpl/ledger/CredentialHelpers.cpp:254:            return tefINTERNAL;  // LCOV_EXCL_LINE
src/libxrpl/ledger/CredentialHelpers.cpp:259:        return tecNO_PERMISSION;
src/libxrpl/ledger/CredentialHelpers.cpp:265:makeSorted(STArray const& credentials)
src/libxrpl/ledger/CredentialHelpers.cpp:268:    for (auto const& cred : credentials)
src/libxrpl/ledger/CredentialHelpers.cpp:270:        auto [it, ins] = out.emplace(cred[sfIssuer], cred[sfCredentialType]);
src/libxrpl/ledger/CredentialHelpers.cpp:278:checkArray(STArray const& credentials, unsigned maxSize, beast::Journal j)
src/libxrpl/ledger/CredentialHelpers.cpp:280:    if (credentials.empty() || (credentials.size() > maxSize))
src/libxrpl/ledger/CredentialHelpers.cpp:283:                           "Invalid credentials size: "
src/libxrpl/ledger/CredentialHelpers.cpp:284:                        << credentials.size();
src/libxrpl/ledger/CredentialHelpers.cpp:285:        return credentials.empty() ? temARRAY_EMPTY : temARRAY_TOO_LARGE;
src/libxrpl/ledger/CredentialHelpers.cpp:289:    for (auto const& credential : credentials)
src/libxrpl/ledger/CredentialHelpers.cpp:291:        auto const& issuer = credential[sfIssuer];
src/libxrpl/ledger/CredentialHelpers.cpp:300:        auto const ct = credential[sfCredentialType];
src/libxrpl/ledger/CredentialHelpers.cpp:301:        if (ct.empty() || (ct.size() > maxCredentialTypeLength))
src/libxrpl/ledger/CredentialHelpers.cpp:304:                               "Invalid credentialType size: "
src/libxrpl/ledger/CredentialHelpers.cpp:321:}  // namespace credentials
src/libxrpl/ledger/CredentialHelpers.cpp:324:verifyValidDomain(
src/libxrpl/ledger/CredentialHelpers.cpp:327:    uint256 domainID,
src/libxrpl/ledger/CredentialHelpers.cpp:330:    auto const slePD = view.read(keylet::permissionedDomain(domainID));
src/libxrpl/ledger/CredentialHelpers.cpp:334:    // Collect all matching credentials on a side, so we can remove expired ones
src/libxrpl/ledger/CredentialHelpers.cpp:336:    STVector256 credentials;
src/libxrpl/ledger/CredentialHelpers.cpp:337:    for (auto const& h : slePD->getFieldArray(sfAcceptedCredentials))
src/libxrpl/ledger/CredentialHelpers.cpp:340:        auto const type = h.getFieldVL(sfCredentialType);
src/libxrpl/ledger/CredentialHelpers.cpp:341:        auto const keyletCredential =
src/libxrpl/ledger/CredentialHelpers.cpp:342:            keylet::credential(account, issuer, makeSlice(type));
src/libxrpl/ledger/CredentialHelpers.cpp:343:        if (view.exists(keyletCredential))
src/libxrpl/ledger/CredentialHelpers.cpp:344:            credentials.push_back(keyletCredential.key);
src/libxrpl/ledger/CredentialHelpers.cpp:347:    auto const foundExpired = credentials::removeExpired(view, credentials, j);
src/libxrpl/ledger/CredentialHelpers.cpp:351:    for (auto const& h : credentials)
src/libxrpl/ledger/CredentialHelpers.cpp:353:        auto sleCredential = view.read(keylet::credential(h));
src/libxrpl/ledger/CredentialHelpers.cpp:354:        if (!sleCredential)
src/libxrpl/ledger/CredentialHelpers.cpp:355:            continue;  // expired, i.e. deleted in credentials::removeExpired
src/libxrpl/ledger/CredentialHelpers.cpp:357:        if (sleCredential->getFlags() & lsfAccepted)
src/libxrpl/ledger/CredentialHelpers.cpp:361:    return *foundExpired ? tecEXPIRED : tecNO_PERMISSION;
src/libxrpl/ledger/CredentialHelpers.cpp:377:    //  credentials).
src/libxrpl/ledger/CredentialHelpers.cpp:379:    bool const credentialsPresent = tx.isFieldPresent(sfCredentialIDs);
src/libxrpl/ledger/CredentialHelpers.cpp:381:    if (credentialsPresent)
src/libxrpl/ledger/CredentialHelpers.cpp:383:        auto const foundExpired = credentials::removeExpired(
src/libxrpl/ledger/CredentialHelpers.cpp:384:            view, tx.getFieldV256(sfCredentialIDs), j);
src/libxrpl/ledger/CredentialHelpers.cpp:388:            return tecEXPIRED;
src/libxrpl/ledger/CredentialHelpers.cpp:396:                return !credentialsPresent
src/libxrpl/ledger/CredentialHelpers.cpp:397:                    ? tecNO_PERMISSION
src/libxrpl/ledger/CredentialHelpers.cpp:398:                    : credentials::authorizedDepositPreauth(
src/libxrpl/ledger/CredentialHelpers.cpp:399:                          view, tx.getFieldV256(sfCredentialIDs), dst);
src/test/ledger/Directory_test.cpp:110:                    view->read(keylet::page(keylet::ownerDir(alice), page));
src/test/ledger/Directory_test.cpp:143:            BEAST_EXPECT(offer->getFieldAmount(sfTakerPays) == USD(count));
src/test/ledger/Directory_test.cpp:144:            BEAST_EXPECT(offer->getFieldAmount(sfTakerGets) == XRP(count));
src/test/ledger/Directory_test.cpp:165:        BEAST_EXPECT(dirIsEmpty(*env.closed(), keylet::ownerDir(alice)));
src/test/ledger/Directory_test.cpp:170:        BEAST_EXPECT(!dirIsEmpty(*env.closed(), keylet::ownerDir(alice)));
src/test/ledger/Directory_test.cpp:174:        BEAST_EXPECT(dirIsEmpty(*env.closed(), keylet::ownerDir(alice)));
src/test/ledger/Directory_test.cpp:198:            BEAST_EXPECT(!dirIsEmpty(*env.closed(), keylet::ownerDir(alice)));
src/test/ledger/Directory_test.cpp:208:            BEAST_EXPECT(dirIsEmpty(*env.closed(), keylet::ownerDir(alice)));
src/test/ledger/Directory_test.cpp:216:            BEAST_EXPECT(dirIsEmpty(*env.closed(), keylet::ownerDir(alice)));
src/test/ledger/Directory_test.cpp:228:            BEAST_EXPECT(!dirIsEmpty(*env.closed(), keylet::ownerDir(alice)));
src/test/ledger/Directory_test.cpp:240:            BEAST_EXPECT(!dirIsEmpty(*env.closed(), keylet::ownerDir(alice)));
src/test/ledger/Directory_test.cpp:252:            BEAST_EXPECT(dirIsEmpty(*env.closed(), keylet::ownerDir(alice)));
src/test/ledger/Directory_test.cpp:300:            BEAST_EXPECT(!sb.succ(bookBase, getQualityNext(bookBase)));
src/test/ledger/Directory_test.cpp:304:        // and removes her trust line. Her owner directory
src/test/ledger/Directory_test.cpp:310:            BEAST_EXPECT(dirIsEmpty(*env.closed(), keylet::ownerDir(alice)));
src/test/ledger/Directory_test.cpp:353:            BEAST_EXPECT(sb.dirRemove(
src/test/ledger/Directory_test.cpp:387:            BEAST_EXPECT(sb.dirRemove(
src/test/ledger/Directory_test.cpp:511:                env(credentials::create(alice, alice, std::to_string(i)));
src/test/ledger/Directory_test.cpp:521:                keylet::ownerDir(alice.id()),
src/test/ledger/Directory_test.cpp:530:                    // sfSubjectNode is not set in self-issued credentials
src/test/ledger/Directory_test.cpp:536:            // Create one more credential
src/test/ledger/Directory_test.cpp:537:            env(credentials::create(alice, alice, std::to_string(63)));
src/test/ledger/Directory_test.cpp:540:            auto const expected = full ? ter{tecDIR_FULL} : ter{tesSUCCESS};
src/test/ledger/Directory_test.cpp:541:            env(credentials::create(alice, alice, "foo"), expected);
src/test/ledger/Directory_test.cpp:545:                env(credentials::deleteCred(
src/test/ledger/Directory_test.cpp:549:                env(credentials::deleteCred(alice, alice, alice, "foo"));
src/test/ledger/Directory_test.cpp:552:            auto const sle = env.le(keylet::ownerDir(alice.id()));
src/test/app/ReducedOffer_test.cpp:23:#include <xrpl/protocol/Quality.h>
src/test/app/ReducedOffer_test.cpp:116:                STAmount const initialRate = Quality(newOffer).rate();
src/test/app/ReducedOffer_test.cpp:138:                    STAmount const reducedTakerGets = amountFromJson(
src/test/app/ReducedOffer_test.cpp:139:                        sfTakerGets, bobOffer[jss::node][sfTakerGets.jsonName]);
src/test/app/ReducedOffer_test.cpp:140:                    STAmount const reducedTakerPays = amountFromJson(
src/test/app/ReducedOffer_test.cpp:141:                        sfTakerPays, bobOffer[jss::node][sfTakerPays.jsonName]);
src/test/app/ReducedOffer_test.cpp:144:                    BEAST_EXPECT(reducedTakerPays < newOffer.in);
src/test/app/ReducedOffer_test.cpp:145:                    BEAST_EXPECT(reducedTakerGets < newOffer.out);
src/test/app/ReducedOffer_test.cpp:147:                        Quality(Amounts{reducedTakerPays, reducedTakerGets})
src/test/app/ReducedOffer_test.cpp:153:                    // incrementing the mantissa of the reduced taker pays
src/test/app/ReducedOffer_test.cpp:155:                    // this to verify that the largest allowable TakerPays
src/test/app/ReducedOffer_test.cpp:159:                        STAmount const tweakedTakerPays =
src/test/app/ReducedOffer_test.cpp:160:                            reducedTakerPays + drops(1);
src/test/app/ReducedOffer_test.cpp:162:                            Quality(Amounts{tweakedTakerPays, reducedTakerGets})
src/test/app/ReducedOffer_test.cpp:169:                              << "; TakerPays: " << reducedTakerPays
src/test/app/ReducedOffer_test.cpp:170:                              << "; TakerGets: " << reducedTakerGets
src/test/app/ReducedOffer_test.cpp:175:                    std::cout << "| `" << reducedTakerGets << "` | `"
src/test/app/ReducedOffer_test.cpp:176:                              << reducedTakerPays << "` | `" << initialRate
src/test/app/ReducedOffer_test.cpp:193:            // alice's offer has a slightly smaller TakerPays with each
src/test/app/ReducedOffer_test.cpp:266:                STAmount const initialRate = Quality(inLedger).rate();
src/test/app/ReducedOffer_test.cpp:294:                    STAmount const reducedTakerGets = amountFromJson(
src/test/app/ReducedOffer_test.cpp:295:                        sfTakerGets,
src/test/app/ReducedOffer_test.cpp:296:                        aliceOffer[jss::node][sfTakerGets.jsonName]);
src/test/app/ReducedOffer_test.cpp:297:                    STAmount const reducedTakerPays = amountFromJson(
src/test/app/ReducedOffer_test.cpp:298:                        sfTakerPays,
src/test/app/ReducedOffer_test.cpp:299:                        aliceOffer[jss::node][sfTakerPays.jsonName]);
src/test/app/ReducedOffer_test.cpp:302:                    BEAST_EXPECT(reducedTakerPays < inLedger.in);
src/test/app/ReducedOffer_test.cpp:303:                    BEAST_EXPECT(reducedTakerGets < inLedger.out);
src/test/app/ReducedOffer_test.cpp:305:                        Quality(Amounts{reducedTakerPays, reducedTakerGets})
src/test/app/ReducedOffer_test.cpp:310:                    // incrementing the mantissa of the reduced taker pays
src/test/app/ReducedOffer_test.cpp:312:                    // this to verify that the largest allowable TakerPays
src/test/app/ReducedOffer_test.cpp:316:                        STAmount const tweakedTakerPays =
src/test/app/ReducedOffer_test.cpp:317:                            reducedTakerPays + drops(1);
src/test/app/ReducedOffer_test.cpp:319:                            Quality(Amounts{tweakedTakerPays, reducedTakerGets})
src/test/app/ReducedOffer_test.cpp:326:                              << "; TakerPays: " << reducedTakerPays
src/test/app/ReducedOffer_test.cpp:327:                              << "; TakerGets: " << reducedTakerGets
src/test/app/ReducedOffer_test.cpp:332:                    std::cout << "| `" << reducedTakerGets << "` | `"
src/test/app/ReducedOffer_test.cpp:333:                              << reducedTakerPays << "` | `" << initialRate
src/test/app/ReducedOffer_test.cpp:351:            // bob's offer has a slightly smaller TakerPays with each iteration.
src/test/app/ReducedOffer_test.cpp:617:            amountFromJson(sfTakerPays, json[sfTakerPays.jsonName]);
src/test/app/ReducedOffer_test.cpp:619:            amountFromJson(sfTakerGets, json[sfTakerGets.jsonName]);
src/test/app/ReducedOffer_test.cpp:673:                    Quality(jsonOfferToAmounts(ledgerEntryOffer(
src/test/app/ReducedOffer_test.cpp:717:                        Quality(aliceReducedOffer).rate();
src/test/app/ReducedOffer_test.cpp:721:                    // incrementing the mantissa of the reduced TakerGets
src/test/app/ReducedOffer_test.cpp:723:                    // this to verify that the largest allowable TakerGets
src/test/app/ReducedOffer_test.cpp:727:                        STAmount const tweakedTakerGets(
src/test/app/ReducedOffer_test.cpp:733:                            Quality(
src/test/app/ReducedOffer_test.cpp:734:                                Amounts{aliceReducedOffer.in, tweakedTakerGets})
src/test/app/ReducedOffer_test.cpp:741:                              << "; TakerPays: " << aliceReducedOffer.in
src/test/app/ReducedOffer_test.cpp:742:                              << "; TakerGets: " << aliceReducedOffer.out
src/xrpld/app/tx/detail/Credentials.cpp:20:#include <xrpld/app/tx/detail/Credentials.h>
src/xrpld/app/tx/detail/Credentials.cpp:24:#include <xrpl/ledger/CredentialHelpers.h>
src/xrpld/app/tx/detail/Credentials.cpp:35:    Credentials
src/xrpld/app/tx/detail/Credentials.cpp:38:   A verifiable credentials (VC
src/xrpld/app/tx/detail/Credentials.cpp:39:   https://en.wikipedia.org/wiki/Verifiable_credentials), as defined by the W3C
src/xrpld/app/tx/detail/Credentials.cpp:42:   as an individual, organization, or even an IoT device. These credentials are
src/xrpld/app/tx/detail/Credentials.cpp:47:using namespace credentials;
src/xrpld/app/tx/detail/Credentials.cpp:52:CredentialCreate::getFlagsMask(PreflightContext const& ctx)
src/xrpld/app/tx/detail/Credentials.cpp:59:CredentialCreate::preflight(PreflightContext const& ctx)
src/xrpld/app/tx/detail/Credentials.cpp:71:    if (uri && (uri->empty() || (uri->size() > maxCredentialURILength)))
src/xrpld/app/tx/detail/Credentials.cpp:77:    auto const credType = tx[sfCredentialType];
src/xrpld/app/tx/detail/Credentials.cpp:78:    if (credType.empty() || (credType.size() > maxCredentialTypeLength))
src/xrpld/app/tx/detail/Credentials.cpp:81:            << "Malformed transaction: invalid size of CredentialType.";
src/xrpld/app/tx/detail/Credentials.cpp:89:CredentialCreate::preclaim(PreclaimContext const& ctx)
src/xrpld/app/tx/detail/Credentials.cpp:91:    auto const credType(ctx.tx[sfCredentialType]);
src/xrpld/app/tx/detail/Credentials.cpp:101:            keylet::credential(subject, ctx.tx[sfAccount], credType)))
src/xrpld/app/tx/detail/Credentials.cpp:103:        JLOG(ctx.j.trace()) << "Credential already exists.";
src/xrpld/app/tx/detail/Credentials.cpp:111:CredentialCreate::doApply()
src/xrpld/app/tx/detail/Credentials.cpp:114:    auto const credType(ctx_.tx[sfCredentialType]);
src/xrpld/app/tx/detail/Credentials.cpp:115:    Keylet const credentialKey =
src/xrpld/app/tx/detail/Credentials.cpp:116:        keylet::credential(subject, account_, credType);
src/xrpld/app/tx/detail/Credentials.cpp:118:    auto const sleCred = std::make_shared<SLE>(credentialKey);
src/xrpld/app/tx/detail/Credentials.cpp:120:        return tefINTERNAL;  // LCOV_EXCL_LINE
src/xrpld/app/tx/detail/Credentials.cpp:132:            return tecEXPIRED;
src/xrpld/app/tx/detail/Credentials.cpp:140:        return tefINTERNAL;  // LCOV_EXCL_LINE
src/xrpld/app/tx/detail/Credentials.cpp:144:            sleIssuer->getFieldU32(sfOwnerCount) + 1)};
src/xrpld/app/tx/detail/Credentials.cpp:151:    sleCred->setFieldVL(sfCredentialType, credType);
src/xrpld/app/tx/detail/Credentials.cpp:157:        auto const page = view().dirInsert(
src/xrpld/app/tx/detail/Credentials.cpp:158:            keylet::ownerDir(account_),
src/xrpld/app/tx/detail/Credentials.cpp:159:            credentialKey,
src/xrpld/app/tx/detail/Credentials.cpp:161:        JLOG(j_.trace()) << "Adding Credential to owner directory "
src/xrpld/app/tx/detail/Credentials.cpp:162:                         << to_string(credentialKey.key) << ": "
src/xrpld/app/tx/detail/Credentials.cpp:165:            return tecDIR_FULL;
src/xrpld/app/tx/detail/Credentials.cpp:168:        adjustOwnerCount(view(), sleIssuer, 1, j_);
src/xrpld/app/tx/detail/Credentials.cpp:177:        auto const page = view().dirInsert(
src/xrpld/app/tx/detail/Credentials.cpp:178:            keylet::ownerDir(subject),
src/xrpld/app/tx/detail/Credentials.cpp:179:            credentialKey,
src/xrpld/app/tx/detail/Credentials.cpp:181:        JLOG(j_.trace()) << "Adding Credential to owner directory "
src/xrpld/app/tx/detail/Credentials.cpp:182:                         << to_string(credentialKey.key) << ": "
src/xrpld/app/tx/detail/Credentials.cpp:185:            return tecDIR_FULL;
src/xrpld/app/tx/detail/Credentials.cpp:198:CredentialDelete::getFlagsMask(PreflightContext const& ctx)
src/xrpld/app/tx/detail/Credentials.cpp:205:CredentialDelete::preflight(PreflightContext const& ctx)
src/xrpld/app/tx/detail/Credentials.cpp:226:    auto const credType = ctx.tx[sfCredentialType];
src/xrpld/app/tx/detail/Credentials.cpp:227:    if (credType.empty() || (credType.size() > maxCredentialTypeLength))
src/xrpld/app/tx/detail/Credentials.cpp:230:            << "Malformed transaction: invalid size of CredentialType.";
src/xrpld/app/tx/detail/Credentials.cpp:238:CredentialDelete::preclaim(PreclaimContext const& ctx)
src/xrpld/app/tx/detail/Credentials.cpp:243:    auto const credType(ctx.tx[sfCredentialType]);
src/xrpld/app/tx/detail/Credentials.cpp:245:    if (!ctx.view.exists(keylet::credential(subject, issuer, credType)))
src/xrpld/app/tx/detail/Credentials.cpp:252:CredentialDelete::doApply()
src/xrpld/app/tx/detail/Credentials.cpp:257:    auto const credType(ctx_.tx[sfCredentialType]);
src/xrpld/app/tx/detail/Credentials.cpp:259:        view().peek(keylet::credential(subject, issuer, credType));
src/xrpld/app/tx/detail/Credentials.cpp:261:        return tefINTERNAL;  // LCOV_EXCL_LINE
src/xrpld/app/tx/detail/Credentials.cpp:266:        JLOG(j_.trace()) << "Can't delete non-expired credential.";
src/xrpld/app/tx/detail/Credentials.cpp:267:        return tecNO_PERMISSION;
src/xrpld/app/tx/detail/Credentials.cpp:270:    return deleteSLE(view(), sleCred, j_);
src/xrpld/app/tx/detail/Credentials.cpp:276:CredentialAccept::getFlagsMask(PreflightContext const& ctx)
src/xrpld/app/tx/detail/Credentials.cpp:283:CredentialAccept::preflight(PreflightContext const& ctx)
src/xrpld/app/tx/detail/Credentials.cpp:291:    auto const credType = ctx.tx[sfCredentialType];
src/xrpld/app/tx/detail/Credentials.cpp:292:    if (credType.empty() || (credType.size() > maxCredentialTypeLength))
src/xrpld/app/tx/detail/Credentials.cpp:295:            << "Malformed transaction: invalid size of CredentialType.";
src/xrpld/app/tx/detail/Credentials.cpp:303:CredentialAccept::preclaim(PreclaimContext const& ctx)
src/xrpld/app/tx/detail/Credentials.cpp:307:    auto const credType(ctx.tx[sfCredentialType]);
src/xrpld/app/tx/detail/Credentials.cpp:316:        ctx.view.read(keylet::credential(subject, issuer, credType));
src/xrpld/app/tx/detail/Credentials.cpp:319:        JLOG(ctx.j.warn()) << "No credential: " << to_string(subject) << ", "
src/xrpld/app/tx/detail/Credentials.cpp:326:        JLOG(ctx.j.warn()) << "Credential already accepted: "
src/xrpld/app/tx/detail/Credentials.cpp:336:CredentialAccept::doApply()
src/xrpld/app/tx/detail/Credentials.cpp:340:    // Both exist as credential object exist itself (checked in preclaim)
src/xrpld/app/tx/detail/Credentials.cpp:345:        return tefINTERNAL;  // LCOV_EXCL_LINE
src/xrpld/app/tx/detail/Credentials.cpp:349:            sleSubject->getFieldU32(sfOwnerCount) + 1)};
src/xrpld/app/tx/detail/Credentials.cpp:354:    auto const credType(ctx_.tx[sfCredentialType]);
src/xrpld/app/tx/detail/Credentials.cpp:355:    Keylet const credentialKey = keylet::credential(account_, issuer, credType);
src/xrpld/app/tx/detail/Credentials.cpp:356:    auto const sleCred = view().peek(credentialKey);  // Checked in preclaim()
src/xrpld/app/tx/detail/Credentials.cpp:358:        return tefINTERNAL;  // LCOV_EXCL_LINE
src/xrpld/app/tx/detail/Credentials.cpp:362:        JLOG(j_.trace()) << "Credential is expired: " << sleCred->getText();
src/xrpld/app/tx/detail/Credentials.cpp:363:        // delete expired credentials even if the transaction failed
src/xrpld/app/tx/detail/Credentials.cpp:364:        auto const err = credentials::deleteSLE(view(), sleCred, j_);
src/xrpld/app/tx/detail/Credentials.cpp:365:        return isTesSuccess(err) ? tecEXPIRED : err;
src/xrpld/app/tx/detail/Credentials.cpp:371:    adjustOwnerCount(view(), sleIssuer, -1, j_);
src/xrpld/app/tx/detail/Credentials.cpp:372:    adjustOwnerCount(view(), sleSubject, 1, j_);
src/xrpld/app/tx/detail/PermissionedDomainSet.cpp:20:#include <xrpld/app/tx/detail/PermissionedDomainSet.h>
src/xrpld/app/tx/detail/PermissionedDomainSet.cpp:22:#include <xrpl/ledger/CredentialHelpers.h>
src/xrpld/app/tx/detail/PermissionedDomainSet.cpp:32:PermissionedDomainSet::checkExtraFeatures(PreflightContext const& ctx)
src/xrpld/app/tx/detail/PermissionedDomainSet.cpp:34:    return ctx.rules.enabled(featureCredentials);
src/xrpld/app/tx/detail/PermissionedDomainSet.cpp:38:PermissionedDomainSet::preflight(PreflightContext const& ctx)
src/xrpld/app/tx/detail/PermissionedDomainSet.cpp:40:    if (auto err = credentials::checkArray(
src/xrpld/app/tx/detail/PermissionedDomainSet.cpp:41:            ctx.tx.getFieldArray(sfAcceptedCredentials),
src/xrpld/app/tx/detail/PermissionedDomainSet.cpp:42:            maxPermissionedDomainCredentialsArraySize,
src/xrpld/app/tx/detail/PermissionedDomainSet.cpp:47:    auto const domain = ctx.tx.at(~sfDomainID);
src/xrpld/app/tx/detail/PermissionedDomainSet.cpp:48:    if (domain && *domain == beast::zero)
src/xrpld/app/tx/detail/PermissionedDomainSet.cpp:55:PermissionedDomainSet::preclaim(PreclaimContext const& ctx)
src/xrpld/app/tx/detail/PermissionedDomainSet.cpp:60:        return tefINTERNAL;  // LCOV_EXCL_LINE
src/xrpld/app/tx/detail/PermissionedDomainSet.cpp:62:    auto const& credentials = ctx.tx.getFieldArray(sfAcceptedCredentials);
src/xrpld/app/tx/detail/PermissionedDomainSet.cpp:63:    for (auto const& credential : credentials)
src/xrpld/app/tx/detail/PermissionedDomainSet.cpp:66:                keylet::account(credential.getAccountID(sfIssuer))))
src/xrpld/app/tx/detail/PermissionedDomainSet.cpp:70:    if (ctx.tx.isFieldPresent(sfDomainID))
src/xrpld/app/tx/detail/PermissionedDomainSet.cpp:73:            keylet::permissionedDomain(ctx.tx.getFieldH256(sfDomainID)));
src/xrpld/app/tx/detail/PermissionedDomainSet.cpp:77:            return tecNO_PERMISSION;
src/xrpld/app/tx/detail/PermissionedDomainSet.cpp:85:PermissionedDomainSet::doApply()
src/xrpld/app/tx/detail/PermissionedDomainSet.cpp:87:    auto const ownerSle = view().peek(keylet::account(account_));
src/xrpld/app/tx/detail/PermissionedDomainSet.cpp:88:    if (!ownerSle)
src/xrpld/app/tx/detail/PermissionedDomainSet.cpp:89:        return tefINTERNAL;  // LCOV_EXCL_LINE
src/xrpld/app/tx/detail/PermissionedDomainSet.cpp:91:    auto const sortedTxCredentials =
src/xrpld/app/tx/detail/PermissionedDomainSet.cpp:92:        credentials::makeSorted(ctx_.tx.getFieldArray(sfAcceptedCredentials));
src/xrpld/app/tx/detail/PermissionedDomainSet.cpp:93:    STArray sortedLE(sfAcceptedCredentials, sortedTxCredentials.size());
src/xrpld/app/tx/detail/PermissionedDomainSet.cpp:94:    for (auto const& p : sortedTxCredentials)
src/xrpld/app/tx/detail/PermissionedDomainSet.cpp:96:        auto cred = STObject::makeInnerObject(sfCredential);
src/xrpld/app/tx/detail/PermissionedDomainSet.cpp:98:        cred.setFieldVL(sfCredentialType, p.second);
src/xrpld/app/tx/detail/PermissionedDomainSet.cpp:102:    if (ctx_.tx.isFieldPresent(sfDomainID))
src/xrpld/app/tx/detail/PermissionedDomainSet.cpp:104:        // Modify existing permissioned domain.
src/xrpld/app/tx/detail/PermissionedDomainSet.cpp:106:            keylet::permissionedDomain(ctx_.tx.getFieldH256(sfDomainID)));
src/xrpld/app/tx/detail/PermissionedDomainSet.cpp:108:            return tefINTERNAL;  // LCOV_EXCL_LINE
src/xrpld/app/tx/detail/PermissionedDomainSet.cpp:109:        slePd->peekFieldArray(sfAcceptedCredentials) = std::move(sortedLE);
src/xrpld/app/tx/detail/PermissionedDomainSet.cpp:114:        // Create new permissioned domain.
src/xrpld/app/tx/detail/PermissionedDomainSet.cpp:116:        auto const balance = STAmount((*ownerSle)[sfBalance]).xrp();
src/xrpld/app/tx/detail/PermissionedDomainSet.cpp:118:            ctx_.view().fees().accountReserve((*ownerSle)[sfOwnerCount] + 1);
src/xrpld/app/tx/detail/PermissionedDomainSet.cpp:125:        Keylet const pdKeylet = keylet::permissionedDomain(account_, seq);
src/xrpld/app/tx/detail/PermissionedDomainSet.cpp:130:        slePd->peekFieldArray(sfAcceptedCredentials) = std::move(sortedLE);
src/xrpld/app/tx/detail/PermissionedDomainSet.cpp:131:        auto const page = view().dirInsert(
src/xrpld/app/tx/detail/PermissionedDomainSet.cpp:132:            keylet::ownerDir(account_), pdKeylet, describeOwnerDir(account_));
src/xrpld/app/tx/detail/PermissionedDomainSet.cpp:134:            return tecDIR_FULL;  // LCOV_EXCL_LINE
src/xrpld/app/tx/detail/PermissionedDomainSet.cpp:138:        adjustOwnerCount(view(), ownerSle, 1, ctx_.journal);
src/xrpld/app/misc/PermissionedDEXHelpers.h:24:namespace permissioned_dex {
src/xrpld/app/misc/PermissionedDEXHelpers.h:26:// Check if an account is in a permissioned domain
src/xrpld/app/misc/PermissionedDEXHelpers.h:31:    Domain const& domainID);
src/xrpld/app/misc/PermissionedDEXHelpers.h:33:// Check if an offer is in the permissioned domain
src/xrpld/app/misc/PermissionedDEXHelpers.h:38:    Domain const& domainID,
src/xrpld/app/misc/PermissionedDEXHelpers.h:41:}  // namespace permissioned_dex
src/xrpld/app/tx/detail/PermissionedDomainDelete.cpp:20:#include <xrpld/app/tx/detail/PermissionedDomainDelete.h>
src/xrpld/app/tx/detail/PermissionedDomainDelete.cpp:28:PermissionedDomainDelete::preflight(PreflightContext const& ctx)
src/xrpld/app/tx/detail/PermissionedDomainDelete.cpp:30:    auto const domain = ctx.tx.getFieldH256(sfDomainID);
src/xrpld/app/tx/detail/PermissionedDomainDelete.cpp:31:    if (domain == beast::zero)
src/xrpld/app/tx/detail/PermissionedDomainDelete.cpp:38:PermissionedDomainDelete::preclaim(PreclaimContext const& ctx)
src/xrpld/app/tx/detail/PermissionedDomainDelete.cpp:40:    auto const domain = ctx.tx.getFieldH256(sfDomainID);
src/xrpld/app/tx/detail/PermissionedDomainDelete.cpp:41:    auto const sleDomain = ctx.view.read(keylet::permissionedDomain(domain));
src/xrpld/app/tx/detail/PermissionedDomainDelete.cpp:48:        "ripple::PermissionedDomainDelete::preclaim : required fields present");
src/xrpld/app/tx/detail/PermissionedDomainDelete.cpp:50:        return tecNO_PERMISSION;
src/xrpld/app/tx/detail/PermissionedDomainDelete.cpp:57:PermissionedDomainDelete::doApply()
src/xrpld/app/tx/detail/PermissionedDomainDelete.cpp:60:        ctx_.tx.isFieldPresent(sfDomainID),
src/xrpld/app/tx/detail/PermissionedDomainDelete.cpp:61:        "ripple::PermissionedDomainDelete::doApply : required field present");
src/xrpld/app/tx/detail/PermissionedDomainDelete.cpp:64:        view().peek(keylet::permissionedDomain(ctx_.tx.at(sfDomainID)));
src/xrpld/app/tx/detail/PermissionedDomainDelete.cpp:67:    if (!view().dirRemove(keylet::ownerDir(account_), page, slePd->key(), true))
src/xrpld/app/tx/detail/PermissionedDomainDelete.cpp:71:            << "Unable to delete permissioned domain directory entry.";
src/xrpld/app/tx/detail/PermissionedDomainDelete.cpp:76:    auto const ownerSle = view().peek(keylet::account(account_));
src/xrpld/app/tx/detail/PermissionedDomainDelete.cpp:78:        ownerSle && ownerSle->getFieldU32(sfOwnerCount) > 0,
src/xrpld/app/tx/detail/PermissionedDomainDelete.cpp:79:        "ripple::PermissionedDomainDelete::doApply : nonzero owner count");
src/xrpld/app/tx/detail/PermissionedDomainDelete.cpp:80:    adjustOwnerCount(view(), ownerSle, -1, ctx_.journal);
src/test/app/Offer_test.cpp:25:#include <xrpl/protocol/Quality.h>
src/test/app/Offer_test.cpp:61:        Issue const& taker_pays,
src/test/app/Offer_test.cpp:62:        Issue const& taker_gets)
src/test/app/Offer_test.cpp:66:        jvbp[jss::taker_pays][jss::currency] = to_string(taker_pays.currency);
src/test/app/Offer_test.cpp:67:        jvbp[jss::taker_pays][jss::issuer] = to_string(taker_pays.account);
src/test/app/Offer_test.cpp:68:        jvbp[jss::taker_gets][jss::currency] = to_string(taker_gets.currency);
src/test/app/Offer_test.cpp:69:        jvbp[jss::taker_gets][jss::issuer] = to_string(taker_gets.account);
src/test/app/Offer_test.cpp:79:        // We need at least two paths. One at good quality and one at bad
src/test/app/Offer_test.cpp:80:        // quality.  The bad quality path needs two offer books in a row.
src/test/app/Offer_test.cpp:81:        // Each offer book should have two offers at the same quality, the
src/test/app/Offer_test.cpp:84:        // be "taker gets" XRP. Old, broken would remove the first
src/test/app/Offer_test.cpp:85:        // "taker gets" xrp offer, even though the offer is still funded and
src/test/app/Offer_test.cpp:108:        // Must be two offers at the same quality
src/test/app/Offer_test.cpp:109:        // "taker gets" must be XRP
src/test/app/Offer_test.cpp:114:        // Offers for the poor quality path
src/test/app/Offer_test.cpp:115:        // Must be two offers at the same quality
src/test/app/Offer_test.cpp:119:        // Offers for the good quality path
src/test/app/Offer_test.cpp:166:            json(jss::OfferSequence, offer1Seq),
src/test/app/Offer_test.cpp:178:            json(jss::OfferSequence, offer1Seq),
src/test/app/Offer_test.cpp:186:        // Test cancellation now with OfferCancel tx
src/test/app/Offer_test.cpp:198:        // Create an offer that both fails with a tecEXPIRED code and removes
src/test/app/Offer_test.cpp:207:            json(jss::OfferSequence, offer2Seq),
src/test/app/Offer_test.cpp:208:            ter(featPreauth ? TER{tecEXPIRED} : TER{tesSUCCESS}));
src/test/app/Offer_test.cpp:267:        // 2) There is another offer in the same book with a quality
src/test/app/Offer_test.cpp:295:        // (at a good quality) is considered. (when the now removed
src/test/app/Offer_test.cpp:298:        // Offer at a quality poor enough so when the input xrp is
src/test/app/Offer_test.cpp:329:        // funding is taken into account, the offer's quality drops below its
src/test/app/Offer_test.cpp:330:        // initial quality and has an input amount of 1 drop. This is removed as
src/test/app/Offer_test.cpp:358:            // offer at a lower quality
src/test/app/Offer_test.cpp:365:            auto aliceTakerGets = crossBothOffers ? drops(2) : drops(1);
src/test/app/Offer_test.cpp:366:            env(offer(alice, USD(1), aliceTakerGets));
src/test/app/Offer_test.cpp:477:        // funding is taken into account, the offer's quality drops below its
src/test/app/Offer_test.cpp:478:        // initial quality and has an input amount of 1 drop. This is removed as
src/test/app/Offer_test.cpp:517:            // offer at a lower quality
src/test/app/Offer_test.cpp:525:            auto aliceTakerGets = crossBothOffers ? EUR(0.2) : EUR(0.1);
src/test/app/Offer_test.cpp:526:            env(offer(alice, USD(1), aliceTakerGets));
src/test/app/Offer_test.cpp:747:            env.require(balance(alice, r - f), owners(alice, 1));
src/test/app/Offer_test.cpp:774:                owners(alice, 1),
src/test/app/Offer_test.cpp:777:                owners(bob, 1));
src/test/app/Offer_test.cpp:808:                owners(alice, 1),
src/test/app/Offer_test.cpp:811:                owners(bob, 1),
src/test/app/Offer_test.cpp:814:                owners(carol, 2));
src/test/app/Offer_test.cpp:869:            env.require(owners(bob, 1), offers(bob, 1));
src/test/app/Offer_test.cpp:874:            env.require(owners(bob, 2), offers(bob, 2));
src/test/app/Offer_test.cpp:891:                owners(alice, 1),
src/test/app/Offer_test.cpp:895:                owners(bob, 1),
src/test/app/Offer_test.cpp:906:                owners(alice, 1),
src/test/app/Offer_test.cpp:910:                owners(bob, 1),
src/test/app/Offer_test.cpp:940:                owners(alice, 1),
src/test/app/Offer_test.cpp:952:                owners(alice, 1),
src/test/app/Offer_test.cpp:956:                owners(bob, 1),
src/test/app/Offer_test.cpp:968:                owners(alice, 1),
src/test/app/Offer_test.cpp:972:                owners(bob, 1),
src/test/app/Offer_test.cpp:997:                BEAST_EXPECT(offer[sfTakerGets] == XRP(2000));
src/test/app/Offer_test.cpp:998:                BEAST_EXPECT(offer[sfTakerPays] == USD(1000));
src/test/app/Offer_test.cpp:1012:                BEAST_EXPECT(offer[sfTakerGets] == USD(1000));
src/test/app/Offer_test.cpp:1013:                BEAST_EXPECT(offer[sfTakerPays] == XRP(2000));
src/test/app/Offer_test.cpp:1029:        // tfPassive -- cross only offers of better quality.
src/test/app/Offer_test.cpp:1050:            // of alice's (the one with better quality) and leave alice's
src/test/app/Offer_test.cpp:1061:                BEAST_EXPECT(offer[sfTakerGets] == USD(499.5));
src/test/app/Offer_test.cpp:1062:                BEAST_EXPECT(offer[sfTakerPays] == XRP(999));
src/test/app/Offer_test.cpp:1089:            balance(alice, startBalance), owners(alice, 0), offers(alice, 0));
src/test/app/Offer_test.cpp:1096:            balance(alice, startBalance), owners(alice, 0), offers(alice, 0));
src/test/app/Offer_test.cpp:1102:            env.require(owners(alice, 0), offers(alice, 0));
src/test/app/Offer_test.cpp:1108:            env.require(owners(alice, 1), offers(alice, 0));
src/test/app/Offer_test.cpp:1114:            env.require(owners(alice, 1), offers(alice, 0));
src/test/app/Offer_test.cpp:1117:            env.require(owners(alice, 1), offers(alice, 0));
src/test/app/Offer_test.cpp:1125:            env.require(owners(alice, 1), offers(alice, 0));
src/test/app/Offer_test.cpp:1131:                json(jss::OfferSequence, std::uint32_t(0)),
src/test/app/Offer_test.cpp:1133:            env.require(owners(alice, 1), offers(alice, 0));
src/test/app/Offer_test.cpp:1141:            env.require(owners(alice, 1), offers(alice, 0));
src/test/app/Offer_test.cpp:1175:            owners(alice, 1));
src/test/app/Offer_test.cpp:1183:            ter(featPreauth ? TER{tecEXPIRED} : TER{tesSUCCESS}));
src/test/app/Offer_test.cpp:1189:            owners(alice, 1));
src/test/app/Offer_test.cpp:1200:            owners(alice, 2));
src/test/app/Offer_test.cpp:1208:            owners(alice, 2));
src/test/app/Offer_test.cpp:1216:            owners(alice, 1),
src/test/app/Offer_test.cpp:1220:            owners(bob, 1));
src/test/app/Offer_test.cpp:1249:        env.require(balance("alice", reserve(env, 0) - f), owners("alice", 0));
src/test/app/Offer_test.cpp:1256:        env.require(balance("bob", reserve(env, 0)), owners("bob", 0));
src/test/app/Offer_test.cpp:1265:            balance("carol", reserve(env, 0) + XRP(1)), owners("carol", 0));
src/test/app/Offer_test.cpp:1272:        env.require(balance("dan", reserve(env, 1)), owners("dan", 1));
src/test/app/Offer_test.cpp:1280:            balance("eve", reserve(env, 1) + xrpOffer), owners("eve", 1));
src/test/app/Offer_test.cpp:1354:                BEAST_EXPECT(offer[sfTakerGets] == USD(0));
src/test/app/Offer_test.cpp:1355:                BEAST_EXPECT(offer[sfTakerPays] == XRP(0));
src/test/app/Offer_test.cpp:1380:        // offer by the same owner/taker to be removed
src/test/app/Offer_test.cpp:1471:                BEAST_EXPECT(bobOffer[sfTakerGets.jsonName][jss::value] == "1");
src/test/app/Offer_test.cpp:1472:                BEAST_EXPECT(bobOffer[sfTakerPays.jsonName] == "2000000000");
src/test/app/Offer_test.cpp:1624:    testOfferCancelPastAndFuture(FeatureBitset features)
src/test/app/Offer_test.cpp:1665:        env.require(owners(bob, 0));
src/test/app/Offer_test.cpp:1670:        env.require(owners(alice, 1), owners(bob, 1));
src/test/app/Offer_test.cpp:1676:        env.require(owners(alice, 1), owners(bob, 2));
src/test/app/Offer_test.cpp:1679:            jro[jss::node][jss::TakerGets] == XRP(500).value().getText());
src/test/app/Offer_test.cpp:1681:            jro[jss::node][jss::TakerPays] ==
src/test/app/Offer_test.cpp:1700:        env.require(owners(alice, 1), owners(bob, 1));
src/test/app/Offer_test.cpp:1763:            jro[jss::node][jss::TakerGets] == XRP(300).value().getText());
src/test/app/Offer_test.cpp:1765:            jro[jss::node][jss::TakerPays] ==
src/test/app/Offer_test.cpp:1855:            jro[jss::node][jss::TakerGets] ==
src/test/app/Offer_test.cpp:1858:            jro[jss::node][jss::TakerPays] == XRP(250).value().getText());
src/test/app/Offer_test.cpp:1903:            jro[jss::node][jss::TakerGets] == XRP(250).value().getText());
src/test/app/Offer_test.cpp:1905:            jro[jss::node][jss::TakerPays] ==
src/test/app/Offer_test.cpp:1962:            jro[jss::node][jss::TakerGets] == XRP(200).value().getText());
src/test/app/Offer_test.cpp:1964:            jro[jss::node][jss::TakerPays] ==
src/test/app/Offer_test.cpp:1969:            jro[jss::node][jss::TakerGets] ==
src/test/app/Offer_test.cpp:1972:            jro[jss::node][jss::TakerPays] == XRP(200).value().getText());
src/test/app/Offer_test.cpp:2028:        env.require(owners(bob, 3));
src/test/app/Offer_test.cpp:2033:        env.require(owners(alice, 2));
src/test/app/Offer_test.cpp:2039:        env.require(owners(carol, 1));
src/test/app/Offer_test.cpp:2098:    testOfferCreateThenCross(FeatureBitset features)
src/test/app/Offer_test.cpp:2384:            int owners;               // Owners on account
src/test/app/Offer_test.cpp:2389:            // acct                     fundXrp        bookAmt   preTrust  offerAmt                   tec     spentXrp       balanceUSD offers  owners
src/test/app/Offer_test.cpp:2472:            env.require(owners(acct, t.owners));
src/test/app/Offer_test.cpp:2481:                BEAST_EXPECT(acctOffer[sfTakerGets] == XRP(leftover));
src/test/app/Offer_test.cpp:2482:                BEAST_EXPECT(acctOffer[sfTakerPays] == USD(leftover));
src/test/app/Offer_test.cpp:2581:            BEAST_EXPECT(bobsOffer[sfTakerGets] == USD(1));
src/test/app/Offer_test.cpp:2582:            BEAST_EXPECT(bobsOffer[sfTakerPays] == XRP(1));
src/test/app/Offer_test.cpp:2667:                BEAST_EXPECT(bobsOffer[sfTakerGets] == USD(1));
src/test/app/Offer_test.cpp:2668:                BEAST_EXPECT(bobsOffer[sfTakerPays] == EUR(1));
src/test/app/Offer_test.cpp:2762:            BEAST_EXPECT(alicesOffer[sfTakerGets] == USD(600));
src/test/app/Offer_test.cpp:2763:            BEAST_EXPECT(alicesOffer[sfTakerPays] == XRP(600));
src/test/app/Offer_test.cpp:2771:            BEAST_EXPECT(bobsOffer[sfTakerGets] == XRP(600));
src/test/app/Offer_test.cpp:2772:            BEAST_EXPECT(bobsOffer[sfTakerPays] == EUR(600));
src/test/app/Offer_test.cpp:2797:            BEAST_EXPECT(alicesOffer[sfTakerGets] == USD(0));
src/test/app/Offer_test.cpp:2798:            BEAST_EXPECT(alicesOffer[sfTakerPays] == XRP(0));
src/test/app/Offer_test.cpp:2838:            int owners;           // Owners on acct
src/test/app/Offer_test.cpp:2839:            STAmount takerGets;   // Remainder of acct's offer
src/test/app/Offer_test.cpp:2840:            STAmount takerPays;   //
src/test/app/Offer_test.cpp:2842:            // Constructor with takerGets/takerPays
src/test/app/Offer_test.cpp:2855:                int owners_,                 // Owners on acct
src/test/app/Offer_test.cpp:2856:                STAmount const& takerGets_,  // Remainder of acct's offer
src/test/app/Offer_test.cpp:2857:                STAmount const& takerPays_)  //
src/test/app/Offer_test.cpp:2869:                , owners(owners_)
src/test/app/Offer_test.cpp:2870:                , takerGets(takerGets_)
src/test/app/Offer_test.cpp:2871:                , takerPays(takerPays_)
src/test/app/Offer_test.cpp:2875:            // Constructor without takerGets/takerPays
src/test/app/Offer_test.cpp:2888:                int owners_)                // Owners on acct
src/test/app/Offer_test.cpp:2901:                      owners_,
src/test/app/Offer_test.cpp:2911:            // acct                           fundXrp  fundUSD   gwGets   gwPays acctGets acctPays                     tec            spentXrp  finalUSD offers  owners  takerGets  takerPays
src/test/app/Offer_test.cpp:2967:            env.require(owners(acct, t.owners));
src/test/app/Offer_test.cpp:2978:                    BEAST_EXPECT(acctOffer[sfTakerGets] == t.takerGets);
src/test/app/Offer_test.cpp:2979:                    BEAST_EXPECT(acctOffer[sfTakerPays] == t.takerPays);
src/test/app/Offer_test.cpp:3191:                BEAST_EXPECT(evesOffer[sfTakerGets] == XRP(2000));
src/test/app/Offer_test.cpp:3192:                BEAST_EXPECT(evesOffer[sfTakerPays] == USD(5));
src/test/app/Offer_test.cpp:3244:            // A trust line's QualityIn should not affect offer crossing.
src/test/app/Offer_test.cpp:3250:            env(trust(ivy, USD(400)), qualityInPercent(90));
src/test/app/Offer_test.cpp:3251:            env(trust(ivy, EUR(400)), qualityInPercent(80));
src/test/app/Offer_test.cpp:3252:            env(trust(joe, USD(400)), qualityInPercent(70));
src/test/app/Offer_test.cpp:3253:            env(trust(joe, EUR(400)), qualityInPercent(60));
src/test/app/Offer_test.cpp:3279:            // A trust line's QualityOut should not affect offer crossing.
src/test/app/Offer_test.cpp:3287:            // Verify trust line QualityOut affects payments.
src/test/app/Offer_test.cpp:3292:            env(trust(lex, N_BUX(200)), qualityOutPercent(120));
src/test/app/Offer_test.cpp:3311:            // Now verify that offer crossing is unaffected by QualityOut.
src/test/app/Offer_test.cpp:3369:                BEAST_EXPECT(ovasOffer[sfTakerGets] == USD(0));
src/test/app/Offer_test.cpp:3370:                BEAST_EXPECT(ovasOffer[sfTakerPays] == XRP(0));
src/test/app/Offer_test.cpp:3397:        // BookOfferCrossingStep::limitSelfCrossQuality().
src/test/app/Offer_test.cpp:3423:        env.require(owners(gw, 3));
src/test/app/Offer_test.cpp:3432:            BEAST_EXPECT(offer[sfTakerGets] == XRP(600));
src/test/app/Offer_test.cpp:3433:            BEAST_EXPECT(offer[sfTakerPays] == USD(60));
src/test/app/Offer_test.cpp:3440:        env.require(owners(gw, 1));
src/test/app/Offer_test.cpp:3450:            BEAST_EXPECT(offer[sfTakerGets] == USD(100));
src/test/app/Offer_test.cpp:3451:            BEAST_EXPECT(offer[sfTakerPays] == XRP(1000));
src/test/app/Offer_test.cpp:3518:            env.require(owners(acct, 2 + offerCount));
src/test/app/Offer_test.cpp:3528:                BEAST_EXPECT(offer[sfTakerGets] == EUR(600));
src/test/app/Offer_test.cpp:3529:                BEAST_EXPECT(offer[sfTakerPays] == USD(500));
src/test/app/Offer_test.cpp:3537:            env.require(owners(acct, 2 + offerCount));
src/test/app/Offer_test.cpp:3549:                    BEAST_EXPECT(offer[sfTakerGets] == EUR(600));
src/test/app/Offer_test.cpp:3550:                    BEAST_EXPECT(offer[sfTakerPays] == USD(500));
src/test/app/Offer_test.cpp:3554:                    BEAST_EXPECT(offer[sfTakerGets] == USD(500));
src/test/app/Offer_test.cpp:3555:                    BEAST_EXPECT(offer[sfTakerPays] == EUR(600));
src/test/app/Offer_test.cpp:3604:        env.require(owners(alice, 1));
src/test/app/Offer_test.cpp:3615:            BEAST_EXPECT(offer[sfTakerGets] == USD(25));
src/test/app/Offer_test.cpp:3616:            BEAST_EXPECT(offer[sfTakerPays] == XRP(250));
src/test/app/Offer_test.cpp:3635:            // A trust line's QualityOut should not affect offer crossing.
src/test/app/Offer_test.cpp:3643:            // Verify trust line QualityOut affects payments.
src/test/app/Offer_test.cpp:3648:            env(trust(bob, D_BUX(200)), qualityOutPercent(120));
src/test/app/Offer_test.cpp:3745:    testSelfCrossLowQualityOffer(FeatureBitset features)
src/test/app/Offer_test.cpp:3750:        testcase("Self crossing low quality offer");
src/test/app/Offer_test.cpp:3822:            BEAST_EXPECT(offer[sfTakerGets] == drops(333599446582));
src/test/app/Offer_test.cpp:3823:            BEAST_EXPECT(offer[sfTakerPays] == CNY(13345.9461));
src/test/app/Offer_test.cpp:3873:                offer[sfTakerGets] ==
src/test/app/Offer_test.cpp:3875:            BEAST_EXPECT(offer[sfTakerPays] == BTC(0.035378));
src/test/app/Offer_test.cpp:3938:                offer[sfTakerGets] ==
src/test/app/Offer_test.cpp:3941:                offer[sfTakerPays] ==
src/test/app/Offer_test.cpp:4130:                            return (*offer)[sfTakerGets].signum() == 0;
src/test/app/Offer_test.cpp:4175:        // had the same owner and give them special processing.  And,
src/test/app/Offer_test.cpp:4279:                            return (*offer)[sfTakerGets].signum() == 0;
src/test/app/Offer_test.cpp:4434:        env(offer(alice, gwUSD(40), XRP(4000)), ter(tecNO_AUTH));
src/test/app/Offer_test.cpp:4753:            txn[sfTickSize.fieldName] = Quality::minTickSize - 1;
src/test/app/Offer_test.cpp:4756:            txn[sfTickSize.fieldName] = Quality::minTickSize;
src/test/app/Offer_test.cpp:4758:            BEAST_EXPECT((*env.le(gw))[sfTickSize] == Quality::minTickSize);
src/test/app/Offer_test.cpp:4761:            txn[sfTickSize.fieldName] = Quality::maxTickSize;
src/test/app/Offer_test.cpp:4766:            txn[sfTickSize.fieldName] = Quality::maxTickSize - 1;
src/test/app/Offer_test.cpp:4768:            BEAST_EXPECT((*env.le(gw))[sfTickSize] == Quality::maxTickSize - 1);
src/test/app/Offer_test.cpp:4771:            txn[sfTickSize.fieldName] = Quality::maxTickSize + 1;
src/test/app/Offer_test.cpp:4814:                            (*sle)[sfTakerPays], (*sle)[sfTakerGets]));
src/test/app/Offer_test.cpp:4837:        // exact TakerPays is XTS(1/.033333)
src/test/app/Offer_test.cpp:4891:        // Create four offers from the same account with identical quality
src/test/app/Offer_test.cpp:4928:            env.require(owners(alice, 5));
src/test/app/Offer_test.cpp:4977:        env.require(owners(alice, 1));
src/test/app/Offer_test.cpp:4979:        env.require(owners(bob, 1));
src/test/app/Offer_test.cpp:4983:    testTicketCancelOffer(FeatureBitset features)
src/test/app/Offer_test.cpp:5001:        env.require(owners(alice, 1), tickets(alice, 0));
src/test/app/Offer_test.cpp:5010:        env.require(owners(alice, 2), tickets(alice, 0));
src/test/app/Offer_test.cpp:5016:        env.require(owners(alice, 6), tickets(alice, 4));
src/test/app/Offer_test.cpp:5043:            env.require(owners(alice, 7));
src/test/app/Offer_test.cpp:5072:        env.require(owners(alice, 3), tickets(alice, 0));
src/test/app/Offer_test.cpp:5091:        env.require(owners(alice, 1), tickets(alice, 0), offers(alice, 0));
src/test/app/Offer_test.cpp:5120:        Account const taker("taker");
src/test/app/Offer_test.cpp:5125:        env.fund(XRP(1'000), maker, taker);
src/test/app/Offer_test.cpp:5128:        env.trust(USD(1'000), maker, taker);
src/test/app/Offer_test.cpp:5129:        env.trust(EUR(1'000), maker, taker);
src/test/app/Offer_test.cpp:5133:        env(pay(issuer, taker, USD(1'000)));
src/test/app/Offer_test.cpp:5138:        auto takerUSDBalance = env.balance(taker, USD).value();
src/test/app/Offer_test.cpp:5140:        auto takerEURBalance = env.balance(taker, EUR).value();
src/test/app/Offer_test.cpp:5142:        auto takerXRPBalance = env.balance(taker, XRP).value();
src/test/app/Offer_test.cpp:5144:        // tfFillOrKill, TakerPays must be filled
src/test/app/Offer_test.cpp:5152:            env(offer(taker, USD(100), XRP(101)),
src/test/app/Offer_test.cpp:5158:            takerXRPBalance -= txfee(env, 1);
src/test/app/Offer_test.cpp:5162:                takerUSDBalance += USD(100);
src/test/app/Offer_test.cpp:5164:                takerXRPBalance -= XRP(100).value();
src/test/app/Offer_test.cpp:5166:            BEAST_EXPECT(expectOffers(env, taker, 0));
src/test/app/Offer_test.cpp:5171:            env(offer(taker, XRP(100), USD(101)),
src/test/app/Offer_test.cpp:5177:            takerXRPBalance -= txfee(env, 1);
src/test/app/Offer_test.cpp:5181:                takerUSDBalance -= USD(100);
src/test/app/Offer_test.cpp:5183:                takerXRPBalance += XRP(100).value();
src/test/app/Offer_test.cpp:5185:            BEAST_EXPECT(expectOffers(env, taker, 0));
src/test/app/Offer_test.cpp:5190:            env(offer(taker, EUR(100), USD(101)),
src/test/app/Offer_test.cpp:5196:            takerXRPBalance -= txfee(env, 1);
src/test/app/Offer_test.cpp:5200:                takerUSDBalance -= USD(100);
src/test/app/Offer_test.cpp:5202:                takerEURBalance += EUR(100);
src/test/app/Offer_test.cpp:5204:            BEAST_EXPECT(expectOffers(env, taker, 0));
src/test/app/Offer_test.cpp:5207:        // tfFillOrKill + tfSell, TakerGets must be filled
src/test/app/Offer_test.cpp:5212:            env(offer(taker, USD(100), XRP(101)),
src/test/app/Offer_test.cpp:5217:            takerUSDBalance += USD(101);
src/test/app/Offer_test.cpp:5219:            takerXRPBalance -= XRP(101).value() + txfee(env, 1);
src/test/app/Offer_test.cpp:5220:            BEAST_EXPECT(expectOffers(env, taker, 0));
src/test/app/Offer_test.cpp:5225:            env(offer(taker, XRP(100), USD(101)),
src/test/app/Offer_test.cpp:5230:            takerUSDBalance -= USD(101);
src/test/app/Offer_test.cpp:5232:            takerXRPBalance += XRP(101).value() - txfee(env, 1);
src/test/app/Offer_test.cpp:5233:            BEAST_EXPECT(expectOffers(env, taker, 0));
src/test/app/Offer_test.cpp:5238:            env(offer(taker, EUR(100), USD(101)),
src/test/app/Offer_test.cpp:5243:            takerUSDBalance -= USD(101);
src/test/app/Offer_test.cpp:5245:            takerEURBalance += EUR(101);
src/test/app/Offer_test.cpp:5247:            takerXRPBalance -= txfee(env, 1);
src/test/app/Offer_test.cpp:5248:            BEAST_EXPECT(expectOffers(env, taker, 0));
src/test/app/Offer_test.cpp:5257:            env(offer(taker, USD(100), XRP(99)),
src/test/app/Offer_test.cpp:5263:            takerXRPBalance -= txfee(env, 1);
src/test/app/Offer_test.cpp:5264:            BEAST_EXPECT(expectOffers(env, taker, 0));
src/test/app/Offer_test.cpp:5269:            env(offer(taker, XRP(100), USD(99)),
src/test/app/Offer_test.cpp:5275:            takerXRPBalance -= txfee(env, 1);
src/test/app/Offer_test.cpp:5276:            BEAST_EXPECT(expectOffers(env, taker, 0));
src/test/app/Offer_test.cpp:5281:            env(offer(taker, EUR(100), USD(99)),
src/test/app/Offer_test.cpp:5287:            takerXRPBalance -= txfee(env, 1);
src/test/app/Offer_test.cpp:5288:            BEAST_EXPECT(expectOffers(env, taker, 0));
src/test/app/Offer_test.cpp:5293:            env.balance(taker, USD) == takerUSDBalance &&
src/test/app/Offer_test.cpp:5295:            env.balance(taker, EUR) == takerEURBalance &&
src/test/app/Offer_test.cpp:5297:            env.balance(taker, XRP) == takerXRPBalance);
src/test/app/Offer_test.cpp:5320:        testOfferCancelPastAndFuture(features);
src/test/app/Offer_test.cpp:5329:        testOfferCreateThenCross(features);
src/test/app/Offer_test.cpp:5344:        testSelfCrossLowQualityOffer(features);
src/test/app/Offer_test.cpp:5358:        testTicketCancelOffer(features);
src/test/app/Offer_test.cpp:5369:        static FeatureBitset const takerDryOffer{fixTakerDryOfferRemoval};
src/test/app/Offer_test.cpp:5375:        FeatureBitset const permDEX{featurePermissionedDEX};
src/test/app/Offer_test.cpp:5378:            all - takerDryOffer - immediateOfferKilled - permDEX,
src/test/app/Offer_test.cpp:5455:        FeatureBitset const takerDryOffer{fixTakerDryOfferRemoval};
src/test/app/Offer_test.cpp:5457:        FeatureBitset const permDEX{featurePermissionedDEX};
src/test/app/Offer_test.cpp:5465:        testAll(all - takerDryOffer - permDEX);
src/test/app/Invariants_test.cpp:57:    // this is common setup/method for running a failing invariant check. The
src/test/app/Invariants_test.cpp:73:     * detected by an invariant. Simulates the actions of a transaction that
src/test/app/Invariants_test.cpp:74:     * would violate an invariant.
src/test/app/Invariants_test.cpp:76:     * @param expect_logs One or more messages related to the failing invariant
src/test/app/Invariants_test.cpp:80:     * @tx A mock transaction that took the actions to trigger the invariant. In
src/test/app/Invariants_test.cpp:82:     * @ters The TER results expected on the two passes of the invariant
src/test/app/Invariants_test.cpp:96:            {tecINVARIANT_FAILED, tefINVARIANT_FAILED},
src/test/app/Invariants_test.cpp:112:     * detected by an invariant. Simulates the actions of a transaction that
src/test/app/Invariants_test.cpp:113:     * would violate an invariant.
src/test/app/Invariants_test.cpp:116:     * @param expect_logs One or more messages related to the failing invariant
src/test/app/Invariants_test.cpp:120:     * @tx A mock transaction that took the actions to trigger the invariant. In
src/test/app/Invariants_test.cpp:122:     * @ters The TER results expected on the two passes of the invariant
src/test/app/Invariants_test.cpp:136:            {tecINVARIANT_FAILED, tefINVARIANT_FAILED},
src/test/app/Invariants_test.cpp:169:            tecINVARIANT_FAILED,
src/test/app/Invariants_test.cpp:262:        // Note that this is a case where a second invocation of the invariant
src/test/app/Invariants_test.cpp:263:        // checker returns a tecINVARIANT_FAILED, not a tefINVARIANT_FAILED.
src/test/app/Invariants_test.cpp:272:            {tecINVARIANT_FAILED, tecINVARIANT_FAILED});
src/test/app/Invariants_test.cpp:321:            {{"account deletion left behind a non-zero owner count"}},
src/test/app/Invariants_test.cpp:323:                // Increment A1's owner count, then delete A1
src/test/app/Invariants_test.cpp:332:                BEAST_EXPECT(sleA1->at(sfOwnerCount) == 0);
src/test/app/Invariants_test.cpp:333:                adjustOwnerCount(ac.view(), sleA1, 1, ac.journal);
src/test/app/Invariants_test.cpp:393:                sle->at(sfOwnerCount) = 0;
src/test/app/Invariants_test.cpp:399:            {tecINVARIANT_FAILED, tefINVARIANT_FAILED},
src/test/app/Invariants_test.cpp:428:                sle->at(sfOwnerCount) = 0;
src/test/app/Invariants_test.cpp:435:            {tecINVARIANT_FAILED, tefINVARIANT_FAILED},
src/test/app/Invariants_test.cpp:483:                auto const ownerDirKeylet = keylet::ownerDir(ammAcctID);
src/test/app/Invariants_test.cpp:485:                BEAST_EXPECT(ac.view().dirRemove(
src/test/app/Invariants_test.cpp:486:                    ownerDirKeylet, ammSle->at(sfOwnerNode), ammKey, false));
src/test/app/Invariants_test.cpp:488:                    !ac.view().exists(ownerDirKeylet) ||
src/test/app/Invariants_test.cpp:489:                    ac.view().emptyDirDelete(ownerDirKeylet));
src/test/app/Invariants_test.cpp:495:                sle->at(sfOwnerCount) = 0;
src/test/app/Invariants_test.cpp:502:            {tecINVARIANT_FAILED, tefINVARIANT_FAILED},
src/test/app/Invariants_test.cpp:541:                // unsupported value so that the valid type invariant check
src/test/app/Invariants_test.cpp:719:            {tecINVARIANT_FAILED, tefINVARIANT_FAILED},
src/test/app/Invariants_test.cpp:731:            {tecINVARIANT_FAILED, tefINVARIANT_FAILED},
src/test/app/Invariants_test.cpp:743:            {tecINVARIANT_FAILED, tefINVARIANT_FAILED},
src/test/app/Invariants_test.cpp:836:                // offer with negative takerpays
src/test/app/Invariants_test.cpp:844:                sleNew->setFieldAmount(sfTakerPays, XRP(-1));
src/test/app/Invariants_test.cpp:852:                // offer with negative takergets
src/test/app/Invariants_test.cpp:860:                sleNew->setFieldAmount(sfTakerPays, A1["USD"](10));
src/test/app/Invariants_test.cpp:861:                sleNew->setFieldAmount(sfTakerGets, XRP(-1));
src/test/app/Invariants_test.cpp:877:                sleNew->setFieldAmount(sfTakerPays, XRP(10));
src/test/app/Invariants_test.cpp:878:                sleNew->setFieldAmount(sfTakerGets, XRP(11));
src/test/app/Invariants_test.cpp:1338:    createPermissionedDomain(
src/test/app/Invariants_test.cpp:1345:        Keylet const pdKeylet = keylet::permissionedDomain(A1.id(), seq);
src/test/app/Invariants_test.cpp:1354:            // this behavior, don't forget to use credentials::makeSorted
src/test/app/Invariants_test.cpp:1355:            STArray credentials(sfAcceptedCredentials, numCreds);
src/test/app/Invariants_test.cpp:1358:                auto cred = STObject::makeInnerObject(sfCredential);
src/test/app/Invariants_test.cpp:1362:                    sfCredentialType, Slice(credType.c_str(), credType.size()));
src/test/app/Invariants_test.cpp:1363:                credentials.push_back(std::move(cred));
src/test/app/Invariants_test.cpp:1365:            sle->setFieldArray(sfAcceptedCredentials, credentials);
src/test/app/Invariants_test.cpp:1373:    testPermissionedDomainInvariants(FeatureBitset features)
src/test/app/Invariants_test.cpp:1379:            tecINVARIANT_FAILED, tecINVARIANT_FAILED};
src/test/app/Invariants_test.cpp:1381:            tecINVARIANT_FAILED, tefINVARIANT_FAILED};
src/test/app/Invariants_test.cpp:1383:        testcase << "PermissionedDomain" +
src/test/app/Invariants_test.cpp:1388:            {{"permissioned domain with no rules."}},
src/test/app/Invariants_test.cpp:1390:                return createPermissionedDomain(ac, A1, A2, 0).get();
src/test/app/Invariants_test.cpp:1396:        testcase << "PermissionedDomain 2";
src/test/app/Invariants_test.cpp:1398:        auto constexpr tooBig = maxPermissionedDomainCredentialsArraySize + 1;
src/test/app/Invariants_test.cpp:1401:            {{"permissioned domain bad credentials size " +
src/test/app/Invariants_test.cpp:1404:                return !!createPermissionedDomain(ac, A1, A2, tooBig);
src/test/app/Invariants_test.cpp:1410:        testcase << "PermissionedDomain 3";
src/test/app/Invariants_test.cpp:1413:            {{"permissioned domain credentials aren't sorted"}},
src/test/app/Invariants_test.cpp:1415:                auto slePd = createPermissionedDomain(ac, A1, A2, 0);
src/test/app/Invariants_test.cpp:1417:                STArray credentials(sfAcceptedCredentials, 2);
src/test/app/Invariants_test.cpp:1420:                    auto cred = STObject::makeInnerObject(sfCredential);
src/test/app/Invariants_test.cpp:1425:                        sfCredentialType,
src/test/app/Invariants_test.cpp:1427:                    credentials.push_back(std::move(cred));
src/test/app/Invariants_test.cpp:1429:                slePd->setFieldArray(sfAcceptedCredentials, credentials);
src/test/app/Invariants_test.cpp:1437:        testcase << "PermissionedDomain 4";
src/test/app/Invariants_test.cpp:1440:            {{"permissioned domain credentials aren't unique"}},
src/test/app/Invariants_test.cpp:1442:                auto slePd = createPermissionedDomain(ac, A1, A2, 0);
src/test/app/Invariants_test.cpp:1444:                STArray credentials(sfAcceptedCredentials, 2);
src/test/app/Invariants_test.cpp:1447:                    auto cred = STObject::makeInnerObject(sfCredential);
src/test/app/Invariants_test.cpp:1449:                    cred.setFieldVL(sfCredentialType, Slice("cred_type", 9));
src/test/app/Invariants_test.cpp:1450:                    credentials.push_back(std::move(cred));
src/test/app/Invariants_test.cpp:1452:                slePd->setFieldArray(sfAcceptedCredentials, credentials);
src/test/app/Invariants_test.cpp:1460:        testcase << "PermissionedDomain Set 1";
src/test/app/Invariants_test.cpp:1463:            {{"permissioned domain with no rules."}},
src/test/app/Invariants_test.cpp:1466:                auto slePd = createPermissionedDomain(ac, A1, A2);
src/test/app/Invariants_test.cpp:1470:                    STArray credentials(sfAcceptedCredentials, 2);
src/test/app/Invariants_test.cpp:1471:                    slePd->setFieldArray(sfAcceptedCredentials, credentials);
src/test/app/Invariants_test.cpp:1481:        testcase << "PermissionedDomain Set 2";
src/test/app/Invariants_test.cpp:1484:            {{"permissioned domain bad credentials size " +
src/test/app/Invariants_test.cpp:1488:                auto slePd = createPermissionedDomain(ac, A1, A2);
src/test/app/Invariants_test.cpp:1492:                    STArray credentials(sfAcceptedCredentials, tooBig);
src/test/app/Invariants_test.cpp:1496:                        auto cred = STObject::makeInnerObject(sfCredential);
src/test/app/Invariants_test.cpp:1500:                            sfCredentialType,
src/test/app/Invariants_test.cpp:1502:                        credentials.push_back(std::move(cred));
src/test/app/Invariants_test.cpp:1505:                    slePd->setFieldArray(sfAcceptedCredentials, credentials);
src/test/app/Invariants_test.cpp:1515:        testcase << "PermissionedDomain Set 3";
src/test/app/Invariants_test.cpp:1518:            {{"permissioned domain credentials aren't sorted"}},
src/test/app/Invariants_test.cpp:1521:                auto slePd = createPermissionedDomain(ac, A1, A2);
src/test/app/Invariants_test.cpp:1525:                    STArray credentials(sfAcceptedCredentials, 2);
src/test/app/Invariants_test.cpp:1528:                        auto cred = STObject::makeInnerObject(sfCredential);
src/test/app/Invariants_test.cpp:1533:                            sfCredentialType,
src/test/app/Invariants_test.cpp:1535:                        credentials.push_back(std::move(cred));
src/test/app/Invariants_test.cpp:1538:                    slePd->setFieldArray(sfAcceptedCredentials, credentials);
src/test/app/Invariants_test.cpp:1548:        testcase << "PermissionedDomain Set 4";
src/test/app/Invariants_test.cpp:1551:            {{"permissioned domain credentials aren't unique"}},
src/test/app/Invariants_test.cpp:1554:                auto slePd = createPermissionedDomain(ac, A1, A2);
src/test/app/Invariants_test.cpp:1558:                    STArray credentials(sfAcceptedCredentials, 2);
src/test/app/Invariants_test.cpp:1561:                        auto cred = STObject::makeInnerObject(sfCredential);
src/test/app/Invariants_test.cpp:1564:                            sfCredentialType, Slice("cred_type", 9));
src/test/app/Invariants_test.cpp:1565:                        credentials.push_back(std::move(cred));
src/test/app/Invariants_test.cpp:1567:                    slePd->setFieldArray(sfAcceptedCredentials, credentials);
src/test/app/Invariants_test.cpp:1580:            {"transaction affected more than 1 permissioned domain entry."}};
src/test/app/Invariants_test.cpp:1583:            {"no domain objects affected by"}};
src/test/app/Invariants_test.cpp:1585:            {"domain object modified, but not deleted by "}};
src/test/app/Invariants_test.cpp:1586:        std::vector<std::string> badDeleted{{"domain object deleted by"}};
src/test/app/Invariants_test.cpp:1588:            {"domain object(s) affected by an unauthorized transaction."}};
src/test/app/Invariants_test.cpp:1591:            testcase << "PermissionedDomain set 2 domains ";
src/test/app/Invariants_test.cpp:1596:                    createPermissionedDomain(ac, A1, A2);
src/test/app/Invariants_test.cpp:1597:                    createPermissionedDomain(ac, A1, A2, 2, 11);
src/test/app/Invariants_test.cpp:1606:            testcase << "PermissionedDomain del 2 domains";
src/test/app/Invariants_test.cpp:1616:                createPermissionedDomainEnv(env1, A1, A2);
src/test/app/Invariants_test.cpp:1618:                createPermissionedDomainEnv(env1, A1, A2);
src/test/app/Invariants_test.cpp:1639:            testcase << "PermissionedDomain set 0 domains ";
src/test/app/Invariants_test.cpp:1652:            testcase << "PermissionedDomain del 0 domains";
src/test/app/Invariants_test.cpp:1662:                createPermissionedDomainEnv(env1, A1, A2);
src/test/app/Invariants_test.cpp:1664:                createPermissionedDomainEnv(env1, A1, A2);
src/test/app/Invariants_test.cpp:1681:            testcase << "PermissionedDomain set, delete domain";
src/test/app/Invariants_test.cpp:1691:                createPermissionedDomainEnv(env1, A1, A2);
src/test/app/Invariants_test.cpp:1710:            testcase << "PermissionedDomain del, create domain ";
src/test/app/Invariants_test.cpp:1715:                    createPermissionedDomain(ac, A1, A2);
src/test/app/Invariants_test.cpp:1724:            testcase << "PermissionedDomain invalid tx";
src/test/app/Invariants_test.cpp:1729:                    createPermissionedDomain(ac, A1, A2);
src/test/app/Invariants_test.cpp:1753:                    vault.create({.owner = a, .asset = xrpAsset});
src/test/app/Invariants_test.cpp:1814:                {tecINVARIANT_FAILED, tefINVARIANT_FAILED},
src/test/app/Invariants_test.cpp:1839:                {tecINVARIANT_FAILED, tefINVARIANT_FAILED},
src/test/app/Invariants_test.cpp:1860:    createPermissionedDomainEnv(
src/test/app/Invariants_test.cpp:1868:        pdomain::Credentials credentials;
src/test/app/Invariants_test.cpp:1873:            credentials.push_back({A2, credType});
src/test/app/Invariants_test.cpp:1877:        env(pdomain::setTx(A1, credentials));
src/test/app/Invariants_test.cpp:1878:        uint256 key = pdomain::getNewDomain(env.meta());
src/test/app/Invariants_test.cpp:1886:    testPermissionedDEX(FeatureBitset features)
src/test/app/Invariants_test.cpp:1892:        testcase << "PermissionedDEX" + std::string(fixEnabled ? " fix" : "");
src/test/app/Invariants_test.cpp:1896:            {{"domain doesn't exist"}},
src/test/app/Invariants_test.cpp:1901:                sleOffer->setFieldAmount(sfTakerPays, A1["USD"](10));
src/test/app/Invariants_test.cpp:1902:                sleOffer->setFieldAmount(sfTakerGets, XRP(1));
src/test/app/Invariants_test.cpp:1911:                        sfDomainID,
src/test/app/Invariants_test.cpp:1916:                    tx.setFieldAmount(sfTakerPays, A1["USD"](10));
src/test/app/Invariants_test.cpp:1917:                    tx.setFieldAmount(sfTakerGets, XRP(1));
src/test/app/Invariants_test.cpp:1919:            {tecINVARIANT_FAILED, tecINVARIANT_FAILED});
src/test/app/Invariants_test.cpp:1921:        // missing domain ID in offer object
src/test/app/Invariants_test.cpp:1924:            {{"hybrid offer is malformed"}},
src/test/app/Invariants_test.cpp:1929:                sleOffer->setFieldAmount(sfTakerPays, A1["USD"](10));
src/test/app/Invariants_test.cpp:1930:                sleOffer->setFieldAmount(sfTakerGets, XRP(1));
src/test/app/Invariants_test.cpp:1931:                sleOffer->setFlag(lsfHybrid);
src/test/app/Invariants_test.cpp:1935:                sleOffer->setFieldArray(sfAdditionalBooks, bookArr);
src/test/app/Invariants_test.cpp:1941:            {tecINVARIANT_FAILED, tecINVARIANT_FAILED});
src/test/app/Invariants_test.cpp:1943:        // more than one entry in sfAdditionalBooks
src/test/app/Invariants_test.cpp:1953:                createPermissionedDomainEnv(env1, A1, A2);
src/test/app/Invariants_test.cpp:1960:                {{"hybrid offer is malformed"}},
src/test/app/Invariants_test.cpp:1965:                    sleOffer->setFieldAmount(sfTakerPays, A1["USD"](10));
src/test/app/Invariants_test.cpp:1966:                    sleOffer->setFieldAmount(sfTakerGets, XRP(1));
src/test/app/Invariants_test.cpp:1967:                    sleOffer->setFlag(lsfHybrid);
src/test/app/Invariants_test.cpp:1968:                    sleOffer->setFieldH256(sfDomainID, pd1);
src/test/app/Invariants_test.cpp:1973:                    sleOffer->setFieldArray(sfAdditionalBooks, bookArr);
src/test/app/Invariants_test.cpp:1979:                {tecINVARIANT_FAILED, tecINVARIANT_FAILED});
src/test/app/Invariants_test.cpp:1982:        // empty sfAdditionalBooks (size 0) - caught by fixCleanup3_1_3
src/test/app/Invariants_test.cpp:1992:                createPermissionedDomainEnv(env1, A1, A2);
src/test/app/Invariants_test.cpp:1999:                {{"hybrid offer is malformed"}},
src/test/app/Invariants_test.cpp:2004:                    sleOffer->setFieldAmount(sfTakerPays, A1["USD"](10));
src/test/app/Invariants_test.cpp:2005:                    sleOffer->setFieldAmount(sfTakerGets, XRP(1));
src/test/app/Invariants_test.cpp:2006:                    sleOffer->setFlag(lsfHybrid);
src/test/app/Invariants_test.cpp:2007:                    sleOffer->setFieldH256(sfDomainID, pd1);
src/test/app/Invariants_test.cpp:2010:                    sleOffer->setFieldArray(sfAdditionalBooks, bookArr);
src/test/app/Invariants_test.cpp:2016:                {tecINVARIANT_FAILED, tecINVARIANT_FAILED});
src/test/app/Invariants_test.cpp:2019:        // hybrid offer missing sfAdditionalBooks
src/test/app/Invariants_test.cpp:2029:                createPermissionedDomainEnv(env1, A1, A2);
src/test/app/Invariants_test.cpp:2036:                {{"hybrid offer is malformed"}},
src/test/app/Invariants_test.cpp:2041:                    sleOffer->setFieldAmount(sfTakerPays, A1["USD"](10));
src/test/app/Invariants_test.cpp:2042:                    sleOffer->setFieldAmount(sfTakerGets, XRP(1));
src/test/app/Invariants_test.cpp:2043:                    sleOffer->setFlag(lsfHybrid);
src/test/app/Invariants_test.cpp:2044:                    sleOffer->setFieldH256(sfDomainID, pd1);
src/test/app/Invariants_test.cpp:2050:                {tecINVARIANT_FAILED, tecINVARIANT_FAILED});
src/test/app/Invariants_test.cpp:2062:                createPermissionedDomainEnv(env1, A1, A2);
src/test/app/Invariants_test.cpp:2064:                createPermissionedDomainEnv(env1, A1, A2);
src/test/app/Invariants_test.cpp:2071:                {{"transaction consumed wrong domains"}},
src/test/app/Invariants_test.cpp:2076:                    sleOffer->setFieldAmount(sfTakerPays, A1["USD"](10));
src/test/app/Invariants_test.cpp:2077:                    sleOffer->setFieldAmount(sfTakerGets, XRP(1));
src/test/app/Invariants_test.cpp:2078:                    sleOffer->setFieldH256(sfDomainID, pd1);
src/test/app/Invariants_test.cpp:2086:                        tx.setFieldH256(sfDomainID, pd2);
src/test/app/Invariants_test.cpp:2087:                        tx.setFieldAmount(sfTakerPays, A1["USD"](10));
src/test/app/Invariants_test.cpp:2088:                        tx.setFieldAmount(sfTakerGets, XRP(1));
src/test/app/Invariants_test.cpp:2090:                {tecINVARIANT_FAILED, tecINVARIANT_FAILED});
src/test/app/Invariants_test.cpp:2102:                createPermissionedDomainEnv(env1, A1, A2);
src/test/app/Invariants_test.cpp:2109:                {{"domain transaction affected regular offers"}},
src/test/app/Invariants_test.cpp:2114:                    sleOffer->setFieldAmount(sfTakerPays, A1["USD"](10));
src/test/app/Invariants_test.cpp:2115:                    sleOffer->setFieldAmount(sfTakerGets, XRP(1));
src/test/app/Invariants_test.cpp:2124:                        tx.setFieldH256(sfDomainID, pd1);
src/test/app/Invariants_test.cpp:2125:                        tx.setFieldAmount(sfTakerPays, A1["USD"](10));
src/test/app/Invariants_test.cpp:2126:                        tx.setFieldAmount(sfTakerGets, XRP(1));
src/test/app/Invariants_test.cpp:2128:                {tecINVARIANT_FAILED, tecINVARIANT_FAILED});
src/test/app/Invariants_test.cpp:2143:        auto [tx, vKeylet] = vault.create({.owner = a, .asset = asset});
src/test/app/Invariants_test.cpp:2215:                    {tecINVARIANT_FAILED, tefINVARIANT_FAILED},
src/test/app/Invariants_test.cpp:2312:                if (!BEAST_EXPECT(sleBroker->at(sfOwnerCount) == 0))
src/test/app/Invariants_test.cpp:2315:                // modified entries for the invariant to find
src/test/app/Invariants_test.cpp:2328:                auto const dirKeylet = keylet::ownerDir(pseudoAccountID);
src/test/app/Invariants_test.cpp:2348:                {{"Loan Broker with zero OwnerCount has multiple directory "
src/test/app/Invariants_test.cpp:2376:                {tecINVARIANT_FAILED, tefINVARIANT_FAILED},
src/test/app/Invariants_test.cpp:2380:                {{"Loan Broker with zero OwnerCount has multiple indexes in "
src/test/app/Invariants_test.cpp:2403:                {tecINVARIANT_FAILED, tefINVARIANT_FAILED},
src/test/app/Invariants_test.cpp:2433:                {tecINVARIANT_FAILED, tefINVARIANT_FAILED},
src/test/app/Invariants_test.cpp:2437:                {{"Loan Broker with zero OwnerCount has an unexpected entry in "
src/test/app/Invariants_test.cpp:2459:                {tecINVARIANT_FAILED, tefINVARIANT_FAILED},
src/test/app/Invariants_test.cpp:2473:                    // modified entries for the invariant to find
src/test/app/Invariants_test.cpp:2482:                {tecINVARIANT_FAILED, tefINVARIANT_FAILED},
src/test/app/Invariants_test.cpp:2516:                    {tecINVARIANT_FAILED, tefINVARIANT_FAILED},
src/test/app/Invariants_test.cpp:2537:                {tecINVARIANT_FAILED, tefINVARIANT_FAILED},
src/test/app/Invariants_test.cpp:2688:                vault.create({.owner = A1, .asset = xrpIssue()});
src/test/app/Invariants_test.cpp:2712:            {tecINVARIANT_FAILED, tecINVARIANT_FAILED},
src/test/app/Invariants_test.cpp:2715:                auto [tx, _] = vault.create({.owner = A1, .asset = xrpIssue()});
src/test/app/Invariants_test.cpp:2732:            {tecINVARIANT_FAILED, tecINVARIANT_FAILED},
src/test/app/Invariants_test.cpp:2735:                auto [tx, _] = vault.create({.owner = A1, .asset = xrpIssue()});
src/test/app/Invariants_test.cpp:2752:            {tecINVARIANT_FAILED, tecINVARIANT_FAILED},
src/test/app/Invariants_test.cpp:2755:                auto [tx, _] = vault.create({.owner = A1, .asset = xrpIssue()});
src/test/app/Invariants_test.cpp:2766:                auto const vaultPage = ac.view().dirInsert(
src/test/app/Invariants_test.cpp:2767:                    keylet::ownerDir(A1.id()),
src/test/app/Invariants_test.cpp:2776:            {tecINVARIANT_FAILED, tecINVARIANT_FAILED});
src/test/app/Invariants_test.cpp:2790:            {tecINVARIANT_FAILED, tecINVARIANT_FAILED},
src/test/app/Invariants_test.cpp:2793:                auto [tx, _] = vault.create({.owner = A1, .asset = xrpIssue()});
src/test/app/Invariants_test.cpp:2819:            {tecINVARIANT_FAILED, tecINVARIANT_FAILED},
src/test/app/Invariants_test.cpp:2824:                        vault.create({.owner = A1, .asset = xrpIssue()});
src/test/app/Invariants_test.cpp:2829:                        vault.create({.owner = A2, .asset = xrpIssue()});
src/test/app/Invariants_test.cpp:2842:                    auto const vaultPage = ac.view().dirInsert(
src/test/app/Invariants_test.cpp:2843:                        keylet::ownerDir(A.id()),
src/test/app/Invariants_test.cpp:2855:            {tecINVARIANT_FAILED, tecINVARIANT_FAILED});
src/test/app/Invariants_test.cpp:2869:            {tecINVARIANT_FAILED, tecINVARIANT_FAILED},
src/test/app/Invariants_test.cpp:2872:                auto [tx, _] = vault.create({.owner = A1, .asset = xrpIssue()});
src/test/app/Invariants_test.cpp:2896:            {tecINVARIANT_FAILED, tefINVARIANT_FAILED},
src/test/app/Invariants_test.cpp:2900:                    vault.create({.owner = A1, .asset = xrpIssue()});
src/test/app/Invariants_test.cpp:2920:                sleShares->setFieldH256(sfDomainID, uint256(13));
src/test/app/Invariants_test.cpp:2926:            {tecINVARIANT_FAILED, tecINVARIANT_FAILED},
src/test/app/Invariants_test.cpp:2937:            {tecINVARIANT_FAILED, tecINVARIANT_FAILED},
src/test/app/Invariants_test.cpp:2940:                auto [tx, _] = vault.create({.owner = A1, .asset = xrpIssue()});
src/test/app/Invariants_test.cpp:2952:            {tecINVARIANT_FAILED, tecINVARIANT_FAILED},
src/test/app/Invariants_test.cpp:2955:                auto [tx, _] = vault.create({.owner = A1, .asset = xrpIssue()});
src/test/app/Invariants_test.cpp:2967:            {tecINVARIANT_FAILED, tecINVARIANT_FAILED},
src/test/app/Invariants_test.cpp:2970:                auto [tx, _] = vault.create({.owner = A1, .asset = xrpIssue()});
src/test/app/Invariants_test.cpp:2982:            {tecINVARIANT_FAILED, tecINVARIANT_FAILED},
src/test/app/Invariants_test.cpp:2985:                auto [tx, _] = vault.create({.owner = A1, .asset = xrpIssue()});
src/test/app/Invariants_test.cpp:2997:            {tecINVARIANT_FAILED, tecINVARIANT_FAILED},
src/test/app/Invariants_test.cpp:3000:                auto [tx, _] = vault.create({.owner = A1, .asset = xrpIssue()});
src/test/app/Invariants_test.cpp:3024:            {tecINVARIANT_FAILED, tefINVARIANT_FAILED},
src/test/app/Invariants_test.cpp:3027:                auto [tx, _] = vault.create({.owner = A1, .asset = xrpIssue()});
src/test/app/Invariants_test.cpp:3046:            {tecINVARIANT_FAILED, tecINVARIANT_FAILED},
src/test/app/Invariants_test.cpp:3050:                    vault.create({.owner = A1, .asset = xrpIssue()});
src/test/app/Invariants_test.cpp:3096:            {tecINVARIANT_FAILED, tecINVARIANT_FAILED},
src/test/app/Invariants_test.cpp:3114:            {tecINVARIANT_FAILED, tecINVARIANT_FAILED},
src/test/app/Invariants_test.cpp:3130:            {tecINVARIANT_FAILED, tecINVARIANT_FAILED},
src/test/app/Invariants_test.cpp:3146:            {tecINVARIANT_FAILED, tecINVARIANT_FAILED},
src/test/app/Invariants_test.cpp:3164:            {tecINVARIANT_FAILED, tecINVARIANT_FAILED},
src/test/app/Invariants_test.cpp:3187:            {tecINVARIANT_FAILED, tecINVARIANT_FAILED},
src/test/app/Invariants_test.cpp:3204:            {tecINVARIANT_FAILED, tecINVARIANT_FAILED},
src/test/app/Invariants_test.cpp:3221:            {tecINVARIANT_FAILED, tecINVARIANT_FAILED},
src/test/app/Invariants_test.cpp:3245:            {tecINVARIANT_FAILED, tecINVARIANT_FAILED},
src/test/app/Invariants_test.cpp:3268:            {tecINVARIANT_FAILED, tecINVARIANT_FAILED},
src/test/app/Invariants_test.cpp:3292:            {tecINVARIANT_FAILED, tefINVARIANT_FAILED},
src/test/app/Invariants_test.cpp:3314:            {tecINVARIANT_FAILED, tecINVARIANT_FAILED},
src/test/app/Invariants_test.cpp:3318:                    vault.create({.owner = A1, .asset = xrpIssue()});
src/test/app/Invariants_test.cpp:3341:            {tecINVARIANT_FAILED, tecINVARIANT_FAILED},
src/test/app/Invariants_test.cpp:3345:                    vault.create({.owner = A1, .asset = xrpIssue()});
src/test/app/Invariants_test.cpp:3369:            {tecINVARIANT_FAILED, tecINVARIANT_FAILED},
src/test/app/Invariants_test.cpp:3373:                    vault.create({.owner = A1, .asset = xrpIssue()});
src/test/app/Invariants_test.cpp:3399:            {tecINVARIANT_FAILED, tecINVARIANT_FAILED},
src/test/app/Invariants_test.cpp:3403:                    vault.create({.owner = A1, .asset = xrpIssue()});
src/test/app/Invariants_test.cpp:3424:            {tecINVARIANT_FAILED, tecINVARIANT_FAILED},
src/test/app/Invariants_test.cpp:3428:                    vault.create({.owner = A1, .asset = xrpIssue()});
src/test/app/Invariants_test.cpp:3454:            {tecINVARIANT_FAILED, tecINVARIANT_FAILED},
src/test/app/Invariants_test.cpp:3458:                    vault.create({.owner = A1, .asset = xrpIssue()});
src/test/app/Invariants_test.cpp:3468:                // the invariants holding. Except one: it is created by the
src/test/app/Invariants_test.cpp:3473:                auto const vaultPage = ac.view().dirInsert(
src/test/app/Invariants_test.cpp:3474:                    keylet::ownerDir(A1.id()),
src/test/app/Invariants_test.cpp:3500:                auto const sharesPage = ac.view().dirInsert(
src/test/app/Invariants_test.cpp:3501:                    keylet::ownerDir(pseudoId),
src/test/app/Invariants_test.cpp:3528:            {tecINVARIANT_FAILED, tefINVARIANT_FAILED});
src/test/app/Invariants_test.cpp:3537:                auto const vaultPage = ac.view().dirInsert(
src/test/app/Invariants_test.cpp:3538:                    keylet::ownerDir(A1.id()),
src/test/app/Invariants_test.cpp:3566:                auto const sharesPage = ac.view().dirInsert(
src/test/app/Invariants_test.cpp:3567:                    keylet::ownerDir(pseudoId),
src/test/app/Invariants_test.cpp:3596:            {tecINVARIANT_FAILED, tefINVARIANT_FAILED});
src/test/app/Invariants_test.cpp:3605:                auto const vaultPage = ac.view().dirInsert(
src/test/app/Invariants_test.cpp:3606:                    keylet::ownerDir(A1.id()),
src/test/app/Invariants_test.cpp:3614:                auto const sharesPage = ac.view().dirInsert(
src/test/app/Invariants_test.cpp:3615:                    keylet::ownerDir(A2.id()),
src/test/app/Invariants_test.cpp:3643:            {tecINVARIANT_FAILED, tefINVARIANT_FAILED});
src/test/app/Invariants_test.cpp:3659:            {tecINVARIANT_FAILED, tecINVARIANT_FAILED},
src/test/app/Invariants_test.cpp:3679:            {tecINVARIANT_FAILED, tecINVARIANT_FAILED},
src/test/app/Invariants_test.cpp:3714:            {tecINVARIANT_FAILED, tecINVARIANT_FAILED},
src/test/app/Invariants_test.cpp:3745:            {tecINVARIANT_FAILED, tecINVARIANT_FAILED},
src/test/app/Invariants_test.cpp:3772:            {tecINVARIANT_FAILED, tecINVARIANT_FAILED},
src/test/app/Invariants_test.cpp:3791:            {tecINVARIANT_FAILED, tecINVARIANT_FAILED},
src/test/app/Invariants_test.cpp:3811:            {tecINVARIANT_FAILED, tecINVARIANT_FAILED},
src/test/app/Invariants_test.cpp:3834:            {tecINVARIANT_FAILED, tecINVARIANT_FAILED},
src/test/app/Invariants_test.cpp:3861:            {tecINVARIANT_FAILED, tecINVARIANT_FAILED},
src/test/app/Invariants_test.cpp:3882:            {tecINVARIANT_FAILED, tecINVARIANT_FAILED},
src/test/app/Invariants_test.cpp:3900:            {tecINVARIANT_FAILED, tecINVARIANT_FAILED},
src/test/app/Invariants_test.cpp:3932:                    // This commented out line causes the invariant violation.
src/test/app/Invariants_test.cpp:3935:            {tecINVARIANT_FAILED, tecINVARIANT_FAILED},
src/test/app/Invariants_test.cpp:3965:            {tecINVARIANT_FAILED, tecINVARIANT_FAILED},
src/test/app/Invariants_test.cpp:3991:            {tecINVARIANT_FAILED, tecINVARIANT_FAILED},
src/test/app/Invariants_test.cpp:4008:            {tecINVARIANT_FAILED, tecINVARIANT_FAILED},
src/test/app/Invariants_test.cpp:4025:            {tecINVARIANT_FAILED, tecINVARIANT_FAILED},
src/test/app/Invariants_test.cpp:4045:            {tecINVARIANT_FAILED, tecINVARIANT_FAILED},
src/test/app/Invariants_test.cpp:4064:            {tecINVARIANT_FAILED, tecINVARIANT_FAILED},
src/test/app/Invariants_test.cpp:4091:            {tecINVARIANT_FAILED, tecINVARIANT_FAILED},
src/test/app/Invariants_test.cpp:4134:            auto [tx, keylet] = vault.create({.owner = A1, .asset = asset});
src/test/app/Invariants_test.cpp:4162:            {tecINVARIANT_FAILED, tecINVARIANT_FAILED},
src/test/app/Invariants_test.cpp:4182:            {tecINVARIANT_FAILED, tecINVARIANT_FAILED},
src/test/app/Invariants_test.cpp:4197:            {tecINVARIANT_FAILED, tecINVARIANT_FAILED},
src/test/app/Invariants_test.cpp:4214:            {tecINVARIANT_FAILED, tecINVARIANT_FAILED},
src/test/app/Invariants_test.cpp:4237:            {tecINVARIANT_FAILED, tecINVARIANT_FAILED},
src/test/app/Invariants_test.cpp:4258:            {tecINVARIANT_FAILED, tecINVARIANT_FAILED},
src/test/app/Invariants_test.cpp:4283:            {tecINVARIANT_FAILED, tecINVARIANT_FAILED},
src/test/app/Invariants_test.cpp:4287:    // Test the invariant overwrite fix for both pre- and post-amendment
src/test/app/Invariants_test.cpp:4297:            tecINVARIANT_FAILED, tefINVARIANT_FAILED};
src/test/app/Invariants_test.cpp:4301:        // With the fix, the invariant catches the violation.
src/test/app/Invariants_test.cpp:4304:        // ordering (the invariant checks sfLowLimit/sfHighLimit issue,
src/test/app/Invariants_test.cpp:4580:        testPermissionedDomainInvariants(defaultAmendments() | fixCleanup3_1_3);
src/test/app/Invariants_test.cpp:4581:        testPermissionedDomainInvariants(defaultAmendments() - fixCleanup3_1_3);
src/test/app/Invariants_test.cpp:4582:        testPermissionedDEX(defaultAmendments() | fixCleanup3_1_3);
src/test/app/Invariants_test.cpp:4583:        testPermissionedDEX(defaultAmendments() - fixCleanup3_1_3);
src/test/app/PermissionedDomains_test.cpp:22:#include <xrpld/app/tx/detail/PermissionedDomainSet.h>
src/test/app/PermissionedDomains_test.cpp:53:class PermissionedDomains_test : public beast::unit_test::suite
src/test/app/PermissionedDomains_test.cpp:56:        testable_amendments() - featurePermissionedDomains - fixCleanup3_1_3};
src/test/app/PermissionedDomains_test.cpp:59:         | featurePermissionedDomains | featureCredentials) -
src/test/app/PermissionedDomains_test.cpp:64:        | featurePermissionedDomains | featureCredentials | fixCleanup3_1_3};
src/test/app/PermissionedDomains_test.cpp:74:        pdomain::Credentials credentials{{alice, "first credential"}};
src/test/app/PermissionedDomains_test.cpp:75:        env(pdomain::setTx(alice, credentials));
src/test/app/PermissionedDomains_test.cpp:76:        BEAST_EXPECT(env.ownerCount(alice) == 1);
src/test/app/PermissionedDomains_test.cpp:77:        auto objects = pdomain::getObjects(alice, env);
src/test/app/PermissionedDomains_test.cpp:80:        BEAST_EXPECT(objects == pdomain::getObjects(alice, env, false));
src/test/app/PermissionedDomains_test.cpp:81:        auto const domain = objects.begin()->first;
src/test/app/PermissionedDomains_test.cpp:82:        env(pdomain::deleteTx(alice, domain));
src/test/app/PermissionedDomains_test.cpp:85:    // Verify that PD cannot be created or updated if credentials are disabled
src/test/app/PermissionedDomains_test.cpp:87:    testCredentialsDisabled()
src/test/app/PermissionedDomains_test.cpp:90:        amendments.set(featurePermissionedDomains);
src/test/app/PermissionedDomains_test.cpp:91:        amendments.reset(featureCredentials);
src/test/app/PermissionedDomains_test.cpp:92:        testcase("Credentials disabled");
src/test/app/PermissionedDomains_test.cpp:96:        pdomain::Credentials credentials{{alice, "first credential"}};
src/test/app/PermissionedDomains_test.cpp:97:        env(pdomain::setTx(alice, credentials), ter(temDISABLED));
src/test/app/PermissionedDomains_test.cpp:108:        pdomain::Credentials credentials{{alice, "first credential"}};
src/test/app/PermissionedDomains_test.cpp:109:        env(pdomain::setTx(alice, credentials), ter(temDISABLED));
src/test/app/PermissionedDomains_test.cpp:110:        env(pdomain::deleteTx(alice, uint256(75)), ter(temDISABLED));
src/test/app/PermissionedDomains_test.cpp:114:    // behaviors of PermissionedDomainSet
src/test/app/PermissionedDomains_test.cpp:119:        std::optional<uint256> domain = std::nullopt)
src/test/app/PermissionedDomains_test.cpp:134:        // Test empty credentials.
src/test/app/PermissionedDomains_test.cpp:135:        env(pdomain::setTx(account, pdomain::Credentials(), domain),
src/test/app/PermissionedDomains_test.cpp:138:        // Test 11 credentials.
src/test/app/PermissionedDomains_test.cpp:139:        pdomain::Credentials const credentials11{
src/test/app/PermissionedDomains_test.cpp:140:            {alice2, "credential1"},
src/test/app/PermissionedDomains_test.cpp:141:            {alice3, "credential2"},
src/test/app/PermissionedDomains_test.cpp:142:            {alice4, "credential3"},
src/test/app/PermissionedDomains_test.cpp:143:            {alice5, "credential4"},
src/test/app/PermissionedDomains_test.cpp:144:            {alice6, "credential5"},
src/test/app/PermissionedDomains_test.cpp:145:            {alice7, "credential6"},
src/test/app/PermissionedDomains_test.cpp:146:            {alice8, "credential7"},
src/test/app/PermissionedDomains_test.cpp:147:            {alice9, "credential8"},
src/test/app/PermissionedDomains_test.cpp:148:            {alice10, "credential9"},
src/test/app/PermissionedDomains_test.cpp:149:            {alice11, "credential10"},
src/test/app/PermissionedDomains_test.cpp:150:            {alice12, "credential11"}};
src/test/app/PermissionedDomains_test.cpp:152:            credentials11.size() ==
src/test/app/PermissionedDomains_test.cpp:153:            maxPermissionedDomainCredentialsArraySize + 1);
src/test/app/PermissionedDomains_test.cpp:154:        env(pdomain::setTx(account, credentials11, domain),
src/test/app/PermissionedDomains_test.cpp:157:        // Test credentials including non-existent issuer.
src/test/app/PermissionedDomains_test.cpp:159:        pdomain::Credentials const credentialsNon{
src/test/app/PermissionedDomains_test.cpp:160:            {alice2, "credential1"},
src/test/app/PermissionedDomains_test.cpp:161:            {alice3, "credential2"},
src/test/app/PermissionedDomains_test.cpp:162:            {alice4, "credential3"},
src/test/app/PermissionedDomains_test.cpp:163:            {nobody, "credential4"},
src/test/app/PermissionedDomains_test.cpp:164:            {alice5, "credential5"},
src/test/app/PermissionedDomains_test.cpp:165:            {alice6, "credential6"},
src/test/app/PermissionedDomains_test.cpp:166:            {alice7, "credential7"}};
src/test/app/PermissionedDomains_test.cpp:167:        env(pdomain::setTx(account, credentialsNon, domain), ter(tecNO_ISSUER));
src/test/app/PermissionedDomains_test.cpp:170:        env(pdomain::setTx(account, credentials11, domain),
src/test/app/PermissionedDomains_test.cpp:174:        pdomain::Credentials const credentials4{
src/test/app/PermissionedDomains_test.cpp:175:            {alice2, "credential1"},
src/test/app/PermissionedDomains_test.cpp:176:            {alice3, "credential2"},
src/test/app/PermissionedDomains_test.cpp:177:            {alice4, "credential3"},
src/test/app/PermissionedDomains_test.cpp:178:            {alice5, "credential4"},
src/test/app/PermissionedDomains_test.cpp:180:        auto txJsonMutable = pdomain::setTx(account, credentials4, domain);
src/test/app/PermissionedDomains_test.cpp:181:        auto const credentialOrig = txJsonMutable["AcceptedCredentials"][2u];
src/test/app/PermissionedDomains_test.cpp:183:        // Remove Issuer from a credential and apply.
src/test/app/PermissionedDomains_test.cpp:184:        txJsonMutable["AcceptedCredentials"][2u][jss::Credential].removeMember(
src/test/app/PermissionedDomains_test.cpp:189:        // Make an empty CredentialType.
src/test/app/PermissionedDomains_test.cpp:190:        txJsonMutable["AcceptedCredentials"][2u] = credentialOrig;
src/test/app/PermissionedDomains_test.cpp:191:        txJsonMutable["AcceptedCredentials"][2u][jss::Credential]
src/test/app/PermissionedDomains_test.cpp:192:                     ["CredentialType"] = "";
src/test/app/PermissionedDomains_test.cpp:195:        // Make too long CredentialType.
src/test/app/PermissionedDomains_test.cpp:196:        constexpr std::string_view longCredentialType =
src/test/app/PermissionedDomains_test.cpp:198:        static_assert(longCredentialType.size() == maxCredentialTypeLength + 1);
src/test/app/PermissionedDomains_test.cpp:199:        txJsonMutable["AcceptedCredentials"][2u] = credentialOrig;
src/test/app/PermissionedDomains_test.cpp:200:        txJsonMutable["AcceptedCredentials"][2u][jss::Credential]
src/test/app/PermissionedDomains_test.cpp:201:                     ["CredentialType"] = std::string(longCredentialType);
src/test/app/PermissionedDomains_test.cpp:205:        // Remove Credentialtype from a credential and apply.
src/test/app/PermissionedDomains_test.cpp:206:        txJsonMutable["AcceptedCredentials"][2u][jss::Credential].removeMember(
src/test/app/PermissionedDomains_test.cpp:207:            "CredentialType");
src/test/app/PermissionedDomains_test.cpp:212:        txJsonMutable["AcceptedCredentials"][2u][jss::Credential].removeMember(
src/test/app/PermissionedDomains_test.cpp:217:        // Make 2 identical credentials. Duplicates are not supported by
src/test/app/PermissionedDomains_test.cpp:218:        // permissioned domains, so transactions should return errors
src/test/app/PermissionedDomains_test.cpp:220:            pdomain::Credentials const credentialsDup{
src/test/app/PermissionedDomains_test.cpp:221:                {alice7, "credential6"},
src/test/app/PermissionedDomains_test.cpp:222:                {alice2, "credential1"},
src/test/app/PermissionedDomains_test.cpp:223:                {alice3, "credential2"},
src/test/app/PermissionedDomains_test.cpp:224:                {alice2, "credential1"},
src/test/app/PermissionedDomains_test.cpp:225:                {alice5, "credential4"},
src/test/app/PermissionedDomains_test.cpp:229:            for (auto const& c : credentialsDup)
src/test/app/PermissionedDomains_test.cpp:232:            auto const sorted = pdomain::sortCredentials(credentialsDup);
src/test/app/PermissionedDomains_test.cpp:234:            env(pdomain::setTx(account, credentialsDup, domain),
src/test/app/PermissionedDomains_test.cpp:238:            env(pdomain::setTx(account, sorted, domain));
src/test/app/PermissionedDomains_test.cpp:241:            if (domain)
src/test/app/PermissionedDomains_test.cpp:242:                d = *domain;
src/test/app/PermissionedDomains_test.cpp:244:                d = pdomain::getNewDomain(env.meta());
src/test/app/PermissionedDomains_test.cpp:246:            auto objects = pdomain::getObjects(account, env);
src/test/app/PermissionedDomains_test.cpp:248:                pdomain::credentialsFromJson(objects[d], human2Acc);
src/test/app/PermissionedDomains_test.cpp:249:            auto const sortedCreds = pdomain::sortCredentials(credentialsDup);
src/test/app/PermissionedDomains_test.cpp:253:        // Have equal issuers but different credentials and make sure they
src/test/app/PermissionedDomains_test.cpp:256:            pdomain::Credentials const credentialsSame{
src/test/app/PermissionedDomains_test.cpp:257:                {alice2, "credential3"},
src/test/app/PermissionedDomains_test.cpp:258:                {alice3, "credential2"},
src/test/app/PermissionedDomains_test.cpp:259:                {alice2, "credential9"},
src/test/app/PermissionedDomains_test.cpp:260:                {alice5, "credential4"},
src/test/app/PermissionedDomains_test.cpp:261:                {alice2, "credential6"},
src/test/app/PermissionedDomains_test.cpp:264:            for (auto const& c : credentialsSame)
src/test/app/PermissionedDomains_test.cpp:268:                credentialsSame != pdomain::sortCredentials(credentialsSame));
src/test/app/PermissionedDomains_test.cpp:269:            env(pdomain::setTx(account, credentialsSame, domain));
src/test/app/PermissionedDomains_test.cpp:272:            if (domain)
src/test/app/PermissionedDomains_test.cpp:273:                d = *domain;
src/test/app/PermissionedDomains_test.cpp:275:                d = pdomain::getNewDomain(env.meta());
src/test/app/PermissionedDomains_test.cpp:277:            auto objects = pdomain::getObjects(account, env);
src/test/app/PermissionedDomains_test.cpp:279:                pdomain::credentialsFromJson(objects[d], human2Acc);
src/test/app/PermissionedDomains_test.cpp:280:            auto const sortedCreds = pdomain::sortCredentials(credentialsSame);
src/test/app/PermissionedDomains_test.cpp:285:    // Test PermissionedDomainSet
src/test/app/PermissionedDomains_test.cpp:314:        // Create new from existing account with a single credential.
src/test/app/PermissionedDomains_test.cpp:315:        pdomain::Credentials const credentials1{{alice[2], "credential1"}};
src/test/app/PermissionedDomains_test.cpp:317:            env(pdomain::setTx(alice[0], credentials1));
src/test/app/PermissionedDomains_test.cpp:318:            BEAST_EXPECT(env.ownerCount(alice[0]) == 1);
src/test/app/PermissionedDomains_test.cpp:320:            BEAST_EXPECT(tx[jss::TransactionType] == "PermissionedDomainSet");
src/test/app/PermissionedDomains_test.cpp:322:            auto objects = pdomain::getObjects(alice[0], env);
src/test/app/PermissionedDomains_test.cpp:323:            auto domain = objects.begin()->first;
src/test/app/PermissionedDomains_test.cpp:324:            BEAST_EXPECT(domain.isNonZero());
src/test/app/PermissionedDomains_test.cpp:326:            BEAST_EXPECT(object["LedgerEntryType"] == "PermissionedDomain");
src/test/app/PermissionedDomains_test.cpp:330:                pdomain::credentialsFromJson(object, human2Acc) ==
src/test/app/PermissionedDomains_test.cpp:331:                credentials1);
src/test/app/PermissionedDomains_test.cpp:334:        // Make longest possible CredentialType.
src/test/app/PermissionedDomains_test.cpp:336:            constexpr std::string_view longCredentialType =
src/test/app/PermissionedDomains_test.cpp:339:            static_assert(longCredentialType.size() == maxCredentialTypeLength);
src/test/app/PermissionedDomains_test.cpp:340:            pdomain::Credentials const longCredentials{
src/test/app/PermissionedDomains_test.cpp:341:                {alice[1], std::string(longCredentialType)}};
src/test/app/PermissionedDomains_test.cpp:343:            env(pdomain::setTx(alice[0], longCredentials));
src/test/app/PermissionedDomains_test.cpp:345:            // One account can create multiple domains
src/test/app/PermissionedDomains_test.cpp:346:            BEAST_EXPECT(env.ownerCount(alice[0]) == 2);
src/test/app/PermissionedDomains_test.cpp:349:            BEAST_EXPECT(tx[jss::TransactionType] == "PermissionedDomainSet");
src/test/app/PermissionedDomains_test.cpp:353:            for (auto const& [domain, object] :
src/test/app/PermissionedDomains_test.cpp:354:                 pdomain::getObjects(alice[0], env))
src/test/app/PermissionedDomains_test.cpp:359:                    BEAST_EXPECT(domain.isNonZero());
src/test/app/PermissionedDomains_test.cpp:361:                        object["LedgerEntryType"] == "PermissionedDomain");
src/test/app/PermissionedDomains_test.cpp:364:                        pdomain::credentialsFromJson(object, human2Acc) ==
src/test/app/PermissionedDomains_test.cpp:365:                        longCredentials);
src/test/app/PermissionedDomains_test.cpp:372:        // Create new from existing account with 10 credentials.
src/test/app/PermissionedDomains_test.cpp:373:        // Last credential describe domain owner itself
src/test/app/PermissionedDomains_test.cpp:374:        pdomain::Credentials const credentials10{
src/test/app/PermissionedDomains_test.cpp:375:            {alice[2], "credential1"},
src/test/app/PermissionedDomains_test.cpp:376:            {alice[3], "credential2"},
src/test/app/PermissionedDomains_test.cpp:377:            {alice[4], "credential3"},
src/test/app/PermissionedDomains_test.cpp:378:            {alice[5], "credential4"},
src/test/app/PermissionedDomains_test.cpp:379:            {alice[6], "credential5"},
src/test/app/PermissionedDomains_test.cpp:380:            {alice[7], "credential6"},
src/test/app/PermissionedDomains_test.cpp:381:            {alice[8], "credential7"},
src/test/app/PermissionedDomains_test.cpp:382:            {alice[9], "credential8"},
src/test/app/PermissionedDomains_test.cpp:383:            {alice[10], "credential9"},
src/test/app/PermissionedDomains_test.cpp:384:            {alice[0], "credential10"},
src/test/app/PermissionedDomains_test.cpp:386:        uint256 domain2;
src/test/app/PermissionedDomains_test.cpp:389:                credentials10.size() ==
src/test/app/PermissionedDomains_test.cpp:390:                maxPermissionedDomainCredentialsArraySize);
src/test/app/PermissionedDomains_test.cpp:392:                credentials10 != pdomain::sortCredentials(credentials10));
src/test/app/PermissionedDomains_test.cpp:393:            env(pdomain::setTx(alice[0], credentials10));
src/test/app/PermissionedDomains_test.cpp:395:            domain2 = pdomain::getNewDomain(env.meta());
src/test/app/PermissionedDomains_test.cpp:396:            auto objects = pdomain::getObjects(alice[0], env);
src/test/app/PermissionedDomains_test.cpp:397:            auto object = objects[domain2];
src/test/app/PermissionedDomains_test.cpp:399:                pdomain::credentialsFromJson(object, human2Acc) ==
src/test/app/PermissionedDomains_test.cpp:400:                pdomain::sortCredentials(credentials10));
src/test/app/PermissionedDomains_test.cpp:403:        // Update with 1 credential.
src/test/app/PermissionedDomains_test.cpp:404:        env(pdomain::setTx(alice[0], credentials1, domain2));
src/test/app/PermissionedDomains_test.cpp:406:            pdomain::credentialsFromJson(
src/test/app/PermissionedDomains_test.cpp:407:                pdomain::getObjects(alice[0], env)[domain2], human2Acc) ==
src/test/app/PermissionedDomains_test.cpp:408:            credentials1);
src/test/app/PermissionedDomains_test.cpp:410:        // Update with 10 credentials.
src/test/app/PermissionedDomains_test.cpp:411:        env(pdomain::setTx(alice[0], credentials10, domain2));
src/test/app/PermissionedDomains_test.cpp:414:            pdomain::credentialsFromJson(
src/test/app/PermissionedDomains_test.cpp:415:                pdomain::getObjects(alice[0], env)[domain2], human2Acc) ==
src/test/app/PermissionedDomains_test.cpp:416:            pdomain::sortCredentials(credentials10));
src/test/app/PermissionedDomains_test.cpp:418:        // Update from the wrong owner.
src/test/app/PermissionedDomains_test.cpp:419:        env(pdomain::setTx(alice[2], credentials1, domain2),
src/test/app/PermissionedDomains_test.cpp:420:            ter(tecNO_PERMISSION));
src/test/app/PermissionedDomains_test.cpp:422:        // Update a uint256(0) domain
src/test/app/PermissionedDomains_test.cpp:423:        env(pdomain::setTx(alice[0], credentials1, uint256(0)),
src/test/app/PermissionedDomains_test.cpp:426:        // Update non-existent domain
src/test/app/PermissionedDomains_test.cpp:427:        env(pdomain::setTx(alice[0], credentials1, uint256(75)),
src/test/app/PermissionedDomains_test.cpp:431:        env(pdomain::setTx(alice[0], credentials1),
src/test/app/PermissionedDomains_test.cpp:435:        // Test bad data when creating a domain.
src/test/app/PermissionedDomains_test.cpp:437:        // Test bad data when updating a domain.
src/test/app/PermissionedDomains_test.cpp:438:        testBadData(alice[0], env, domain2);
src/test/app/PermissionedDomains_test.cpp:440:        // Try to delete the account with domains.
src/test/app/PermissionedDomains_test.cpp:445:            std::size_t ownerSeq = env.seq(alice[0]);
src/test/app/PermissionedDomains_test.cpp:446:            while (deleteDelta + ownerSeq > env.current()->seq())
src/test/app/PermissionedDomains_test.cpp:454:            // Delete the domains and then the owner account.
src/test/app/PermissionedDomains_test.cpp:455:            for (auto const& objs : pdomain::getObjects(alice[0], env))
src/test/app/PermissionedDomains_test.cpp:456:                env(pdomain::deleteTx(alice[0], objs.first));
src/test/app/PermissionedDomains_test.cpp:458:            std::size_t ownerSeq = env.seq(alice[0]);
src/test/app/PermissionedDomains_test.cpp:459:            while (deleteDelta + ownerSeq > env.current()->seq())
src/test/app/PermissionedDomains_test.cpp:465:    // Test PermissionedDomainDelete
src/test/app/PermissionedDomains_test.cpp:476:        pdomain::Credentials credentials{{alice, "first credential"}};
src/test/app/PermissionedDomains_test.cpp:477:        env(pdomain::setTx(alice, credentials));
src/test/app/PermissionedDomains_test.cpp:480:        auto objects = pdomain::getObjects(alice, env);
src/test/app/PermissionedDomains_test.cpp:482:        auto const domain = objects.begin()->first;
src/test/app/PermissionedDomains_test.cpp:484:        // Delete a domain that doesn't belong to the account.
src/test/app/PermissionedDomains_test.cpp:487:        env(pdomain::deleteTx(bob, domain), ter(tecNO_PERMISSION));
src/test/app/PermissionedDomains_test.cpp:489:        // Delete a non-existent domain.
src/test/app/PermissionedDomains_test.cpp:490:        env(pdomain::deleteTx(alice, uint256(75)), ter(tecNO_ENTRY));
src/test/app/PermissionedDomains_test.cpp:493:        env(pdomain::deleteTx(alice, uint256(75)),
src/test/app/PermissionedDomains_test.cpp:498:        env(pdomain::deleteTx(alice, domain),
src/test/app/PermissionedDomains_test.cpp:502:        // Delete a zero domain.
src/test/app/PermissionedDomains_test.cpp:503:        env(pdomain::deleteTx(alice, uint256(0)), ter(temMALFORMED));
src/test/app/PermissionedDomains_test.cpp:505:        // Make sure owner count reflects the existing domain.
src/test/app/PermissionedDomains_test.cpp:506:        BEAST_EXPECT(env.ownerCount(alice) == 1);
src/test/app/PermissionedDomains_test.cpp:507:        auto const objID = pdomain::getObjects(alice, env).begin()->first;
src/test/app/PermissionedDomains_test.cpp:508:        BEAST_EXPECT(pdomain::objectExists(objID, env));
src/test/app/PermissionedDomains_test.cpp:510:        // Delete domain that belongs to user.
src/test/app/PermissionedDomains_test.cpp:511:        env(pdomain::deleteTx(alice, domain));
src/test/app/PermissionedDomains_test.cpp:513:        BEAST_EXPECT(tx[jss::TransactionType] == "PermissionedDomainDelete");
src/test/app/PermissionedDomains_test.cpp:515:        // Make sure the owner count goes back to 0.
src/test/app/PermissionedDomains_test.cpp:516:        BEAST_EXPECT(env.ownerCount(alice) == 0);
src/test/app/PermissionedDomains_test.cpp:519:        BEAST_EXPECT(pdomain::getObjects(alice, env).empty());
src/test/app/PermissionedDomains_test.cpp:520:        BEAST_EXPECT(!pdomain::objectExists(objID, env));
src/test/app/PermissionedDomains_test.cpp:541:        BEAST_EXPECT(env.ownerCount(alice) == 0);
src/test/app/PermissionedDomains_test.cpp:544:        pdomain::Credentials credentials{{alice, "first credential"}};
src/test/app/PermissionedDomains_test.cpp:545:        env(pdomain::setTx(alice, credentials), ter(tecINSUFFICIENT_RESERVE));
src/test/app/PermissionedDomains_test.cpp:546:        BEAST_EXPECT(env.ownerCount(alice) == 0);
src/test/app/PermissionedDomains_test.cpp:547:        BEAST_EXPECT(pdomain::getObjects(alice, env).size() == 0);
src/test/app/PermissionedDomains_test.cpp:560:        env(pdomain::setTx(alice, credentials), ter(tecINSUFFICIENT_RESERVE));
src/test/app/PermissionedDomains_test.cpp:562:        BEAST_EXPECT(env.ownerCount(alice) == 0);
src/test/app/PermissionedDomains_test.cpp:568:        // Now alice can create a PermissionedDomain.
src/test/app/PermissionedDomains_test.cpp:569:        env(pdomain::setTx(alice, credentials));
src/test/app/PermissionedDomains_test.cpp:571:        BEAST_EXPECT(env.ownerCount(alice) == 1);
src/test/app/PermissionedDomains_test.cpp:580:        testCredentialsDisabled();
src/test/app/PermissionedDomains_test.cpp:591:BEAST_DEFINE_TESTSUITE(PermissionedDomains, app, ripple);
src/xrpld/app/tx/detail/SetTrust.cpp:28:#include <xrpl/protocol/Quality.h>
src/xrpld/app/tx/detail/SetTrust.cpp:154:    if (tx.isFieldPresent(sfQualityIn) || tx.isFieldPresent(sfQualityOut))
src/xrpld/app/tx/detail/SetTrust.cpp:266:                return tecNO_PERMISSION;
src/xrpld/app/tx/detail/SetTrust.cpp:293:                    return tecNO_PERMISSION;
src/xrpld/app/tx/detail/SetTrust.cpp:303:                return tecNO_PERMISSION;
src/xrpld/app/tx/detail/SetTrust.cpp:310:    // Checking all freeze/deep freeze flag invariants.
src/xrpld/app/tx/detail/SetTrust.cpp:320:            return tecNO_PERMISSION;
src/xrpld/app/tx/detail/SetTrust.cpp:330:            return tecNO_PERMISSION;
src/xrpld/app/tx/detail/SetTrust.cpp:358:            return tecNO_PERMISSION;
src/xrpld/app/tx/detail/SetTrust.cpp:371:    bool const bQualityIn(ctx_.tx.isFieldPresent(sfQualityIn));
src/xrpld/app/tx/detail/SetTrust.cpp:372:    bool const bQualityOut(ctx_.tx.isFieldPresent(sfQualityOut));
src/xrpld/app/tx/detail/SetTrust.cpp:382:        return tefINTERNAL;  // LCOV_EXCL_LINE
src/xrpld/app/tx/detail/SetTrust.cpp:384:    std::uint32_t const uOwnerCount = sle->getFieldU32(sfOwnerCount);
src/xrpld/app/tx/detail/SetTrust.cpp:405:        (uOwnerCount < 2) ? XRPAmount(beast::zero)
src/xrpld/app/tx/detail/SetTrust.cpp:406:                          : view().fees().accountReserve(uOwnerCount + 1));
src/xrpld/app/tx/detail/SetTrust.cpp:408:    std::uint32_t uQualityIn(bQualityIn ? ctx_.tx.getFieldU32(sfQualityIn) : 0);
src/xrpld/app/tx/detail/SetTrust.cpp:409:    std::uint32_t uQualityOut(
src/xrpld/app/tx/detail/SetTrust.cpp:410:        bQualityOut ? ctx_.tx.getFieldU32(sfQualityOut) : 0);
src/xrpld/app/tx/detail/SetTrust.cpp:412:    if (bQualityOut && QUALITY_ONE == uQualityOut)
src/xrpld/app/tx/detail/SetTrust.cpp:413:        uQualityOut = 0;
src/xrpld/app/tx/detail/SetTrust.cpp:463:        std::uint32_t uLowQualityIn;
src/xrpld/app/tx/detail/SetTrust.cpp:464:        std::uint32_t uLowQualityOut;
src/xrpld/app/tx/detail/SetTrust.cpp:465:        std::uint32_t uHighQualityIn;
src/xrpld/app/tx/detail/SetTrust.cpp:466:        std::uint32_t uHighQualityOut;
src/xrpld/app/tx/detail/SetTrust.cpp:492:        // Quality in
src/xrpld/app/tx/detail/SetTrust.cpp:495:        if (!bQualityIn)
src/xrpld/app/tx/detail/SetTrust.cpp:499:            uLowQualityIn = sleRippleState->getFieldU32(sfLowQualityIn);
src/xrpld/app/tx/detail/SetTrust.cpp:500:            uHighQualityIn = sleRippleState->getFieldU32(sfHighQualityIn);
src/xrpld/app/tx/detail/SetTrust.cpp:502:        else if (uQualityIn)
src/xrpld/app/tx/detail/SetTrust.cpp:507:                !bHigh ? sfLowQualityIn : sfHighQualityIn, uQualityIn);
src/xrpld/app/tx/detail/SetTrust.cpp:509:            uLowQualityIn = !bHigh
src/xrpld/app/tx/detail/SetTrust.cpp:510:                ? uQualityIn
src/xrpld/app/tx/detail/SetTrust.cpp:511:                : sleRippleState->getFieldU32(sfLowQualityIn);
src/xrpld/app/tx/detail/SetTrust.cpp:512:            uHighQualityIn = bHigh
src/xrpld/app/tx/detail/SetTrust.cpp:513:                ? uQualityIn
src/xrpld/app/tx/detail/SetTrust.cpp:514:                : sleRippleState->getFieldU32(sfHighQualityIn);
src/xrpld/app/tx/detail/SetTrust.cpp:521:                !bHigh ? sfLowQualityIn : sfHighQualityIn);
src/xrpld/app/tx/detail/SetTrust.cpp:523:            uLowQualityIn =
src/xrpld/app/tx/detail/SetTrust.cpp:524:                !bHigh ? 0 : sleRippleState->getFieldU32(sfLowQualityIn);
src/xrpld/app/tx/detail/SetTrust.cpp:525:            uHighQualityIn =
src/xrpld/app/tx/detail/SetTrust.cpp:526:                bHigh ? 0 : sleRippleState->getFieldU32(sfHighQualityIn);
src/xrpld/app/tx/detail/SetTrust.cpp:529:        if (QUALITY_ONE == uLowQualityIn)
src/xrpld/app/tx/detail/SetTrust.cpp:530:            uLowQualityIn = 0;
src/xrpld/app/tx/detail/SetTrust.cpp:532:        if (QUALITY_ONE == uHighQualityIn)
src/xrpld/app/tx/detail/SetTrust.cpp:533:            uHighQualityIn = 0;
src/xrpld/app/tx/detail/SetTrust.cpp:536:        // Quality out
src/xrpld/app/tx/detail/SetTrust.cpp:539:        if (!bQualityOut)
src/xrpld/app/tx/detail/SetTrust.cpp:543:            uLowQualityOut = sleRippleState->getFieldU32(sfLowQualityOut);
src/xrpld/app/tx/detail/SetTrust.cpp:544:            uHighQualityOut = sleRippleState->getFieldU32(sfHighQualityOut);
src/xrpld/app/tx/detail/SetTrust.cpp:546:        else if (uQualityOut)
src/xrpld/app/tx/detail/SetTrust.cpp:551:                !bHigh ? sfLowQualityOut : sfHighQualityOut, uQualityOut);
src/xrpld/app/tx/detail/SetTrust.cpp:553:            uLowQualityOut = !bHigh
src/xrpld/app/tx/detail/SetTrust.cpp:554:                ? uQualityOut
src/xrpld/app/tx/detail/SetTrust.cpp:555:                : sleRippleState->getFieldU32(sfLowQualityOut);
src/xrpld/app/tx/detail/SetTrust.cpp:556:            uHighQualityOut = bHigh
src/xrpld/app/tx/detail/SetTrust.cpp:557:                ? uQualityOut
src/xrpld/app/tx/detail/SetTrust.cpp:558:                : sleRippleState->getFieldU32(sfHighQualityOut);
src/xrpld/app/tx/detail/SetTrust.cpp:565:                !bHigh ? sfLowQualityOut : sfHighQualityOut);
src/xrpld/app/tx/detail/SetTrust.cpp:567:            uLowQualityOut =
src/xrpld/app/tx/detail/SetTrust.cpp:568:                !bHigh ? 0 : sleRippleState->getFieldU32(sfLowQualityOut);
src/xrpld/app/tx/detail/SetTrust.cpp:569:            uHighQualityOut =
src/xrpld/app/tx/detail/SetTrust.cpp:570:                bHigh ? 0 : sleRippleState->getFieldU32(sfHighQualityOut);
src/xrpld/app/tx/detail/SetTrust.cpp:583:                return tecNO_PERMISSION;
src/xrpld/app/tx/detail/SetTrust.cpp:601:        if (QUALITY_ONE == uLowQualityOut)
src/xrpld/app/tx/detail/SetTrust.cpp:602:            uLowQualityOut = 0;
src/xrpld/app/tx/detail/SetTrust.cpp:604:        if (QUALITY_ONE == uHighQualityOut)
src/xrpld/app/tx/detail/SetTrust.cpp:605:            uHighQualityOut = 0;
src/xrpld/app/tx/detail/SetTrust.cpp:611:        bool const bLowReserveSet = uLowQualityIn || uLowQualityOut ||
src/xrpld/app/tx/detail/SetTrust.cpp:617:        bool const bHighReserveSet = uHighQualityIn || uHighQualityOut ||
src/xrpld/app/tx/detail/SetTrust.cpp:638:            adjustOwnerCount(view(), sleLowAccount, 1, viewJ);
src/xrpld/app/tx/detail/SetTrust.cpp:648:            adjustOwnerCount(view(), sleLowAccount, -1, viewJ);
src/xrpld/app/tx/detail/SetTrust.cpp:655:            adjustOwnerCount(view(), sleHighAccount, 1, viewJ);
src/xrpld/app/tx/detail/SetTrust.cpp:665:            adjustOwnerCount(view(), sleHighAccount, -1, viewJ);
src/xrpld/app/tx/detail/SetTrust.cpp:699:        (!bQualityIn || !uQualityIn) &&    // Not setting quality in or
src/xrpld/app/tx/detail/SetTrust.cpp:700:                                           // setting default quality in.
src/xrpld/app/tx/detail/SetTrust.cpp:701:        (!bQualityOut || !uQualityOut) &&  // Not setting quality out or
src/xrpld/app/tx/detail/SetTrust.cpp:702:                                           // setting default quality out.
src/xrpld/app/tx/detail/SetTrust.cpp:743:            uQualityIn,
src/xrpld/app/tx/detail/SetTrust.cpp:744:            uQualityOut,
src/xrpld/app/tx/detail/CancelOffer.cpp:20:#include <xrpld/app/tx/detail/CancelOffer.h>
src/xrpld/app/tx/detail/CancelOffer.cpp:29:CancelOffer::preflight(PreflightContext const& ctx)
src/xrpld/app/tx/detail/CancelOffer.cpp:31:    if (!ctx.tx[sfOfferSequence])
src/xrpld/app/tx/detail/CancelOffer.cpp:33:        JLOG(ctx.j.trace()) << "CancelOffer::preflight: missing sequence";
src/xrpld/app/tx/detail/CancelOffer.cpp:43:CancelOffer::preclaim(PreclaimContext const& ctx)
src/xrpld/app/tx/detail/CancelOffer.cpp:46:    auto const offerSequence = ctx.tx[sfOfferSequence];
src/xrpld/app/tx/detail/CancelOffer.cpp:65:CancelOffer::doApply()
src/xrpld/app/tx/detail/CancelOffer.cpp:67:    auto const offerSequence = ctx_.tx[sfOfferSequence];
src/xrpld/app/tx/detail/CancelOffer.cpp:71:        return tefINTERNAL;  // LCOV_EXCL_LINE
src/xrpld/app/misc/PermissionedDEXHelpers.cpp:20:#include <xrpld/app/misc/PermissionedDEXHelpers.h>
src/xrpld/app/misc/PermissionedDEXHelpers.cpp:22:#include <xrpl/ledger/CredentialHelpers.h>
src/xrpld/app/misc/PermissionedDEXHelpers.cpp:25:namespace permissioned_dex {
src/xrpld/app/misc/PermissionedDEXHelpers.cpp:31:    Domain const& domainID)
src/xrpld/app/misc/PermissionedDEXHelpers.cpp:33:    auto const sleDomain = view.read(keylet::permissionedDomain(domainID));
src/xrpld/app/misc/PermissionedDEXHelpers.cpp:37:    // domain owner is in the domain
src/xrpld/app/misc/PermissionedDEXHelpers.cpp:41:    auto const& credentials = sleDomain->getFieldArray(sfAcceptedCredentials);
src/xrpld/app/misc/PermissionedDEXHelpers.cpp:44:        credentials.begin(), credentials.end(), [&](auto const& credential) {
src/xrpld/app/misc/PermissionedDEXHelpers.cpp:45:            auto const sleCred = view.read(keylet::credential(
src/xrpld/app/misc/PermissionedDEXHelpers.cpp:46:                account, credential[sfIssuer], credential[sfCredentialType]));
src/xrpld/app/misc/PermissionedDEXHelpers.cpp:50:            return !credentials::checkExpired(
src/xrpld/app/misc/PermissionedDEXHelpers.cpp:61:    Domain const& domainID,
src/xrpld/app/misc/PermissionedDEXHelpers.cpp:71:    if (!sleOffer->isFieldPresent(sfDomainID))
src/xrpld/app/misc/PermissionedDEXHelpers.cpp:73:    if (sleOffer->getFieldH256(sfDomainID) != domainID)
src/xrpld/app/misc/PermissionedDEXHelpers.cpp:78:        // post-fixCleanup3_1_3: a valid hybrid offer must have
src/xrpld/app/misc/PermissionedDEXHelpers.cpp:79:        // sfAdditionalBooks present with exactly 1 entry
src/xrpld/app/misc/PermissionedDEXHelpers.cpp:80:        if (sleOffer->isFlag(lsfHybrid) &&
src/xrpld/app/misc/PermissionedDEXHelpers.cpp:81:            (!sleOffer->isFieldPresent(sfAdditionalBooks) ||
src/xrpld/app/misc/PermissionedDEXHelpers.cpp:82:             sleOffer->getFieldArray(sfAdditionalBooks).size() != 1))
src/xrpld/app/misc/PermissionedDEXHelpers.cpp:84:            JLOG(j.error()) << "Hybrid offer " << offerID
src/xrpld/app/misc/PermissionedDEXHelpers.cpp:85:                            << " missing or malformed AdditionalBooks field";
src/xrpld/app/misc/PermissionedDEXHelpers.cpp:91:        // pre-fixCleanup3_1_3: a valid hybrid offer must have
src/xrpld/app/misc/PermissionedDEXHelpers.cpp:92:        // sfAdditionalBooks present (size is not checked)
src/xrpld/app/misc/PermissionedDEXHelpers.cpp:93:        if (sleOffer->isFlag(lsfHybrid) &&
src/xrpld/app/misc/PermissionedDEXHelpers.cpp:94:            !sleOffer->isFieldPresent(sfAdditionalBooks))
src/xrpld/app/misc/PermissionedDEXHelpers.cpp:96:            JLOG(j.error()) << "Hybrid offer " << offerID
src/xrpld/app/misc/PermissionedDEXHelpers.cpp:97:                            << " missing AdditionalBooks field";
src/xrpld/app/misc/PermissionedDEXHelpers.cpp:102:    return accountInDomain(view, sleOffer->getAccountID(sfAccount), domainID);
src/xrpld/app/misc/PermissionedDEXHelpers.cpp:105:}  // namespace permissioned_dex
src/xrpld/app/tx/detail/OfferStream.cpp:20:#include <xrpld/app/misc/PermissionedDEXHelpers.h>
src/xrpld/app/tx/detail/OfferStream.cpp:68:    // NIKB NOTE This should be using ApplyView::dirRemove, which would
src/xrpld/app/tx/detail/OfferStream.cpp:142:template <class TTakerPays, class TTakerGets>
src/xrpld/app/tx/detail/OfferStream.cpp:147:        std::is_same_v<TTakerPays, IOUAmount> ||
src/xrpld/app/tx/detail/OfferStream.cpp:148:            std::is_same_v<TTakerPays, XRPAmount>,
src/xrpld/app/tx/detail/OfferStream.cpp:152:        std::is_same_v<TTakerGets, IOUAmount> ||
src/xrpld/app/tx/detail/OfferStream.cpp:153:            std::is_same_v<TTakerGets, XRPAmount>,
src/xrpld/app/tx/detail/OfferStream.cpp:157:        !std::is_same_v<TTakerPays, XRPAmount> ||
src/xrpld/app/tx/detail/OfferStream.cpp:158:            !std::is_same_v<TTakerGets, XRPAmount>,
src/xrpld/app/tx/detail/OfferStream.cpp:165:    //  o `TakerPays` is XRP (because of XRP drops granularity) or
src/xrpld/app/tx/detail/OfferStream.cpp:166:    //  o `TakerPays` and `TakerGets` are both IOU and `TakerPays`<`TakerGets`
src/xrpld/app/tx/detail/OfferStream.cpp:167:    constexpr bool const inIsXRP = std::is_same_v<TTakerPays, XRPAmount>;
src/xrpld/app/tx/detail/OfferStream.cpp:168:    constexpr bool const outIsXRP = std::is_same_v<TTakerGets, XRPAmount>;
src/xrpld/app/tx/detail/OfferStream.cpp:172:        // If `TakerGets` is XRP, the worst this offer's quality can change is
src/xrpld/app/tx/detail/OfferStream.cpp:173:        // to about 10^-81 `TakerPays` and 1 drop `TakerGets`. This will be
src/xrpld/app/tx/detail/OfferStream.cpp:174:        // remarkably good quality for any realistic asset, so these offers
src/xrpld/app/tx/detail/OfferStream.cpp:179:    TAmounts<TTakerPays, TTakerGets> const ofrAmts{
src/xrpld/app/tx/detail/OfferStream.cpp:180:        toAmount<TTakerPays>(offer_.amount().in),
src/xrpld/app/tx/detail/OfferStream.cpp:181:        toAmount<TTakerGets>(offer_.amount().out)};
src/xrpld/app/tx/detail/OfferStream.cpp:189:    TTakerGets const ownerFunds = toAmount<TTakerGets>(*ownerFunds_);
src/xrpld/app/tx/detail/OfferStream.cpp:193:        if (offer_.owner() != offer_.issueOut().account &&
src/xrpld/app/tx/detail/OfferStream.cpp:194:            ownerFunds < ofrAmts.out)
src/xrpld/app/tx/detail/OfferStream.cpp:196:            // adjust the amounts by owner funds.
src/xrpld/app/tx/detail/OfferStream.cpp:202:                return offer_.quality().ceil_out_strict(
src/xrpld/app/tx/detail/OfferStream.cpp:203:                    ofrAmts, ownerFunds, /* roundUp */ false);
src/xrpld/app/tx/detail/OfferStream.cpp:205:            return offer_.quality().ceil_out(ofrAmts, ownerFunds);
src/xrpld/app/tx/detail/OfferStream.cpp:217:    if (effectiveAmounts.in > TTakerPays::minPositiveAmount())
src/xrpld/app/tx/detail/OfferStream.cpp:220:    Quality const effectiveQuality{effectiveAmounts};
src/xrpld/app/tx/detail/OfferStream.cpp:221:    return effectiveQuality < offer_.quality();
src/xrpld/app/tx/detail/OfferStream.cpp:236:        ownerFunds_ = std::nullopt;
src/xrpld/app/tx/detail/OfferStream.cpp:267:        offer_ = TOffer<TIn, TOut>(entry, tip_.quality());
src/xrpld/app/tx/detail/OfferStream.cpp:282:            offer_.owner(),
src/xrpld/app/tx/detail/OfferStream.cpp:294:        if (entry->isFieldPresent(sfDomainID) &&
src/xrpld/app/tx/detail/OfferStream.cpp:295:            !permissioned_dex::offerInDomain(
src/xrpld/app/tx/detail/OfferStream.cpp:296:                view_, entry->key(), entry->getFieldH256(sfDomainID), j_))
src/xrpld/app/tx/detail/OfferStream.cpp:299:                << "Removing offer no longer in domain " << entry->key();
src/xrpld/app/tx/detail/OfferStream.cpp:305:        // Calculate owner funds
src/xrpld/app/tx/detail/OfferStream.cpp:306:        ownerFunds_ = accountFundsHelper(
src/xrpld/app/tx/detail/OfferStream.cpp:308:            offer_.owner(),
src/xrpld/app/tx/detail/OfferStream.cpp:315:        if (*ownerFunds_ <= beast::zero)
src/xrpld/app/tx/detail/OfferStream.cpp:317:            // If the owner's balance in the pristine view is the same,
src/xrpld/app/tx/detail/OfferStream.cpp:322:                offer_.owner(),
src/xrpld/app/tx/detail/OfferStream.cpp:328:            if (original_funds == *ownerFunds_)
src/xrpld/app/tx/detail/OfferStream.cpp:384:                offer_.owner(),
src/xrpld/app/tx/detail/OfferStream.cpp:390:            if (original_funds == *ownerFunds_)
src/xrpld/app/tx/detail/OfferStream.cpp:394:                    << "Removing tiny offer due to reduced quality "
src/xrpld/app/tx/detail/OfferStream.cpp:400:                                    "to reduced quality "
src/test/app/Credentials_test.cpp:24:#include <xrpl/ledger/CredentialHelpers.h>
src/test/app/Credentials_test.cpp:36:struct Credentials_test : public beast::unit_test::suite
src/test/app/Credentials_test.cpp:55:            auto const credKey = credentials::keylet(subject, issuer, credType);
src/test/app/Credentials_test.cpp:60:            // Test Create credentials
src/test/app/Credentials_test.cpp:61:            env(credentials::create(subject, issuer, credType),
src/test/app/Credentials_test.cpp:62:                credentials::uri(uri));
src/test/app/Credentials_test.cpp:73:                BEAST_EXPECT(ownerCount(env, issuer) == 1);
src/test/app/Credentials_test.cpp:74:                BEAST_EXPECT(!ownerCount(env, subject));
src/test/app/Credentials_test.cpp:75:                BEAST_EXPECT(checkVL(sleCred, sfCredentialType, credType));
src/test/app/Credentials_test.cpp:78:                    credentials::ledgerEntry(env, subject, issuer, credType);
src/test/app/Credentials_test.cpp:85:                        jss::Credential &&
src/test/app/Credentials_test.cpp:90:                    jle[jss::result][jss::node]["CredentialType"] ==
src/test/app/Credentials_test.cpp:94:            env(credentials::accept(subject, issuer, credType));
src/test/app/Credentials_test.cpp:97:                // check switching owner of the credentials from issuer to
src/test/app/Credentials_test.cpp:106:                BEAST_EXPECT(!ownerCount(env, issuer));
src/test/app/Credentials_test.cpp:107:                BEAST_EXPECT(ownerCount(env, subject) == 1);
src/test/app/Credentials_test.cpp:108:                BEAST_EXPECT(checkVL(sleCred, sfCredentialType, credType));
src/test/app/Credentials_test.cpp:113:            env(credentials::deleteCred(subject, subject, issuer, credType));
src/test/app/Credentials_test.cpp:117:                BEAST_EXPECT(!ownerCount(env, issuer));
src/test/app/Credentials_test.cpp:118:                BEAST_EXPECT(!ownerCount(env, subject));
src/test/app/Credentials_test.cpp:120:                // check no credential exists anymore
src/test/app/Credentials_test.cpp:122:                    credentials::ledgerEntry(env, subject, issuer, credType);
src/test/app/Credentials_test.cpp:133:            auto const credKey = credentials::keylet(issuer, issuer, credType);
src/test/app/Credentials_test.cpp:135:            env(credentials::create(issuer, issuer, credType),
src/test/app/Credentials_test.cpp:136:                credentials::uri(uri));
src/test/app/Credentials_test.cpp:150:                BEAST_EXPECT(ownerCount(env, issuer) == 1);
src/test/app/Credentials_test.cpp:151:                BEAST_EXPECT(checkVL(sleCred, sfCredentialType, credType));
src/test/app/Credentials_test.cpp:154:                    credentials::ledgerEntry(env, issuer, issuer, credType);
src/test/app/Credentials_test.cpp:161:                        jss::Credential &&
src/test/app/Credentials_test.cpp:166:                    jle[jss::result][jss::node]["CredentialType"] ==
src/test/app/Credentials_test.cpp:170:            env(credentials::deleteCred(issuer, issuer, issuer, credType));
src/test/app/Credentials_test.cpp:174:                BEAST_EXPECT(!ownerCount(env, issuer));
src/test/app/Credentials_test.cpp:176:                // check no credential exists anymore
src/test/app/Credentials_test.cpp:178:                    credentials::ledgerEntry(env, issuer, issuer, credType);
src/test/app/Credentials_test.cpp:188:    testCredentialsDelete(FeatureBitset features)
src/test/app/Credentials_test.cpp:207:            auto const credKey = credentials::keylet(subject, issuer, credType);
src/test/app/Credentials_test.cpp:208:            env(credentials::create(subject, issuer, credType));
src/test/app/Credentials_test.cpp:221:            // check credentials deleted too
src/test/app/Credentials_test.cpp:224:                BEAST_EXPECT(!ownerCount(env, subject));
src/test/app/Credentials_test.cpp:226:                // check no credential exists anymore
src/test/app/Credentials_test.cpp:228:                    credentials::ledgerEntry(env, subject, issuer, credType);
src/test/app/Credentials_test.cpp:243:            auto const credKey = credentials::keylet(subject, issuer, credType);
src/test/app/Credentials_test.cpp:244:            env(credentials::create(subject, issuer, credType));
src/test/app/Credentials_test.cpp:246:            env(credentials::accept(subject, issuer, credType));
src/test/app/Credentials_test.cpp:259:            // check credentials deleted too
src/test/app/Credentials_test.cpp:262:                BEAST_EXPECT(!ownerCount(env, subject));
src/test/app/Credentials_test.cpp:264:                // check no credential exists anymore
src/test/app/Credentials_test.cpp:266:                    credentials::ledgerEntry(env, subject, issuer, credType);
src/test/app/Credentials_test.cpp:281:            auto const credKey = credentials::keylet(subject, issuer, credType);
src/test/app/Credentials_test.cpp:282:            env(credentials::create(subject, issuer, credType));
src/test/app/Credentials_test.cpp:295:            // check credentials deleted too
src/test/app/Credentials_test.cpp:298:                BEAST_EXPECT(!ownerCount(env, issuer));
src/test/app/Credentials_test.cpp:300:                // check no credential exists anymore
src/test/app/Credentials_test.cpp:302:                    credentials::ledgerEntry(env, subject, issuer, credType);
src/test/app/Credentials_test.cpp:317:            auto const credKey = credentials::keylet(subject, issuer, credType);
src/test/app/Credentials_test.cpp:318:            env(credentials::create(subject, issuer, credType));
src/test/app/Credentials_test.cpp:320:            env(credentials::accept(subject, issuer, credType));
src/test/app/Credentials_test.cpp:333:            // check credentials deleted too
src/test/app/Credentials_test.cpp:336:                BEAST_EXPECT(!ownerCount(env, issuer));
src/test/app/Credentials_test.cpp:338:                // check no credential exists anymore
src/test/app/Credentials_test.cpp:340:                    credentials::ledgerEntry(env, subject, issuer, credType);
src/test/app/Credentials_test.cpp:355:            auto const credKey = credentials::keylet(subject, issuer, credType);
src/test/app/Credentials_test.cpp:356:            auto jv = credentials::create(subject, issuer, credType);
src/test/app/Credentials_test.cpp:369:            // Other account delete credentials
src/test/app/Credentials_test.cpp:370:            env(credentials::deleteCred(other, subject, issuer, credType));
src/test/app/Credentials_test.cpp:373:            // check credentials object
src/test/app/Credentials_test.cpp:376:                BEAST_EXPECT(!ownerCount(env, issuer));
src/test/app/Credentials_test.cpp:377:                BEAST_EXPECT(!ownerCount(env, subject));
src/test/app/Credentials_test.cpp:379:                // check no credential exists anymore
src/test/app/Credentials_test.cpp:381:                    credentials::ledgerEntry(env, subject, issuer, credType);
src/test/app/Credentials_test.cpp:392:            env(credentials::create(subject, issuer, credType));
src/test/app/Credentials_test.cpp:396:            env(credentials::deleteCred(subject, subject, issuer, credType));
src/test/app/Credentials_test.cpp:400:                    credentials::keylet(subject, issuer, credType);
src/test/app/Credentials_test.cpp:402:                BEAST_EXPECT(!ownerCount(env, subject));
src/test/app/Credentials_test.cpp:403:                BEAST_EXPECT(!ownerCount(env, issuer));
src/test/app/Credentials_test.cpp:405:                    credentials::ledgerEntry(env, subject, issuer, credType);
src/test/app/Credentials_test.cpp:415:            env(credentials::create(subject, issuer, credType));
src/test/app/Credentials_test.cpp:418:            env(credentials::deleteCred(issuer, subject, issuer, credType));
src/test/app/Credentials_test.cpp:422:                    credentials::keylet(subject, issuer, credType);
src/test/app/Credentials_test.cpp:424:                BEAST_EXPECT(!ownerCount(env, subject));
src/test/app/Credentials_test.cpp:425:                BEAST_EXPECT(!ownerCount(env, issuer));
src/test/app/Credentials_test.cpp:427:                    credentials::ledgerEntry(env, subject, issuer, credType);
src/test/app/Credentials_test.cpp:454:                testcase("Credentials fail, no subject param.");
src/test/app/Credentials_test.cpp:455:                auto jv = credentials::create(subject, issuer, credType);
src/test/app/Credentials_test.cpp:461:                auto jv = credentials::create(subject, issuer, credType);
src/test/app/Credentials_test.cpp:467:                testcase("Credentials fail, no credentialType param.");
src/test/app/Credentials_test.cpp:468:                auto jv = credentials::create(subject, issuer, credType);
src/test/app/Credentials_test.cpp:469:                jv.removeMember(sfCredentialType.jsonName);
src/test/app/Credentials_test.cpp:474:                testcase("Credentials fail, empty credentialType param.");
src/test/app/Credentials_test.cpp:475:                auto jv = credentials::create(subject, issuer, "");
src/test/app/Credentials_test.cpp:481:                    "Credentials fail, credentialType length > "
src/test/app/Credentials_test.cpp:482:                    "maxCredentialTypeLength.");
src/test/app/Credentials_test.cpp:486:                static_assert(longCredType.size() > maxCredentialTypeLength);
src/test/app/Credentials_test.cpp:487:                auto jv = credentials::create(subject, issuer, longCredType);
src/test/app/Credentials_test.cpp:492:                testcase("Credentials fail, URI length > 256.");
src/test/app/Credentials_test.cpp:502:                static_assert(longURI.size() > maxCredentialURILength);
src/test/app/Credentials_test.cpp:503:                env(credentials::create(subject, issuer, credType),
src/test/app/Credentials_test.cpp:504:                    credentials::uri(longURI),
src/test/app/Credentials_test.cpp:509:                testcase("Credentials fail, URI empty.");
src/test/app/Credentials_test.cpp:510:                env(credentials::create(subject, issuer, credType),
src/test/app/Credentials_test.cpp:511:                    credentials::uri(""),
src/test/app/Credentials_test.cpp:516:                testcase("Credentials fail, expiration in the past.");
src/test/app/Credentials_test.cpp:517:                auto jv = credentials::create(subject, issuer, credType);
src/test/app/Credentials_test.cpp:525:                env(jv, ter(tecEXPIRED));
src/test/app/Credentials_test.cpp:529:                testcase("Credentials fail, invalid fee.");
src/test/app/Credentials_test.cpp:531:                auto jv = credentials::create(subject, issuer, credType);
src/test/app/Credentials_test.cpp:537:                testcase("Credentials fail, duplicate.");
src/test/app/Credentials_test.cpp:538:                auto const jv = credentials::create(subject, issuer, credType);
src/test/app/Credentials_test.cpp:544:                // check credential still present
src/test/app/Credentials_test.cpp:546:                    credentials::ledgerEntry(env, subject, issuer, credType);
src/test/app/Credentials_test.cpp:553:                        jss::Credential &&
src/test/app/Credentials_test.cpp:558:                    jle[jss::result][jss::node]["CredentialType"] ==
src/test/app/Credentials_test.cpp:563:                testcase("Credentials fail, directory full");
src/test/app/Credentials_test.cpp:572:                    keylet::ownerDir(issuer.id()),
src/test/app/Credentials_test.cpp:576:                auto const jv = credentials::create(issuer, subject, credType);
src/test/app/Credentials_test.cpp:577:                env(jv, ter(tecDIR_FULL));
src/test/app/Credentials_test.cpp:586:                    keylet::ownerDir(subject.id()),
src/test/app/Credentials_test.cpp:589:                env(jv, ter(tecDIR_FULL));
src/test/app/Credentials_test.cpp:604:                testcase("Credentials fail, subject doesn't exist.");
src/test/app/Credentials_test.cpp:605:                auto const jv = credentials::create(subject, issuer, credType);
src/test/app/Credentials_test.cpp:618:            testcase("Credentials fail, not enough reserve.");
src/test/app/Credentials_test.cpp:620:                auto const jv = credentials::create(subject, issuer, credType);
src/test/app/Credentials_test.cpp:643:                testcase("CredentialsAccept fail, Credential doesn't exist.");
src/test/app/Credentials_test.cpp:644:                env(credentials::accept(subject, issuer, credType),
src/test/app/Credentials_test.cpp:650:                testcase("CredentialsAccept fail, invalid Issuer account.");
src/test/app/Credentials_test.cpp:651:                auto jv = credentials::accept(subject, issuer, credType);
src/test/app/Credentials_test.cpp:659:                    "CredentialsAccept fail, invalid credentialType param.");
src/test/app/Credentials_test.cpp:660:                auto jv = credentials::accept(subject, issuer, "");
src/test/app/Credentials_test.cpp:673:                testcase("CredentialsAccept fail, not enough reserve.");
src/test/app/Credentials_test.cpp:674:                env(credentials::create(subject, issuer, credType));
src/test/app/Credentials_test.cpp:677:                env(credentials::accept(subject, issuer, credType),
src/test/app/Credentials_test.cpp:681:                // check credential still present
src/test/app/Credentials_test.cpp:683:                    credentials::ledgerEntry(env, subject, issuer, credType);
src/test/app/Credentials_test.cpp:690:                        jss::Credential &&
src/test/app/Credentials_test.cpp:695:                    jle[jss::result][jss::node]["CredentialType"] ==
src/test/app/Credentials_test.cpp:708:                env(credentials::create(subject, issuer, credType));
src/test/app/Credentials_test.cpp:711:                testcase("CredentialsAccept fail, invalid fee.");
src/test/app/Credentials_test.cpp:712:                auto jv = credentials::accept(subject, issuer, credType);
src/test/app/Credentials_test.cpp:716:                testcase("CredentialsAccept fail, lsfAccepted already set.");
src/test/app/Credentials_test.cpp:717:                env(credentials::accept(subject, issuer, credType));
src/test/app/Credentials_test.cpp:719:                env(credentials::accept(subject, issuer, credType),
src/test/app/Credentials_test.cpp:723:                // check credential still present
src/test/app/Credentials_test.cpp:725:                    credentials::ledgerEntry(env, subject, issuer, credType);
src/test/app/Credentials_test.cpp:732:                        jss::Credential &&
src/test/app/Credentials_test.cpp:737:                    jle[jss::result][jss::node]["CredentialType"] ==
src/test/app/Credentials_test.cpp:744:                testcase("CredentialsAccept fail, expired credentials.");
src/test/app/Credentials_test.cpp:745:                auto jv = credentials::create(subject, issuer, credType2);
src/test/app/Credentials_test.cpp:754:                // credentials are expired now
src/test/app/Credentials_test.cpp:755:                env(credentials::accept(subject, issuer, credType2),
src/test/app/Credentials_test.cpp:756:                    ter(tecEXPIRED));
src/test/app/Credentials_test.cpp:759:                // check that expired credentials were deleted
src/test/app/Credentials_test.cpp:761:                    credentials::ledgerEntry(env, subject, issuer, credType2);
src/test/app/Credentials_test.cpp:767:                BEAST_EXPECT(ownerCount(env, issuer) == 0);
src/test/app/Credentials_test.cpp:768:                BEAST_EXPECT(ownerCount(env, subject) == 1);
src/test/app/Credentials_test.cpp:780:                testcase("CredentialsAccept fail, issuer doesn't exist.");
src/test/app/Credentials_test.cpp:781:                auto jv = credentials::create(subject, issuer, credType);
src/test/app/Credentials_test.cpp:793:                jv = credentials::accept(subject, issuer, credType);
src/test/app/Credentials_test.cpp:797:                // check that expired credentials were deleted
src/test/app/Credentials_test.cpp:799:                    credentials::ledgerEntry(env, subject, issuer, credType);
src/test/app/Credentials_test.cpp:826:                testcase("CredentialsDelete fail, no Credentials.");
src/test/app/Credentials_test.cpp:827:                env(credentials::deleteCred(subject, subject, issuer, credType),
src/test/app/Credentials_test.cpp:833:                testcase("CredentialsDelete fail, invalid Subject account.");
src/test/app/Credentials_test.cpp:835:                    credentials::deleteCred(subject, subject, issuer, credType);
src/test/app/Credentials_test.cpp:842:                testcase("CredentialsDelete fail, invalid Issuer account.");
src/test/app/Credentials_test.cpp:844:                    credentials::deleteCred(subject, subject, issuer, credType);
src/test/app/Credentials_test.cpp:852:                    "CredentialsDelete fail, invalid credentialType param.");
src/test/app/Credentials_test.cpp:853:                auto jv = credentials::deleteCred(subject, subject, issuer, "");
src/test/app/Credentials_test.cpp:860:                env(credentials::create(subject, issuer, credType2));
src/test/app/Credentials_test.cpp:863:                // Other account can't delete credentials without expiration
src/test/app/Credentials_test.cpp:864:                env(credentials::deleteCred(other, subject, issuer, credType2),
src/test/app/Credentials_test.cpp:865:                    ter(tecNO_PERMISSION));
src/test/app/Credentials_test.cpp:868:                // check credential still present
src/test/app/Credentials_test.cpp:870:                    credentials::ledgerEntry(env, subject, issuer, credType2);
src/test/app/Credentials_test.cpp:877:                        jss::Credential &&
src/test/app/Credentials_test.cpp:882:                    jle[jss::result][jss::node]["CredentialType"] ==
src/test/app/Credentials_test.cpp:887:                testcase("CredentialsDelete fail, time not expired yet.");
src/test/app/Credentials_test.cpp:889:                auto jv = credentials::create(subject, issuer, credType);
src/test/app/Credentials_test.cpp:900:                // Other account can't delete credentials that not expired
src/test/app/Credentials_test.cpp:901:                env(credentials::deleteCred(other, subject, issuer, credType),
src/test/app/Credentials_test.cpp:902:                    ter(tecNO_PERMISSION));
src/test/app/Credentials_test.cpp:905:                // check credential still present
src/test/app/Credentials_test.cpp:907:                    credentials::ledgerEntry(env, subject, issuer, credType);
src/test/app/Credentials_test.cpp:914:                        jss::Credential &&
src/test/app/Credentials_test.cpp:919:                    jle[jss::result][jss::node]["CredentialType"] ==
src/test/app/Credentials_test.cpp:924:                testcase("CredentialsDelete fail, no Issuer and Subject.");
src/test/app/Credentials_test.cpp:927:                    credentials::deleteCred(subject, subject, issuer, credType);
src/test/app/Credentials_test.cpp:935:                testcase("CredentialsDelete fail, invalid fee.");
src/test/app/Credentials_test.cpp:938:                    credentials::deleteCred(subject, subject, issuer, credType);
src/test/app/Credentials_test.cpp:945:                testcase("deleteSLE fail, bad SLE.");
src/test/app/Credentials_test.cpp:949:                    ripple::credentials::deleteSLE(*view, {}, env.journal);
src/test/app/Credentials_test.cpp:972:                testcase("Credentials fail, Feature is not enabled.");
src/test/app/Credentials_test.cpp:973:                env(credentials::create(subject, issuer, credType),
src/test/app/Credentials_test.cpp:975:                env(credentials::accept(subject, issuer, credType),
src/test/app/Credentials_test.cpp:977:                env(credentials::deleteCred(subject, subject, issuer, credType),
src/test/app/Credentials_test.cpp:999:            env(credentials::create(subject, issuer, credType));
src/test/app/Credentials_test.cpp:1002:            env(credentials::accept(subject, issuer, credType));
src/test/app/Credentials_test.cpp:1017:                    tx0[jss::TransactionType] == jss::CredentialAccept);
src/test/app/Credentials_test.cpp:1020:                    tx1[jss::TransactionType] == jss::CredentialCreate);
src/test/app/Credentials_test.cpp:1034:                    tx0[jss::TransactionType] == jss::CredentialAccept);
src/test/app/Credentials_test.cpp:1037:                    tx1[jss::TransactionType] == jss::CredentialCreate);
src/test/app/Credentials_test.cpp:1055:                    object["LedgerEntryType"].asString() == jss::Credential);
src/test/app/Credentials_test.cpp:1069:                    object["LedgerEntryType"].asString() == jss::Credential);
src/test/app/Credentials_test.cpp:1099:                env(credentials::create(subject, issuer, credType),
src/test/app/Credentials_test.cpp:1102:                env(credentials::accept(subject, issuer, credType),
src/test/app/Credentials_test.cpp:1105:                env(credentials::deleteCred(subject, subject, issuer, credType),
src/test/app/Credentials_test.cpp:1117:            "removeExpired ignores deleteSLE failure " +
src/test/app/Credentials_test.cpp:1132:        // Create credential with short expiration
src/test/app/Credentials_test.cpp:1133:        auto jv = credentials::create(subject, issuer, credType);
src/test/app/Credentials_test.cpp:1142:            credentials::ledgerEntry(env, subject, issuer, credType);
src/test/app/Credentials_test.cpp:1145:        // Subject accepts the credential
src/test/app/Credentials_test.cpp:1146:        env(credentials::accept(subject, issuer, credType));
src/test/app/Credentials_test.cpp:1149:        // Build the credential keylet
src/test/app/Credentials_test.cpp:1150:        auto const credKeylet = keylet::credential(
src/test/app/Credentials_test.cpp:1153:        // Verify credential exists and is accepted
src/test/app/Credentials_test.cpp:1160:        env(deposit::authCredentials(becky, {{subject, credType}}));
src/test/app/Credentials_test.cpp:1164:            env.jt(pay(subject, becky, XRP(100)), credentials::ids({credIdx}));
src/test/app/Credentials_test.cpp:1169:        // Create PermissionedDomain
src/test/app/Credentials_test.cpp:1170:        env(pdomain::setTx(becky, {{issuer, credType}}));
src/test/app/Credentials_test.cpp:1172:        auto const domain = pdomain::getObjects(becky, env).begin()->first;
src/test/app/Credentials_test.cpp:1182:                ripple::credentials::checkExpired(
src/test/app/Credentials_test.cpp:1198:        // Credential still exists before removeExpired
src/test/app/Credentials_test.cpp:1212:            ripple::verifyValidDomain(av, subject.id(), domain, j);
src/test/app/Credentials_test.cpp:1226:            BEAST_EXPECT(dpTer == tecEXPIRED);
src/test/app/Credentials_test.cpp:1237:        testCredentialsDelete(all);
src/test/app/Credentials_test.cpp:1242:        testFeatureFailed(all - featureCredentials);
src/test/app/Credentials_test.cpp:1252:BEAST_DEFINE_TESTSUITE(Credentials, app, ripple);
src/xrpld/app/tx/detail/InvariantCheck.cpp:24:#include <xrpld/app/tx/detail/PermissionedDomainSet.h>
src/xrpld/app/tx/detail/InvariantCheck.cpp:28:#include <xrpl/ledger/CredentialHelpers.h>
src/xrpld/app/tx/detail/InvariantCheck.cpp:54:named `enforce` when an invariant fails. At first glance, those asserts may look
src/xrpld/app/tx/detail/InvariantCheck.cpp:62:This makes `assert(enforce)` sort of a second-layer of invariant enforcement
src/xrpld/app/tx/detail/InvariantCheck.cpp:64:violates an invariant, and runs it in unit tests or a develop build that _does
src/xrpld/app/tx/detail/InvariantCheck.cpp:331:        bad_ |= isBad((*before)[sfTakerPays], (*before)[sfTakerGets]);
src/xrpld/app/tx/detail/InvariantCheck.cpp:334:        bad_ |= isBad((*after)[sfTakerPays], (*after)[sfTakerGets]);
src/xrpld/app/tx/detail/InvariantCheck.cpp:577:        // An account should not be deleted with a non-zero owner count
src/xrpld/app/tx/detail/InvariantCheck.cpp:578:        if (after->at(sfOwnerCount) != 0)
src/xrpld/app/tx/detail/InvariantCheck.cpp:581:                               "behind a non-zero owner count";
src/xrpld/app/tx/detail/InvariantCheck.cpp:585:                "deleted account has zero owner count");
src/xrpld/app/tx/detail/InvariantCheck.cpp:810:     * We check this invariant regardless of deep freeze amendment status,
src/xrpld/app/tx/detail/InvariantCheck.cpp:840:                "invariant.");
src/xrpld/app/tx/detail/InvariantCheck.cpp:876:    /* While LedgerEntryTypesMatch invariant also checks types, all invariants
src/xrpld/app/tx/detail/InvariantCheck.cpp:899:     * Payment and OfferCreate that cross offers. Such trust line won't be
src/xrpld/app/tx/detail/InvariantCheck.cpp:1040:        "invariant.");
src/xrpld/app/tx/detail/InvariantCheck.cpp:1681:ValidPermissionedDomain::visitEntry(
src/xrpld/app/tx/detail/InvariantCheck.cpp:1694:        auto const& credentials = sle->getFieldArray(sfAcceptedCredentials);
src/xrpld/app/tx/detail/InvariantCheck.cpp:1695:        auto const sorted = credentials::makeSorted(credentials);
src/xrpld/app/tx/detail/InvariantCheck.cpp:1697:        SleStatus ss{credentials.size(), false, !sorted.empty(), isDel};
src/xrpld/app/tx/detail/InvariantCheck.cpp:1705:                auto const& credTx = credentials[i++];
src/xrpld/app/tx/detail/InvariantCheck.cpp:1707:                    (cred.second == credTx[sfCredentialType]);
src/xrpld/app/tx/detail/InvariantCheck.cpp:1720:ValidPermissionedDomain::finalize(
src/xrpld/app/tx/detail/InvariantCheck.cpp:1728:        if (!sleStatus.credentialsSize_)
src/xrpld/app/tx/detail/InvariantCheck.cpp:1730:            JLOG(j.fatal()) << "Invariant failed: permissioned domain with "
src/xrpld/app/tx/detail/InvariantCheck.cpp:1735:        if (sleStatus.credentialsSize_ >
src/xrpld/app/tx/detail/InvariantCheck.cpp:1736:            maxPermissionedDomainCredentialsArraySize)
src/xrpld/app/tx/detail/InvariantCheck.cpp:1738:            JLOG(j.fatal()) << "Invariant failed: permissioned domain bad "
src/xrpld/app/tx/detail/InvariantCheck.cpp:1739:                               "credentials size "
src/xrpld/app/tx/detail/InvariantCheck.cpp:1740:                            << sleStatus.credentialsSize_;
src/xrpld/app/tx/detail/InvariantCheck.cpp:1747:                << "Invariant failed: permissioned domain credentials "
src/xrpld/app/tx/detail/InvariantCheck.cpp:1755:                << "Invariant failed: permissioned domain credentials "
src/xrpld/app/tx/detail/InvariantCheck.cpp:1765:        // No permissioned domains should be affected if the transaction failed
src/xrpld/app/tx/detail/InvariantCheck.cpp:1774:                               "than 1 permissioned domain entry.";
src/xrpld/app/tx/detail/InvariantCheck.cpp:1784:                        << "Invariant failed: no domain objects affected by "
src/xrpld/app/tx/detail/InvariantCheck.cpp:1785:                           "PermissionedDomainSet";
src/xrpld/app/tx/detail/InvariantCheck.cpp:1792:                    JLOG(j.fatal()) << "Invariant failed: domain object "
src/xrpld/app/tx/detail/InvariantCheck.cpp:1793:                                       "deleted by PermissionedDomainSet";
src/xrpld/app/tx/detail/InvariantCheck.cpp:1802:                        << "Invariant failed: no domain objects affected by "
src/xrpld/app/tx/detail/InvariantCheck.cpp:1803:                           "PermissionedDomainDelete";
src/xrpld/app/tx/detail/InvariantCheck.cpp:1809:                    JLOG(j.fatal()) << "Invariant failed: domain object "
src/xrpld/app/tx/detail/InvariantCheck.cpp:1811:                                       "PermissionedDomainDelete";
src/xrpld/app/tx/detail/InvariantCheck.cpp:1820:                                    << " domain object(s) affected by an "
src/xrpld/app/tx/detail/InvariantCheck.cpp:1919:        "changes or enforce invariant");
src/xrpld/app/tx/detail/InvariantCheck.cpp:1935:ValidPermissionedDEX::visitEntry(
src/xrpld/app/tx/detail/InvariantCheck.cpp:1942:        if (after->isFieldPresent(sfDomainID))
src/xrpld/app/tx/detail/InvariantCheck.cpp:1943:            domains_.insert(after->getFieldH256(sfDomainID));
src/xrpld/app/tx/detail/InvariantCheck.cpp:1948:        if (after->isFieldPresent(sfDomainID))
src/xrpld/app/tx/detail/InvariantCheck.cpp:1949:            domains_.insert(after->getFieldH256(sfDomainID));
src/xrpld/app/tx/detail/InvariantCheck.cpp:1953:        if (after->isFlag(lsfHybrid))
src/xrpld/app/tx/detail/InvariantCheck.cpp:1955:            bool const hasDomainID = after->isFieldPresent(sfDomainID);
src/xrpld/app/tx/detail/InvariantCheck.cpp:1957:            if (after->isFieldPresent(sfAdditionalBooks))
src/xrpld/app/tx/detail/InvariantCheck.cpp:1959:                    after->getFieldArray(sfAdditionalBooks).size();
src/xrpld/app/tx/detail/InvariantCheck.cpp:1960:            if (!hasDomainID || !additionalBooksSize ||
src/xrpld/app/tx/detail/InvariantCheck.cpp:1962:                badHybridsOld_ = true;
src/xrpld/app/tx/detail/InvariantCheck.cpp:1963:            if (!hasDomainID || !additionalBooksSize ||
src/xrpld/app/tx/detail/InvariantCheck.cpp:1965:                badHybrids_ = true;
src/xrpld/app/tx/detail/InvariantCheck.cpp:1971:ValidPermissionedDEX::finalize(
src/xrpld/app/tx/detail/InvariantCheck.cpp:1984:    // permissioned offers are valid
src/xrpld/app/tx/detail/InvariantCheck.cpp:1986:        view.rules().enabled(fixCleanup3_1_3) ? badHybrids_ : badHybridsOld_;
src/xrpld/app/tx/detail/InvariantCheck.cpp:1989:        JLOG(j.fatal()) << "Invariant failed: hybrid offer is malformed";
src/xrpld/app/tx/detail/InvariantCheck.cpp:1993:    if (!tx.isFieldPresent(sfDomainID))
src/xrpld/app/tx/detail/InvariantCheck.cpp:1996:    auto const domain = tx.getFieldH256(sfDomainID);
src/xrpld/app/tx/detail/InvariantCheck.cpp:1998:    if (!view.exists(keylet::permissionedDomain(domain)))
src/xrpld/app/tx/detail/InvariantCheck.cpp:2000:        JLOG(j.fatal()) << "Invariant failed: domain doesn't exist";
src/xrpld/app/tx/detail/InvariantCheck.cpp:2004:    // for both payment and offercreate, there shouldn't be another domain
src/xrpld/app/tx/detail/InvariantCheck.cpp:2005:    // that's different from the domain specified
src/xrpld/app/tx/detail/InvariantCheck.cpp:2006:    for (auto const& d : domains_)
src/xrpld/app/tx/detail/InvariantCheck.cpp:2008:        if (d != domain)
src/xrpld/app/tx/detail/InvariantCheck.cpp:2011:                               " consumed wrong domains";
src/xrpld/app/tx/detail/InvariantCheck.cpp:2018:        JLOG(j.fatal()) << "Invariant failed: domain transaction"
src/xrpld/app/tx/detail/InvariantCheck.cpp:2086:        JLOG(j.error()) << "AMMVote invariant failed: "
src/xrpld/app/tx/detail/InvariantCheck.cpp:2105:        JLOG(j.error()) << "AMMBid invariant failed: pool changed";
src/xrpld/app/tx/detail/InvariantCheck.cpp:2117:        JLOG(j.error()) << "AMMBid invariant failed: " << *lptAMMBalanceBefore_
src/xrpld/app/tx/detail/InvariantCheck.cpp:2138:            << "AMMCreate invariant failed: AMM object is not created";
src/xrpld/app/tx/detail/InvariantCheck.cpp:2152:        // Create invariant:
src/xrpld/app/tx/detail/InvariantCheck.cpp:2160:            JLOG(j.error()) << "AMMCreate invariant failed: " << amount << " "
src/xrpld/app/tx/detail/InvariantCheck.cpp:2179:        JLOG(j.error()) << "AMMDelete invariant failed: " << msg;
src/xrpld/app/tx/detail/InvariantCheck.cpp:2194:        JLOG(j.error()) << "AMM swap invariant failed: AMM object changed";
src/xrpld/app/tx/detail/InvariantCheck.cpp:2217:    // Deposit and Withdrawal invariant:
src/xrpld/app/tx/detail/InvariantCheck.cpp:2234:        JLOG(j.error()) << "AMM " << tx.getTxnType() << " invariant failed: "
src/xrpld/app/tx/detail/InvariantCheck.cpp:2259:        JLOG(j.error()) << "AMMDeposit invariant failed: AMM object is deleted";
src/xrpld/app/tx/detail/InvariantCheck.cpp:2372:                 * We check this invariant regardless of lending protocol
src/xrpld/app/tx/detail/InvariantCheck.cpp:2391:                 * We check this invariant regardless of lending protocol
src/xrpld/app/tx/detail/InvariantCheck.cpp:2419:                 * We check this invariant regardless of lending protocol
src/xrpld/app/tx/detail/InvariantCheck.cpp:2434:            "changes or enforce invariant");
src/xrpld/app/tx/detail/InvariantCheck.cpp:2493:                           "OwnerCount has multiple directory pages";
src/xrpld/app/tx/detail/InvariantCheck.cpp:2501:               "OwnerCount has multiple indexes in the Directory root";
src/xrpld/app/tx/detail/InvariantCheck.cpp:2518:                   "OwnerCount has an unexpected entry in the directory";
src/xrpld/app/tx/detail/InvariantCheck.cpp:2582:        // https://github.com/Tapanito/XRPL-Standards/blob/xls-66-lending-protocol/XLS-0066d-lending-protocol/README.md#3123-invariants
src/xrpld/app/tx/detail/InvariantCheck.cpp:2583:        // If `LoanBroker.OwnerCount = 0` the `DirectoryNode` will have at most
src/xrpld/app/tx/detail/InvariantCheck.cpp:2586:        if (after->at(sfOwnerCount) == 0)
src/xrpld/app/tx/detail/InvariantCheck.cpp:2588:            auto const dir = view.read(keylet::ownerDir(after->at(sfAccount)));
src/xrpld/app/tx/detail/InvariantCheck.cpp:2681:        // https://github.com/Tapanito/XRPL-Standards/blob/xls-66-lending-protocol/XLS-0066d-lending-protocol/README.md#3223-invariants
src/xrpld/app/tx/detail/InvariantCheck.cpp:2754:    self.owner = from.at(sfOwner);
src/xrpld/app/tx/detail/InvariantCheck.cpp:2927:                enforce, "ripple::ValidVault::finalize : vault noop invariant");
src/xrpld/app/tx/detail/InvariantCheck.cpp:2941:            "invariant");
src/xrpld/app/tx/detail/InvariantCheck.cpp:2950:            enforce, "ripple::ValidVault::finalize : single vault invariant");
src/xrpld/app/tx/detail/InvariantCheck.cpp:2967:                "invariant");
src/xrpld/app/tx/detail/InvariantCheck.cpp:2993:                "ripple::ValidVault::finalize : shares deletion invariant");
src/xrpld/app/tx/detail/InvariantCheck.cpp:3024:            enforce, "ripple::ValidVault::finalize : vault deletion invariant");
src/xrpld/app/tx/detail/InvariantCheck.cpp:3074:            "ripple::ValidVault::finalize : vault has shares invariant");
src/xrpld/app/tx/detail/InvariantCheck.cpp:3138:    // enforcing invariants on transaction types other than ttVAULT_CREATE
src/xrpld/app/tx/detail/InvariantCheck.cpp:3144:            enforce, "ripple::ValidVault::finalize : vault creation invariant");
src/xrpld/app/tx/detail/InvariantCheck.cpp:3179:            enforce, "ripple::ValidVault::finalize : shares noop invariant");
src/xrpld/app/tx/detail/InvariantCheck.cpp:3702:                    // The owner can use clawback to force-burn shares when the
src/xrpld/app/tx/detail/InvariantCheck.cpp:3706:                          beforeVault.owner == tx[sfAccount]))
src/xrpld/app/tx/detail/InvariantCheck.cpp:3710:                            "by the asset issuer, or by the vault owner of an "
src/xrpld/app/tx/detail/InvariantCheck.cpp:3829:        XRPL_ASSERT(enforce, "ripple::ValidVault::finalize : vault invariants");
src/test/app/PermissionedDEX_test.cpp:24:#include <xrpld/app/tx/detail/PermissionedDomainSet.h>
src/test/app/PermissionedDEX_test.cpp:57:class PermissionedDEX_test : public beast::unit_test::suite
src/test/app/PermissionedDEX_test.cpp:70:        STAmount const& takerPays,
src/test/app/PermissionedDEX_test.cpp:71:        STAmount const& takerGets,
src/test/app/PermissionedDEX_test.cpp:73:        bool const domainOffer = false)
src/test/app/PermissionedDEX_test.cpp:77:                              std::optional<uint256> domain =
src/test/app/PermissionedDEX_test.cpp:83:            if (domain != (*page)[~sfDomainID])
src/test/app/PermissionedDEX_test.cpp:99:        if (sle->getFieldAmount(sfTakerGets) != takerGets)
src/test/app/PermissionedDEX_test.cpp:101:        if (sle->getFieldAmount(sfTakerPays) != takerPays)
src/test/app/PermissionedDEX_test.cpp:105:        if (domainOffer && !sle->isFieldPresent(sfDomainID))
src/test/app/PermissionedDEX_test.cpp:107:        if (!domainOffer && sle->isFieldPresent(sfDomainID))
src/test/app/PermissionedDEX_test.cpp:110:                sle->getFieldH256(sfBookDirectory),
src/test/app/PermissionedDEX_test.cpp:111:                sle->getFieldU64(sfBookNode),
src/test/app/PermissionedDEX_test.cpp:112:                (*sle)[~sfDomainID]))
src/test/app/PermissionedDEX_test.cpp:115:        if (sle->isFlag(lsfHybrid))
src/test/app/PermissionedDEX_test.cpp:117:            if (!sle->isFieldPresent(sfDomainID))
src/test/app/PermissionedDEX_test.cpp:119:            if (!sle->isFieldPresent(sfAdditionalBooks))
src/test/app/PermissionedDEX_test.cpp:121:            if (sle->getFieldArray(sfAdditionalBooks).size() != 1)
src/test/app/PermissionedDEX_test.cpp:125:                sle->getFieldArray(sfAdditionalBooks);
src/test/app/PermissionedDEX_test.cpp:129:                auto const& dirIndex = bookDir.getFieldH256(sfBookDirectory);
src/test/app/PermissionedDEX_test.cpp:130:                auto const& dirNode = bookDir.getFieldU64(sfBookNode);
src/test/app/PermissionedDEX_test.cpp:133:                // doesn't have domainID
src/test/app/PermissionedDEX_test.cpp:140:            if (sle->isFieldPresent(sfAdditionalBooks))
src/test/app/PermissionedDEX_test.cpp:150:        STAmount const& takerPays,
src/test/app/PermissionedDEX_test.cpp:151:        STAmount const& takerGets)
src/test/app/PermissionedDEX_test.cpp:153:        return keylet::quality(
src/test/app/PermissionedDEX_test.cpp:154:                   keylet::book(book), getRate(takerGets, takerPays))
src/test/app/PermissionedDEX_test.cpp:165:            return Keylet(ltDIR_NODE, (*sle)[sfBookDirectory]).key;
src/test/app/PermissionedDEX_test.cpp:191:    testOfferCreate(FeatureBitset features)
src/test/app/PermissionedDEX_test.cpp:193:        testcase("OfferCreate");
src/test/app/PermissionedDEX_test.cpp:197:            Env env(*this, features - featurePermissionedDEX);
src/test/app/PermissionedDEX_test.cpp:198:            auto const& [gw, domainOwner, alice, bob, carol, USD, domainID, credType] =
src/test/app/PermissionedDEX_test.cpp:199:                PermissionedDEX(env);
src/test/app/PermissionedDEX_test.cpp:202:                domain(domainID),
src/test/app/PermissionedDEX_test.cpp:206:            env.enableFeature(featurePermissionedDEX);
src/test/app/PermissionedDEX_test.cpp:208:            env(offer(bob, XRP(10), USD(10)), domain(domainID));
src/test/app/PermissionedDEX_test.cpp:212:        // preclaim - someone outside of the domain cannot create domain offer
src/test/app/PermissionedDEX_test.cpp:215:            auto const& [gw, domainOwner, alice, bob, carol, USD, domainID, credType] =
src/test/app/PermissionedDEX_test.cpp:216:                PermissionedDEX(env);
src/test/app/PermissionedDEX_test.cpp:218:            // create devin account who is not part of the domain
src/test/app/PermissionedDEX_test.cpp:228:                domain(domainID),
src/test/app/PermissionedDEX_test.cpp:229:                ter(tecNO_PERMISSION));
src/test/app/PermissionedDEX_test.cpp:232:            // domain owner also issues a credential for devin
src/test/app/PermissionedDEX_test.cpp:233:            env(credentials::create(devin, domainOwner, credType));
src/test/app/PermissionedDEX_test.cpp:236:            // devin still cannot create offer since he didn't accept credential
src/test/app/PermissionedDEX_test.cpp:238:                domain(domainID),
src/test/app/PermissionedDEX_test.cpp:239:                ter(tecNO_PERMISSION));
src/test/app/PermissionedDEX_test.cpp:242:            env(credentials::accept(devin, domainOwner, credType));
src/test/app/PermissionedDEX_test.cpp:245:            env(offer(devin, XRP(10), USD(10)), domain(domainID));
src/test/app/PermissionedDEX_test.cpp:249:        // preclaim - someone with expired cred cannot create domain offer
src/test/app/PermissionedDEX_test.cpp:252:            auto const& [gw, domainOwner, alice, bob, carol, USD, domainID, credType] =
src/test/app/PermissionedDEX_test.cpp:253:                PermissionedDEX(env);
src/test/app/PermissionedDEX_test.cpp:255:            // create devin account who is not part of the domain
src/test/app/PermissionedDEX_test.cpp:264:            auto jv = credentials::create(devin, domainOwner, credType);
src/test/app/PermissionedDEX_test.cpp:272:            env(credentials::accept(devin, domainOwner, credType));
src/test/app/PermissionedDEX_test.cpp:276:            env(offer(devin, XRP(10), USD(10)), domain(domainID));
src/test/app/PermissionedDEX_test.cpp:284:                domain(domainID),
src/test/app/PermissionedDEX_test.cpp:285:                ter(tecNO_PERMISSION));
src/test/app/PermissionedDEX_test.cpp:289:        // preclaim - cannot create an offer in a non existent domain
src/test/app/PermissionedDEX_test.cpp:292:            auto const& [gw, domainOwner, alice, bob, carol, USD, domainID, credType] =
src/test/app/PermissionedDEX_test.cpp:293:                PermissionedDEX(env);
src/test/app/PermissionedDEX_test.cpp:299:                domain(badDomain),
src/test/app/PermissionedDEX_test.cpp:300:                ter(tecNO_PERMISSION));
src/test/app/PermissionedDEX_test.cpp:304:        // apply - offer can be created even if takergets issuer is not in
src/test/app/PermissionedDEX_test.cpp:305:        // domain
src/test/app/PermissionedDEX_test.cpp:308:            auto const& [gw, domainOwner, alice, bob, carol, USD, domainID, credType] =
src/test/app/PermissionedDEX_test.cpp:309:                PermissionedDEX(env);
src/test/app/PermissionedDEX_test.cpp:311:            env(credentials::deleteCred(
src/test/app/PermissionedDEX_test.cpp:312:                domainOwner, gw, domainOwner, credType));
src/test/app/PermissionedDEX_test.cpp:316:            env(offer(bob, XRP(10), USD(10)), domain(domainID));
src/test/app/PermissionedDEX_test.cpp:323:        // apply - offer can be created even if takerpays issuer is not in
src/test/app/PermissionedDEX_test.cpp:324:        // domain
src/test/app/PermissionedDEX_test.cpp:327:            auto const& [gw, domainOwner, alice, bob, carol, USD, domainID, credType] =
src/test/app/PermissionedDEX_test.cpp:328:                PermissionedDEX(env);
src/test/app/PermissionedDEX_test.cpp:330:            env(credentials::deleteCred(
src/test/app/PermissionedDEX_test.cpp:331:                domainOwner, gw, domainOwner, credType));
src/test/app/PermissionedDEX_test.cpp:335:            env(offer(bob, USD(10), XRP(10)), domain(domainID));
src/test/app/PermissionedDEX_test.cpp:342:        // apply - two domain offers cross with each other
src/test/app/PermissionedDEX_test.cpp:345:            auto const& [gw, domainOwner, alice, bob, carol, USD, domainID, credType] =
src/test/app/PermissionedDEX_test.cpp:346:                PermissionedDEX(env);
src/test/app/PermissionedDEX_test.cpp:349:            env(offer(bob, XRP(10), USD(10)), domain(domainID));
src/test/app/PermissionedDEX_test.cpp:354:            BEAST_EXPECT(ownerCount(env, bob) == 3);
src/test/app/PermissionedDEX_test.cpp:356:            // a non domain offer cannot cross with domain offer
src/test/app/PermissionedDEX_test.cpp:364:            env(offer(alice, USD(10), XRP(10)), domain(domainID));
src/test/app/PermissionedDEX_test.cpp:369:            BEAST_EXPECT(ownerCount(env, alice) == 2);
src/test/app/PermissionedDEX_test.cpp:372:        // apply - create lots of domain offers
src/test/app/PermissionedDEX_test.cpp:375:            auto const& [gw, domainOwner, alice, bob, carol, USD, domainID, credType] =
src/test/app/PermissionedDEX_test.cpp:376:                PermissionedDEX(env);
src/test/app/PermissionedDEX_test.cpp:386:                env(offer(bob, XRP(10), USD(10)), domain(domainID));
src/test/app/PermissionedDEX_test.cpp:406:        // test preflight - without enabling featurePermissionedDEX amendment
src/test/app/PermissionedDEX_test.cpp:408:            Env env(*this, features - featurePermissionedDEX);
src/test/app/PermissionedDEX_test.cpp:409:            auto const& [gw, domainOwner, alice, bob, carol, USD, domainID, credType] =
src/test/app/PermissionedDEX_test.cpp:410:                PermissionedDEX(env);
src/test/app/PermissionedDEX_test.cpp:415:                domain(domainID),
src/test/app/PermissionedDEX_test.cpp:419:            env.enableFeature(featurePermissionedDEX);
src/test/app/PermissionedDEX_test.cpp:422:            env(offer(bob, XRP(10), USD(10)), domain(domainID));
src/test/app/PermissionedDEX_test.cpp:428:                domain(domainID));
src/test/app/PermissionedDEX_test.cpp:432:        // preclaim - cannot send payment with non existent domain
src/test/app/PermissionedDEX_test.cpp:435:            auto const& [gw, domainOwner, alice, bob, carol, USD, domainID, credType] =
src/test/app/PermissionedDEX_test.cpp:436:                PermissionedDEX(env);
src/test/app/PermissionedDEX_test.cpp:444:                domain(badDomain),
src/test/app/PermissionedDEX_test.cpp:445:                ter(tecNO_PERMISSION));
src/test/app/PermissionedDEX_test.cpp:449:        // preclaim - payment with non-domain destination fails
src/test/app/PermissionedDEX_test.cpp:452:            auto const& [gw, domainOwner, alice, bob, carol, USD, domainID, credType] =
src/test/app/PermissionedDEX_test.cpp:453:                PermissionedDEX(env);
src/test/app/PermissionedDEX_test.cpp:455:            env(offer(bob, XRP(10), USD(10)), domain(domainID));
src/test/app/PermissionedDEX_test.cpp:458:            // create devin account who is not part of the domain
src/test/app/PermissionedDEX_test.cpp:467:            // devin is not part of domain
src/test/app/PermissionedDEX_test.cpp:471:                domain(domainID),
src/test/app/PermissionedDEX_test.cpp:472:                ter(tecNO_PERMISSION));
src/test/app/PermissionedDEX_test.cpp:475:            // domain owner also issues a credential for devin
src/test/app/PermissionedDEX_test.cpp:476:            env(credentials::create(devin, domainOwner, credType));
src/test/app/PermissionedDEX_test.cpp:483:                domain(domainID),
src/test/app/PermissionedDEX_test.cpp:484:                ter(tecNO_PERMISSION));
src/test/app/PermissionedDEX_test.cpp:487:            env(credentials::accept(devin, domainOwner, credType));
src/test/app/PermissionedDEX_test.cpp:490:            // devin can now receive payment after he is in domain
src/test/app/PermissionedDEX_test.cpp:494:                domain(domainID));
src/test/app/PermissionedDEX_test.cpp:498:        // preclaim - non-domain sender cannot send payment
src/test/app/PermissionedDEX_test.cpp:501:            auto const& [gw, domainOwner, alice, bob, carol, USD, domainID, credType] =
src/test/app/PermissionedDEX_test.cpp:502:                PermissionedDEX(env);
src/test/app/PermissionedDEX_test.cpp:504:            env(offer(bob, XRP(10), USD(10)), domain(domainID));
src/test/app/PermissionedDEX_test.cpp:507:            // create devin account who is not part of the domain
src/test/app/PermissionedDEX_test.cpp:516:            // devin tries to send domain payment
src/test/app/PermissionedDEX_test.cpp:520:                domain(domainID),
src/test/app/PermissionedDEX_test.cpp:521:                ter(tecNO_PERMISSION));
src/test/app/PermissionedDEX_test.cpp:524:            // domain owner also issues a credential for devin
src/test/app/PermissionedDEX_test.cpp:525:            env(credentials::create(devin, domainOwner, credType));
src/test/app/PermissionedDEX_test.cpp:532:                domain(domainID),
src/test/app/PermissionedDEX_test.cpp:533:                ter(tecNO_PERMISSION));
src/test/app/PermissionedDEX_test.cpp:536:            env(credentials::accept(devin, domainOwner, credType));
src/test/app/PermissionedDEX_test.cpp:539:            // devin can now send payment after he is in domain
src/test/app/PermissionedDEX_test.cpp:543:                domain(domainID));
src/test/app/PermissionedDEX_test.cpp:547:        // apply - domain owner can always send and receive domain payment
src/test/app/PermissionedDEX_test.cpp:550:            auto const& [gw, domainOwner, alice, bob, carol, USD, domainID, credType] =
src/test/app/PermissionedDEX_test.cpp:551:                PermissionedDEX(env);
src/test/app/PermissionedDEX_test.cpp:553:            env(offer(bob, XRP(10), USD(10)), domain(domainID));
src/test/app/PermissionedDEX_test.cpp:556:            // domain owner can always be destination
src/test/app/PermissionedDEX_test.cpp:557:            env(pay(alice, domainOwner, USD(10)),
src/test/app/PermissionedDEX_test.cpp:560:                domain(domainID));
src/test/app/PermissionedDEX_test.cpp:563:            env(offer(bob, XRP(10), USD(10)), domain(domainID));
src/test/app/PermissionedDEX_test.cpp:566:            // domain owner can send
src/test/app/PermissionedDEX_test.cpp:567:            env(pay(domainOwner, alice, USD(10)),
src/test/app/PermissionedDEX_test.cpp:570:                domain(domainID));
src/test/app/PermissionedDEX_test.cpp:580:        // test domain cross currency payment consuming one offer
src/test/app/PermissionedDEX_test.cpp:583:            auto const& [gw, domainOwner, alice, bob, carol, USD, domainID, credType] =
src/test/app/PermissionedDEX_test.cpp:584:                PermissionedDEX(env);
src/test/app/PermissionedDEX_test.cpp:586:            // create a regular offer without domain
src/test/app/PermissionedDEX_test.cpp:598:            // a domain payment cannot consume regular offers
src/test/app/PermissionedDEX_test.cpp:602:                domain(domainID),
src/test/app/PermissionedDEX_test.cpp:606:            // create a domain offer
src/test/app/PermissionedDEX_test.cpp:607:            auto const domainOfferSeq{env.seq(bob)};
src/test/app/PermissionedDEX_test.cpp:608:            env(offer(bob, XRP(10), USD(10)), domain(domainID));
src/test/app/PermissionedDEX_test.cpp:612:                env, bob, domainOfferSeq, XRP(10), USD(10), 0, true));
src/test/app/PermissionedDEX_test.cpp:614:            auto const domainDirKey =
src/test/app/PermissionedDEX_test.cpp:615:                getDefaultOfferDirKey(env, bob, domainOfferSeq);
src/test/app/PermissionedDEX_test.cpp:616:            BEAST_EXPECT(domainDirKey);
src/test/app/PermissionedDEX_test.cpp:617:            BEAST_EXPECT(checkDirectorySize(env, *domainDirKey, 1));
src/test/app/PermissionedDEX_test.cpp:619:            // cross-currency permissioned payment consumed
src/test/app/PermissionedDEX_test.cpp:620:            // domain offer instead of regular offer
src/test/app/PermissionedDEX_test.cpp:624:                domain(domainID));
src/test/app/PermissionedDEX_test.cpp:626:            BEAST_EXPECT(!offerExists(env, bob, domainOfferSeq));
src/test/app/PermissionedDEX_test.cpp:630:            // domain directory is empty
src/test/app/PermissionedDEX_test.cpp:631:            BEAST_EXPECT(checkDirectorySize(env, *domainDirKey, 0));
src/test/app/PermissionedDEX_test.cpp:635:        // test domain payment consuming two offers in the path
src/test/app/PermissionedDEX_test.cpp:638:            auto const& [gw, domainOwner, alice, bob, carol, USD, domainID, credType] =
src/test/app/PermissionedDEX_test.cpp:639:                PermissionedDEX(env);
src/test/app/PermissionedDEX_test.cpp:651:            // create XRP/USD domain offer
src/test/app/PermissionedDEX_test.cpp:653:            env(offer(bob, XRP(10), USD(10)), domain(domainID));
src/test/app/PermissionedDEX_test.cpp:663:                domain(domainID),
src/test/app/PermissionedDEX_test.cpp:681:                domain(domainID),
src/test/app/PermissionedDEX_test.cpp:685:            // bob creates a domain USD/EUR offer
src/test/app/PermissionedDEX_test.cpp:687:            env(offer(bob, USD(10), EUR(10)), domain(domainID));
src/test/app/PermissionedDEX_test.cpp:692:            // alice successfully consume two domain offers: xrp/usd and usd/eur
src/test/app/PermissionedDEX_test.cpp:695:                domain(domainID),
src/test/app/PermissionedDEX_test.cpp:704:            // alice successfully consume two domain offers and deletes them
src/test/app/PermissionedDEX_test.cpp:708:                domain(domainID),
src/test/app/PermissionedDEX_test.cpp:720:        // domain payment cannot consume offer from another domain
src/test/app/PermissionedDEX_test.cpp:723:            auto const& [gw, domainOwner, alice, bob, carol, USD, domainID, credType] =
src/test/app/PermissionedDEX_test.cpp:724:                PermissionedDEX(env);
src/test/app/PermissionedDEX_test.cpp:737:            pdomain::Credentials credentials{{badDomainOwner, badCredType}};
src/test/app/PermissionedDEX_test.cpp:738:            env(pdomain::setTx(badDomainOwner, credentials));
src/test/app/PermissionedDEX_test.cpp:740:            auto objects = pdomain::getObjects(badDomainOwner, env);
src/test/app/PermissionedDEX_test.cpp:741:            auto const badDomainID = objects.begin()->first;
src/test/app/PermissionedDEX_test.cpp:743:            env(credentials::create(devin, badDomainOwner, badCredType));
src/test/app/PermissionedDEX_test.cpp:745:            env(credentials::accept(devin, badDomainOwner, badCredType));
src/test/app/PermissionedDEX_test.cpp:747:            // devin creates a domain offer in another domain
src/test/app/PermissionedDEX_test.cpp:748:            env(offer(devin, XRP(10), USD(10)), domain(badDomainID));
src/test/app/PermissionedDEX_test.cpp:751:            // domain payment can't consume an offer from another domain
src/test/app/PermissionedDEX_test.cpp:755:                domain(domainID),
src/test/app/PermissionedDEX_test.cpp:759:            // bob creates an offer under the right domain
src/test/app/PermissionedDEX_test.cpp:761:            env(offer(bob, XRP(10), USD(10)), domain(domainID));
src/test/app/PermissionedDEX_test.cpp:766:            // domain payment now consumes from the right domain
src/test/app/PermissionedDEX_test.cpp:770:                domain(domainID));
src/test/app/PermissionedDEX_test.cpp:776:        // sanity check: devin, who is part of the domain but doesn't have a
src/test/app/PermissionedDEX_test.cpp:781:            auto const& [gw, domainOwner, alice, bob, carol, USD, domainID, credType] =
src/test/app/PermissionedDEX_test.cpp:782:                PermissionedDEX(env);
src/test/app/PermissionedDEX_test.cpp:784:            env(offer(bob, XRP(10), USD(10)), domain(domainID));
src/test/app/PermissionedDEX_test.cpp:792:            // domain owner also issues a credential for devin
src/test/app/PermissionedDEX_test.cpp:793:            env(credentials::create(devin, domainOwner, credType));
src/test/app/PermissionedDEX_test.cpp:796:            env(credentials::accept(devin, domainOwner, credType));
src/test/app/PermissionedDEX_test.cpp:800:            env(pay(devin, alice, USD(10)), sendmax(XRP(10)), domain(domainID));
src/test/app/PermissionedDEX_test.cpp:804:        // offer becomes unfunded when offer owner's cred expires
src/test/app/PermissionedDEX_test.cpp:807:            auto const& [gw, domainOwner, alice, bob, carol, USD, domainID, credType] =
src/test/app/PermissionedDEX_test.cpp:808:                PermissionedDEX(env);
src/test/app/PermissionedDEX_test.cpp:810:            // create devin account who is not part of the domain
src/test/app/PermissionedDEX_test.cpp:819:            auto jv = credentials::create(devin, domainOwner, credType);
src/test/app/PermissionedDEX_test.cpp:827:            env(credentials::accept(devin, domainOwner, credType));
src/test/app/PermissionedDEX_test.cpp:832:            env(offer(devin, XRP(10), USD(10)), domain(domainID));
src/test/app/PermissionedDEX_test.cpp:839:                domain(domainID));
src/test/app/PermissionedDEX_test.cpp:851:                domain(domainID),
src/test/app/PermissionedDEX_test.cpp:858:        // offer becomes unfunded when offer owner's cred is removed
src/test/app/PermissionedDEX_test.cpp:861:            auto const& [gw, domainOwner, alice, bob, carol, USD, domainID, credType] =
src/test/app/PermissionedDEX_test.cpp:862:                PermissionedDEX(env);
src/test/app/PermissionedDEX_test.cpp:865:            env(offer(bob, XRP(10), USD(10)), domain(domainID));
src/test/app/PermissionedDEX_test.cpp:872:                domain(domainID));
src/test/app/PermissionedDEX_test.cpp:878:            env(credentials::deleteCred(
src/test/app/PermissionedDEX_test.cpp:879:                domainOwner, bob, domainOwner, credType));
src/test/app/PermissionedDEX_test.cpp:886:                domain(domainID),
src/test/app/PermissionedDEX_test.cpp:899:        // test a non-domain account can still be part of rippling in a domain
src/test/app/PermissionedDEX_test.cpp:900:        // payment. If the domain wishes to control who is allowed to ripple
src/test/app/PermissionedDEX_test.cpp:903:        auto const& [gw, domainOwner, alice, bob, carol, USD, domainID, credType] =
src/test/app/PermissionedDEX_test.cpp:904:            PermissionedDEX(env);
src/test/app/PermissionedDEX_test.cpp:913:        // remove bob from domain
src/test/app/PermissionedDEX_test.cpp:914:        env(credentials::deleteCred(domainOwner, bob, domainOwner, credType));
src/test/app/PermissionedDEX_test.cpp:918:        // of the domain, this is intentional
src/test/app/PermissionedDEX_test.cpp:919:        env(pay(alice, carol, EURB(10)), paths(EURA), domain(domainID));
src/test/app/PermissionedDEX_test.cpp:930:            domain(domainID),
src/test/app/PermissionedDEX_test.cpp:939:        testcase("Offer token issuer in domain");
src/test/app/PermissionedDEX_test.cpp:941:        // whether the issuer is in the domain should NOT affect whether an
src/test/app/PermissionedDEX_test.cpp:942:        // offer can be consumed in domain payment
src/test/app/PermissionedDEX_test.cpp:944:        auto const& [gw, domainOwner, alice, bob, carol, USD, domainID, credType] =
src/test/app/PermissionedDEX_test.cpp:945:            PermissionedDEX(env);
src/test/app/PermissionedDEX_test.cpp:947:        // create an xrp/usd offer with usd as takergets
src/test/app/PermissionedDEX_test.cpp:949:        env(offer(bob, XRP(10), USD(10)), domain(domainID));
src/test/app/PermissionedDEX_test.cpp:952:        // create an usd/xrp offer with usd as takerpays
src/test/app/PermissionedDEX_test.cpp:954:        env(offer(bob, USD(10), XRP(10)), domain(domainID), txflags(tfPassive));
src/test/app/PermissionedDEX_test.cpp:962:        // remove gateway from domain
src/test/app/PermissionedDEX_test.cpp:963:        env(credentials::deleteCred(domainOwner, gw, domainOwner, credType));
src/test/app/PermissionedDEX_test.cpp:966:        // payment succeeds even if issuer is not in domain
src/test/app/PermissionedDEX_test.cpp:971:            domain(domainID));
src/test/app/PermissionedDEX_test.cpp:975:        // payment succeeds even if issuer is not in domain
src/test/app/PermissionedDEX_test.cpp:980:            domain(domainID));
src/test/app/PermissionedDEX_test.cpp:993:        auto const& [gw, domainOwner, alice, bob, carol, USD, domainID, credType] =
src/test/app/PermissionedDEX_test.cpp:994:            PermissionedDEX(env);
src/test/app/PermissionedDEX_test.cpp:997:        env(offer(alice, XRP(100), USD(100)), domain(domainID));
src/test/app/PermissionedDEX_test.cpp:1001:        env(offer(bob, XRP(20), USD(20)), domain(domainID));
src/test/app/PermissionedDEX_test.cpp:1009:        auto const domainDirKey = getDefaultOfferDirKey(env, bob, bobOfferSeq);
src/test/app/PermissionedDEX_test.cpp:1010:        BEAST_EXPECT(domainDirKey);
src/test/app/PermissionedDEX_test.cpp:1011:        BEAST_EXPECT(checkDirectorySize(env, *domainDirKey, 2));
src/test/app/PermissionedDEX_test.cpp:1013:        // remove alice from domain and thus alice's offer becomes unfunded
src/test/app/PermissionedDEX_test.cpp:1014:        env(credentials::deleteCred(domainOwner, alice, domainOwner, credType));
src/test/app/PermissionedDEX_test.cpp:1020:            domain(domainID));
src/test/app/PermissionedDEX_test.cpp:1028:        BEAST_EXPECT(checkDirectorySize(env, *domainDirKey, 1));
src/test/app/PermissionedDEX_test.cpp:1037:        auto const& [gw, domainOwner, alice, bob, carol, USD, domainID, credType] =
src/test/app/PermissionedDEX_test.cpp:1038:            PermissionedDEX(env);
src/test/app/PermissionedDEX_test.cpp:1041:        // a domain payment isn't able to consume AMM
src/test/app/PermissionedDEX_test.cpp:1045:            domain(domainID),
src/test/app/PermissionedDEX_test.cpp:1049:        // a non domain payment can use AMM
src/test/app/PermissionedDEX_test.cpp:1059:    testHybridOfferCreate(FeatureBitset features)
src/test/app/PermissionedDEX_test.cpp:1061:        testcase("Hybrid offer create");
src/test/app/PermissionedDEX_test.cpp:1063:        // test preflight - invalid hybrid flag
src/test/app/PermissionedDEX_test.cpp:1065:            Env env(*this, features - featurePermissionedDEX);
src/test/app/PermissionedDEX_test.cpp:1066:            auto const& [gw, domainOwner, alice, bob, carol, USD, domainID, credType] =
src/test/app/PermissionedDEX_test.cpp:1067:                PermissionedDEX(env);
src/test/app/PermissionedDEX_test.cpp:1070:                domain(domainID),
src/test/app/PermissionedDEX_test.cpp:1071:                txflags(tfHybrid),
src/test/app/PermissionedDEX_test.cpp:1076:                txflags(tfHybrid),
src/test/app/PermissionedDEX_test.cpp:1080:            env.enableFeature(featurePermissionedDEX);
src/test/app/PermissionedDEX_test.cpp:1083:            // hybrid offer must have domainID
src/test/app/PermissionedDEX_test.cpp:1085:                txflags(tfHybrid),
src/test/app/PermissionedDEX_test.cpp:1089:            // hybrid offer must have domainID
src/test/app/PermissionedDEX_test.cpp:1092:                txflags(tfHybrid),
src/test/app/PermissionedDEX_test.cpp:1093:                domain(domainID));
src/test/app/PermissionedDEX_test.cpp:1096:                env, bob, offerSeq, XRP(10), USD(10), lsfHybrid, true));
src/test/app/PermissionedDEX_test.cpp:1099:        // apply - domain offer can cross with hybrid
src/test/app/PermissionedDEX_test.cpp:1102:            auto const& [gw, domainOwner, alice, bob, carol, USD, domainID, credType] =
src/test/app/PermissionedDEX_test.cpp:1103:                PermissionedDEX(env);
src/test/app/PermissionedDEX_test.cpp:1107:                txflags(tfHybrid),
src/test/app/PermissionedDEX_test.cpp:1108:                domain(domainID));
src/test/app/PermissionedDEX_test.cpp:1112:                env, bob, bobOfferSeq, XRP(10), USD(10), lsfHybrid, true));
src/test/app/PermissionedDEX_test.cpp:1114:            BEAST_EXPECT(ownerCount(env, bob) == 3);
src/test/app/PermissionedDEX_test.cpp:1117:            env(offer(alice, USD(10), XRP(10)), domain(domainID));
src/test/app/PermissionedDEX_test.cpp:1122:            BEAST_EXPECT(ownerCount(env, alice) == 2);
src/test/app/PermissionedDEX_test.cpp:1125:        // apply - open offer can cross with hybrid
src/test/app/PermissionedDEX_test.cpp:1128:            auto const& [gw, domainOwner, alice, bob, carol, USD, domainID, credType] =
src/test/app/PermissionedDEX_test.cpp:1129:                PermissionedDEX(env);
src/test/app/PermissionedDEX_test.cpp:1133:                txflags(tfHybrid),
src/test/app/PermissionedDEX_test.cpp:1134:                domain(domainID));
src/test/app/PermissionedDEX_test.cpp:1138:            BEAST_EXPECT(ownerCount(env, bob) == 3);
src/test/app/PermissionedDEX_test.cpp:1140:                env, bob, bobOfferSeq, XRP(10), USD(10), lsfHybrid, true));
src/test/app/PermissionedDEX_test.cpp:1148:            BEAST_EXPECT(ownerCount(env, alice) == 2);
src/test/app/PermissionedDEX_test.cpp:1151:        // apply - by default, hybrid offer tries to cross with offers in the
src/test/app/PermissionedDEX_test.cpp:1152:        // domain book
src/test/app/PermissionedDEX_test.cpp:1155:            auto const& [gw, domainOwner, alice, bob, carol, USD, domainID, credType] =
src/test/app/PermissionedDEX_test.cpp:1156:                PermissionedDEX(env);
src/test/app/PermissionedDEX_test.cpp:1159:            env(offer(bob, XRP(10), USD(10)), domain(domainID));
src/test/app/PermissionedDEX_test.cpp:1164:            BEAST_EXPECT(ownerCount(env, bob) == 3);
src/test/app/PermissionedDEX_test.cpp:1166:            // hybrid offer auto crosses with domain offer
src/test/app/PermissionedDEX_test.cpp:1169:                domain(domainID),
src/test/app/PermissionedDEX_test.cpp:1170:                txflags(tfHybrid));
src/test/app/PermissionedDEX_test.cpp:1175:            BEAST_EXPECT(ownerCount(env, alice) == 2);
src/test/app/PermissionedDEX_test.cpp:1178:        // apply - hybrid offer does not automatically cross with open offers
src/test/app/PermissionedDEX_test.cpp:1179:        // because by default, it only tries to cross domain offers
src/test/app/PermissionedDEX_test.cpp:1182:            auto const& [gw, domainOwner, alice, bob, carol, USD, domainID, credType] =
src/test/app/PermissionedDEX_test.cpp:1183:                PermissionedDEX(env);
src/test/app/PermissionedDEX_test.cpp:1191:            BEAST_EXPECT(ownerCount(env, bob) == 3);
src/test/app/PermissionedDEX_test.cpp:1193:            // hybrid offer auto crosses with domain offer
src/test/app/PermissionedDEX_test.cpp:1196:                domain(domainID),
src/test/app/PermissionedDEX_test.cpp:1197:                txflags(tfHybrid));
src/test/app/PermissionedDEX_test.cpp:1205:                env, alice, aliceOfferSeq, USD(10), XRP(10), lsfHybrid, true));
src/test/app/PermissionedDEX_test.cpp:1206:            BEAST_EXPECT(ownerCount(env, alice) == 3);
src/test/app/PermissionedDEX_test.cpp:1211:    testHybridInvalidOffer(FeatureBitset features)
src/test/app/PermissionedDEX_test.cpp:1213:        testcase("Hybrid invalid offer");
src/test/app/PermissionedDEX_test.cpp:1215:        // bob has a hybrid offer and then he is removed from domain.
src/test/app/PermissionedDEX_test.cpp:1216:        // in this case, the hybrid offer will be considered as unfunded even in
src/test/app/PermissionedDEX_test.cpp:1219:        auto const& [gw, domainOwner, alice, bob, carol, USD, domainID, credType] =
src/test/app/PermissionedDEX_test.cpp:1220:            PermissionedDEX(env);
src/test/app/PermissionedDEX_test.cpp:1222:        auto const hybridOfferSeq{env.seq(bob)};
src/test/app/PermissionedDEX_test.cpp:1223:        env(offer(bob, XRP(50), USD(50)), txflags(tfHybrid), domain(domainID));
src/test/app/PermissionedDEX_test.cpp:1226:        // remove bob from domain
src/test/app/PermissionedDEX_test.cpp:1227:        env(credentials::deleteCred(domainOwner, bob, domainOwner, credType));
src/test/app/PermissionedDEX_test.cpp:1230:        // bob's hybrid offer is unfunded and can not be consumed in a domain
src/test/app/PermissionedDEX_test.cpp:1235:            domain(domainID),
src/test/app/PermissionedDEX_test.cpp:1239:            env, bob, hybridOfferSeq, XRP(50), USD(50), lsfHybrid, true));
src/test/app/PermissionedDEX_test.cpp:1241:        // bob's unfunded hybrid offer can't be consumed even with a regular
src/test/app/PermissionedDEX_test.cpp:1249:            env, bob, hybridOfferSeq, XRP(50), USD(50), lsfHybrid, true));
src/test/app/PermissionedDEX_test.cpp:1258:        auto const sleHybridOffer =
src/test/app/PermissionedDEX_test.cpp:1259:            env.le(keylet::offer(bob.id(), hybridOfferSeq));
src/test/app/PermissionedDEX_test.cpp:1260:        BEAST_EXPECT(sleHybridOffer);
src/test/app/PermissionedDEX_test.cpp:1262:            sleHybridOffer->getFieldArray(sfAdditionalBooks)[0].getFieldH256(
src/test/app/PermissionedDEX_test.cpp:1263:                sfBookDirectory);
src/test/app/PermissionedDEX_test.cpp:1267:        // unfunded hybrid offer
src/test/app/PermissionedDEX_test.cpp:1271:        BEAST_EXPECT(!offerExists(env, bob, hybridOfferSeq));
src/test/app/PermissionedDEX_test.cpp:1277:    testHybridBookStep(FeatureBitset features)
src/test/app/PermissionedDEX_test.cpp:1279:        testcase("Hybrid book step");
src/test/app/PermissionedDEX_test.cpp:1281:        // both non domain and domain payments can consume hybrid offer
src/test/app/PermissionedDEX_test.cpp:1284:            auto const& [gw, domainOwner, alice, bob, carol, USD, domainID, credType] =
src/test/app/PermissionedDEX_test.cpp:1285:                PermissionedDEX(env);
src/test/app/PermissionedDEX_test.cpp:1287:            auto const hybridOfferSeq{env.seq(bob)};
src/test/app/PermissionedDEX_test.cpp:1289:                txflags(tfHybrid),
src/test/app/PermissionedDEX_test.cpp:1290:                domain(domainID));
src/test/app/PermissionedDEX_test.cpp:1296:                domain(domainID));
src/test/app/PermissionedDEX_test.cpp:1299:                env, bob, hybridOfferSeq, XRP(5), USD(5), lsfHybrid, true));
src/test/app/PermissionedDEX_test.cpp:1301:            // hybrid offer can't be consumed since bob is not in domain anymore
src/test/app/PermissionedDEX_test.cpp:1305:            BEAST_EXPECT(!offerExists(env, bob, hybridOfferSeq));
src/test/app/PermissionedDEX_test.cpp:1308:        // someone from another domain can't cross hybrid if they specified
src/test/app/PermissionedDEX_test.cpp:1309:        // wrong domainID
src/test/app/PermissionedDEX_test.cpp:1312:            auto const& [gw, domainOwner, alice, bob, carol, USD, domainID, credType] =
src/test/app/PermissionedDEX_test.cpp:1313:                PermissionedDEX(env);
src/test/app/PermissionedDEX_test.cpp:1322:            pdomain::Credentials credentials{{badDomainOwner, badCredType}};
src/test/app/PermissionedDEX_test.cpp:1323:            env(pdomain::setTx(badDomainOwner, credentials));
src/test/app/PermissionedDEX_test.cpp:1325:            auto objects = pdomain::getObjects(badDomainOwner, env);
src/test/app/PermissionedDEX_test.cpp:1326:            auto const badDomainID = objects.begin()->first;
src/test/app/PermissionedDEX_test.cpp:1328:            env(credentials::create(devin, badDomainOwner, badCredType));
src/test/app/PermissionedDEX_test.cpp:1330:            env(credentials::accept(devin, badDomainOwner, badCredType));
src/test/app/PermissionedDEX_test.cpp:1333:            auto const hybridOfferSeq{env.seq(bob)};
src/test/app/PermissionedDEX_test.cpp:1335:                txflags(tfHybrid),
src/test/app/PermissionedDEX_test.cpp:1336:                domain(domainID));
src/test/app/PermissionedDEX_test.cpp:1339:            // other domains can't consume the offer
src/test/app/PermissionedDEX_test.cpp:1343:                domain(badDomainID),
src/test/app/PermissionedDEX_test.cpp:1347:                env, bob, hybridOfferSeq, XRP(10), USD(10), lsfHybrid, true));
src/test/app/PermissionedDEX_test.cpp:1352:                domain(domainID));
src/test/app/PermissionedDEX_test.cpp:1355:                env, bob, hybridOfferSeq, XRP(5), USD(5), lsfHybrid, true));
src/test/app/PermissionedDEX_test.cpp:1357:            // hybrid offer can't be consumed since bob is not in domain anymore
src/test/app/PermissionedDEX_test.cpp:1361:            BEAST_EXPECT(!offerExists(env, bob, hybridOfferSeq));
src/test/app/PermissionedDEX_test.cpp:1364:        // test domain payment consuming two offers w/ hybrid offer
src/test/app/PermissionedDEX_test.cpp:1367:            auto const& [gw, domainOwner, alice, bob, carol, USD, domainID, credType] =
src/test/app/PermissionedDEX_test.cpp:1368:                PermissionedDEX(env);
src/test/app/PermissionedDEX_test.cpp:1381:            env(offer(bob, XRP(10), USD(10)), domain(domainID));
src/test/app/PermissionedDEX_test.cpp:1391:                domain(domainID),
src/test/app/PermissionedDEX_test.cpp:1397:            // bob creates a hybrid eur offer
src/test/app/PermissionedDEX_test.cpp:1400:                domain(domainID),
src/test/app/PermissionedDEX_test.cpp:1401:                txflags(tfHybrid));
src/test/app/PermissionedDEX_test.cpp:1404:                env, bob, eurOfferSeq, USD(10), EUR(10), lsfHybrid, true));
src/test/app/PermissionedDEX_test.cpp:1406:            // alice successfully consume two domain offers: xrp/usd and usd/eur
src/test/app/PermissionedDEX_test.cpp:1410:                domain(domainID));
src/test/app/PermissionedDEX_test.cpp:1416:                env, bob, eurOfferSeq, USD(5), EUR(5), lsfHybrid, true));
src/test/app/PermissionedDEX_test.cpp:1419:        // test regular payment using a regular offer and a hybrid offer
src/test/app/PermissionedDEX_test.cpp:1422:            auto const& [gw, domainOwner, alice, bob, carol, USD, domainID, credType] =
src/test/app/PermissionedDEX_test.cpp:1423:                PermissionedDEX(env);
src/test/app/PermissionedDEX_test.cpp:1443:            // bob creates a hybrid eur offer
src/test/app/PermissionedDEX_test.cpp:1446:                domain(domainID),
src/test/app/PermissionedDEX_test.cpp:1447:                txflags(tfHybrid));
src/test/app/PermissionedDEX_test.cpp:1450:                env, bob, eurOfferSeq, USD(10), EUR(10), lsfHybrid, true));
src/test/app/PermissionedDEX_test.cpp:1459:                env, bob, eurOfferSeq, USD(5), EUR(5), lsfHybrid, true));
src/test/app/PermissionedDEX_test.cpp:1464:    testHybridOfferDirectories(FeatureBitset features)
src/test/app/PermissionedDEX_test.cpp:1467:        auto const& [gw, domainOwner, alice, bob, carol, USD, domainID, credType] =
src/test/app/PermissionedDEX_test.cpp:1468:            PermissionedDEX(env);
src/test/app/PermissionedDEX_test.cpp:1473:        Book domainBook{Issue(XRP), Issue(USD), domainID};
src/test/app/PermissionedDEX_test.cpp:1476:        auto const domainDir = getBookDirKey(domainBook, XRP(10), USD(10));
src/test/app/PermissionedDEX_test.cpp:1486:                txflags(tfHybrid),
src/test/app/PermissionedDEX_test.cpp:1487:                domain(domainID));
src/test/app/PermissionedDEX_test.cpp:1492:            BEAST_EXPECT(sleOffer->getFieldH256(sfBookDirectory) == domainDir);
src/test/app/PermissionedDEX_test.cpp:1494:                sleOffer->getFieldArray(sfAdditionalBooks).size() == 1);
src/test/app/PermissionedDEX_test.cpp:1496:                sleOffer->getFieldArray(sfAdditionalBooks)[0].getFieldH256(
src/test/app/PermissionedDEX_test.cpp:1497:                    sfBookDirectory) == openDir);
src/test/app/PermissionedDEX_test.cpp:1500:                env, bob, bobOfferSeq, XRP(10), USD(10), lsfHybrid, true));
src/test/app/PermissionedDEX_test.cpp:1501:            BEAST_EXPECT(checkDirectorySize(env, domainDir, i));
src/test/app/PermissionedDEX_test.cpp:1511:            BEAST_EXPECT(checkDirectorySize(env, domainDir, dirCnt));
src/test/app/PermissionedDEX_test.cpp:1522:        auto const& [gw, domainOwner, alice, bob, carol, USD, domainID, credType] =
src/test/app/PermissionedDEX_test.cpp:1523:            PermissionedDEX(env);
src/test/app/PermissionedDEX_test.cpp:1537:        env(offer(alice, XRP(100), USD(1)), domain(domainID));
src/test/app/PermissionedDEX_test.cpp:1538:        env(offer(bob, EUR(1), XRP(100)), domain(domainID));
src/test/app/PermissionedDEX_test.cpp:1544:        env(offer(carol, USD(1), EUR(1)), domain(domainID));
src/test/app/PermissionedDEX_test.cpp:1553:    testHybridMalformedOffer(FeatureBitset features)
src/test/app/PermissionedDEX_test.cpp:1557:        testcase << "Hybrid offer with empty AdditionalBooks"
src/test/app/PermissionedDEX_test.cpp:1563:        // pre-fix:  only rejects a hybrid offer when sfAdditionalBooks is
src/test/app/PermissionedDEX_test.cpp:1565:        // post-fix: also rejects a hybrid offer whose sfAdditionalBooks array
src/test/app/PermissionedDEX_test.cpp:1568:        // We create a valid hybrid offer, then directly manipulate its SLE to
src/test/app/PermissionedDEX_test.cpp:1572:        // Note: the PermissionedDEX invariant checker (ValidPermissionedDEX)
src/test/app/PermissionedDEX_test.cpp:1577:        auto const& [gw, domainOwner, alice, bob, carol, USD, domainID, credType] =
src/test/app/PermissionedDEX_test.cpp:1578:            PermissionedDEX(env);
src/test/app/PermissionedDEX_test.cpp:1580:        // Create a valid hybrid offer (sfAdditionalBooks has exactly 1 entry)
src/test/app/PermissionedDEX_test.cpp:1582:        env(offer(bob, XRP(10), USD(10)), txflags(tfHybrid), domain(domainID));
src/test/app/PermissionedDEX_test.cpp:1587:        // sfAdditionalBooks is present but empty (size 0). This is the
src/test/app/PermissionedDEX_test.cpp:1596:                replacement->setFieldArray(sfAdditionalBooks, STArray{});
src/test/app/PermissionedDEX_test.cpp:1604:            // offer (size == 0), so no valid domain offer is found.
src/test/app/PermissionedDEX_test.cpp:1608:                domain(domainID),
src/test/app/PermissionedDEX_test.cpp:1614:            // sfAdditionalBooks field; size == 0 passes through, so the
src/test/app/PermissionedDEX_test.cpp:1619:                domain(domainID));
src/test/app/PermissionedDEX_test.cpp:1629:        // Test domain offer (w/o hyrbid)
src/test/app/PermissionedDEX_test.cpp:1630:        testOfferCreate(all);
src/test/app/PermissionedDEX_test.cpp:1639:        // Test hybrid offers
src/test/app/PermissionedDEX_test.cpp:1640:        testHybridOfferCreate(all);
src/test/app/PermissionedDEX_test.cpp:1641:        testHybridBookStep(all);
src/test/app/PermissionedDEX_test.cpp:1642:        testHybridInvalidOffer(all);
src/test/app/PermissionedDEX_test.cpp:1643:        testHybridOfferDirectories(all);
src/test/app/PermissionedDEX_test.cpp:1644:        testHybridMalformedOffer(all);
src/test/app/PermissionedDEX_test.cpp:1645:        testHybridMalformedOffer(all - fixCleanup3_1_3);
src/test/app/PermissionedDEX_test.cpp:1649:BEAST_DEFINE_TESTSUITE(PermissionedDEX, app, ripple);
