src/libxrpl/protocol/IOUAmount.cpp:220:        result.reserve(30);  // 2^96 is largest intermediate result size
src/test/ledger/Directory_test.cpp:55:    // specified directory:
src/test/ledger/Directory_test.cpp:99:        // Check Alice's directory: it should contain one
src/test/ledger/Directory_test.cpp:110:                    view->read(keylet::page(keylet::ownerDir(alice), page));
src/test/ledger/Directory_test.cpp:164:        // alice should have an empty directory.
src/test/ledger/Directory_test.cpp:165:        BEAST_EXPECT(dirIsEmpty(*env.closed(), keylet::ownerDir(alice)));
src/test/ledger/Directory_test.cpp:167:        // Give alice a signer list, then there will be stuff in the directory.
src/test/ledger/Directory_test.cpp:170:        BEAST_EXPECT(!dirIsEmpty(*env.closed(), keylet::ownerDir(alice)));
src/test/ledger/Directory_test.cpp:174:        BEAST_EXPECT(dirIsEmpty(*env.closed(), keylet::ownerDir(alice)));
src/test/ledger/Directory_test.cpp:179:            c.reserve((2 * dirNodeMaxEntries) + 3);
src/test/ledger/Directory_test.cpp:198:            BEAST_EXPECT(!dirIsEmpty(*env.closed(), keylet::ownerDir(alice)));
src/test/ledger/Directory_test.cpp:208:            BEAST_EXPECT(dirIsEmpty(*env.closed(), keylet::ownerDir(alice)));
src/test/ledger/Directory_test.cpp:216:            BEAST_EXPECT(dirIsEmpty(*env.closed(), keylet::ownerDir(alice)));
src/test/ledger/Directory_test.cpp:228:            BEAST_EXPECT(!dirIsEmpty(*env.closed(), keylet::ownerDir(alice)));
src/test/ledger/Directory_test.cpp:240:            BEAST_EXPECT(!dirIsEmpty(*env.closed(), keylet::ownerDir(alice)));
src/test/ledger/Directory_test.cpp:252:            BEAST_EXPECT(dirIsEmpty(*env.closed(), keylet::ownerDir(alice)));
src/test/ledger/Directory_test.cpp:304:        // and removes her trust line. Her owner directory
src/test/ledger/Directory_test.cpp:310:            BEAST_EXPECT(dirIsEmpty(*env.closed(), keylet::ownerDir(alice)));
src/test/ledger/Directory_test.cpp:353:            BEAST_EXPECT(sb.dirRemove(
src/test/ledger/Directory_test.cpp:387:            BEAST_EXPECT(sb.dirRemove(
src/test/ledger/Directory_test.cpp:416:            params[jss::type] = jss::directory;
src/test/ledger/Directory_test.cpp:436:            for (auto const& directory : jstate)
src/test/ledger/Directory_test.cpp:439:                    directory["LedgerEntryType"] ==
src/test/ledger/Directory_test.cpp:443:                BEAST_EXPECT(!directory.isMember("PreviousTxnID"));
src/test/ledger/Directory_test.cpp:444:                BEAST_EXPECT(!directory.isMember("PreviousTxnLgrSeq"));
src/test/ledger/Directory_test.cpp:448:        // Now enable the amendment so the directory node is updated.
src/test/ledger/Directory_test.cpp:466:            for (auto const& directory : jstate)
src/test/ledger/Directory_test.cpp:469:                    directory["LedgerEntryType"] ==
src/test/ledger/Directory_test.cpp:471:                if (directory[jss::Owner] == gw.human())
src/test/ledger/Directory_test.cpp:473:                    // gw's directory did not get touched, so it
src/test/ledger/Directory_test.cpp:475:                    BEAST_EXPECT(!directory.isMember("PreviousTxnID"));
src/test/ledger/Directory_test.cpp:476:                    BEAST_EXPECT(!directory.isMember("PreviousTxnLgrSeq"));
src/test/ledger/Directory_test.cpp:484:                        directory.isMember("PreviousTxnID") &&
src/test/ledger/Directory_test.cpp:485:                        directory["PreviousTxnID"].asString() == txID);
src/test/ledger/Directory_test.cpp:487:                        directory.isMember("PreviousTxnLgrSeq") &&
src/test/ledger/Directory_test.cpp:488:                        directory["PreviousTxnLgrSeq"].asUInt() == ledgerSeq);
src/test/ledger/Directory_test.cpp:518:            auto const res = directory::bumpLastPage(
src/test/ledger/Directory_test.cpp:521:                keylet::ownerDir(alice.id()),
src/test/ledger/Directory_test.cpp:540:            auto const expected = full ? ter{tecDIR_FULL} : ter{tesSUCCESS};
src/test/ledger/Directory_test.cpp:543:            // Destroy all objects in directory
src/test/ledger/Directory_test.cpp:551:            // Verify directory is empty.
src/test/ledger/Directory_test.cpp:552:            auto const sle = env.le(keylet::ownerDir(alice.id()));
src/test/ledger/Directory_test.cpp:562:                testcase("directory full without fixDirectoryLimit");
src/test/ledger/Directory_test.cpp:568:                testcase("directory not full with fixDirectoryLimit");
src/test/ledger/Directory_test.cpp:574:                testcase("directory full with fixDirectoryLimit");
src/libxrpl/protocol/MPTAmount.cpp:20:#include <xrpl/protocol/MPTAmount.h>
src/libxrpl/protocol/MPTAmount.cpp:24:MPTAmount&
src/libxrpl/protocol/MPTAmount.cpp:25:MPTAmount::operator+=(MPTAmount const& other)
src/libxrpl/protocol/MPTAmount.cpp:31:MPTAmount&
src/libxrpl/protocol/MPTAmount.cpp:32:MPTAmount::operator-=(MPTAmount const& other)
src/libxrpl/protocol/MPTAmount.cpp:38:MPTAmount
src/libxrpl/protocol/MPTAmount.cpp:39:MPTAmount::operator-() const
src/libxrpl/protocol/MPTAmount.cpp:41:    return MPTAmount{-value_};
src/libxrpl/protocol/MPTAmount.cpp:45:MPTAmount::operator==(MPTAmount const& other) const
src/libxrpl/protocol/MPTAmount.cpp:51:MPTAmount::operator==(value_type other) const
src/libxrpl/protocol/MPTAmount.cpp:57:MPTAmount::operator<(MPTAmount const& other) const
src/libxrpl/protocol/MPTAmount.cpp:62:MPTAmount
src/libxrpl/protocol/MPTAmount.cpp:63:MPTAmount::minPositiveAmount()
src/libxrpl/protocol/MPTAmount.cpp:65:    return MPTAmount{1};
src/test/protocol/STAmount_test.cpp:669:                    "XRP and MPT must be specified as integral amount.";
src/test/protocol/STAmount_test.cpp:682:                    "XRP and MPT must be specified as integral amount.";
src/test/protocol/STAmount_test.cpp:999:    testCanAddMPT()
src/test/protocol/STAmount_test.cpp:1003:        MPTIssue const mpt{MPTIssue{makeMptID(1, AccountID(0x4985601))}};
src/test/protocol/STAmount_test.cpp:1004:        MPTIssue const mpt2{MPTIssue{makeMptID(2, AccountID(0x4985601))}};
src/test/protocol/STAmount_test.cpp:1020:        // Adding two positive MPT amounts
src/test/protocol/STAmount_test.cpp:1027:        // Adding two negative MPT amounts
src/test/protocol/STAmount_test.cpp:1034:        // Adding a positive and a negative MPT amount
src/test/protocol/STAmount_test.cpp:1041:        // Overflow check for max MPT amounts
src/test/protocol/STAmount_test.cpp:1044:                mpt, std::numeric_limits<MPTAmount::value_type>::max());
src/test/protocol/STAmount_test.cpp:1049:        // Overflow check for min MPT amounts
src/test/protocol/STAmount_test.cpp:1050:        // Note: Cannot check min MPT overflow because you cannot initialize the
src/test/protocol/STAmount_test.cpp:1051:        // STAmount with a negative MPT amount.
src/test/protocol/STAmount_test.cpp:1053:        // Adding MPT and XRP
src/test/protocol/STAmount_test.cpp:1060:        // Adding different MPT issues (non zero)
src/test/protocol/STAmount_test.cpp:1067:        // Adding different MPT issues (non zero)
src/test/protocol/STAmount_test.cpp:1168:    testCanSubtractMPT()
src/test/protocol/STAmount_test.cpp:1172:        MPTIssue const mpt{MPTIssue{makeMptID(1, AccountID(0x4985601))}};
src/test/protocol/STAmount_test.cpp:1173:        MPTIssue const mpt2{MPTIssue{makeMptID(2, AccountID(0x4985601))}};
src/test/protocol/STAmount_test.cpp:1189:        // Subtracting two positive MPT amounts
src/test/protocol/STAmount_test.cpp:1196:        // Subtracting two negative MPT amounts
src/test/protocol/STAmount_test.cpp:1203:        // Subtracting a positive and a negative MPT amount
src/test/protocol/STAmount_test.cpp:1210:        // Underflow check for min MPT amounts
src/test/protocol/STAmount_test.cpp:1211:        // Note: Cannot check min MPT underflow because you cannot initialize
src/test/protocol/STAmount_test.cpp:1212:        // the STAmount with a negative MPT amount.
src/test/protocol/STAmount_test.cpp:1214:        // Overflow check for max positive MPT amounts (should fail)
src/test/protocol/STAmount_test.cpp:1217:                mpt, std::numeric_limits<MPTAmount::value_type>::max());
src/test/protocol/STAmount_test.cpp:1222:        // Subtracting MPT and XRP
src/test/protocol/STAmount_test.cpp:1229:        // Subtracting different MPT issues (non zero)
src/test/protocol/STAmount_test.cpp:1236:        // Subtracting different MPT issues (zero)
src/test/protocol/STAmount_test.cpp:1260:        testCanAddMPT();
src/test/protocol/STAmount_test.cpp:1263:        testCanSubtractMPT();
src/test/app/AMMClawback_test.cpp:116:            // Issuer can not clawback from himself.
src/test/app/AMMClawback_test.cpp:120:            // Holder can not clawback from himself.
src/test/app/AMMClawback_test.cpp:179:            // subfield is alice account. Return temBAD_AMOUNT because
src/test/app/AMMClawback_test.cpp:187:                ter(temBAD_AMOUNT));
src/test/app/AMMClawback_test.cpp:211:            // Return temBAD_AMOUNT if the Amount value is less than 0.
src/test/app/AMMClawback_test.cpp:218:                ter(temBAD_AMOUNT));
src/test/app/AMMClawback_test.cpp:220:            // Return temBAD_AMOUNT if the Amount value is 0.
src/test/app/AMMClawback_test.cpp:227:                ter(temBAD_AMOUNT));
src/test/app/AMMClawback_test.cpp:253:                ter(tecNO_PERMISSION));
src/test/app/AMMClawback_test.cpp:420:            // gw clawback 1000 USD from the AMM pool.
src/test/app/AMMClawback_test.cpp:446:            // gw clawback another 1000 USD from the AMM pool. The AMM pool will
src/test/app/AMMClawback_test.cpp:497:            // gw clawback 1000 USD from the AMM pool.
src/test/app/AMMClawback_test.cpp:522:            // gw clawback another 1000 USD from the AMM pool. The AMM pool will
src/test/app/AMMClawback_test.cpp:592:            // gw clawback 1000 USD from the AMM pool
src/test/app/AMMClawback_test.cpp:624:            // gw clawback another 500 USD from the AMM pool.
src/test/app/AMMClawback_test.cpp:649:            // gw clawback small amount, 1 USD.
src/test/app/AMMClawback_test.cpp:681:            // gw clawback 4000 USD, exceeding the current balance. We
src/test/app/AMMClawback_test.cpp:682:            // will clawback all.
src/test/app/AMMClawback_test.cpp:779:            // gw clawback 500 USD from alice in amm
src/test/app/AMMClawback_test.cpp:826:            // gw clawback 10 USD from bob in amm.
src/test/app/AMMClawback_test.cpp:872:            // gw2 clawback 200 EUR from amm2.
src/test/app/AMMClawback_test.cpp:917:            // balance. This will clawback all the remaining LP tokens of alice
src/test/app/AMMClawback_test.cpp:965:            // gw clawback 1000 USD from bob in amm, which also exceeds bob's
src/test/app/AMMClawback_test.cpp:1155:            // gw clawback all the bob's USD in amm. (2000 USD / 2500 EUR)
src/test/app/AMMClawback_test.cpp:1203:            // gw2 clawback all carol's EUR in amm. (1000 USD / 1250 EUR)
src/test/app/AMMClawback_test.cpp:1227:            // gw2 clawback all alice's EUR in amm. (4000 USD / 5000 EUR)
src/test/app/AMMClawback_test.cpp:1287:            // gw clawback all alice's USD in amm. (1000 USD / 200 XRP)
src/test/app/AMMClawback_test.cpp:1307:            // gw clawback all bob's USD in amm. (2000 USD / 400 XRP)
src/test/app/AMMClawback_test.cpp:1380:        // gw clawback 1000 USD from carol.
src/test/app/AMMClawback_test.cpp:1402:        // gw clawback 1000 USD from bob with tfClawTwoAssets flag.
src/test/app/AMMClawback_test.cpp:1428:        // gw clawback all USD from alice and set tfClawTwoAssets.
src/test/app/AMMClawback_test.cpp:1512:        // gw2 clawback 500 gw2[USD] from alice.
src/test/app/AMMClawback_test.cpp:1536:        // gw clawback all gw["USD"] from bob.
src/test/app/AMMClawback_test.cpp:1799:            // gw clawback 1000 USD from the AMM pool.
src/test/app/AMMClawback_test.cpp:1813:            // gw clawback another 1000 USD from the AMM pool. The AMM pool will
src/test/app/AMMClawback_test.cpp:1868:            // gw clawback 1000 USD from the AMM pool.
src/test/app/AMMClawback_test.cpp:1920:            // gw clawback 1000 USD from the AMM pool.
src/test/app/AMMClawback_test.cpp:1986:            // gw clawback 1000 USD from carol.
src/test/app/AMMClawback_test.cpp:2009:            // gw clawback 1000 USD from bob with tfClawTwoAssets flag.
src/test/app/AMMClawback_test.cpp:2035:            // gw clawback all USD from alice and set tfClawTwoAssets.
src/test/app/AMMClawback_test.cpp:2063:        testcase("test single depoit and clawback");
src/test/app/AMMClawback_test.cpp:2128:            "balance before clawback");
src/test/app/AMMClawback_test.cpp:2425:                    ter(tecINVARIANT_FAILED));
src/xrpld/app/tx/detail/Clawback.cpp:25:#include <xrpl/protocol/MPTAmount.h>
src/xrpld/app/tx/detail/Clawback.cpp:43:    STAmount const clawAmount = ctx.tx[sfAmount];
src/xrpld/app/tx/detail/Clawback.cpp:49:        return temBAD_AMOUNT;
src/xrpld/app/tx/detail/Clawback.cpp:56:preflightHelper<MPTIssue>(PreflightContext const& ctx)
src/xrpld/app/tx/detail/Clawback.cpp:58:    if (!ctx.rules.enabled(featureMPTokensV1))
src/xrpld/app/tx/detail/Clawback.cpp:62:    auto const clawAmount = ctx.tx[sfAmount];
src/xrpld/app/tx/detail/Clawback.cpp:71:    if (clawAmount.mpt() > MPTAmount{maxMPTokenAmount} ||
src/xrpld/app/tx/detail/Clawback.cpp:73:        return temBAD_AMOUNT;
src/xrpld/app/tx/detail/Clawback.cpp:89:            ctx.tx[sfAmount].asset().value());
src/xrpld/app/tx/detail/Clawback.cpp:120:        return tecNO_PERMISSION;
src/xrpld/app/tx/detail/Clawback.cpp:125:        return tecNO_LINE;
src/xrpld/app/tx/detail/Clawback.cpp:131:        return tecNO_PERMISSION;
src/xrpld/app/tx/detail/Clawback.cpp:135:        return tecNO_PERMISSION;
src/xrpld/app/tx/detail/Clawback.cpp:160:preclaimHelper<MPTIssue>(
src/xrpld/app/tx/detail/Clawback.cpp:168:        keylet::mptIssuance(clawAmount.get<MPTIssue>().getMptID());
src/xrpld/app/tx/detail/Clawback.cpp:173:    if (!((*sleIssuance)[sfFlags] & lsfMPTCanClawback))
src/xrpld/app/tx/detail/Clawback.cpp:174:        return tecNO_PERMISSION;
src/xrpld/app/tx/detail/Clawback.cpp:177:        return tecNO_PERMISSION;
src/xrpld/app/tx/detail/Clawback.cpp:185:            clawAmount.get<MPTIssue>(),
src/xrpld/app/tx/detail/Clawback.cpp:198:    auto const clawAmount = ctx.tx[sfAmount];
src/xrpld/app/tx/detail/Clawback.cpp:220:        ctx.tx[sfAmount].asset().value());
src/xrpld/app/tx/detail/Clawback.cpp:232:    STAmount clawAmount = ctx.tx[sfAmount];
src/xrpld/app/tx/detail/Clawback.cpp:249:    return rippleCredit(
src/xrpld/app/tx/detail/Clawback.cpp:260:applyHelper<MPTIssue>(ApplyContext& ctx)
src/xrpld/app/tx/detail/Clawback.cpp:263:    auto clawAmount = ctx.tx[sfAmount];
src/xrpld/app/tx/detail/Clawback.cpp:270:        clawAmount.get<MPTIssue>(),
src/xrpld/app/tx/detail/Clawback.cpp:275:    return rippleCredit(
src/xrpld/app/tx/detail/Clawback.cpp:289:        ctx_.tx[sfAmount].asset().value());
src/test/app/Clawback_test.cpp:91:            env(fset(alice, asfNoFreeze), ter(tecNO_PERMISSION));
src/test/app/Clawback_test.cpp:114:            env(fset(alice, asfAllowTrustLineClawback), ter(tecNO_PERMISSION));
src/test/app/Clawback_test.cpp:120:        // Test that asfAllowTrustLineClawback is not allowed when owner dir is
src/test/app/Clawback_test.cpp:139:            BEAST_EXPECT(ownerCount(env, alice) == 0);
src/test/app/Clawback_test.cpp:140:            BEAST_EXPECT(ownerCount(env, bob) == 1);
src/test/app/Clawback_test.cpp:142:            // alice fails to enable clawback because she has trustline with bob
src/test/app/Clawback_test.cpp:151:            BEAST_EXPECT(ownerCount(env, alice) == 0);
src/test/app/Clawback_test.cpp:152:            BEAST_EXPECT(ownerCount(env, bob) == 0);
src/test/app/Clawback_test.cpp:159:            BEAST_EXPECT(ownerCount(env, alice) == 0);
src/test/app/Clawback_test.cpp:160:            BEAST_EXPECT(ownerCount(env, bob) == 0);
src/test/app/Clawback_test.cpp:182:            // now enable clawback amendment
src/test/app/Clawback_test.cpp:223:            // clawback fails because amendment is disabled
src/test/app/Clawback_test.cpp:227:            // now enable clawback amendment
src/test/app/Clawback_test.cpp:231:            // clawback fails because asfAllowTrustLineClawback has not been set
src/test/app/Clawback_test.cpp:232:            env(claw(alice, bob["USD"](5)), ter(tecNO_PERMISSION));
src/test/app/Clawback_test.cpp:278:            env(claw(alice, bob["USD"](-5)), ter(temBAD_AMOUNT));
src/test/app/Clawback_test.cpp:282:            env(claw(alice, bob["USD"](0)), ter(temBAD_AMOUNT));
src/test/app/Clawback_test.cpp:286:            env(claw(alice, XRP(10)), ter(temBAD_AMOUNT));
src/test/app/Clawback_test.cpp:291:            env(claw(alice, alice["USD"](5)), ter(temBAD_AMOUNT));
src/test/app/Clawback_test.cpp:299:            BEAST_EXPECT(ownerCount(env, alice) == 0);
src/test/app/Clawback_test.cpp:300:            BEAST_EXPECT(ownerCount(env, bob) == 1);
src/test/app/Clawback_test.cpp:304:            // clawback fails because because balance is 0
src/test/app/Clawback_test.cpp:313:            BEAST_EXPECT(ownerCount(env, alice) == 0);
src/test/app/Clawback_test.cpp:314:            BEAST_EXPECT(ownerCount(env, bob) == 0);
src/test/app/Clawback_test.cpp:316:            // clawback fails because trustline does not exist
src/test/app/Clawback_test.cpp:317:            env(claw(alice, bob["USD"](5)), ter(tecNO_LINE));
src/test/app/Clawback_test.cpp:325:        // Checks the tx submitter has the permission to clawback.
src/test/app/Clawback_test.cpp:385:            env(claw(cindy, bob["USD"](200)), ter(tecNO_LINE));
src/test/app/Clawback_test.cpp:419:            // bob then attempts to submit a clawback tx to claw USD from alice.
src/test/app/Clawback_test.cpp:434:                env(claw(bob, alice["USD"](5)), ter(tecNO_PERMISSION));
src/test/app/Clawback_test.cpp:439:            // alice then attempts to submit a clawback tx to claw CAD from bob.
src/test/app/Clawback_test.cpp:454:                env(claw(alice, bob["CAD"](5)), ter(tecNO_PERMISSION));
src/test/app/Clawback_test.cpp:463:        testcase("Enable clawback");
src/test/app/Clawback_test.cpp:466:        // Test that alice is able to successfully clawback tokens from bob
src/test/app/Clawback_test.cpp:645:        // perspective is allowed to clawback
src/test/app/Clawback_test.cpp:669:        BEAST_EXPECT(ownerCount(env, alice) == 0);
src/test/app/Clawback_test.cpp:670:        BEAST_EXPECT(ownerCount(env, bob) == 1);
src/test/app/Clawback_test.cpp:681:        BEAST_EXPECT(ownerCount(env, alice) == 1);
src/test/app/Clawback_test.cpp:682:        BEAST_EXPECT(ownerCount(env, bob) == 1);
src/test/app/Clawback_test.cpp:692:        // alice fails to clawback. Even though she is also an issuer,
src/test/app/Clawback_test.cpp:694:        env(claw(alice, bob["USD"](200)), ter(tecNO_PERMISSION));
src/test/app/Clawback_test.cpp:697:        // bob is able to successfully clawback from alice because
src/test/app/Clawback_test.cpp:714:        // bob is now the holder and fails to clawback
src/test/app/Clawback_test.cpp:715:        env(claw(bob, alice["USD"](200)), ter(tecNO_PERMISSION));
src/test/app/Clawback_test.cpp:732:        // If clawback results the trustline to be default,
src/test/app/Clawback_test.cpp:753:        BEAST_EXPECT(ownerCount(env, alice) == 0);
src/test/app/Clawback_test.cpp:754:        BEAST_EXPECT(ownerCount(env, bob) == 1);
src/test/app/Clawback_test.cpp:763:        BEAST_EXPECT(ownerCount(env, alice) == 0);
src/test/app/Clawback_test.cpp:764:        BEAST_EXPECT(ownerCount(env, bob) == 1);
src/test/app/Clawback_test.cpp:772:        BEAST_EXPECT(ownerCount(env, alice) == 0);
src/test/app/Clawback_test.cpp:773:        BEAST_EXPECT(ownerCount(env, bob) == 0);
src/test/app/Clawback_test.cpp:863:        BEAST_EXPECT(ownerCount(env, alice) == 0);
src/test/app/Clawback_test.cpp:864:        BEAST_EXPECT(ownerCount(env, bob) == 1);
src/test/app/Clawback_test.cpp:871:        BEAST_EXPECT(ownerCount(env, alice) == 0);
src/test/app/Clawback_test.cpp:872:        BEAST_EXPECT(ownerCount(env, bob) == 0);
src/test/app/Clawback_test.cpp:881:        // Tests clawback with tickets
src/test/app/Clawback_test.cpp:911:        BEAST_EXPECT(ownerCount(env, alice) == ticketCnt);
src/test/app/Clawback_test.cpp:921:            BEAST_EXPECT(ownerCount(env, alice) == ticketCnt);
src/test/app/Clawback_test.cpp:954:        testWithFeats(all - featureMPTokensV1);
src/xrpld/app/tx/detail/AMMClawback.cpp:55:    std::optional<STAmount> const clawAmount = ctx.tx[~sfAmount];
src/xrpld/app/tx/detail/AMMClawback.cpp:83:        return temBAD_AMOUNT;
src/xrpld/app/tx/detail/AMMClawback.cpp:87:        return temBAD_AMOUNT;
src/xrpld/app/tx/detail/AMMClawback.cpp:117:        return tecNO_PERMISSION;
src/xrpld/app/tx/detail/AMMClawback.cpp:137:    std::optional<STAmount> const clawAmount = ctx_.tx[~sfAmount];
src/xrpld/app/tx/detail/AMMClawback.cpp:232:    auto const ter = rippleCredit(sb, holder, issuer, amountWithdraw, true, j_);
src/xrpld/app/tx/detail/AMMClawback.cpp:245:        return rippleCredit(sb, holder, issuer, *amount2Withdraw, true, j_);
src/xrpld/app/tx/detail/AMMClawback.cpp:269:        // if lptoken balance less than what the issuer intended to clawback,
src/xrpld/app/tx/detail/AMMClawback.cpp:270:        // clawback all the tokens. Because we are doing a two-asset withdrawal,
src/libxrpl/protocol/STAmount.cpp:36:#include <xrpl/protocol/MPTAmount.h>
src/libxrpl/protocol/STAmount.cpp:37:#include <xrpl/protocol/MPTIssue.h>
src/libxrpl/protocol/STAmount.cpp:128:getMPTValue(STAmount const& amount)
src/libxrpl/protocol/STAmount.cpp:131:        amount, amount.holds<MPTIssue>(), "amount is not MPT!");
src/libxrpl/protocol/STAmount.cpp:140:    if (v1.holds<MPTIssue>() && v2.holds<MPTIssue>())
src/libxrpl/protocol/STAmount.cpp:141:        return v1.get<MPTIssue>() == v2.get<MPTIssue>();
src/libxrpl/protocol/STAmount.cpp:151:    // native or MPT
src/libxrpl/protocol/STAmount.cpp:154:        if ((value & cMPToken) != 0)
src/libxrpl/protocol/STAmount.cpp:156:            // is MPT
src/libxrpl/protocol/STAmount.cpp:340:MPTAmount
src/libxrpl/protocol/STAmount.cpp:343:    if (!holds<MPTIssue>())
src/libxrpl/protocol/STAmount.cpp:344:        Throw<std::logic_error>("Cannot return STAmount as MPTAmount");
src/libxrpl/protocol/STAmount.cpp:346:    auto value = static_cast<MPTAmount::value_type>(mValue);
src/libxrpl/protocol/STAmount.cpp:352:    return MPTAmount{value};
src/libxrpl/protocol/STAmount.cpp:432:    if (v1.holds<MPTIssue>())
src/libxrpl/protocol/STAmount.cpp:500:// Convert an offer into an index amount so they sort by rate.
src/libxrpl/protocol/STAmount.cpp:501:// A taker will take the best, lowest, rate first.
src/libxrpl/protocol/STAmount.cpp:506://             A lower rate is better for the person taking the order.
src/libxrpl/protocol/STAmount.cpp:507://             The taker gets more for less with a lower rate.
src/libxrpl/protocol/STAmount.cpp:541: * - For MPT amounts, it checks for overflow and underflow within 63-bit signed
src/libxrpl/protocol/STAmount.cpp:591:    // MPT (overflow & underflow check)
src/libxrpl/protocol/STAmount.cpp:592:    if (a.holds<MPTIssue>() && b.holds<MPTIssue>())
src/libxrpl/protocol/STAmount.cpp:594:        MPTAmount A = a.mpt();
src/libxrpl/protocol/STAmount.cpp:595:        MPTAmount B = b.mpt();
src/libxrpl/protocol/STAmount.cpp:596:        if ((B > MPTAmount{0} &&
src/libxrpl/protocol/STAmount.cpp:597:             A > MPTAmount{std::numeric_limits<MPTAmount::value_type>::max()} -
src/libxrpl/protocol/STAmount.cpp:599:            (B < MPTAmount{0} &&
src/libxrpl/protocol/STAmount.cpp:600:             A < MPTAmount{std::numeric_limits<MPTAmount::value_type>::min()} -
src/libxrpl/protocol/STAmount.cpp:625: * - For MPT amounts, ensures no underflow or overflow occurs.
src/libxrpl/protocol/STAmount.cpp:666:    // MPT case (underflow & overflow check)
src/libxrpl/protocol/STAmount.cpp:667:    if (a.holds<MPTIssue>() && b.holds<MPTIssue>())
src/libxrpl/protocol/STAmount.cpp:669:        MPTAmount A = a.mpt();
src/libxrpl/protocol/STAmount.cpp:670:        MPTAmount B = b.mpt();
src/libxrpl/protocol/STAmount.cpp:673:        if (B > MPTAmount{0} && A < B)
src/libxrpl/protocol/STAmount.cpp:677:        if (B < MPTAmount{0} &&
src/libxrpl/protocol/STAmount.cpp:678:            A > MPTAmount{std::numeric_limits<MPTAmount::value_type>::max()} +
src/libxrpl/protocol/STAmount.cpp:724:    ret.reserve(64);
src/libxrpl/protocol/STAmount.cpp:745:    if (native() || mAsset.holds<MPTIssue>() || scientific)
src/libxrpl/protocol/STAmount.cpp:764:    val.reserve(raw_value.length() + pad_prefix + pad_suffix);
src/libxrpl/protocol/STAmount.cpp:838:    else if (mAsset.holds<MPTIssue>())
src/libxrpl/protocol/STAmount.cpp:840:        auto u8 = static_cast<unsigned char>(cMPToken >> 56);
src/libxrpl/protocol/STAmount.cpp:845:        s.addBitString(mAsset.get<MPTIssue>().getMptID());
src/libxrpl/protocol/STAmount.cpp:901:        // native and MPT currency amounts should always have an offset of zero
src/libxrpl/protocol/STAmount.cpp:917:            // log(maxMPTokenAmount, 10) ~ 18.96
src/libxrpl/protocol/STAmount.cpp:918:            if (mAsset.holds<MPTIssue>() && mOffset > 18)
src/libxrpl/protocol/STAmount.cpp:919:                Throw<std::runtime_error>("MPT amount out of range");
src/libxrpl/protocol/STAmount.cpp:932:            else if (mAsset.holds<MPTIssue>())
src/libxrpl/protocol/STAmount.cpp:933:                set(MPTAmount{num});
src/libxrpl/protocol/STAmount.cpp:955:                    else if (!native() && mValue > maxMPTokenAmount)
src/libxrpl/protocol/STAmount.cpp:956:                        Throw<std::runtime_error>("MPT amount out of range");
src/libxrpl/protocol/STAmount.cpp:965:        else if (!native() && mValue > maxMPTokenAmount)
src/libxrpl/protocol/STAmount.cpp:966:            Throw<std::runtime_error>("MPT amount out of range");
src/libxrpl/protocol/STAmount.cpp:1039:amountFromQuality(std::uint64_t rate)
src/libxrpl/protocol/STAmount.cpp:1041:    if (rate == 0)
src/libxrpl/protocol/STAmount.cpp:1044:    std::uint64_t mantissa = rate & ~(255ull << (64 - 8));
src/libxrpl/protocol/STAmount.cpp:1045:    int exponent = static_cast<int>(rate >> (64 - 8)) - 100;
src/libxrpl/protocol/STAmount.cpp:1054:    if ((asset.native() || asset.holds<MPTIssue>()) && parts.exponent < 0)
src/libxrpl/protocol/STAmount.cpp:1056:            "XRP and MPT must be specified as integral amount.");
src/libxrpl/protocol/STAmount.cpp:1066:    Json::Value currencyOrMPTID;
src/libxrpl/protocol/STAmount.cpp:1068:    bool isMPT = false;
src/libxrpl/protocol/STAmount.cpp:1083:            isMPT = true;
src/libxrpl/protocol/STAmount.cpp:1084:            currencyOrMPTID = v[jss::mpt_issuance_id];
src/libxrpl/protocol/STAmount.cpp:1088:            currencyOrMPTID = v[jss::currency];
src/libxrpl/protocol/STAmount.cpp:1095:        currencyOrMPTID = v.get(Json::UInt(1), Json::nullValue);
src/libxrpl/protocol/STAmount.cpp:1110:            currencyOrMPTID = elements[1];
src/libxrpl/protocol/STAmount.cpp:1120:    bool const native = !currencyOrMPTID.isString() ||
src/libxrpl/protocol/STAmount.cpp:1121:        currencyOrMPTID.asString().empty() ||
src/libxrpl/protocol/STAmount.cpp:1122:        (currencyOrMPTID.asString() == systemCurrencyCode());
src/libxrpl/protocol/STAmount.cpp:1132:        if (isMPT)
src/libxrpl/protocol/STAmount.cpp:1136:            if (!u.parseHex(currencyOrMPTID.asString()))
src/libxrpl/protocol/STAmount.cpp:1137:                Throw<std::runtime_error>("invalid MPTokenIssuanceID");
src/libxrpl/protocol/STAmount.cpp:1143:            if (!to_currency(issue.currency, currencyOrMPTID.asString()))
src/libxrpl/protocol/STAmount.cpp:1175:        // Can't specify XRP or MPT using fractional representation
src/libxrpl/protocol/STAmount.cpp:1176:        if ((asset.native() || asset.holds<MPTIssue>()) && parts.exponent < 0)
src/libxrpl/protocol/STAmount.cpp:1178:                "XRP and MPT must be specified as integral amount.");
src/libxrpl/protocol/STAmount.cpp:1333:    if (num.native() || num.holds<MPTIssue>())
src/libxrpl/protocol/STAmount.cpp:1343:    if (den.native() || den.holds<MPTIssue>())
src/libxrpl/protocol/STAmount.cpp:1383:    if (v1.holds<MPTIssue>() && v2.holds<MPTIssue>() && asset.holds<MPTIssue>())
src/libxrpl/protocol/STAmount.cpp:1385:        std::uint64_t const minV = std::min(getMPTValue(v1), getMPTValue(v2));
src/libxrpl/protocol/STAmount.cpp:1386:        std::uint64_t const maxV = std::max(getMPTValue(v1), getMPTValue(v2));
src/libxrpl/protocol/STAmount.cpp:1388:        if (minV > 3037000499ull)  // sqrt(maxMPTokenAmount) ~ 3037000499.98
src/libxrpl/protocol/STAmount.cpp:1389:            Throw<std::runtime_error>("MPT value overflow");
src/libxrpl/protocol/STAmount.cpp:1391:        if (((maxV >> 32) * minV) > 2147483648ull)  // maxMPTokenAmount / 2^32
src/libxrpl/protocol/STAmount.cpp:1392:            Throw<std::runtime_error>("MPT value overflow");
src/libxrpl/protocol/STAmount.cpp:1408:    if (v1.native() || v1.holds<MPTIssue>())
src/libxrpl/protocol/STAmount.cpp:1417:    if (v2.native() || v2.holds<MPTIssue>())
src/libxrpl/protocol/STAmount.cpp:1511:                // It would be better to use std::lldiv than to separately
src/libxrpl/protocol/STAmount.cpp:1621:    if (v1.holds<MPTIssue>() && v2.holds<MPTIssue>() && asset.holds<MPTIssue>())
src/libxrpl/protocol/STAmount.cpp:1623:        std::uint64_t const minV = std::min(getMPTValue(v1), getMPTValue(v2));
src/libxrpl/protocol/STAmount.cpp:1624:        std::uint64_t const maxV = std::max(getMPTValue(v1), getMPTValue(v2));
src/libxrpl/protocol/STAmount.cpp:1626:        if (minV > 3037000499ull)  // sqrt(maxMPTokenAmount) ~ 3037000499.98
src/libxrpl/protocol/STAmount.cpp:1627:            Throw<std::runtime_error>("MPT value overflow");
src/libxrpl/protocol/STAmount.cpp:1629:        if (((maxV >> 32) * minV) > 2147483648ull)  // maxMPTokenAmount / 2^32
src/libxrpl/protocol/STAmount.cpp:1630:            Throw<std::runtime_error>("MPT value overflow");
src/libxrpl/protocol/STAmount.cpp:1638:    if (v1.native() || v1.holds<MPTIssue>())
src/libxrpl/protocol/STAmount.cpp:1647:    if (v2.native() || v2.holds<MPTIssue>())
src/libxrpl/protocol/STAmount.cpp:1741:    if (num.native() || num.holds<MPTIssue>())
src/libxrpl/protocol/STAmount.cpp:1750:    if (den.native() || den.holds<MPTIssue>())
src/libxrpl/protocol/STAmount.cpp:1776:            asset.native() || asset.holds<MPTIssue>(), amount, offset, roundUp);
src/libxrpl/protocol/STAmount.cpp:1790:        if (asset.native() || asset.holds<MPTIssue>())
src/xrpld/app/tx/detail/MPTokenIssuanceSet.cpp:21:#include <xrpld/app/tx/detail/MPTokenIssuanceSet.h>
src/xrpld/app/tx/detail/MPTokenIssuanceSet.cpp:30:MPTokenIssuanceSet::checkExtraFeatures(PreflightContext const& ctx)
src/xrpld/app/tx/detail/MPTokenIssuanceSet.cpp:38:MPTokenIssuanceSet::getFlagsMask(PreflightContext const& ctx)
src/xrpld/app/tx/detail/MPTokenIssuanceSet.cpp:40:    return tfMPTokenIssuanceSetMask;
src/xrpld/app/tx/detail/MPTokenIssuanceSet.cpp:43:// Maps set/clear mutable flags in an MPTokenIssuanceSet transaction to the
src/xrpld/app/tx/detail/MPTokenIssuanceSet.cpp:46:struct MPTMutabilityFlags
src/xrpld/app/tx/detail/MPTokenIssuanceSet.cpp:53:static constexpr std::array<MPTMutabilityFlags, 6> mptMutabilityFlags = {
src/xrpld/app/tx/detail/MPTokenIssuanceSet.cpp:54:    {{tmfMPTSetCanLock, tmfMPTClearCanLock, lsmfMPTCanMutateCanLock},
src/xrpld/app/tx/detail/MPTokenIssuanceSet.cpp:55:     {tmfMPTSetRequireAuth,
src/xrpld/app/tx/detail/MPTokenIssuanceSet.cpp:56:      tmfMPTClearRequireAuth,
src/xrpld/app/tx/detail/MPTokenIssuanceSet.cpp:57:      lsmfMPTCanMutateRequireAuth},
src/xrpld/app/tx/detail/MPTokenIssuanceSet.cpp:58:     {tmfMPTSetCanEscrow, tmfMPTClearCanEscrow, lsmfMPTCanMutateCanEscrow},
src/xrpld/app/tx/detail/MPTokenIssuanceSet.cpp:59:     {tmfMPTSetCanTrade, tmfMPTClearCanTrade, lsmfMPTCanMutateCanTrade},
src/xrpld/app/tx/detail/MPTokenIssuanceSet.cpp:60:     {tmfMPTSetCanTransfer,
src/xrpld/app/tx/detail/MPTokenIssuanceSet.cpp:61:      tmfMPTClearCanTransfer,
src/xrpld/app/tx/detail/MPTokenIssuanceSet.cpp:62:      lsmfMPTCanMutateCanTransfer},
src/xrpld/app/tx/detail/MPTokenIssuanceSet.cpp:63:     {tmfMPTSetCanClawback,
src/xrpld/app/tx/detail/MPTokenIssuanceSet.cpp:64:      tmfMPTClearCanClawback,
src/xrpld/app/tx/detail/MPTokenIssuanceSet.cpp:65:      lsmfMPTCanMutateCanClawback}}};
src/xrpld/app/tx/detail/MPTokenIssuanceSet.cpp:68:MPTokenIssuanceSet::preflight(PreflightContext const& ctx)
src/xrpld/app/tx/detail/MPTokenIssuanceSet.cpp:71:    auto const metadata = ctx.tx[~sfMPTokenMetadata];
src/xrpld/app/tx/detail/MPTokenIssuanceSet.cpp:75:    if (isMutate && !ctx.rules.enabled(featureDynamicMPT))
src/xrpld/app/tx/detail/MPTokenIssuanceSet.cpp:84:    if ((txFlags & tfMPTLock) && (txFlags & tfMPTUnlock))
src/xrpld/app/tx/detail/MPTokenIssuanceSet.cpp:93:        ctx.rules.enabled(featureDynamicMPT))
src/xrpld/app/tx/detail/MPTokenIssuanceSet.cpp:100:    if (ctx.rules.enabled(featureDynamicMPT))
src/xrpld/app/tx/detail/MPTokenIssuanceSet.cpp:102:        // Holder field is not allowed when mutating MPTokenIssuance
src/xrpld/app/tx/detail/MPTokenIssuanceSet.cpp:106:        // Can not set flags when mutating MPTokenIssuance
src/xrpld/app/tx/detail/MPTokenIssuanceSet.cpp:113:        if (metadata && metadata->length() > maxMPTokenMetadataLength)
src/xrpld/app/tx/detail/MPTokenIssuanceSet.cpp:119:                (*mutableFlags & tmfMPTokenIssuanceSetMutableMask))
src/xrpld/app/tx/detail/MPTokenIssuanceSet.cpp:132:            // Trying to set a non-zero TransferFee and clear MPTCanTransfer
src/xrpld/app/tx/detail/MPTokenIssuanceSet.cpp:135:                (*mutableFlags & tmfMPTClearCanTransfer))
src/xrpld/app/tx/detail/MPTokenIssuanceSet.cpp:144:MPTokenIssuanceSet::checkPermission(ReadView const& view, STTx const& tx)
src/xrpld/app/tx/detail/MPTokenIssuanceSet.cpp:161:    // this is added in case more flags will be added for MPTokenIssuanceSet
src/xrpld/app/tx/detail/MPTokenIssuanceSet.cpp:163:    if (txFlags & tfMPTokenIssuanceSetPermissionMask)
src/xrpld/app/tx/detail/MPTokenIssuanceSet.cpp:167:    loadGranularPermission(sle, ttMPTOKEN_ISSUANCE_SET, granularPermissions);
src/xrpld/app/tx/detail/MPTokenIssuanceSet.cpp:169:    if (txFlags & tfMPTLock &&
src/xrpld/app/tx/detail/MPTokenIssuanceSet.cpp:170:        !granularPermissions.contains(MPTokenIssuanceLock))
src/xrpld/app/tx/detail/MPTokenIssuanceSet.cpp:173:    if (txFlags & tfMPTUnlock &&
src/xrpld/app/tx/detail/MPTokenIssuanceSet.cpp:174:        !granularPermissions.contains(MPTokenIssuanceUnlock))
src/xrpld/app/tx/detail/MPTokenIssuanceSet.cpp:181:MPTokenIssuanceSet::preclaim(PreclaimContext const& ctx)
src/xrpld/app/tx/detail/MPTokenIssuanceSet.cpp:185:        ctx.view.read(keylet::mptIssuance(ctx.tx[sfMPTokenIssuanceID]));
src/xrpld/app/tx/detail/MPTokenIssuanceSet.cpp:189:    if (!sleMptIssuance->isFlag(lsfMPTCanLock))
src/xrpld/app/tx/detail/MPTokenIssuanceSet.cpp:191:        // For readability two separate `if` rather than `||` of two conditions
src/xrpld/app/tx/detail/MPTokenIssuanceSet.cpp:193:            !ctx.view.rules().enabled(featureDynamicMPT))
src/xrpld/app/tx/detail/MPTokenIssuanceSet.cpp:194:            return tecNO_PERMISSION;
src/xrpld/app/tx/detail/MPTokenIssuanceSet.cpp:195:        else if (ctx.tx.isFlag(tfMPTLock) || ctx.tx.isFlag(tfMPTUnlock))
src/xrpld/app/tx/detail/MPTokenIssuanceSet.cpp:196:            return tecNO_PERMISSION;
src/xrpld/app/tx/detail/MPTokenIssuanceSet.cpp:201:        return tecNO_PERMISSION;
src/xrpld/app/tx/detail/MPTokenIssuanceSet.cpp:211:                keylet::mptoken(ctx.tx[sfMPTokenIssuanceID], *holderID)))
src/xrpld/app/tx/detail/MPTokenIssuanceSet.cpp:217:        if (not sleMptIssuance->isFlag(lsfMPTRequireAuth))
src/xrpld/app/tx/detail/MPTokenIssuanceSet.cpp:218:            return tecNO_PERMISSION;
src/xrpld/app/tx/detail/MPTokenIssuanceSet.cpp:247:            return tecNO_PERMISSION;
src/xrpld/app/tx/detail/MPTokenIssuanceSet.cpp:250:    if (!isMutableFlag(lsmfMPTCanMutateMetadata) &&
src/xrpld/app/tx/detail/MPTokenIssuanceSet.cpp:251:        ctx.tx.isFieldPresent(sfMPTokenMetadata))
src/xrpld/app/tx/detail/MPTokenIssuanceSet.cpp:252:        return tecNO_PERMISSION;
src/xrpld/app/tx/detail/MPTokenIssuanceSet.cpp:256:        // A non-zero TransferFee is only valid if the lsfMPTCanTransfer flag
src/xrpld/app/tx/detail/MPTokenIssuanceSet.cpp:258:        // it by tmfMPTSetCanTransfer in the current transaction does not meet
src/xrpld/app/tx/detail/MPTokenIssuanceSet.cpp:260:        if (fee > 0u && !sleMptIssuance->isFlag(lsfMPTCanTransfer))
src/xrpld/app/tx/detail/MPTokenIssuanceSet.cpp:261:            return tecNO_PERMISSION;
src/xrpld/app/tx/detail/MPTokenIssuanceSet.cpp:263:        if (!isMutableFlag(lsmfMPTCanMutateTransferFee))
src/xrpld/app/tx/detail/MPTokenIssuanceSet.cpp:264:            return tecNO_PERMISSION;
src/xrpld/app/tx/detail/MPTokenIssuanceSet.cpp:271:MPTokenIssuanceSet::doApply()
src/xrpld/app/tx/detail/MPTokenIssuanceSet.cpp:273:    auto const mptIssuanceID = ctx_.tx[sfMPTokenIssuanceID];
src/xrpld/app/tx/detail/MPTokenIssuanceSet.cpp:290:    if (txFlags & tfMPTLock)
src/xrpld/app/tx/detail/MPTokenIssuanceSet.cpp:291:        flagsOut |= lsfMPTLocked;
src/xrpld/app/tx/detail/MPTokenIssuanceSet.cpp:292:    else if (txFlags & tfMPTUnlock)
src/xrpld/app/tx/detail/MPTokenIssuanceSet.cpp:293:        flagsOut &= ~lsfMPTLocked;
src/xrpld/app/tx/detail/MPTokenIssuanceSet.cpp:305:        if (mutableFlags & tmfMPTClearCanTransfer)
src/xrpld/app/tx/detail/MPTokenIssuanceSet.cpp:307:            // If the lsfMPTCanTransfer flag is being cleared, then also clear
src/xrpld/app/tx/detail/MPTokenIssuanceSet.cpp:328:    if (auto const metadata = ctx_.tx[~sfMPTokenMetadata])
src/xrpld/app/tx/detail/MPTokenIssuanceSet.cpp:331:            sle->makeFieldAbsent(sfMPTokenMetadata);
src/xrpld/app/tx/detail/MPTokenIssuanceSet.cpp:333:            sle->setFieldVL(sfMPTokenMetadata, *metadata);
src/xrpld/app/tx/detail/MPTokenIssuanceSet.cpp:340:            sle->getType() == ltMPTOKEN_ISSUANCE,
src/xrpld/app/tx/detail/MPTokenIssuanceSet.cpp:341:            "MPTokenIssuanceSet::doApply : modifying MPTokenIssuance");
src/xrpld/app/tx/detail/MPTokenIssuanceCreate.cpp:20:#include <xrpld/app/tx/detail/MPTokenIssuanceCreate.h>
src/xrpld/app/tx/detail/MPTokenIssuanceCreate.cpp:29:MPTokenIssuanceCreate::checkExtraFeatures(PreflightContext const& ctx)
src/xrpld/app/tx/detail/MPTokenIssuanceCreate.cpp:37:        !ctx.rules.enabled(featureDynamicMPT))
src/xrpld/app/tx/detail/MPTokenIssuanceCreate.cpp:44:MPTokenIssuanceCreate::getFlagsMask(PreflightContext const& ctx)
src/xrpld/app/tx/detail/MPTokenIssuanceCreate.cpp:47:    return tfMPTokenIssuanceCreateMask;
src/xrpld/app/tx/detail/MPTokenIssuanceCreate.cpp:51:MPTokenIssuanceCreate::preflight(PreflightContext const& ctx)
src/xrpld/app/tx/detail/MPTokenIssuanceCreate.cpp:56:        (!*mutableFlags || *mutableFlags & tmfMPTokenIssuanceCreateMutableMask))
src/xrpld/app/tx/detail/MPTokenIssuanceCreate.cpp:66:        if (fee > 0u && !ctx.tx.isFlag(tfMPTCanTransfer))
src/xrpld/app/tx/detail/MPTokenIssuanceCreate.cpp:75:        // Domain present implies that MPTokenIssuance is not public
src/xrpld/app/tx/detail/MPTokenIssuanceCreate.cpp:76:        if ((ctx.tx.getFlags() & tfMPTRequireAuth) == 0)
src/xrpld/app/tx/detail/MPTokenIssuanceCreate.cpp:80:    if (auto const metadata = ctx.tx[~sfMPTokenMetadata])
src/xrpld/app/tx/detail/MPTokenIssuanceCreate.cpp:83:            metadata->length() > maxMPTokenMetadataLength)
src/xrpld/app/tx/detail/MPTokenIssuanceCreate.cpp:93:        if (maxAmt > maxMPTokenAmount)
src/xrpld/app/tx/detail/MPTokenIssuanceCreate.cpp:99:Expected<MPTID, TER>
src/xrpld/app/tx/detail/MPTokenIssuanceCreate.cpp:100:MPTokenIssuanceCreate::create(
src/xrpld/app/tx/detail/MPTokenIssuanceCreate.cpp:103:    MPTCreateArgs const& args)
src/xrpld/app/tx/detail/MPTokenIssuanceCreate.cpp:111:            view.fees().accountReserve((*acct)[sfOwnerCount] + 1))
src/xrpld/app/tx/detail/MPTokenIssuanceCreate.cpp:117:    // create the MPTokenIssuance
src/xrpld/app/tx/detail/MPTokenIssuanceCreate.cpp:119:        auto const ownerNode = view.dirInsert(
src/xrpld/app/tx/detail/MPTokenIssuanceCreate.cpp:120:            keylet::ownerDir(args.account),
src/xrpld/app/tx/detail/MPTokenIssuanceCreate.cpp:124:        if (!ownerNode)
src/xrpld/app/tx/detail/MPTokenIssuanceCreate.cpp:125:            return Unexpected(tecDIR_FULL);  // LCOV_EXCL_LINE
src/xrpld/app/tx/detail/MPTokenIssuanceCreate.cpp:131:        (*mptIssuance)[sfOwnerNode] = *ownerNode;
src/xrpld/app/tx/detail/MPTokenIssuanceCreate.cpp:144:            (*mptIssuance)[sfMPTokenMetadata] = *args.metadata;
src/xrpld/app/tx/detail/MPTokenIssuanceCreate.cpp:155:    // Update owner count.
src/xrpld/app/tx/detail/MPTokenIssuanceCreate.cpp:156:    adjustOwnerCount(view, acct, 1, journal);
src/xrpld/app/tx/detail/MPTokenIssuanceCreate.cpp:162:MPTokenIssuanceCreate::doApply()
src/xrpld/app/tx/detail/MPTokenIssuanceCreate.cpp:176:            .metadata = tx[~sfMPTokenMetadata],
src/xrpld/app/tx/detail/MPTokenAuthorize.cpp:20:#include <xrpld/app/tx/detail/MPTokenAuthorize.h>
src/xrpld/app/tx/detail/MPTokenAuthorize.cpp:30:MPTokenAuthorize::getFlagsMask(PreflightContext const& ctx)
src/xrpld/app/tx/detail/MPTokenAuthorize.cpp:32:    return tfMPTokenAuthorizeMask;
src/xrpld/app/tx/detail/MPTokenAuthorize.cpp:36:MPTokenAuthorize::preflight(PreflightContext const& ctx)
src/xrpld/app/tx/detail/MPTokenAuthorize.cpp:45:MPTokenAuthorize::preclaim(PreclaimContext const& ctx)
src/xrpld/app/tx/detail/MPTokenAuthorize.cpp:51:    // 1. Unauthorize/delete MPToken
src/xrpld/app/tx/detail/MPTokenAuthorize.cpp:52:    // 2. Use/create MPToken
src/xrpld/app/tx/detail/MPTokenAuthorize.cpp:59:            keylet::mptoken(ctx.tx[sfMPTokenIssuanceID], accountID));
src/xrpld/app/tx/detail/MPTokenAuthorize.cpp:62:        // is legally destroyed, then outstanding MPT(s) are deleted afterwards.
src/xrpld/app/tx/detail/MPTokenAuthorize.cpp:64:        // the MPT is being deleted with a zero balance. Check for unauthorize
src/xrpld/app/tx/detail/MPTokenAuthorize.cpp:65:        // before fetching the MPTIssuance object.
src/xrpld/app/tx/detail/MPTokenAuthorize.cpp:68:        if (ctx.tx.getFlags() & tfMPTUnauthorize)
src/xrpld/app/tx/detail/MPTokenAuthorize.cpp:73:            if ((*sleMpt)[sfMPTAmount] != 0)
src/xrpld/app/tx/detail/MPTokenAuthorize.cpp:76:                    keylet::mptIssuance(ctx.tx[sfMPTokenIssuanceID]));
src/xrpld/app/tx/detail/MPTokenAuthorize.cpp:78:                    return tefINTERNAL;  // LCOV_EXCL_LINE
src/xrpld/app/tx/detail/MPTokenAuthorize.cpp:83:            if ((*sleMpt)[~sfLockedAmount].value_or(0) != 0)
src/xrpld/app/tx/detail/MPTokenAuthorize.cpp:86:                    keylet::mptIssuance(ctx.tx[sfMPTokenIssuanceID]));
src/xrpld/app/tx/detail/MPTokenAuthorize.cpp:88:                    return tefINTERNAL;  // LCOV_EXCL_LINE
src/xrpld/app/tx/detail/MPTokenAuthorize.cpp:93:                sleMpt->isFlag(lsfMPTLocked))
src/xrpld/app/tx/detail/MPTokenAuthorize.cpp:94:                return tecNO_PERMISSION;
src/xrpld/app/tx/detail/MPTokenAuthorize.cpp:99:        // Now test when the holder wants to hold/create/authorize a new MPT
src/xrpld/app/tx/detail/MPTokenAuthorize.cpp:101:            ctx.view.read(keylet::mptIssuance(ctx.tx[sfMPTokenIssuanceID]));
src/xrpld/app/tx/detail/MPTokenAuthorize.cpp:107:            return tecNO_PERMISSION;
src/xrpld/app/tx/detail/MPTokenAuthorize.cpp:121:        ctx.view.read(keylet::mptIssuance(ctx.tx[sfMPTokenIssuanceID]));
src/xrpld/app/tx/detail/MPTokenAuthorize.cpp:135:        return tecNO_PERMISSION;
src/xrpld/app/tx/detail/MPTokenAuthorize.cpp:137:    // If tx is submitted by issuer, it only applies for MPT with
src/xrpld/app/tx/detail/MPTokenAuthorize.cpp:138:    // lsfMPTRequireAuth set
src/xrpld/app/tx/detail/MPTokenAuthorize.cpp:139:    if (!(mptIssuanceFlags & lsfMPTRequireAuth))
src/xrpld/app/tx/detail/MPTokenAuthorize.cpp:140:        return tecNO_AUTH;
src/xrpld/app/tx/detail/MPTokenAuthorize.cpp:142:    // The holder must create the MPT before the issuer can authorize it.
src/xrpld/app/tx/detail/MPTokenAuthorize.cpp:144:            keylet::mptoken(ctx.tx[sfMPTokenIssuanceID], *holderID)))
src/xrpld/app/tx/detail/MPTokenAuthorize.cpp:151:        return tecNO_PERMISSION;
src/xrpld/app/tx/detail/MPTokenAuthorize.cpp:157:MPTokenAuthorize::createMPToken(
src/xrpld/app/tx/detail/MPTokenAuthorize.cpp:159:    MPTID const& mptIssuanceID,
src/xrpld/app/tx/detail/MPTokenAuthorize.cpp:165:    auto const ownerNode = view.dirInsert(
src/xrpld/app/tx/detail/MPTokenAuthorize.cpp:166:        keylet::ownerDir(account), mptokenKey, describeOwnerDir(account));
src/xrpld/app/tx/detail/MPTokenAuthorize.cpp:168:    if (!ownerNode)
src/xrpld/app/tx/detail/MPTokenAuthorize.cpp:169:        return tecDIR_FULL;  // LCOV_EXCL_LINE
src/xrpld/app/tx/detail/MPTokenAuthorize.cpp:173:    (*mptoken)[sfMPTokenIssuanceID] = mptIssuanceID;
src/xrpld/app/tx/detail/MPTokenAuthorize.cpp:175:    (*mptoken)[sfOwnerNode] = *ownerNode;
src/xrpld/app/tx/detail/MPTokenAuthorize.cpp:183:MPTokenAuthorize::doApply()
src/xrpld/app/tx/detail/MPTokenAuthorize.cpp:186:    return authorizeMPToken(
src/xrpld/app/tx/detail/MPTokenAuthorize.cpp:189:        tx[sfMPTokenIssuanceID],
src/test/app/DepositAuth_test.cpp:29:// Helper function that returns the reserve on an account based on
src/test/app/DepositAuth_test.cpp:30:// the passed in number of owners.
src/test/app/DepositAuth_test.cpp:32:reserve(jtx::Env& env, std::uint32_t count)
src/test/app/DepositAuth_test.cpp:39:hasDepositAuth(jtx::Env const& env, jtx::Account const& acct)
src/test/app/DepositAuth_test.cpp:41:    return ((*env.le(acct))[sfFlags] & lsfDepositAuth) == lsfDepositAuth;
src/test/app/DepositAuth_test.cpp:44:struct DepositAuth_test : public beast::unit_test::suite
src/test/app/DepositAuth_test.cpp:55:            // featureDepositAuth is disabled.
src/test/app/DepositAuth_test.cpp:56:            Env env(*this, testable_amendments() - featureDepositAuth);
src/test/app/DepositAuth_test.cpp:60:            env(fset(alice, asfDepositAuth));
src/test/app/DepositAuth_test.cpp:62:            BEAST_EXPECT(!hasDepositAuth(env, alice));
src/test/app/DepositAuth_test.cpp:64:            env(fclear(alice, asfDepositAuth));
src/test/app/DepositAuth_test.cpp:66:            BEAST_EXPECT(!hasDepositAuth(env, alice));
src/test/app/DepositAuth_test.cpp:69:            // featureDepositAuth is enabled.
src/test/app/DepositAuth_test.cpp:73:            env(fset(alice, asfDepositAuth));
src/test/app/DepositAuth_test.cpp:75:            BEAST_EXPECT(hasDepositAuth(env, alice));
src/test/app/DepositAuth_test.cpp:77:            env(fclear(alice, asfDepositAuth));
src/test/app/DepositAuth_test.cpp:79:            BEAST_EXPECT(!hasDepositAuth(env, alice));
src/test/app/DepositAuth_test.cpp:87:        // that has the lsfDepositAuth flag set.
src/test/app/DepositAuth_test.cpp:112:        // bob sets the lsfDepositAuth flag.
src/test/app/DepositAuth_test.cpp:113:        env(fset(bob, asfDepositAuth), require(flags(bob, asfDepositAuth)));
src/test/app/DepositAuth_test.cpp:118:            env.require(flags(bob, asfDepositAuth));
src/test/app/DepositAuth_test.cpp:124:            env(pay(alice, bob, USD(50)), ter(tecNO_PERMISSION));
src/test/app/DepositAuth_test.cpp:131:                ter(tecNO_PERMISSION));
src/test/app/DepositAuth_test.cpp:138:        //  Test when bob has an XRP balance > base reserve.
src/test/app/DepositAuth_test.cpp:141:        // Set bob's XRP balance == base reserve.  Also demonstrate that
src/test/app/DepositAuth_test.cpp:142:        // bob can make payments while his lsfDepositAuth flag is set.
src/test/app/DepositAuth_test.cpp:147:            STAmount const bobPaysXRP{env.balance(bob, XRP) - reserve(env, 1)};
src/test/app/DepositAuth_test.cpp:148:            XRPAmount const bobPaysFee{reserve(env, 1) - reserve(env, 0)};
src/test/app/DepositAuth_test.cpp:153:        // Test when bob's XRP balance == base reserve.
src/test/app/DepositAuth_test.cpp:154:        BEAST_EXPECT(env.balance(bob, XRP) == reserve(env, 0));
src/test/app/DepositAuth_test.cpp:159:        env(noop(bob), fee(reserve(env, 0)));
src/test/app/DepositAuth_test.cpp:165:        // Give bob enough XRP for the fee to clear the lsfDepositAuth flag.
src/test/app/DepositAuth_test.cpp:168:        // bob clears the lsfDepositAuth and the next payment succeeds.
src/test/app/DepositAuth_test.cpp:169:        env(fclear(bob, asfDepositAuth));
src/test/app/DepositAuth_test.cpp:183:        // lsfDepositAuth flag set.
src/test/app/DepositAuth_test.cpp:196:        // bob sets the lsfDepositAuth flag.
src/test/app/DepositAuth_test.cpp:197:        env(fset(bob, asfDepositAuth), fee(drops(baseFee)));
src/test/app/DepositAuth_test.cpp:201:        // bob has more XRP than the base reserve.  Any XRP payment should fail.
src/test/app/DepositAuth_test.cpp:202:        env(pay(alice, bob, drops(1)), ter(tecNO_PERMISSION));
src/test/app/DepositAuth_test.cpp:206:        // Change bob's XRP balance to exactly the base reserve.
src/test/app/DepositAuth_test.cpp:208:            STAmount const bobPaysXRP{env.balance(bob, XRP) - reserve(env, 1)};
src/test/app/DepositAuth_test.cpp:209:            XRPAmount const bobPaysFee{reserve(env, 1) - reserve(env, 0)};
src/test/app/DepositAuth_test.cpp:214:        // bob has exactly the base reserve.  A small enough direct XRP
src/test/app/DepositAuth_test.cpp:216:        BEAST_EXPECT(env.balance(bob, XRP) == reserve(env, 0));
src/test/app/DepositAuth_test.cpp:220:        // bob has exactly the base reserve + 1.  No payment should succeed.
src/test/app/DepositAuth_test.cpp:221:        BEAST_EXPECT(env.balance(bob, XRP) == reserve(env, 0) + drops(1));
src/test/app/DepositAuth_test.cpp:222:        env(pay(alice, bob, drops(1)), ter(tecNO_PERMISSION));
src/test/app/DepositAuth_test.cpp:226:        env(noop(bob), fee(reserve(env, 0) + drops(1)));
src/test/app/DepositAuth_test.cpp:230:        // We should not be able to pay bob more than the base reserve.
src/test/app/DepositAuth_test.cpp:231:        env(pay(alice, bob, reserve(env, 0) + drops(1)), ter(tecNO_PERMISSION));
src/test/app/DepositAuth_test.cpp:234:        // However a payment of exactly the base reserve should succeed.
src/test/app/DepositAuth_test.cpp:235:        env(pay(alice, bob, reserve(env, 0) + drops(0)));
src/test/app/DepositAuth_test.cpp:237:        BEAST_EXPECT(env.balance(bob, XRP) == reserve(env, 0));
src/test/app/DepositAuth_test.cpp:239:        // We should be able to pay bob the base reserve one more time.
src/test/app/DepositAuth_test.cpp:240:        env(pay(alice, bob, reserve(env, 0) + drops(0)));
src/test/app/DepositAuth_test.cpp:243:            env.balance(bob, XRP) == (reserve(env, 0) + reserve(env, 0)));
src/test/app/DepositAuth_test.cpp:246:        env(pay(alice, bob, drops(1)), ter(tecNO_PERMISSION));
src/test/app/DepositAuth_test.cpp:249:            env.balance(bob, XRP) == (reserve(env, 0) + reserve(env, 0)));
src/test/app/DepositAuth_test.cpp:256:        // bob should not be able to clear lsfDepositAuth.
src/test/app/DepositAuth_test.cpp:257:        env(fclear(bob, asfDepositAuth), ter(terINSUF_FEE_B));
src/test/app/DepositAuth_test.cpp:265:        // Pay bob enough so he can afford the fee to clear lsfDepositAuth.
src/test/app/DepositAuth_test.cpp:270:        // request to clear lsfDepositAuth.  So the balance should be zero
src/test/app/DepositAuth_test.cpp:271:        // and lsfDepositAuth should be cleared.
src/test/app/DepositAuth_test.cpp:273:        env.require(nflags(bob, asfDepositAuth));
src/test/app/DepositAuth_test.cpp:275:        // Since bob no longer has lsfDepositAuth set we should be able to
src/test/app/DepositAuth_test.cpp:276:        // pay him more than the base reserve.
src/test/app/DepositAuth_test.cpp:277:        env(pay(alice, bob, reserve(env, 0) + drops(1)));
src/test/app/DepositAuth_test.cpp:279:        BEAST_EXPECT(env.balance(bob, XRP) == reserve(env, 0) + drops(1));
src/test/app/DepositAuth_test.cpp:285:        // It its current incarnation the DepositAuth flag does not change
src/test/app/DepositAuth_test.cpp:287:        // Demonstrate that.
src/test/app/DepositAuth_test.cpp:302:                              bool withDepositAuth) {
src/test/app/DepositAuth_test.cpp:303:            assert(!withDepositAuth || features[featureDepositAuth]);
src/test/app/DepositAuth_test.cpp:315:            if (withDepositAuth)
src/test/app/DepositAuth_test.cpp:316:                env(fset(gw1, asfDepositAuth));
src/test/app/DepositAuth_test.cpp:326:                                 bool withDepositAuth) {
src/test/app/DepositAuth_test.cpp:327:            assert(!withDepositAuth || features[featureDepositAuth]);
src/test/app/DepositAuth_test.cpp:337:            if (withDepositAuth)
src/test/app/DepositAuth_test.cpp:338:                env(fset(alice, asfDepositAuth));
src/test/app/DepositAuth_test.cpp:348:        // Test every combo of noRipplePrev, noRippleNext, and withDepositAuth
src/test/app/DepositAuth_test.cpp:353:            auto const withDepositAuth = i & 0x4;
src/test/app/DepositAuth_test.cpp:355:                testable_amendments() | featureDepositAuth,
src/test/app/DepositAuth_test.cpp:358:                withDepositAuth);
src/test/app/DepositAuth_test.cpp:360:            if (!withDepositAuth)
src/test/app/DepositAuth_test.cpp:362:                    testable_amendments() - featureDepositAuth,
src/test/app/DepositAuth_test.cpp:365:                    withDepositAuth);
src/test/app/DepositAuth_test.cpp:368:                testable_amendments() | featureDepositAuth,
src/test/app/DepositAuth_test.cpp:371:                withDepositAuth);
src/test/app/DepositAuth_test.cpp:373:            if (!withDepositAuth)
src/test/app/DepositAuth_test.cpp:375:                    testable_amendments() - featureDepositAuth,
src/test/app/DepositAuth_test.cpp:378:                    withDepositAuth);
src/test/app/DepositAuth_test.cpp:400:    jvParams[jss::deposit_preauth][jss::owner] = acc.human();
src/test/app/DepositAuth_test.cpp:430:            env.require(owners(alice, 0));
src/test/app/DepositAuth_test.cpp:431:            env.require(owners(becky, 0));
src/test/app/DepositAuth_test.cpp:436:            env.require(owners(alice, 0));
src/test/app/DepositAuth_test.cpp:437:            env.require(owners(becky, 0));
src/test/app/DepositAuth_test.cpp:443:            //  o That entry should cost one reserve.
src/test/app/DepositAuth_test.cpp:444:            //  o The reserve should be returned when the entry is removed.
src/test/app/DepositAuth_test.cpp:452:            env.require(owners(alice, 1));
src/test/app/DepositAuth_test.cpp:453:            env.require(owners(becky, 0));
src/test/app/DepositAuth_test.cpp:458:            env.require(owners(alice, 0));
src/test/app/DepositAuth_test.cpp:459:            env.require(owners(becky, 0));
src/test/app/DepositAuth_test.cpp:481:            env.require(owners(alice, 2));
src/test/app/DepositAuth_test.cpp:483:            env.require(owners(becky, 0));
src/test/app/DepositAuth_test.cpp:489:            env.require(owners(alice, 0));
src/test/app/DepositAuth_test.cpp:491:            env.require(owners(becky, 0));
src/test/app/DepositAuth_test.cpp:557:        env.require(owners(alice, 0));
src/test/app/DepositAuth_test.cpp:558:        env.require(owners(becky, 0));
src/test/app/DepositAuth_test.cpp:561:        env.require(owners(alice, 1));
src/test/app/DepositAuth_test.cpp:562:        env.require(owners(becky, 0));
src/test/app/DepositAuth_test.cpp:567:        env.require(owners(alice, 1));
src/test/app/DepositAuth_test.cpp:568:        env.require(owners(becky, 0));
src/test/app/DepositAuth_test.cpp:570:        // carol attempts to preauthorize but doesn't have enough reserve.
src/test/app/DepositAuth_test.cpp:576:        env.require(owners(carol, 0));
src/test/app/DepositAuth_test.cpp:577:        env.require(owners(becky, 0));
src/test/app/DepositAuth_test.cpp:579:        // carol gets enough XRP to (barely) meet the reserve.
src/test/app/DepositAuth_test.cpp:584:        env.require(owners(carol, 1));
src/test/app/DepositAuth_test.cpp:585:        env.require(owners(becky, 0));
src/test/app/DepositAuth_test.cpp:587:        // But carol can't meet the reserve for another preauthorization.
src/test/app/DepositAuth_test.cpp:590:        env.require(owners(carol, 1));
src/test/app/DepositAuth_test.cpp:591:        env.require(owners(becky, 0));
src/test/app/DepositAuth_test.cpp:592:        env.require(owners(alice, 1));
src/test/app/DepositAuth_test.cpp:597:        env.require(owners(alice, 1));
src/test/app/DepositAuth_test.cpp:598:        env.require(owners(becky, 0));
src/test/app/DepositAuth_test.cpp:603:        env.require(owners(alice, 0));
src/test/app/DepositAuth_test.cpp:604:        env.require(owners(becky, 0));
src/test/app/DepositAuth_test.cpp:609:        env.require(owners(alice, 0));
src/test/app/DepositAuth_test.cpp:610:        env.require(owners(becky, 0));
src/test/app/DepositAuth_test.cpp:627:            // The initial implementation of DepositAuth had a bug where an
src/test/app/DepositAuth_test.cpp:628:            // account with the DepositAuth flag set could not make a payment
src/test/app/DepositAuth_test.cpp:651:            env(fset(becky, asfDepositAuth));
src/test/app/DepositAuth_test.cpp:657:                supportsPreauth ? TER{tesSUCCESS} : TER{tecNO_PERMISSION}};
src/test/app/DepositAuth_test.cpp:679:                        : (!supportsPreauth ? TER(tecNO_PERMISSION)
src/test/app/DepositAuth_test.cpp:724:                        ter(tecNO_PERMISSION));
src/test/app/DepositAuth_test.cpp:754:            env(fset(becky, asfDepositAuth));
src/test/app/DepositAuth_test.cpp:758:            env(pay(alice, becky, XRP(100)), ter(tecNO_PERMISSION));
src/test/app/DepositAuth_test.cpp:759:            env(pay(alice, becky, USD(100)), ter(tecNO_PERMISSION));
src/test/app/DepositAuth_test.cpp:768:            env(pay(alice, becky, XRP(100)), ter(tecNO_PERMISSION));
src/test/app/DepositAuth_test.cpp:769:            env(pay(alice, becky, USD(100)), ter(tecNO_PERMISSION));
src/test/app/DepositAuth_test.cpp:782:            env(fset(alice, asfDepositAuth));
src/test/app/DepositAuth_test.cpp:787:            env(pay(becky, alice, XRP(100)), ter(tecNO_PERMISSION));
src/test/app/DepositAuth_test.cpp:788:            env(pay(becky, alice, USD(100)), ter(tecNO_PERMISSION));
src/test/app/DepositAuth_test.cpp:803:            env(pay(alice, becky, XRP(100)), ter(tecNO_PERMISSION));
src/test/app/DepositAuth_test.cpp:804:            env(pay(alice, becky, USD(100)), ter(tecNO_PERMISSION));
src/test/app/DepositAuth_test.cpp:809:            env(fclear(becky, asfDepositAuth));
src/test/app/DepositAuth_test.cpp:839:            env(fset(bob, asfDepositAuth));
src/test/app/DepositAuth_test.cpp:880:            env(fset(bob, asfDepositAuth));
src/test/app/DepositAuth_test.cpp:926:            env(fset(john, asfDepositAuth));
src/test/app/DepositAuth_test.cpp:958:            env(fset(bob, asfDepositAuth));
src/test/app/DepositAuth_test.cpp:965:                    ter(tecNO_PERMISSION));
src/test/app/DepositAuth_test.cpp:1009:                    ter(tecNO_PERMISSION));
src/test/app/DepositAuth_test.cpp:1080:                env(jv, ter(temARRAY_EMPTY));
src/test/app/DepositAuth_test.cpp:1132:                // not enough reserve
src/test/app/DepositAuth_test.cpp:1246:            BEAST_EXPECT(ownerCount(env, issuer) == 0);
src/test/app/DepositAuth_test.cpp:1247:            BEAST_EXPECT(ownerCount(env, alice) == 2);
src/test/app/DepositAuth_test.cpp:1256:            env(fset(bob, asfDepositAuth));
src/test/app/DepositAuth_test.cpp:1273:                    ter(tecEXPIRED));
src/test/app/DepositAuth_test.cpp:1306:                BEAST_EXPECT(ownerCount(env, issuer) == 0);
src/test/app/DepositAuth_test.cpp:1307:                BEAST_EXPECT(ownerCount(env, alice) == 1);
src/test/app/DepositAuth_test.cpp:1327:                BEAST_EXPECT(ownerCount(env, issuer) == 0);
src/test/app/DepositAuth_test.cpp:1328:                BEAST_EXPECT(ownerCount(env, gw) == 1);
src/test/app/DepositAuth_test.cpp:1337:                    ter(tecEXPIRED));
src/test/app/DepositAuth_test.cpp:1348:                BEAST_EXPECT(ownerCount(env, issuer) == 0);
src/test/app/DepositAuth_test.cpp:1349:                BEAST_EXPECT(ownerCount(env, gw) == 0);
src/test/app/DepositAuth_test.cpp:1383:            env(fset(bob, asfDepositAuth));
src/test/app/DepositAuth_test.cpp:1418:                    ter(tecEXPIRED));
src/test/app/DepositAuth_test.cpp:1578:BEAST_DEFINE_TESTSUITE(DepositAuth, app, ripple);
src/test/app/AccountDelete_test.cpp:33:    // NOTE: the function _infers_ the transaction to operate on by calling
src/test/app/AccountDelete_test.cpp:75:        jv[sfCancelAfter.jsonName] = cancelAfter.time_since_epoch().count() + 2;
src/test/app/AccountDelete_test.cpp:136:        // cheap check compared to validating the contents of her directory.
src/test/app/AccountDelete_test.cpp:154:            // Verify that alice's account exists but she has no directory.
src/test/app/AccountDelete_test.cpp:156:            BEAST_EXPECT(!env.closed()->exists(keylet::ownerDir(alice.id())));
src/test/app/AccountDelete_test.cpp:162:            // Verify that alice's account and directory are actually gone.
src/test/app/AccountDelete_test.cpp:164:            BEAST_EXPECT(!env.closed()->exists(keylet::ownerDir(alice.id())));
src/test/app/AccountDelete_test.cpp:197:            // Verify that Carol's account, directory, deposit
src/test/app/AccountDelete_test.cpp:200:            BEAST_EXPECT(env.closed()->exists(keylet::ownerDir(carol.id())));
src/test/app/AccountDelete_test.cpp:209:            // Delete carol's account even with stuff in her directory.  Show
src/test/app/AccountDelete_test.cpp:215:            // Verify that Carol's account, directory, and other stuff are gone.
src/test/app/AccountDelete_test.cpp:217:            BEAST_EXPECT(!env.closed()->exists(keylet::ownerDir(carol.id())));
src/test/app/AccountDelete_test.cpp:240:        // The code that deletes consecutive directory entries uses a
src/test/app/AccountDelete_test.cpp:242:        // behaves as expected across owner directory pages.
src/test/app/AccountDelete_test.cpp:254:        // Alice creates enough offers to require two owner directories.
src/test/app/AccountDelete_test.cpp:265:        // Verify that both directory nodes exist.
src/test/app/AccountDelete_test.cpp:266:        Keylet const aliceRootKey{keylet::ownerDir(alice.id())};
src/test/app/AccountDelete_test.cpp:278:        // Both of alice's directory nodes should be gone.
src/test/app/AccountDelete_test.cpp:305:        // entry in their directory.
src/test/app/AccountDelete_test.cpp:354:        bool const withTokenEscrow =
src/test/app/AccountDelete_test.cpp:355:            env.current()->rules().enabled(featureTokenEscrow);
src/test/app/AccountDelete_test.cpp:356:        if (withTokenEscrow)
src/test/app/AccountDelete_test.cpp:406:        // in her directory.
src/test/app/AccountDelete_test.cpp:596:        // Fund alice well so she can afford the reserve on the offers.
src/test/app/AccountDelete_test.cpp:605:        // directory entries an AccountDelete will remove.
src/test/app/AccountDelete_test.cpp:637:        Keylet const aliceOwnerDirKey{keylet::ownerDir(alice.id())};
src/test/app/AccountDelete_test.cpp:643:            // alice's directory nodes.
src/test/app/AccountDelete_test.cpp:654:        // offers in her directory.
src/test/app/AccountDelete_test.cpp:671:        // Verify that alice's account root is gone as well as her directory
src/test/app/AccountDelete_test.cpp:678:            // alice's former directory nodes.
src/test/app/AccountDelete_test.cpp:739:        // incremental reserve tries to delete itself.
src/test/app/AccountDelete_test.cpp:749:        // reserve of 200 XRP.
src/test/app/AccountDelete_test.cpp:806:        env.require(owners(bob, 250));
src/test/app/AccountDelete_test.cpp:855:        // alice sets the lsfDepositAuth flag on her account.  This should
src/test/app/AccountDelete_test.cpp:858:        env(fset(alice, asfDepositAuth));
src/test/app/AccountDelete_test.cpp:880:        env(acctdelete(becky, alice), fee(acctDelFee), ter(tecNO_PERMISSION));
src/test/app/AccountDelete_test.cpp:895:    testDestinationDepositAuthCredentials()
src/test/app/AccountDelete_test.cpp:936:                // alice sets the lsfDepositAuth flag on her account.  This
src/test/app/AccountDelete_test.cpp:939:                env(fset(alice, asfDepositAuth));
src/test/app/AccountDelete_test.cpp:964:                ter(tecNO_PERMISSION));
src/test/app/AccountDelete_test.cpp:975:                ter(tecNO_PERMISSION));
src/test/app/AccountDelete_test.cpp:1053:                env(fset(fred, asfDepositAuth));
src/test/app/AccountDelete_test.cpp:1108:                    ter(tecEXPIRED));
src/test/app/AccountDelete_test.cpp:1135:            // alice sets the lsfDepositAuth flag on her account.  This should
src/test/app/AccountDelete_test.cpp:1138:            env(fset(alice, asfDepositAuth));
src/test/app/AccountDelete_test.cpp:1267:        testDestinationDepositAuthCredentials();
src/test/app/Freeze_test.cpp:234:                ter(tecNO_PERMISSION));
src/test/app/Freeze_test.cpp:261:            env(trust(G1, A1["USD"](0), tfClearFreeze), ter(tecNO_PERMISSION));
src/test/app/Freeze_test.cpp:318:                ter(tecNO_PERMISSION));
src/test/app/Freeze_test.cpp:357:                ter(tecNO_PERMISSION));
src/test/app/Freeze_test.cpp:359:                ter(tecNO_PERMISSION));
src/test/app/Freeze_test.cpp:361:                ter(tecNO_PERMISSION));
src/test/app/Freeze_test.cpp:363:                ter(tecNO_PERMISSION));
src/test/app/Freeze_test.cpp:566:        // freeze and clearing of freeze separately
src/test/app/Freeze_test.cpp:611:            env(trust(G1, A1["USD"](0), tfSetFreeze), ter(tecNO_PERMISSION));
src/test/app/Freeze_test.cpp:616:                ter(tecNO_PERMISSION));
src/test/app/Freeze_test.cpp:698:        //    test: owner of partially consumed offers line is frozen
src/test/app/Freeze_test.cpp:1888:            env(token::createOffer(A1, nftID, USD(10)), token::owner(A2));
src/test/app/Freeze_test.cpp:1979:            env(token::createOffer(A1, nftID, USD(11)), token::owner(A2));
src/xrpld/app/tx/detail/Escrow.h:27:class EscrowCreate : public Transactor
src/xrpld/app/tx/detail/Escrow.h:32:    explicit EscrowCreate(ApplyContext& ctx) : Transactor(ctx)
src/xrpld/app/tx/detail/Escrow.h:54:class EscrowFinish : public Transactor
src/xrpld/app/tx/detail/Escrow.h:59:    explicit EscrowFinish(ApplyContext& ctx) : Transactor(ctx)
src/xrpld/app/tx/detail/Escrow.h:87:class EscrowCancel : public Transactor
src/xrpld/app/tx/detail/Escrow.h:92:    explicit EscrowCancel(ApplyContext& ctx) : Transactor(ctx)
src/test/app/Escrow_test.cpp:101:                    ter(tecNO_PERMISSION));
src/test/app/Escrow_test.cpp:126:                    ter(tecNO_PERMISSION));
src/test/app/Escrow_test.cpp:133:                ter(tecNO_PERMISSION));
src/test/app/Escrow_test.cpp:161:                    ter(tecNO_PERMISSION));
src/test/app/Escrow_test.cpp:164:                    ter(tecNO_PERMISSION));
src/test/app/Escrow_test.cpp:170:                ter(tecNO_PERMISSION));
src/test/app/Escrow_test.cpp:198:                    ter(tecNO_PERMISSION));
src/test/app/Escrow_test.cpp:201:                    ter(tecNO_PERMISSION));
src/test/app/Escrow_test.cpp:209:                    ter(tecNO_PERMISSION));
src/test/app/Escrow_test.cpp:215:                ter(tecNO_PERMISSION));
src/test/app/Escrow_test.cpp:255:        BEAST_EXPECT((*sle)[sfDestinationTag] == 2);
src/test/app/Escrow_test.cpp:276:            Env env(*this, features - featureDepositAuth);
src/test/app/Escrow_test.cpp:389:            ter(tecNO_PERMISSION));
src/test/app/Escrow_test.cpp:395:            ter(tecNO_PERMISSION));
src/test/app/Escrow_test.cpp:405:        bool const withTokenEscrow =
src/test/app/Escrow_test.cpp:406:            env.current()->rules().enabled(featureTokenEscrow);
src/test/app/Escrow_test.cpp:408:            // tecNO_PERMISSION: token escrow is enabled but the issuer did not
src/test/app/Escrow_test.cpp:411:                withTokenEscrow ? ter(tecNO_PERMISSION) : ter(temBAD_AMOUNT);
src/test/app/Escrow_test.cpp:420:            ter(temBAD_AMOUNT));
src/test/app/Escrow_test.cpp:423:            ter(temBAD_AMOUNT));
src/test/app/Escrow_test.cpp:436:            ter(tecNO_PERMISSION));
src/test/app/Escrow_test.cpp:468:            auto const accountReserve = drops(env.current()->fees().reserve);
src/test/app/Escrow_test.cpp:535:            env(escrow::cancel("bob", "alice", seq), ter(tecNO_PERMISSION));
src/test/app/Escrow_test.cpp:536:            env(escrow::finish("bob", "alice", seq), ter(tecNO_PERMISSION));
src/test/app/Escrow_test.cpp:540:            env(escrow::cancel("bob", "alice", seq), ter(tecNO_PERMISSION));
src/test/app/Escrow_test.cpp:560:            env(escrow::cancel("zelda", "alice", seq), ter(tecNO_PERMISSION));
src/test/app/Escrow_test.cpp:561:            env(escrow::finish("zelda", "alice", seq), ter(tecNO_PERMISSION));
src/test/app/Escrow_test.cpp:565:            env(escrow::cancel("zelda", "alice", seq), ter(tecNO_PERMISSION));
src/test/app/Escrow_test.cpp:576:            // Bob sets DepositAuth so only Bob can finish the escrow.
src/test/app/Escrow_test.cpp:581:            env(fset("bob", asfDepositAuth));
src/test/app/Escrow_test.cpp:591:            env(escrow::cancel("zelda", "alice", seq), ter(tecNO_PERMISSION));
src/test/app/Escrow_test.cpp:592:            env(escrow::cancel("alice", "alice", seq), ter(tecNO_PERMISSION));
src/test/app/Escrow_test.cpp:593:            env(escrow::cancel("bob", "alice", seq), ter(tecNO_PERMISSION));
src/test/app/Escrow_test.cpp:594:            env(escrow::finish("zelda", "alice", seq), ter(tecNO_PERMISSION));
src/test/app/Escrow_test.cpp:595:            env(escrow::finish("alice", "alice", seq), ter(tecNO_PERMISSION));
src/test/app/Escrow_test.cpp:596:            env(escrow::finish("bob", "alice", seq), ter(tecNO_PERMISSION));
src/test/app/Escrow_test.cpp:600:            // Bob, because of DepositAuth.
src/test/app/Escrow_test.cpp:601:            env(escrow::cancel("zelda", "alice", seq), ter(tecNO_PERMISSION));
src/test/app/Escrow_test.cpp:602:            env(escrow::cancel("alice", "alice", seq), ter(tecNO_PERMISSION));
src/test/app/Escrow_test.cpp:603:            env(escrow::cancel("bob", "alice", seq), ter(tecNO_PERMISSION));
src/test/app/Escrow_test.cpp:604:            env(escrow::finish("zelda", "alice", seq), ter(tecNO_PERMISSION));
src/test/app/Escrow_test.cpp:605:            env(escrow::finish("alice", "alice", seq), ter(tecNO_PERMISSION));
src/test/app/Escrow_test.cpp:614:            // Bob sets DepositAuth but preauthorizes Zelda, so Zelda can
src/test/app/Escrow_test.cpp:620:            env(fset("bob", asfDepositAuth));
src/test/app/Escrow_test.cpp:634:            env(escrow::finish("alice", "alice", seq), ter(tecNO_PERMISSION));
src/test/app/Escrow_test.cpp:655:            env(escrow::cancel("alice", "alice", seq), ter(tecNO_PERMISSION));
src/test/app/Escrow_test.cpp:656:            env(escrow::cancel("bob", "alice", seq), ter(tecNO_PERMISSION));
src/test/app/Escrow_test.cpp:657:            env(escrow::finish("alice", "alice", seq), ter(tecNO_PERMISSION));
src/test/app/Escrow_test.cpp:662:                ter(tecNO_PERMISSION));
src/test/app/Escrow_test.cpp:663:            env(escrow::finish("bob", "alice", seq), ter(tecNO_PERMISSION));
src/test/app/Escrow_test.cpp:668:                ter(tecNO_PERMISSION));
src/test/app/Escrow_test.cpp:673:            env(escrow::cancel("alice", "alice", seq), ter(tecNO_PERMISSION));
src/test/app/Escrow_test.cpp:674:            env(escrow::cancel("bob", "alice", seq), ter(tecNO_PERMISSION));
src/test/app/Escrow_test.cpp:687:            // Self-escrowed conditional with DepositAuth.
src/test/app/Escrow_test.cpp:707:            env(fset("alice", asfDepositAuth));
src/test/app/Escrow_test.cpp:719:                ter(tecNO_PERMISSION));
src/test/app/Escrow_test.cpp:726:            // Self-escrowed conditional with DepositAuth and DepositPreauth.
src/test/app/Escrow_test.cpp:739:            // set the lsfDepositAuth flag (yet).
src/test/app/Escrow_test.cpp:753:            env(fset("alice", asfDepositAuth));
src/test/app/Escrow_test.cpp:765:                ter(tecNO_PERMISSION));
src/test/app/Escrow_test.cpp:786:            BEAST_EXPECT((*env.le("alice"))[sfOwnerCount] == 0);
src/test/app/Escrow_test.cpp:790:            BEAST_EXPECT((*env.le("alice"))[sfOwnerCount] == 1);
src/test/app/Escrow_test.cpp:793:            env(escrow::cancel("bob", "alice", seq), ter(tecNO_PERMISSION));
src/test/app/Escrow_test.cpp:794:            BEAST_EXPECT((*env.le("alice"))[sfOwnerCount] == 1);
src/test/app/Escrow_test.cpp:799:            BEAST_EXPECT((*env.le("alice"))[sfOwnerCount] == 1);
src/test/app/Escrow_test.cpp:807:            BEAST_EXPECT((*env.le("alice"))[sfOwnerCount] == 1);
src/test/app/Escrow_test.cpp:813:            BEAST_EXPECT((*env.le("alice"))[sfOwnerCount] == 1);
src/test/app/Escrow_test.cpp:819:            BEAST_EXPECT((*env.le("alice"))[sfOwnerCount] == 1);
src/test/app/Escrow_test.cpp:828:            BEAST_EXPECT((*env.le("alice"))[sfOwnerCount] == 1);
src/test/app/Escrow_test.cpp:834:            BEAST_EXPECT((*env.le("alice"))[sfOwnerCount] == 1);
src/test/app/Escrow_test.cpp:840:            BEAST_EXPECT((*env.le("alice"))[sfOwnerCount] == 1);
src/test/app/Escrow_test.cpp:850:            BEAST_EXPECT((*env.le("alice"))[sfOwnerCount] == 0);
src/test/app/Escrow_test.cpp:853:            BEAST_EXPECT((*env.le("alice"))[sfOwnerCount] == 0);
src/test/app/Escrow_test.cpp:861:            BEAST_EXPECT((*env.le("alice"))[sfOwnerCount] == 0);
src/test/app/Escrow_test.cpp:882:            BEAST_EXPECT((*env.le("alice"))[sfOwnerCount] == 1);
src/test/app/Escrow_test.cpp:884:            env(escrow::cancel("bob", "alice", seq), ter(tecNO_PERMISSION));
src/test/app/Escrow_test.cpp:885:            BEAST_EXPECT((*env.le("alice"))[sfOwnerCount] == 1);
src/test/app/Escrow_test.cpp:892:                ter(tecNO_PERMISSION));
src/test/app/Escrow_test.cpp:893:            BEAST_EXPECT((*env.le("alice"))[sfOwnerCount] == 1);
src/test/app/Escrow_test.cpp:1150:           // would require a separate amendment
src/test/app/Escrow_test.cpp:1199:                ripple::Dir aod(*env.current(), keylet::ownerDir(alice.id()));
src/test/app/Escrow_test.cpp:1216:                ripple::Dir bod(*env.current(), keylet::ownerDir(bruce.id()));
src/test/app/Escrow_test.cpp:1230:                ripple::Dir aod(*env.current(), keylet::ownerDir(alice.id()));
src/test/app/Escrow_test.cpp:1235:                ripple::Dir bod(*env.current(), keylet::ownerDir(bruce.id()));
src/test/app/Escrow_test.cpp:1249:                ripple::Dir bod(*env.current(), keylet::ownerDir(bruce.id()));
src/test/app/Escrow_test.cpp:1284:                ripple::Dir aod(*env.current(), keylet::ownerDir(alice.id()));
src/test/app/Escrow_test.cpp:1289:                ripple::Dir bod(*env.current(), keylet::ownerDir(bruce.id()));
src/test/app/Escrow_test.cpp:1296:                ripple::Dir cod(*env.current(), keylet::ownerDir(carol.id()));
src/test/app/Escrow_test.cpp:1308:                ripple::Dir aod(*env.current(), keylet::ownerDir(alice.id()));
src/test/app/Escrow_test.cpp:1313:                ripple::Dir bod(*env.current(), keylet::ownerDir(bruce.id()));
src/test/app/Escrow_test.cpp:1320:                ripple::Dir cod(*env.current(), keylet::ownerDir(carol.id()));
src/test/app/Escrow_test.cpp:1330:                ripple::Dir aod(*env.current(), keylet::ownerDir(alice.id()));
src/test/app/Escrow_test.cpp:1335:                ripple::Dir bod(*env.current(), keylet::ownerDir(bruce.id()));
src/test/app/Escrow_test.cpp:1342:                ripple::Dir cod(*env.current(), keylet::ownerDir(carol.id()));
src/test/app/Escrow_test.cpp:1465:                    ter(tecNO_PERMISSION));
src/test/app/Escrow_test.cpp:1526:                    ter(tecNO_PERMISSION));
src/test/app/Escrow_test.cpp:1536:                ter(tecNO_PERMISSION));
src/test/app/Escrow_test.cpp:1578:            env(fset(bob, asfDepositAuth));
src/test/app/Escrow_test.cpp:1609:            env(fset(bob, asfDepositAuth));
src/test/app/Escrow_test.cpp:1630:                ter(tecNO_PERMISSION));
src/test/app/Escrow_test.cpp:1691:                env(fset(bob, asfDepositAuth));
src/test/app/Escrow_test.cpp:1728:        testWithFeats(all - featureTokenEscrow);
src/xrpld/app/tx/detail/InvariantCheck.cpp:34:#include <xrpl/protocol/MPTIssue.h>
src/xrpld/app/tx/detail/InvariantCheck.cpp:54:named `enforce` when an invariant fails. At first glance, those asserts may look
src/xrpld/app/tx/detail/InvariantCheck.cpp:62:This makes `assert(enforce)` sort of a second-layer of invariant enforcement
src/xrpld/app/tx/detail/InvariantCheck.cpp:64:violates an invariant, and runs it in unit tests or a develop build that _does
src/xrpld/app/tx/detail/InvariantCheck.cpp:71:        0x0000,  // The transaction can not do any of the enumerated operations
src/xrpld/app/tx/detail/InvariantCheck.cpp:82:    createMPTIssuance =
src/xrpld/app/tx/detail/InvariantCheck.cpp:83:        0x0040,  // The transaction can create a new MPT issuance
src/xrpld/app/tx/detail/InvariantCheck.cpp:84:    destroyMPTIssuance = 0x0080,  // The transaction can destroy an MPT issuance
src/xrpld/app/tx/detail/InvariantCheck.cpp:85:    mustAuthorizeMPT = 0x0100,  // The transaction MUST create or delete an MPT
src/xrpld/app/tx/detail/InvariantCheck.cpp:87:    mayAuthorizeMPT = 0x0200,   // The transaction MAY create or delete an MPT
src/xrpld/app/tx/detail/InvariantCheck.cpp:89:    mayDeleteMPT =
src/xrpld/app/tx/detail/InvariantCheck.cpp:90:        0x0400,  // The transaction MAY delete an MPT object. May not create.
src/xrpld/app/tx/detail/InvariantCheck.cpp:198:                    ((*before)[sfAmount] - (*before)[sfBalance]).xrp().drops();
src/xrpld/app/tx/detail/InvariantCheck.cpp:201:                if (isXRP((*before)[sfAmount]))
src/xrpld/app/tx/detail/InvariantCheck.cpp:202:                    drops_ -= (*before)[sfAmount].xrp().drops();
src/xrpld/app/tx/detail/InvariantCheck.cpp:218:                    drops_ += ((*after)[sfAmount] - (*after)[sfBalance])
src/xrpld/app/tx/detail/InvariantCheck.cpp:223:                if (!isDelete && isXRP((*after)[sfAmount]))
src/xrpld/app/tx/detail/InvariantCheck.cpp:224:                    drops_ += (*after)[sfAmount].xrp().drops();
src/xrpld/app/tx/detail/InvariantCheck.cpp:384:            // MPT case
src/xrpld/app/tx/detail/InvariantCheck.cpp:385:            if (amount.holds<MPTIssue>())
src/xrpld/app/tx/detail/InvariantCheck.cpp:390:                if (amount.mpt() > MPTAmount{maxMPTokenAmount})
src/xrpld/app/tx/detail/InvariantCheck.cpp:398:        bad_ |= isBad((*before)[sfAmount]);
src/xrpld/app/tx/detail/InvariantCheck.cpp:401:        bad_ |= isBad((*after)[sfAmount]);
src/xrpld/app/tx/detail/InvariantCheck.cpp:404:        if (amount > maxMPTokenAmount || amount < 0)
src/xrpld/app/tx/detail/InvariantCheck.cpp:410:    if (after && after->getType() == ltMPTOKEN_ISSUANCE)
src/xrpld/app/tx/detail/InvariantCheck.cpp:414:        if (auto const locked = (*after)[~sfLockedAmount])
src/xrpld/app/tx/detail/InvariantCheck.cpp:425:    if (after && after->getType() == ltMPTOKEN)
src/xrpld/app/tx/detail/InvariantCheck.cpp:427:        auto const mptAmount = (*after)[sfMPTAmount];
src/xrpld/app/tx/detail/InvariantCheck.cpp:429:        if (auto const locked = (*after)[~sfLockedAmount])
src/xrpld/app/tx/detail/InvariantCheck.cpp:577:        // An account should not be deleted with a non-zero owner count
src/xrpld/app/tx/detail/InvariantCheck.cpp:578:        if (after->at(sfOwnerCount) != 0)
src/xrpld/app/tx/detail/InvariantCheck.cpp:581:                               "behind a non-zero owner count";
src/xrpld/app/tx/detail/InvariantCheck.cpp:585:                "deleted account has zero owner count");
src/xrpld/app/tx/detail/InvariantCheck.cpp:747:            deepFreezeWithoutFreeze_ |= bad;
src/xrpld/app/tx/detail/InvariantCheck.cpp:749:            deepFreezeWithoutFreeze_ = bad;
src/xrpld/app/tx/detail/InvariantCheck.cpp:761:    if (!deepFreezeWithoutFreeze_)
src/xrpld/app/tx/detail/InvariantCheck.cpp:810:     * We check this invariant regardless of deep freeze amendment status,
src/xrpld/app/tx/detail/InvariantCheck.cpp:840:                "invariant.");
src/xrpld/app/tx/detail/InvariantCheck.cpp:876:    /* While LedgerEntryTypesMatch invariant also checks types, all invariants
src/xrpld/app/tx/detail/InvariantCheck.cpp:1013:    bool const deepFreeze =
src/xrpld/app/tx/detail/InvariantCheck.cpp:1015:    bool const frozen = globalFreeze || deepFreeze || freeze;
src/xrpld/app/tx/detail/InvariantCheck.cpp:1040:        "invariant.");
src/xrpld/app/tx/detail/InvariantCheck.cpp:1117:                (lsfDisableMaster | lsfDefaultRipple | lsfDepositAuth);
src/xrpld/app/tx/detail/InvariantCheck.cpp:1214:        // While an account's NFToken directory contains any NFTokens, the last
src/xrpld/app/tx/detail/InvariantCheck.cpp:1231:        //  2. This is not the last page in the directory
src/xrpld/app/tx/detail/InvariantCheck.cpp:1233:        // NFToken pages in the NFToken directory.
src/xrpld/app/tx/detail/InvariantCheck.cpp:1286:                               "non-empty directory.";
src/xrpld/app/tx/detail/InvariantCheck.cpp:1415:    if (before && before->getType() == ltMPTOKEN)
src/xrpld/app/tx/detail/InvariantCheck.cpp:1449:            STAmount const& amount = tx.getFieldAmount(sfAmount);
src/xrpld/app/tx/detail/InvariantCheck.cpp:1485:ValidMPTIssuance::visitEntry(
src/xrpld/app/tx/detail/InvariantCheck.cpp:1490:    if (after && after->getType() == ltMPTOKEN_ISSUANCE)
src/xrpld/app/tx/detail/InvariantCheck.cpp:1498:    if (after && after->getType() == ltMPTOKEN)
src/xrpld/app/tx/detail/InvariantCheck.cpp:1505:            MPTIssue const mptIssue{after->at(sfMPTokenIssuanceID)};
src/xrpld/app/tx/detail/InvariantCheck.cpp:1513:ValidMPTIssuance::finalize(
src/xrpld/app/tx/detail/InvariantCheck.cpp:1529:                << "Invariant failed: MPToken created for the MPT issuer";
src/xrpld/app/tx/detail/InvariantCheck.cpp:1534:                "ripple::ValidMPTIssuance::finalize",
src/xrpld/app/tx/detail/InvariantCheck.cpp:1535:                "no issuer MPToken");
src/xrpld/app/tx/detail/InvariantCheck.cpp:1541:        if (hasPrivilege(tx, createMPTIssuance))
src/xrpld/app/tx/detail/InvariantCheck.cpp:1546:                                   "succeeded without creating a MPT issuance";
src/xrpld/app/tx/detail/InvariantCheck.cpp:1551:                                   "succeeded while removing MPT issuances";
src/xrpld/app/tx/detail/InvariantCheck.cpp:1562:        if (hasPrivilege(tx, destroyMPTIssuance))
src/xrpld/app/tx/detail/InvariantCheck.cpp:1566:                JLOG(j.fatal()) << "Invariant failed: MPT issuance deletion "
src/xrpld/app/tx/detail/InvariantCheck.cpp:1567:                                   "succeeded without removing a MPT issuance";
src/xrpld/app/tx/detail/InvariantCheck.cpp:1571:                JLOG(j.fatal()) << "Invariant failed: MPT issuance deletion "
src/xrpld/app/tx/detail/InvariantCheck.cpp:1572:                                   "succeeded while creating MPT issuances";
src/xrpld/app/tx/detail/InvariantCheck.cpp:1576:                JLOG(j.fatal()) << "Invariant failed: MPT issuance deletion "
src/xrpld/app/tx/detail/InvariantCheck.cpp:1585:        // ttESCROW_FINISH may authorize an MPT, but it can't have the
src/xrpld/app/tx/detail/InvariantCheck.cpp:1586:        // mayAuthorizeMPT privilege, because that may cause
src/xrpld/app/tx/detail/InvariantCheck.cpp:1588:        bool const enforceEscrowFinish = (txnType == ttESCROW_FINISH) &&
src/xrpld/app/tx/detail/InvariantCheck.cpp:1591:        if (hasPrivilege(tx, mustAuthorizeMPT | mayAuthorizeMPT) ||
src/xrpld/app/tx/detail/InvariantCheck.cpp:1592:            enforceEscrowFinish)
src/xrpld/app/tx/detail/InvariantCheck.cpp:1598:                JLOG(j.fatal()) << "Invariant failed: MPT authorize "
src/xrpld/app/tx/detail/InvariantCheck.cpp:1599:                                   "succeeded but created MPT issuances";
src/xrpld/app/tx/detail/InvariantCheck.cpp:1604:                JLOG(j.fatal()) << "Invariant failed: MPT authorize "
src/xrpld/app/tx/detail/InvariantCheck.cpp:1612:                JLOG(j.fatal()) << "Invariant failed: MPT authorize succeeded "
src/xrpld/app/tx/detail/InvariantCheck.cpp:1621:                    << "Invariant failed: MPT authorize submitted by issuer "
src/xrpld/app/tx/detail/InvariantCheck.cpp:1626:                !submittedByIssuer && hasPrivilege(tx, mustAuthorizeMPT) &&
src/xrpld/app/tx/detail/InvariantCheck.cpp:1632:                    << "Invariant failed: MPT authorize submitted by holder "
src/xrpld/app/tx/detail/InvariantCheck.cpp:1641:            // ttESCROW_FINISH may authorize an MPT, but it can't have the
src/xrpld/app/tx/detail/InvariantCheck.cpp:1642:            // mayAuthorizeMPT privilege, because that may cause
src/xrpld/app/tx/detail/InvariantCheck.cpp:1645:                !enforceEscrowFinish,
src/xrpld/app/tx/detail/InvariantCheck.cpp:1646:                "ripple::ValidMPTIssuance::finalize",
src/xrpld/app/tx/detail/InvariantCheck.cpp:1651:        if (hasPrivilege(tx, mayDeleteMPT) && mptokensDeleted_ == 1 &&
src/xrpld/app/tx/detail/InvariantCheck.cpp:1659:        JLOG(j.fatal()) << "Invariant failed: a MPT issuance was created";
src/xrpld/app/tx/detail/InvariantCheck.cpp:1663:        JLOG(j.fatal()) << "Invariant failed: a MPT issuance was deleted";
src/xrpld/app/tx/detail/InvariantCheck.cpp:1667:        JLOG(j.fatal()) << "Invariant failed: a MPToken was created";
src/xrpld/app/tx/detail/InvariantCheck.cpp:1671:        JLOG(j.fatal()) << "Invariant failed: a MPToken was deleted";
src/xrpld/app/tx/detail/InvariantCheck.cpp:1869:            // 3. The lsfDisableMaster, lsfDefaultRipple, and lsfDepositAuth
src/xrpld/app/tx/detail/InvariantCheck.cpp:1895:                    lsfDisableMaster | lsfDefaultRipple | lsfDepositAuth))
src/xrpld/app/tx/detail/InvariantCheck.cpp:1919:        "changes or enforce invariant");
src/xrpld/app/tx/detail/InvariantCheck.cpp:2086:        JLOG(j.error()) << "AMMVote invariant failed: "
src/xrpld/app/tx/detail/InvariantCheck.cpp:2105:        JLOG(j.error()) << "AMMBid invariant failed: pool changed";
src/xrpld/app/tx/detail/InvariantCheck.cpp:2117:        JLOG(j.error()) << "AMMBid invariant failed: " << *lptAMMBalanceBefore_
src/xrpld/app/tx/detail/InvariantCheck.cpp:2138:            << "AMMCreate invariant failed: AMM object is not created";
src/xrpld/app/tx/detail/InvariantCheck.cpp:2148:            tx[sfAmount].get<Issue>(),
src/xrpld/app/tx/detail/InvariantCheck.cpp:2149:            tx[sfAmount2].get<Issue>(),
src/xrpld/app/tx/detail/InvariantCheck.cpp:2152:        // Create invariant:
src/xrpld/app/tx/detail/InvariantCheck.cpp:2160:            JLOG(j.error()) << "AMMCreate invariant failed: " << amount << " "
src/xrpld/app/tx/detail/InvariantCheck.cpp:2179:        JLOG(j.error()) << "AMMDelete invariant failed: " << msg;
src/xrpld/app/tx/detail/InvariantCheck.cpp:2194:        JLOG(j.error()) << "AMM swap invariant failed: AMM object changed";
src/xrpld/app/tx/detail/InvariantCheck.cpp:2217:    // Deposit and Withdrawal invariant:
src/xrpld/app/tx/detail/InvariantCheck.cpp:2234:        JLOG(j.error()) << "AMM " << tx.getTxnType() << " invariant failed: "
src/xrpld/app/tx/detail/InvariantCheck.cpp:2259:        JLOG(j.error()) << "AMMDeposit invariant failed: AMM object is deleted";
src/xrpld/app/tx/detail/InvariantCheck.cpp:2372:                 * We check this invariant regardless of lending protocol
src/xrpld/app/tx/detail/InvariantCheck.cpp:2380:                    fieldChanged(before, after, sfOwnerNode) ||
src/xrpld/app/tx/detail/InvariantCheck.cpp:2384:                    fieldChanged(before, after, sfOwner) ||
src/xrpld/app/tx/detail/InvariantCheck.cpp:2391:                 * We check this invariant regardless of lending protocol
src/xrpld/app/tx/detail/InvariantCheck.cpp:2399:                    fieldChanged(before, after, sfOwnerNode) ||
src/xrpld/app/tx/detail/InvariantCheck.cpp:2419:                 * We check this invariant regardless of lending protocol
src/xrpld/app/tx/detail/InvariantCheck.cpp:2434:            "changes or enforce invariant");
src/xrpld/app/tx/detail/InvariantCheck.cpp:2475:        else if (after->getType() == ltMPTOKEN)
src/xrpld/app/tx/detail/InvariantCheck.cpp:2493:                           "OwnerCount has multiple directory pages";
src/xrpld/app/tx/detail/InvariantCheck.cpp:2501:               "OwnerCount has multiple indexes in the Directory root";
src/xrpld/app/tx/detail/InvariantCheck.cpp:2511:                << "Invariant failed: Loan Broker directory corrupt";
src/xrpld/app/tx/detail/InvariantCheck.cpp:2514:        if (sle->getType() != ltRIPPLE_STATE && sle->getType() != ltMPTOKEN)
src/xrpld/app/tx/detail/InvariantCheck.cpp:2518:                   "OwnerCount has an unexpected entry in the directory";
src/xrpld/app/tx/detail/InvariantCheck.cpp:2557:        // This Invariant doesn't know about the rules for MPTokens, so
src/xrpld/app/tx/detail/InvariantCheck.cpp:2582:        // https://github.com/Tapanito/XRPL-Standards/blob/xls-66-lending-protocol/XLS-0066d-lending-protocol/README.md#3123-invariants
src/xrpld/app/tx/detail/InvariantCheck.cpp:2583:        // If `LoanBroker.OwnerCount = 0` the `DirectoryNode` will have at most
src/xrpld/app/tx/detail/InvariantCheck.cpp:2585:        // or `MPToken` objects.
src/xrpld/app/tx/detail/InvariantCheck.cpp:2586:        if (after->at(sfOwnerCount) == 0)
src/xrpld/app/tx/detail/InvariantCheck.cpp:2588:            auto const dir = view.read(keylet::ownerDir(after->at(sfAccount)));
src/xrpld/app/tx/detail/InvariantCheck.cpp:2681:        // https://github.com/Tapanito/XRPL-Standards/blob/xls-66-lending-protocol/XLS-0066d-lending-protocol/README.md#3223-invariants
src/xrpld/app/tx/detail/InvariantCheck.cpp:2754:    self.owner = from.at(sfOwner);
src/xrpld/app/tx/detail/InvariantCheck.cpp:2755:    self.shareMPTID = from.getFieldH192(sfShareMPTID);
src/xrpld/app/tx/detail/InvariantCheck.cpp:2767:        from.getType() == ltMPTOKEN_ISSUANCE,
src/xrpld/app/tx/detail/InvariantCheck.cpp:2768:        "ValidVault::Shares::make : from MPTokenIssuance object");
src/xrpld/app/tx/detail/InvariantCheck.cpp:2771:    self.share = MPTIssue(
src/xrpld/app/tx/detail/InvariantCheck.cpp:2774:    self.sharesMaximum = from[~sfMaximumAmount].value_or(maxMPTokenAmount);
src/xrpld/app/tx/detail/InvariantCheck.cpp:2793:    // preserves value scale (exponent) to round values to the same scale during
src/xrpld/app/tx/detail/InvariantCheck.cpp:2807:            case ltMPTOKEN_ISSUANCE:
src/xrpld/app/tx/detail/InvariantCheck.cpp:2810:                beforeMPTs_.push_back(Shares::make(*before));
src/xrpld/app/tx/detail/InvariantCheck.cpp:2813:                // MPTs are ints, so the scale is always 0.
src/xrpld/app/tx/detail/InvariantCheck.cpp:2817:            case ltMPTOKEN:
src/xrpld/app/tx/detail/InvariantCheck.cpp:2819:                    static_cast<std::int64_t>(before->getFieldU64(sfMPTAmount));
src/xrpld/app/tx/detail/InvariantCheck.cpp:2820:                // MPTs are ints, so the scale is always 0.
src/xrpld/app/tx/detail/InvariantCheck.cpp:2851:            case ltMPTOKEN_ISSUANCE:
src/xrpld/app/tx/detail/InvariantCheck.cpp:2854:                afterMPTs_.push_back(Shares::make(*after));
src/xrpld/app/tx/detail/InvariantCheck.cpp:2857:                // MPTs are ints, so the scale is always 0.
src/xrpld/app/tx/detail/InvariantCheck.cpp:2861:            case ltMPTOKEN:
src/xrpld/app/tx/detail/InvariantCheck.cpp:2863:                    static_cast<std::int64_t>(after->getFieldU64(sfMPTAmount)));
src/xrpld/app/tx/detail/InvariantCheck.cpp:2864:                // MPTs are ints, so the scale is always 0.
src/xrpld/app/tx/detail/InvariantCheck.cpp:2927:                enforce, "ripple::ValidVault::finalize : vault noop invariant");
src/xrpld/app/tx/detail/InvariantCheck.cpp:2941:            "invariant");
src/xrpld/app/tx/detail/InvariantCheck.cpp:2950:            enforce, "ripple::ValidVault::finalize : single vault invariant");
src/xrpld/app/tx/detail/InvariantCheck.cpp:2967:                "invariant");
src/xrpld/app/tx/detail/InvariantCheck.cpp:2976:        // might be some MPTokenIssuance objects which are deleted in the
src/xrpld/app/tx/detail/InvariantCheck.cpp:2979:            for (auto const& e : beforeMPTs_)
src/xrpld/app/tx/detail/InvariantCheck.cpp:2981:                if (e.share.getMptID() == beforeVault.shareMPTID)
src/xrpld/app/tx/detail/InvariantCheck.cpp:2993:                "ripple::ValidVault::finalize : shares deletion invariant");
src/xrpld/app/tx/detail/InvariantCheck.cpp:3024:            enforce, "ripple::ValidVault::finalize : vault deletion invariant");
src/xrpld/app/tx/detail/InvariantCheck.cpp:3036:        // might be some MPTokenIssuance objects which are also updated in the
src/xrpld/app/tx/detail/InvariantCheck.cpp:3038:        // Note, we expect updatedMPTs collection to be extremely small. For
src/xrpld/app/tx/detail/InvariantCheck.cpp:3040:        for (auto const& e : afterMPTs_)
src/xrpld/app/tx/detail/InvariantCheck.cpp:3042:            if (e.share.getMptID() == afterVault.shareMPTID)
src/xrpld/app/tx/detail/InvariantCheck.cpp:3047:            view.read(keylet::mptIssuance(afterVault.shareMPTID));
src/xrpld/app/tx/detail/InvariantCheck.cpp:3061:            afterVault.shareMPTID != beforeVault.shareMPTID)
src/xrpld/app/tx/detail/InvariantCheck.cpp:3074:            "ripple::ValidVault::finalize : vault has shares invariant");
src/xrpld/app/tx/detail/InvariantCheck.cpp:3138:    // enforcing invariants on transaction types other than ttVAULT_CREATE
src/xrpld/app/tx/detail/InvariantCheck.cpp:3144:            enforce, "ripple::ValidVault::finalize : vault creation invariant");
src/xrpld/app/tx/detail/InvariantCheck.cpp:3163:        for (auto const& e : beforeMPTs_)
src/xrpld/app/tx/detail/InvariantCheck.cpp:3165:            if (e.share.getMptID() == beforeVault.shareMPTID)
src/xrpld/app/tx/detail/InvariantCheck.cpp:3179:            enforce, "ripple::ValidVault::finalize : shares noop invariant");
src/xrpld/app/tx/detail/InvariantCheck.cpp:3205:                else if constexpr (std::is_same_v<TIss, MPTIssue>)
src/xrpld/app/tx/detail/InvariantCheck.cpp:3235:                    keylet::mptIssuance(afterVault.shareMPTID).key);
src/xrpld/app/tx/detail/InvariantCheck.cpp:3236:            return deltas_.find(keylet::mptoken(afterVault.shareMPTID, id).key);
src/xrpld/app/tx/detail/InvariantCheck.cpp:3398:                    roundToAsset(vaultAsset, tx[sfAmount], minScale);
src/xrpld/app/tx/detail/InvariantCheck.cpp:3475:                // We don't need to round shares, they are integral MPT
src/xrpld/app/tx/detail/InvariantCheck.cpp:3495:                // We don't need to round shares, they are integral MPT
src/xrpld/app/tx/detail/InvariantCheck.cpp:3576:                        tx[~sfDestination].value_or(tx[sfAccount]);
src/xrpld/app/tx/detail/InvariantCheck.cpp:3585:                        if (auto const destination = tx[~sfDestination];
src/xrpld/app/tx/detail/InvariantCheck.cpp:3630:                // We don't need to round shares, they are integral MPT
src/xrpld/app/tx/detail/InvariantCheck.cpp:3648:                // We don't need to round shares, they are integral MPT
src/xrpld/app/tx/detail/InvariantCheck.cpp:3696:                    "ripple::ValidVault::finalize : clawback updated a vault");
src/xrpld/app/tx/detail/InvariantCheck.cpp:3702:                    // The owner can use clawback to force-burn shares when the
src/xrpld/app/tx/detail/InvariantCheck.cpp:3706:                          beforeVault.owner == tx[sfAccount]))
src/xrpld/app/tx/detail/InvariantCheck.cpp:3709:                            "Invariant failed: clawback may only be performed "
src/xrpld/app/tx/detail/InvariantCheck.cpp:3710:                            "by the asset issuer, or by the vault owner of an "
src/xrpld/app/tx/detail/InvariantCheck.cpp:3735:                            "Invariant failed: clawback must decrease vault "
src/xrpld/app/tx/detail/InvariantCheck.cpp:3747:                            "Invariant failed: clawback and assets outstanding "
src/xrpld/app/tx/detail/InvariantCheck.cpp:3760:                            "Invariant failed: clawback and assets available "
src/xrpld/app/tx/detail/InvariantCheck.cpp:3768:                        "Invariant failed: clawback must change vault balance";
src/xrpld/app/tx/detail/InvariantCheck.cpp:3772:                // We don't need to round shares, they are integral MPT
src/xrpld/app/tx/detail/InvariantCheck.cpp:3777:                        "Invariant failed: clawback must change holder shares";
src/xrpld/app/tx/detail/InvariantCheck.cpp:3783:                        "Invariant failed: clawback must decrease holder "
src/xrpld/app/tx/detail/InvariantCheck.cpp:3788:                // We don't need to round shares, they are integral MPT
src/xrpld/app/tx/detail/InvariantCheck.cpp:3793:                        "Invariant failed: clawback must change vault shares";
src/xrpld/app/tx/detail/InvariantCheck.cpp:3801:                        "Invariant failed: clawback must change holder and "
src/xrpld/app/tx/detail/InvariantCheck.cpp:3829:        XRPL_ASSERT(enforce, "ripple::ValidVault::finalize : vault invariants");
src/xrpld/app/tx/detail/DeleteAccount.cpp:57:    if (ctx.tx[sfAccount] == ctx.tx[sfDestination])
src/xrpld/app/tx/detail/DeleteAccount.cpp:71:    // The fee required for AccountDelete is one owner reserve.
src/xrpld/app/tx/detail/DeleteAccount.cpp:158:    return DIDDelete::deleteSLE(view, sleDel, account, j);
src/xrpld/app/tx/detail/DeleteAccount.cpp:182:    return credentials::deleteSLE(view, sleDel, j);
src/xrpld/app/tx/detail/DeleteAccount.cpp:234:    AccountID const dst{ctx.tx[sfDestination]};
src/xrpld/app/tx/detail/DeleteAccount.cpp:241:    if ((*sleDst)[sfFlags] & lsfRequireDestTag && !ctx.tx[~sfDestinationTag])
src/xrpld/app/tx/detail/DeleteAccount.cpp:254:        if (ctx.view.rules().enabled(featureDepositAuth) &&
src/xrpld/app/tx/detail/DeleteAccount.cpp:255:            (sleDst->getFlags() & lsfDepositAuth))
src/xrpld/app/tx/detail/DeleteAccount.cpp:258:                return tecNO_PERMISSION;
src/xrpld/app/tx/detail/DeleteAccount.cpp:316:    Keylet const ownerDirKeylet{keylet::ownerDir(account)};
src/xrpld/app/tx/detail/DeleteAccount.cpp:317:    if (dirIsEmpty(ctx.view, ownerDirKeylet))
src/xrpld/app/tx/detail/DeleteAccount.cpp:324:    // Account has no directory at all.  This _should_ have been caught
src/xrpld/app/tx/detail/DeleteAccount.cpp:327:            ctx.view, ownerDirKeylet.key, sleDirNode, uDirEntry, dirEntry))
src/xrpld/app/tx/detail/DeleteAccount.cpp:333:        // Make sure any directory node types that we find are the kind
src/xrpld/app/tx/detail/DeleteAccount.cpp:341:                << "DeleteAccount: directory node in ledger " << ctx.view.seq()
src/xrpld/app/tx/detail/DeleteAccount.cpp:354:        // We found a deletable directory entry.  Count it.  If we find too
src/xrpld/app/tx/detail/DeleteAccount.cpp:355:        // many deletable directory entries then bail out.
src/xrpld/app/tx/detail/DeleteAccount.cpp:360:        ctx.view, ownerDirKeylet.key, sleDirNode, uDirEntry, dirEntry));
src/xrpld/app/tx/detail/DeleteAccount.cpp:372:    auto const dstID = ctx_.tx[sfDestination];
src/xrpld/app/tx/detail/DeleteAccount.cpp:380:    if (ctx_.view().rules().enabled(featureDepositAuth) &&
src/xrpld/app/tx/detail/DeleteAccount.cpp:383:        if (auto err = verifyDepositPreauth(
src/xrpld/app/tx/detail/DeleteAccount.cpp:389:    Keylet const ownerDirKeylet{keylet::ownerDir(account_)};
src/xrpld/app/tx/detail/DeleteAccount.cpp:392:        ownerDirKeylet,
src/xrpld/app/tx/detail/DeleteAccount.cpp:426:    // If there's still an owner directory associated with the source account
src/xrpld/app/tx/detail/DeleteAccount.cpp:428:    if (view().exists(ownerDirKeylet) && !view().emptyDirDelete(ownerDirKeylet))
src/test/app/MPToken_test.cpp:36:class MPToken_test : public beast::unit_test::suite
src/test/app/MPToken_test.cpp:45:        // test preflight of MPTokenIssuanceCreate
src/test/app/MPToken_test.cpp:47:            // If the MPT amendment is not enabled, you should not be able to
src/test/app/MPToken_test.cpp:48:            // create MPTokenIssuances
src/test/app/MPToken_test.cpp:49:            Env env{*this, features - featureMPTokensV1};
src/test/app/MPToken_test.cpp:50:            MPTTester mptAlice(env, alice);
src/test/app/MPToken_test.cpp:52:            mptAlice.create({.ownerCount = 0, .err = temDISABLED});
src/test/app/MPToken_test.cpp:55:        // test preflight of MPTokenIssuanceCreate
src/test/app/MPToken_test.cpp:58:            MPTTester mptAlice(env, alice);
src/test/app/MPToken_test.cpp:77:                     .flags = tfMPTRequireAuth,
src/test/app/MPToken_test.cpp:88:                     .flags = tfMPTRequireAuth,
src/test/app/MPToken_test.cpp:107:                     .flags = tfMPTRequireAuth,
src/test/app/MPToken_test.cpp:118:                 .flags = tfMPTCanTransfer,
src/test/app/MPToken_test.cpp:153:                {.maxAmt = maxMPTokenAmount + 1,  // 9'223'372'036'854'775'808
src/test/app/MPToken_test.cpp:170:            // If the MPT amendment IS enabled, you should be able to create
src/test/app/MPToken_test.cpp:171:            // MPTokenIssuances
src/test/app/MPToken_test.cpp:173:            MPTTester mptAlice(env, alice);
src/test/app/MPToken_test.cpp:175:                {.maxAmt = maxMPTokenAmount,  // 9'223'372'036'854'775'807
src/test/app/MPToken_test.cpp:179:                 .ownerCount = 1,
src/test/app/MPToken_test.cpp:180:                 .flags = tfMPTCanLock | tfMPTRequireAuth | tfMPTCanEscrow |
src/test/app/MPToken_test.cpp:181:                     tfMPTCanTrade | tfMPTCanTransfer | tfMPTCanClawback});
src/test/app/MPToken_test.cpp:211:                MPTTester mptAlice(env, alice);
src/test/app/MPToken_test.cpp:213:                    .maxAmt = maxMPTokenAmount,  // 9'223'372'036'854'775'807
src/test/app/MPToken_test.cpp:217:                    .ownerCount = 1,
src/test/app/MPToken_test.cpp:218:                    .flags = tfMPTCanLock | tfMPTRequireAuth | tfMPTCanEscrow |
src/test/app/MPToken_test.cpp:219:                        tfMPTCanTrade | tfMPTCanTransfer | tfMPTCanClawback,
src/test/app/MPToken_test.cpp:243:        // MPTokenIssuanceDestroy (preflight)
src/test/app/MPToken_test.cpp:245:            Env env{*this, features - featureMPTokensV1};
src/test/app/MPToken_test.cpp:246:            MPTTester mptAlice(env, alice);
src/test/app/MPToken_test.cpp:248:            mptAlice.destroy({.id = id, .ownerCount = 0, .err = temDISABLED});
src/test/app/MPToken_test.cpp:250:            env.enableFeature(featureMPTokensV1);
src/test/app/MPToken_test.cpp:256:        // MPTokenIssuanceDestroy (preclaim)
src/test/app/MPToken_test.cpp:259:            MPTTester mptAlice(env, alice, {.holders = {bob}});
src/test/app/MPToken_test.cpp:263:                 .ownerCount = 0,
src/test/app/MPToken_test.cpp:266:            mptAlice.create({.ownerCount = 1});
src/test/app/MPToken_test.cpp:269:            mptAlice.destroy({.issuer = bob, .err = tecNO_PERMISSION});
src/test/app/MPToken_test.cpp:293:        // If the MPT amendment IS enabled, you should be able to destroy
src/test/app/MPToken_test.cpp:294:        // MPTokenIssuances
src/test/app/MPToken_test.cpp:296:        MPTTester mptAlice(env, alice);
src/test/app/MPToken_test.cpp:298:        mptAlice.create({.ownerCount = 1});
src/test/app/MPToken_test.cpp:300:        mptAlice.destroy({.ownerCount = 0});
src/test/app/MPToken_test.cpp:312:        // Validate amendment enable in MPTokenAuthorize (preflight)
src/test/app/MPToken_test.cpp:314:            Env env{*this, features - featureMPTokensV1};
src/test/app/MPToken_test.cpp:315:            MPTTester mptAlice(env, alice, {.holders = {bob}});
src/test/app/MPToken_test.cpp:323:        // Validate fields in MPTokenAuthorize (preflight)
src/test/app/MPToken_test.cpp:326:            MPTTester mptAlice(env, alice, {.holders = {bob}});
src/test/app/MPToken_test.cpp:328:            mptAlice.create({.ownerCount = 1});
src/test/app/MPToken_test.cpp:330:            // The only valid MPTokenAuthorize flag is tfMPTUnauthorize, which
src/test/app/MPToken_test.cpp:341:        // Try authorizing when MPTokenIssuance doesn't exist in
src/test/app/MPToken_test.cpp:342:        // MPTokenAuthorize (preclaim)
src/test/app/MPToken_test.cpp:345:            MPTTester mptAlice(env, alice, {.holders = {bob}});
src/test/app/MPToken_test.cpp:355:        // Test bad scenarios without allowlisting in MPTokenAuthorize
src/test/app/MPToken_test.cpp:359:            MPTTester mptAlice(env, alice, {.holders = {bob}});
src/test/app/MPToken_test.cpp:361:            mptAlice.create({.ownerCount = 1});
src/test/app/MPToken_test.cpp:365:                {.account = bob, .holder = alice, .err = tecNO_PERMISSION});
src/test/app/MPToken_test.cpp:368:            mptAlice.authorize({.account = alice, .err = tecNO_PERMISSION});
src/test/app/MPToken_test.cpp:371:            mptAlice.authorize({.holder = bob, .err = tecNO_AUTH});
src/test/app/MPToken_test.cpp:379:            // Check that bob cannot delete MPToken when his balance is
src/test/app/MPToken_test.cpp:385:                // bob tries to delete his MPToken, but fails since he still
src/test/app/MPToken_test.cpp:389:                     .flags = tfMPTUnauthorize,
src/test/app/MPToken_test.cpp:396:            // bob deletes/unauthorizes his MPToken
src/test/app/MPToken_test.cpp:397:            mptAlice.authorize({.account = bob, .flags = tfMPTUnauthorize});
src/test/app/MPToken_test.cpp:399:            // bob receives error when he tries to delete his MPToken that has
src/test/app/MPToken_test.cpp:404:                 .flags = tfMPTUnauthorize,
src/test/app/MPToken_test.cpp:408:        // Test bad scenarios with allow-listing in MPTokenAuthorize (preclaim)
src/test/app/MPToken_test.cpp:411:            MPTTester mptAlice(env, alice, {.holders = {bob}});
src/test/app/MPToken_test.cpp:413:            mptAlice.create({.ownerCount = 1, .flags = tfMPTRequireAuth});
src/test/app/MPToken_test.cpp:416:            mptAlice.authorize({.err = tecNO_PERMISSION});
src/test/app/MPToken_test.cpp:431:            mptAlice.authorize({.holder = bob, .flags = tfMPTUnauthorize});
src/test/app/MPToken_test.cpp:434:            // make sure bob's mptoken has set lsfMPTAuthorized
src/test/app/MPToken_test.cpp:444:                {.account = bob, .holderCount = 0, .flags = tfMPTUnauthorize});
src/test/app/MPToken_test.cpp:447:        // Test mptoken reserve requirement - first two mpts free (doApply)
src/test/app/MPToken_test.cpp:455:            MPTTester mptAlice1(
src/test/app/MPToken_test.cpp:462:            MPTTester mptAlice2(env, alice, {.fund = false});
src/test/app/MPToken_test.cpp:465:            MPTTester mptAlice3(env, alice, {.fund = false});
src/test/app/MPToken_test.cpp:466:            mptAlice3.create({.ownerCount = 3});
src/test/app/MPToken_test.cpp:498:            MPTTester mptAlice(env, alice, {.holders = {bob}});
src/test/app/MPToken_test.cpp:500:            mptAlice.create({.ownerCount = 1});
src/test/app/MPToken_test.cpp:510:                {.account = bob, .holderCount = 0, .flags = tfMPTUnauthorize});
src/test/app/MPToken_test.cpp:518:            MPTTester mptAlice(env, alice, {.holders = {bob}});
src/test/app/MPToken_test.cpp:520:            mptAlice.create({.ownerCount = 1, .flags = tfMPTRequireAuth});
src/test/app/MPToken_test.cpp:533:                 .flags = tfMPTUnauthorize});
src/test/app/MPToken_test.cpp:536:                {.account = bob, .holderCount = 0, .flags = tfMPTUnauthorize});
src/test/app/MPToken_test.cpp:539:        // Holder can have dangling MPToken even if issuance has been destroyed.
src/test/app/MPToken_test.cpp:540:        // Make sure they can still delete/unauthorize the MPToken
src/test/app/MPToken_test.cpp:543:            MPTTester mptAlice(env, alice, {.holders = {bob}});
src/test/app/MPToken_test.cpp:545:            mptAlice.create({.ownerCount = 1});
src/test/app/MPToken_test.cpp:551:            mptAlice.destroy({.ownerCount = 0});
src/test/app/MPToken_test.cpp:556:                {.account = bob, .holderCount = 0, .flags = tfMPTUnauthorize});
src/test/app/MPToken_test.cpp:569:        // Validate fields in MPTokenIssuanceSet (preflight)
src/test/app/MPToken_test.cpp:571:            Env env{*this, features - featureMPTokensV1};
src/test/app/MPToken_test.cpp:572:            MPTTester mptAlice(env, alice, {.holders = {bob}});
src/test/app/MPToken_test.cpp:579:            env.enableFeature(featureMPTokensV1);
src/test/app/MPToken_test.cpp:581:            mptAlice.create({.ownerCount = 1, .holderCount = 0});
src/test/app/MPToken_test.cpp:585:            // test invalid flag - only valid flags are tfMPTLock (1) and Unlock
src/test/app/MPToken_test.cpp:593:                !features[featureDynamicMPT])
src/test/app/MPToken_test.cpp:599:                     .err = tecNO_PERMISSION});
src/test/app/MPToken_test.cpp:605:                     .err = tecNO_PERMISSION});
src/test/app/MPToken_test.cpp:650:                 .flags = tfMPTLock | tfMPTUnlock,
src/test/app/MPToken_test.cpp:658:                 .flags = tfMPTLock,
src/test/app/MPToken_test.cpp:662:        // Validate fields in MPTokenIssuanceSet (preclaim)
src/test/app/MPToken_test.cpp:667:            MPTTester mptAlice(env, alice, {.holders = {bob}});
src/test/app/MPToken_test.cpp:669:            mptAlice.create({.ownerCount = 1});
src/test/app/MPToken_test.cpp:674:                 .flags = tfMPTLock,
src/test/app/MPToken_test.cpp:675:                 .err = tecNO_PERMISSION});
src/test/app/MPToken_test.cpp:680:                 .flags = tfMPTUnlock,
src/test/app/MPToken_test.cpp:681:                 .err = tecNO_PERMISSION});
src/test/app/MPToken_test.cpp:688:                 .flags = tfMPTLock,
src/test/app/MPToken_test.cpp:689:                 .err = tecNO_PERMISSION});
src/test/app/MPToken_test.cpp:696:                 .flags = tfMPTUnlock,
src/test/app/MPToken_test.cpp:697:                 .err = tecNO_PERMISSION});
src/test/app/MPToken_test.cpp:700:        // Validate fields in MPTokenIssuanceSet (preclaim)
src/test/app/MPToken_test.cpp:705:            MPTTester mptAlice(env, alice, {.holders = {bob}});
src/test/app/MPToken_test.cpp:710:                 .flags = tfMPTLock,
src/test/app/MPToken_test.cpp:714:            mptAlice.create({.ownerCount = 1, .flags = tfMPTCanLock});
src/test/app/MPToken_test.cpp:718:                {.account = bob, .flags = tfMPTLock, .err = tecNO_PERMISSION});
src/test/app/MPToken_test.cpp:723:                 .flags = tfMPTLock,
src/test/app/MPToken_test.cpp:728:                {.holder = cindy, .flags = tfMPTLock, .err = tecNO_DST});
src/test/app/MPToken_test.cpp:744:                MPTTester mptAlice(env, alice);
src/test/app/MPToken_test.cpp:747:                // Trying to set DomainID on a public MPTokenIssuance
src/test/app/MPToken_test.cpp:749:                    {.domainID = uint256(42), .err = tecNO_PERMISSION});
src/test/app/MPToken_test.cpp:752:                    {.domainID = beast::zero, .err = tecNO_PERMISSION});
src/test/app/MPToken_test.cpp:758:                MPTTester mptAlice(env, alice);
src/test/app/MPToken_test.cpp:759:                mptAlice.create({.flags = tfMPTRequireAuth});
src/test/app/MPToken_test.cpp:767:                    {.flags = tfMPTUnlock,
src/test/app/MPToken_test.cpp:769:                     .err = tecNO_PERMISSION});
src/test/app/MPToken_test.cpp:772:                    {.flags = tfMPTUnlock,
src/test/app/MPToken_test.cpp:774:                     .err = tecNO_PERMISSION});
src/test/app/MPToken_test.cpp:792:            MPTTester mptAlice(env, alice, {.holders = {bob}});
src/test/app/MPToken_test.cpp:796:                {.ownerCount = 1, .holderCount = 0, .flags = tfMPTCanLock});
src/test/app/MPToken_test.cpp:801:            mptAlice.set({.account = alice, .holder = bob, .flags = tfMPTLock});
src/test/app/MPToken_test.cpp:805:            mptAlice.set({.account = alice, .holder = bob, .flags = tfMPTLock});
src/test/app/MPToken_test.cpp:808:            mptAlice.set({.account = alice, .flags = tfMPTLock});
src/test/app/MPToken_test.cpp:812:            mptAlice.set({.account = alice, .flags = tfMPTLock});
src/test/app/MPToken_test.cpp:813:            mptAlice.set({.account = alice, .holder = bob, .flags = tfMPTLock});
src/test/app/MPToken_test.cpp:817:                {.account = alice, .holder = bob, .flags = tfMPTUnlock});
src/test/app/MPToken_test.cpp:820:            mptAlice.set({.account = alice, .holder = bob, .flags = tfMPTLock});
src/test/app/MPToken_test.cpp:824:                mptAlice.authorize({.account = bob, .flags = tfMPTUnauthorize});
src/test/app/MPToken_test.cpp:829:                     .flags = tfMPTUnlock,
src/test/app/MPToken_test.cpp:835:            // Cannot delete locked MPToken
src/test/app/MPToken_test.cpp:838:                 .flags = tfMPTUnauthorize,
src/test/app/MPToken_test.cpp:839:                 .err = tecNO_PERMISSION});
src/test/app/MPToken_test.cpp:842:            mptAlice.set({.account = alice, .flags = tfMPTUnlock});
src/test/app/MPToken_test.cpp:846:                {.account = alice, .holder = bob, .flags = tfMPTUnlock});
src/test/app/MPToken_test.cpp:852:                {.account = alice, .holder = bob, .flags = tfMPTUnlock});
src/test/app/MPToken_test.cpp:853:            mptAlice.set({.account = alice, .flags = tfMPTUnlock});
src/test/app/MPToken_test.cpp:892:            MPTTester mptAlice(env, alice, {.holders = {bob}});
src/test/app/MPToken_test.cpp:896:                {.ownerCount = 1, .holderCount = 0, .flags = tfMPTRequireAuth});
src/test/app/MPToken_test.cpp:929:        // MPT is disabled
src/test/app/MPToken_test.cpp:931:            Env env{*this, features - featureMPTokensV1};
src/test/app/MPToken_test.cpp:937:            STAmount mpt{MPTIssue{makeMptID(1, alice)}, UINT64_C(100)};
src/test/app/MPToken_test.cpp:942:        // MPT is disabled, unsigned request
src/test/app/MPToken_test.cpp:944:            Env env{*this, features - featureMPTokensV1};
src/test/app/MPToken_test.cpp:951:            STAmount mpt{MPTIssue{makeMptID(1, alice)}, UINT64_C(100)};
src/test/app/MPToken_test.cpp:965:            MPTTester mptAlice(env, alice, {.holders = {bob}});
src/test/app/MPToken_test.cpp:967:            mptAlice.create({.ownerCount = 1, .holderCount = 0});
src/test/app/MPToken_test.cpp:968:            auto const MPT = mptAlice["MPT"];
src/test/app/MPToken_test.cpp:973:                env(pay(alice, bob, MPT(10)),
src/test/app/MPToken_test.cpp:984:            MPTTester mptAlice(env, alice, {.holders = {carol}});
src/test/app/MPToken_test.cpp:986:            mptAlice.create({.ownerCount = 1, .holderCount = 0});
src/test/app/MPToken_test.cpp:991:            // but is invalid combination with MPT amount
src/test/app/MPToken_test.cpp:992:            auto const MPT = mptAlice["MPT"];
src/test/app/MPToken_test.cpp:993:            env(pay(alice, carol, MPT(100)),
src/test/app/MPToken_test.cpp:996:            env(pay(alice, carol, MPT(100)),
src/test/app/MPToken_test.cpp:998:                ter(temBAD_AMOUNT));
src/test/app/MPToken_test.cpp:999:            // sendMax MPT is invalid with IOU or XRP
src/test/app/MPToken_test.cpp:1002:                sendmax(MPT(100)),
src/test/app/MPToken_test.cpp:1005:                sendmax(MPT(100)),
src/test/app/MPToken_test.cpp:1008:                delivermin(MPT(100)),
src/test/app/MPToken_test.cpp:1009:                ter(temBAD_AMOUNT));
src/test/app/MPToken_test.cpp:1011:                delivermin(MPT(100)),
src/test/app/MPToken_test.cpp:1012:                ter(temBAD_AMOUNT));
src/test/app/MPToken_test.cpp:1013:            // sendmax and amount are different MPT issue
src/test/app/MPToken_test.cpp:1014:            test::jtx::MPT const MPT1(
src/test/app/MPToken_test.cpp:1015:                "MPT", makeMptID(env.seq(alice) + 10, alice));
src/test/app/MPToken_test.cpp:1016:            env(pay(alice, carol, MPT1(100)),
src/test/app/MPToken_test.cpp:1017:                sendmax(MPT(100)),
src/test/app/MPToken_test.cpp:1020:            env(pay(alice, carol, MPT(100)), path(~USD), ter(temMALFORMED));
src/test/app/MPToken_test.cpp:1023:        // build_path is invalid if MPT
src/test/app/MPToken_test.cpp:1029:            MPTTester mptAlice(env, alice, {.holders = {bob, carol}});
src/test/app/MPToken_test.cpp:1031:            mptAlice.create({.ownerCount = 1, .holderCount = 0});
src/test/app/MPToken_test.cpp:1032:            auto const MPT = mptAlice["MPT"];
src/test/app/MPToken_test.cpp:1038:            payment[jss::tx_json] = pay(alice, carol, MPT(100));
src/test/app/MPToken_test.cpp:1052:            MPTTester mptAlice(env, alice, {.holders = {bob, carol}});
src/test/app/MPToken_test.cpp:1054:            mptAlice.create({.ownerCount = 1, .holderCount = 0});
src/test/app/MPToken_test.cpp:1055:            auto const MPT = mptAlice["MPT"];
src/test/app/MPToken_test.cpp:1060:            mptAlice.pay(alice, bob, -1, temBAD_AMOUNT);
src/test/app/MPToken_test.cpp:1062:            mptAlice.pay(bob, carol, -1, temBAD_AMOUNT);
src/test/app/MPToken_test.cpp:1064:            mptAlice.pay(bob, alice, -1, temBAD_AMOUNT);
src/test/app/MPToken_test.cpp:1066:            env(pay(alice, bob, MPT(10)), sendmax(MPT(-1)), ter(temBAD_AMOUNT));
src/test/app/MPToken_test.cpp:1073:            MPTTester mptAlice(env, alice, {.holders = {bob}});
src/test/app/MPToken_test.cpp:1075:            mptAlice.create({.ownerCount = 1, .holderCount = 0});
src/test/app/MPToken_test.cpp:1088:            MPTTester mptAlice(env, alice, {.holders = {bob}});
src/test/app/MPToken_test.cpp:1090:            mptAlice.create({.ownerCount = 1, .holderCount = 0});
src/test/app/MPToken_test.cpp:1107:            MPTTester mptAlice(env, alice, {.holders = {bob}});
src/test/app/MPToken_test.cpp:1110:                {.ownerCount = 1,
src/test/app/MPToken_test.cpp:1112:                 .flags = tfMPTRequireAuth | tfMPTCanTransfer});
src/test/app/MPToken_test.cpp:1116:            mptAlice.pay(alice, bob, 100, tecNO_AUTH);
src/test/app/MPToken_test.cpp:1124:            MPTTester mptAlice(env, alice, {.holders = {bob}});
src/test/app/MPToken_test.cpp:1127:                {.ownerCount = 1,
src/test/app/MPToken_test.cpp:1129:                 .flags = tfMPTRequireAuth | tfMPTCanTransfer});
src/test/app/MPToken_test.cpp:1131:            // bob creates an empty MPToken
src/test/app/MPToken_test.cpp:1137:            // alice sends 100 MPT to bob
src/test/app/MPToken_test.cpp:1142:                {.account = alice, .holder = bob, .flags = tfMPTUnauthorize});
src/test/app/MPToken_test.cpp:1146:            mptAlice.pay(bob, alice, 100, tecNO_AUTH);
src/test/app/MPToken_test.cpp:1174:                MPTTester mptAlice(env, alice);
src/test/app/MPToken_test.cpp:1178:                    .ownerCount = 1,
src/test/app/MPToken_test.cpp:1180:                    .flags = tfMPTRequireAuth | tfMPTCanTransfer,
src/test/app/MPToken_test.cpp:1192:                mptAlice.pay(alice, bob, 100, tecNO_AUTH);
src/test/app/MPToken_test.cpp:1216:                MPTTester mptAlice(env, alice);
src/test/app/MPToken_test.cpp:1220:                    .ownerCount = 1,
src/test/app/MPToken_test.cpp:1222:                    .flags = tfMPTRequireAuth | tfMPTCanTransfer,
src/test/app/MPToken_test.cpp:1226:                // bob creates an empty MPToken
src/test/app/MPToken_test.cpp:1232:                // alice sends 100 MPT to bob
src/test/app/MPToken_test.cpp:1239:                     .flags = tfMPTUnauthorize});
src/test/app/MPToken_test.cpp:1248:                mptAlice.pay(bob, alice, 10, tecNO_AUTH);
src/test/app/MPToken_test.cpp:1254:                // credIssuer1 is the owner of domainId1 and a credential issuer
src/test/app/MPToken_test.cpp:1256:                // credIssuer2 is the owner of domainId2 and a credential issuer
src/test/app/MPToken_test.cpp:1296:                MPTTester mptAlice(env, alice);
src/test/app/MPToken_test.cpp:1300:                    .ownerCount = 1,
src/test/app/MPToken_test.cpp:1302:                    .flags = tfMPTRequireAuth | tfMPTCanTransfer,
src/test/app/MPToken_test.cpp:1306:                // bob and carol create an empty MPToken
src/test/app/MPToken_test.cpp:1311:                // alice sends 50 MPT to bob but cannot send to carol
src/test/app/MPToken_test.cpp:1313:                mptAlice.pay(alice, carol, 50, tecNO_AUTH);
src/test/app/MPToken_test.cpp:1318:                mptAlice.pay(bob, carol, 10, tecNO_AUTH);
src/test/app/MPToken_test.cpp:1333:                // bob loses his authorization and can no longer send MPT
src/test/app/MPToken_test.cpp:1338:                mptAlice.pay(bob, carol, 10, tecNO_AUTH);
src/test/app/MPToken_test.cpp:1339:                mptAlice.pay(bob, alice, 10, tecNO_AUTH);
src/test/app/MPToken_test.cpp:1343:        // Non-issuer cannot send to each other if MPTCanTransfer isn't set
src/test/app/MPToken_test.cpp:1350:            MPTTester mptAlice(env, alice, {.holders = {bob, cindy}});
src/test/app/MPToken_test.cpp:1352:            // alice creates issuance without MPTCanTransfer
src/test/app/MPToken_test.cpp:1353:            mptAlice.create({.ownerCount = 1, .holderCount = 0});
src/test/app/MPToken_test.cpp:1355:            // bob creates a MPToken
src/test/app/MPToken_test.cpp:1358:            // cindy creates a MPToken
src/test/app/MPToken_test.cpp:1366:            mptAlice.pay(bob, cindy, 10, tecNO_AUTH);
src/test/app/MPToken_test.cpp:1376:            MPTTester mptAlice(env, alice, {.holders = {bob, carol}});
src/test/app/MPToken_test.cpp:1379:                {.ownerCount = 1, .holderCount = 0, .flags = tfMPTCanTransfer});
src/test/app/MPToken_test.cpp:1382:            mptAlice.pay(alice, bob, 100, tecNO_AUTH);
src/test/app/MPToken_test.cpp:1385:            mptAlice.pay(bob, alice, 100, tecNO_AUTH);
src/test/app/MPToken_test.cpp:1388:            mptAlice.pay(bob, carol, 50, tecNO_AUTH);
src/test/app/MPToken_test.cpp:1395:            MPTTester mptAlice(env, alice, {.holders = {bob, carol}});
src/test/app/MPToken_test.cpp:1397:            mptAlice.create({.ownerCount = 1, .flags = tfMPTCanTransfer});
src/test/app/MPToken_test.cpp:1411:        // MPT is locked
src/test/app/MPToken_test.cpp:1415:            MPTTester mptAlice(env, alice, {.holders = {bob, carol}});
src/test/app/MPToken_test.cpp:1418:                {.ownerCount = 1, .flags = tfMPTCanLock | tfMPTCanTransfer});
src/test/app/MPToken_test.cpp:1427:            mptAlice.set({.account = alice, .flags = tfMPTLock});
src/test/app/MPToken_test.cpp:1429:            mptAlice.pay(bob, carol, 1, tecLOCKED);
src/test/app/MPToken_test.cpp:1430:            mptAlice.pay(carol, bob, 2, tecLOCKED);
src/test/app/MPToken_test.cpp:1437:            mptAlice.set({.account = alice, .flags = tfMPTUnlock});
src/test/app/MPToken_test.cpp:1439:            mptAlice.set({.account = alice, .holder = bob, .flags = tfMPTLock});
src/test/app/MPToken_test.cpp:1441:            mptAlice.pay(bob, carol, 5, tecLOCKED);
src/test/app/MPToken_test.cpp:1442:            mptAlice.pay(carol, bob, 6, tecLOCKED);
src/test/app/MPToken_test.cpp:1453:            MPTTester mptAlice(env, alice, {.holders = {bob, carol}});
src/test/app/MPToken_test.cpp:1458:                 .ownerCount = 1,
src/test/app/MPToken_test.cpp:1460:                 .flags = tfMPTCanTransfer});
src/test/app/MPToken_test.cpp:1462:            // Holders create MPToken
src/test/app/MPToken_test.cpp:1471:            BEAST_EXPECT(mptAlice.checkMPTokenAmount(bob, 1'000));
src/test/app/MPToken_test.cpp:1481:            auto const MPT = mptAlice["MPT"];
src/test/app/MPToken_test.cpp:1483:            env(pay(bob, carol, MPT(100)),
src/test/app/MPToken_test.cpp:1484:                sendmax(MPT(109)),
src/test/app/MPToken_test.cpp:1489:            env(pay(bob, carol, MPT(100)), sendmax(MPT(110)));
src/test/app/MPToken_test.cpp:1491:            env(pay(bob, carol, MPT(100)), sendmax(MPT(115)));
src/test/app/MPToken_test.cpp:1492:            BEAST_EXPECT(mptAlice.checkMPTokenAmount(bob, 780));
src/test/app/MPToken_test.cpp:1493:            BEAST_EXPECT(mptAlice.checkMPTokenAmount(carol, 200));
src/test/app/MPToken_test.cpp:1496:            env(pay(bob, carol, MPT(100)),
src/test/app/MPToken_test.cpp:1497:                sendmax(MPT(90)),
src/test/app/MPToken_test.cpp:1501:            BEAST_EXPECT(mptAlice.checkMPTokenAmount(bob, 690));
src/test/app/MPToken_test.cpp:1502:            BEAST_EXPECT(mptAlice.checkMPTokenAmount(carol, 282));
src/test/app/MPToken_test.cpp:1509:            MPTTester mptAlice(env, alice, {.holders = {bob, carol}});
src/test/app/MPToken_test.cpp:1512:                {.ownerCount = 1, .holderCount = 0, .flags = tfMPTCanTransfer});
src/test/app/MPToken_test.cpp:1514:            // Holders create MPToken
src/test/app/MPToken_test.cpp:1519:            auto const MPT = mptAlice["MPT"];
src/test/app/MPToken_test.cpp:1521:            env(pay(bob, carol, MPT(100)),
src/test/app/MPToken_test.cpp:1522:                sendmax(MPT(99)),
src/test/app/MPToken_test.cpp:1524:            env(pay(bob, alice, MPT(100)),
src/test/app/MPToken_test.cpp:1525:                sendmax(MPT(99)),
src/test/app/MPToken_test.cpp:1529:            env(pay(bob, carol, MPT(100)), sendmax(MPT(100)));
src/test/app/MPToken_test.cpp:1530:            BEAST_EXPECT(mptAlice.checkMPTokenAmount(carol, 100));
src/test/app/MPToken_test.cpp:1532:            env(pay(bob, carol, MPT(100)),
src/test/app/MPToken_test.cpp:1533:                sendmax(MPT(99)),
src/test/app/MPToken_test.cpp:1535:            BEAST_EXPECT(mptAlice.checkMPTokenAmount(carol, 199));
src/test/app/MPToken_test.cpp:1542:            MPTTester mptAlice(env, alice, {.holders = {bob, carol}});
src/test/app/MPToken_test.cpp:1545:                {.ownerCount = 1, .holderCount = 0, .flags = tfMPTCanTransfer});
src/test/app/MPToken_test.cpp:1547:            // Holders create MPToken
src/test/app/MPToken_test.cpp:1552:            auto const MPT = mptAlice["MPT"];
src/test/app/MPToken_test.cpp:1555:            env(pay(bob, alice, MPT(100)),
src/test/app/MPToken_test.cpp:1556:                sendmax(MPT(99)),
src/test/app/MPToken_test.cpp:1557:                delivermin(MPT(100)),
src/test/app/MPToken_test.cpp:1561:            env(pay(bob, alice, MPT(100)),
src/test/app/MPToken_test.cpp:1562:                sendmax(MPT(99)),
src/test/app/MPToken_test.cpp:1563:                delivermin(MPT(99)),
src/test/app/MPToken_test.cpp:1571:            MPTTester mptAlice(env, alice, {.holders = {bob}});
src/test/app/MPToken_test.cpp:1575:                 .ownerCount = 1,
src/test/app/MPToken_test.cpp:1577:                 .flags = tfMPTCanTransfer});
src/test/app/MPToken_test.cpp:1593:            MPTTester mptAlice(env, alice, {.holders = {bob}});
src/test/app/MPToken_test.cpp:1595:            mptAlice.create({.ownerCount = 1, .holderCount = 0});
src/test/app/MPToken_test.cpp:1600:            mptAlice.pay(alice, bob, maxMPTokenAmount);
src/test/app/MPToken_test.cpp:1611:            STAmount mpt{MPTIssue{makeMptID(1, alice)}, UINT64_C(100)};
src/test/app/MPToken_test.cpp:1616:                std::to_string(maxMPTokenAmount + 1);
src/test/app/MPToken_test.cpp:1626:            MPTTester mptAlice(env, alice, {.holders = {bob, carol}});
src/test/app/MPToken_test.cpp:1631:                 .ownerCount = 1,
src/test/app/MPToken_test.cpp:1633:                 .flags = tfMPTCanTransfer});
src/test/app/MPToken_test.cpp:1634:            auto const MPT = mptAlice["MPT"];
src/test/app/MPToken_test.cpp:1643:            env(pay(bob, carol, MPT(10'000)),
src/test/app/MPToken_test.cpp:1644:                sendmax(MPT(10'000)),
src/test/app/MPToken_test.cpp:1656:                    [sfMPTAmount.fieldName] == "9990");
src/test/app/MPToken_test.cpp:1660:                    [sfMPTAmount.fieldName] == "10000");
src/test/app/MPToken_test.cpp:1663:                     .isMember(sfMPTAmount.fieldName));
src/test/app/MPToken_test.cpp:1667:            env(pay(bob, carol, MPT(10'000)),
src/test/app/MPToken_test.cpp:1668:                sendmax(MPT(10'000)),
src/test/app/MPToken_test.cpp:1676:            MPTTester mptAlice(env, alice, {.holders = {bob, carol}});
src/test/app/MPToken_test.cpp:1679:                {.maxAmt = maxMPTokenAmount,
src/test/app/MPToken_test.cpp:1680:                 .ownerCount = 1,
src/test/app/MPToken_test.cpp:1682:                 .flags = tfMPTCanTransfer});
src/test/app/MPToken_test.cpp:1683:            auto const MPT = mptAlice["MPT"];
src/test/app/MPToken_test.cpp:1689:            mptAlice.pay(alice, bob, maxMPTokenAmount);
src/test/app/MPToken_test.cpp:1691:                mptAlice.checkMPTokenOutstandingAmount(maxMPTokenAmount));
src/test/app/MPToken_test.cpp:1694:            mptAlice.pay(bob, carol, maxMPTokenAmount);
src/test/app/MPToken_test.cpp:1696:                mptAlice.checkMPTokenOutstandingAmount(maxMPTokenAmount));
src/test/app/MPToken_test.cpp:1698:            mptAlice.pay(carol, alice, maxMPTokenAmount);
src/test/app/MPToken_test.cpp:1699:            BEAST_EXPECT(mptAlice.checkMPTokenOutstandingAmount(0));
src/test/app/MPToken_test.cpp:1706:            MPTTester mptAlice(env, alice, {.holders = {bob}});
src/test/app/MPToken_test.cpp:1708:            mptAlice.create({.ownerCount = 1, .holderCount = 0});
src/test/app/MPToken_test.cpp:1713:            mptAlice.destroy({.ownerCount = 0});
src/test/app/MPToken_test.cpp:1726:            STAmount const mpt{MPTID{0}, 100};
src/test/app/MPToken_test.cpp:1730:        // Issuer fails trying to send to an account, which doesn't own MPT for
src/test/app/MPToken_test.cpp:1735:            MPTTester mptAlice(env, alice, {.holders = {bob}});
src/test/app/MPToken_test.cpp:1737:            mptAlice.create({.ownerCount = 1, .holderCount = 0});
src/test/app/MPToken_test.cpp:1740:            mptAlice.destroy({.ownerCount = 0});
src/test/app/MPToken_test.cpp:1742:            // alice tries to send bob who doesn't own the MPT after issuance is
src/test/app/MPToken_test.cpp:1747:        // Issuers issues maximum amount of MPT to a holder, the holder should
src/test/app/MPToken_test.cpp:1755:            MPTTester mptAlice(env, alice, {.holders = {bob, carol}});
src/test/app/MPToken_test.cpp:1758:                {.maxAmt = 100, .ownerCount = 1, .flags = tfMPTCanTransfer});
src/test/app/MPToken_test.cpp:1773:            MPTTester mptAlice(env, alice, {.holders = {bob, carol}});
src/test/app/MPToken_test.cpp:1776:                {.ownerCount = 1, .holderCount = 0, .flags = tfMPTCanTransfer});
src/test/app/MPToken_test.cpp:1813:            MPTTester mptAlice(env, alice, {.holders = {bob}});
src/test/app/MPToken_test.cpp:1815:                {.ownerCount = 1,
src/test/app/MPToken_test.cpp:1817:                 .flags = tfMPTRequireAuth | tfMPTCanTransfer});
src/test/app/MPToken_test.cpp:1822:            // bob creates an empty MPToken
src/test/app/MPToken_test.cpp:1828:            env(fset(bob, asfDepositAuth));
src/test/app/MPToken_test.cpp:1831:            // alice try to send 100 MPT to bob, not authorized
src/test/app/MPToken_test.cpp:1832:            mptAlice.pay(alice, bob, 100, tecNO_PERMISSION);
src/test/app/MPToken_test.cpp:1839:            // alice sends 100 MPT to bob
src/test/app/MPToken_test.cpp:1852:            // alice sends 100 MPT to bob with credentials which aren't required
src/test/app/MPToken_test.cpp:1860:            // alice try to send 100 MPT to bob, not authorized
src/test/app/MPToken_test.cpp:1861:            mptAlice.pay(alice, bob, 100, tecNO_PERMISSION);
src/test/app/MPToken_test.cpp:1864:            // alice sends 100 MPT to bob with credentials, not authorized
src/test/app/MPToken_test.cpp:1865:            mptAlice.pay(alice, bob, 100, tecNO_PERMISSION, {{credIdx}});
src/test/app/MPToken_test.cpp:1872:            // alice try to send 100 MPT to bob, not authorized
src/test/app/MPToken_test.cpp:1873:            mptAlice.pay(alice, bob, 100, tecNO_PERMISSION);
src/test/app/MPToken_test.cpp:1876:            // alice sends 100 MPT to bob with credentials
src/test/app/MPToken_test.cpp:1892:            MPTTester mptAlice(env, alice, {.holders = {bob}});
src/test/app/MPToken_test.cpp:1894:                {.ownerCount = 1,
src/test/app/MPToken_test.cpp:1896:                 .flags = tfMPTRequireAuth | tfMPTCanTransfer});
src/test/app/MPToken_test.cpp:1901:            // bob creates an empty MPToken
src/test/app/MPToken_test.cpp:1907:            env(fset(bob, asfDepositAuth));
src/test/app/MPToken_test.cpp:1910:            // alice try to send 100 MPT to bob, not authorized
src/test/app/MPToken_test.cpp:1911:            mptAlice.pay(alice, bob, 100, tecNO_PERMISSION);
src/test/app/MPToken_test.cpp:1914:            // alice try to send 100 MPT to bob with credentials, amendment
src/test/app/MPToken_test.cpp:1923:            // alice sends 100 MPT to bob
src/test/app/MPToken_test.cpp:1927:            // alice sends 100 MPT to bob with credentials, amendment disabled
src/test/app/MPToken_test.cpp:1935:            // alice try to send 100 MPT to bob
src/test/app/MPToken_test.cpp:1936:            mptAlice.pay(alice, bob, 100, tecNO_PERMISSION);
src/test/app/MPToken_test.cpp:1939:            // alice sends 100 MPT to bob with credentials, amendment disabled
src/test/app/MPToken_test.cpp:1946:    testMPTInvalidInTx(FeatureBitset features)
src/test/app/MPToken_test.cpp:1948:        testcase("MPT Issue Invalid in Transaction");
src/test/app/MPToken_test.cpp:1952:        // which doesn't support MPT, fails.
src/test/app/MPToken_test.cpp:1963:                if (e.supportMPT() == soeMPTNotSupported &&
src/test/app/MPToken_test.cpp:1977:        MPTIssue issue(makeMptID(1, alice));
src/test/app/MPToken_test.cpp:1980:        for (auto const& feature : {features, features - featureMPTokensV1})
src/test/app/MPToken_test.cpp:2011:            auto setMPTFields = [&](SField const& field,
src/test/app/MPToken_test.cpp:2020:                    jv[jss::Asset] = to_json(mpt.get<MPTIssue>());
src/test/app/MPToken_test.cpp:2022:                    jv[jss::Asset2] = to_json(mpt.get<MPTIssue>());
src/test/app/MPToken_test.cpp:2026:            // All transactions with sfAmount, which don't support MPT.
src/test/app/MPToken_test.cpp:2027:            // Transactions with amount fields, which can't be MPT.
src/test/app/MPToken_test.cpp:2028:            // Transactions with issue fields, which can't be MPT.
src/test/app/MPToken_test.cpp:2035:                jv[jss::Amount] = (field.fieldName == sfAmount.fieldName)
src/test/app/MPToken_test.cpp:2038:                jv[jss::Amount2] = (field.fieldName == sfAmount2.fieldName)
src/test/app/MPToken_test.cpp:2044:            ammCreate(sfAmount);
src/test/app/MPToken_test.cpp:2045:            ammCreate(sfAmount2);
src/test/app/MPToken_test.cpp:2052:                setMPTFields(field, jv);
src/test/app/MPToken_test.cpp:2056:                 {toSFieldRef(sfAmount),
src/test/app/MPToken_test.cpp:2057:                  toSFieldRef(sfAmount2),
src/test/app/MPToken_test.cpp:2069:                setMPTFields(field, jv);
src/test/app/MPToken_test.cpp:2072:            ammWithdraw(sfAmount);
src/test/app/MPToken_test.cpp:2074:                 {toSFieldRef(sfAmount2),
src/test/app/MPToken_test.cpp:2085:                setMPTFields(field, jv);
src/test/app/MPToken_test.cpp:2100:                setMPTFields(field, jv);
src/test/app/MPToken_test.cpp:2104:                 {toSFieldRef(sfAmount),
src/test/app/MPToken_test.cpp:2113:                setMPTFields(field, jv, false);
src/test/app/MPToken_test.cpp:2124:                setMPTFields(field, jv, false);
src/test/app/MPToken_test.cpp:2138:            checkCash(sfAmount);
src/test/app/MPToken_test.cpp:2267:                     {sfAmount.fieldName, sfSignatureReward.fieldName})
src/test/app/MPToken_test.cpp:2278:                     {sfAmount.fieldName, sfSignatureReward.fieldName})
src/test/app/MPToken_test.cpp:2335:        MPTTester mptAlice(env, alice);
src/test/app/MPToken_test.cpp:2358:        testcase("MPT clawback validations");
src/test/app/MPToken_test.cpp:2361:        // Make sure clawback cannot work when featureMPTokensV1 is disabled
src/test/app/MPToken_test.cpp:2363:            Env env(*this, features - featureMPTokensV1);
src/test/app/MPToken_test.cpp:2371:            auto const mpt = ripple::test::jtx::MPT(
src/test/app/MPToken_test.cpp:2394:            auto const mpt = ripple::test::jtx::MPT(
src/test/app/MPToken_test.cpp:2397:            // clawing back IOU from a MPT holder fails
src/test/app/MPToken_test.cpp:2401:            // clawing back MPT without specifying a holder fails
src/test/app/MPToken_test.cpp:2406:            env(claw(alice, mpt(0), bob), ter(temBAD_AMOUNT));
src/test/app/MPToken_test.cpp:2413:            // can't clawback negative amount
src/test/app/MPToken_test.cpp:2414:            env(claw(alice, mpt(-1), bob), ter(temBAD_AMOUNT));
src/test/app/MPToken_test.cpp:2418:        // Preclaim - clawback fails when MPTCanClawback is disabled on issuance
src/test/app/MPToken_test.cpp:2424:            MPTTester mptAlice(env, alice, {.holders = {bob}});
src/test/app/MPToken_test.cpp:2431:            // Create issuance without enabling clawback
src/test/app/MPToken_test.cpp:2432:            mptAlice.create({.ownerCount = 1, .holderCount = 0});
src/test/app/MPToken_test.cpp:2438:            // alice cannot clawback before she didn't enable MPTCanClawback
src/test/app/MPToken_test.cpp:2440:            mptAlice.claw(alice, bob, 1, tecNO_PERMISSION);
src/test/app/MPToken_test.cpp:2451:            MPTTester mptAlice(env, alice, {.holders = {bob}});
src/test/app/MPToken_test.cpp:2453:            auto const fakeMpt = ripple::test::jtx::MPT(
src/test/app/MPToken_test.cpp:2456:            // issuer tries to clawback MPT where issuance doesn't exist
src/test/app/MPToken_test.cpp:2462:                {.ownerCount = 1, .holderCount = 0, .flags = tfMPTCanClawback});
src/test/app/MPToken_test.cpp:2464:            // alice tries to clawback from someone who doesn't have MPToken
src/test/app/MPToken_test.cpp:2467:            // bob creates a MPToken
src/test/app/MPToken_test.cpp:2470:            // clawback fails because bob currently has a balance of zero
src/test/app/MPToken_test.cpp:2476:            // carol fails tries to clawback from bob because he is not the
src/test/app/MPToken_test.cpp:2478:            mptAlice.claw(carol, bob, 1, tecNO_PERMISSION);
src/test/app/MPToken_test.cpp:2481:        // clawback more than max amount
src/test/app/MPToken_test.cpp:2492:            auto const mpt = ripple::test::jtx::MPT(
src/test/app/MPToken_test.cpp:2496:            jv[jss::Amount][jss::value] = std::to_string(maxMPTokenAmount + 1);
src/test/app/MPToken_test.cpp:2508:        testcase("MPT Clawback");
src/test/app/MPToken_test.cpp:2516:            MPTTester mptAlice(env, alice, {.holders = {bob}});
src/test/app/MPToken_test.cpp:2520:                {.ownerCount = 1, .holderCount = 0, .flags = tfMPTCanClawback});
src/test/app/MPToken_test.cpp:2522:            // bob creates a MPToken
src/test/app/MPToken_test.cpp:2532:            // clawback fails because bob currently has a balance of zero
src/test/app/MPToken_test.cpp:2542:            MPTTester mptAlice(env, alice, {.holders = {bob}});
src/test/app/MPToken_test.cpp:2546:                {.ownerCount = 1,
src/test/app/MPToken_test.cpp:2548:                 .flags = tfMPTCanLock | tfMPTCanClawback});
src/test/app/MPToken_test.cpp:2550:            // bob creates a MPToken
src/test/app/MPToken_test.cpp:2556:            mptAlice.set({.account = alice, .flags = tfMPTLock});
src/test/app/MPToken_test.cpp:2567:            MPTTester mptAlice(env, alice, {.holders = {bob}});
src/test/app/MPToken_test.cpp:2571:                {.ownerCount = 1,
src/test/app/MPToken_test.cpp:2573:                 .flags = tfMPTCanLock | tfMPTCanClawback});
src/test/app/MPToken_test.cpp:2575:            // bob creates a MPToken
src/test/app/MPToken_test.cpp:2581:            mptAlice.set({.account = alice, .holder = bob, .flags = tfMPTLock});
src/test/app/MPToken_test.cpp:2592:            MPTTester mptAlice(env, alice, {.holders = {bob}});
src/test/app/MPToken_test.cpp:2596:                {.ownerCount = 1,
src/test/app/MPToken_test.cpp:2598:                 .flags = tfMPTCanClawback | tfMPTRequireAuth});
src/test/app/MPToken_test.cpp:2600:            // bob creates a MPToken
src/test/app/MPToken_test.cpp:2611:                {.account = alice, .holder = bob, .flags = tfMPTUnauthorize});
src/test/app/MPToken_test.cpp:2618:    testTokensEquality()
src/test/app/MPToken_test.cpp:2621:        testcase("Tokens Equality");
src/test/app/MPToken_test.cpp:2626:        MPTID const mpt1 = makeMptID(1, gw1);
src/test/app/MPToken_test.cpp:2627:        MPTID const mpt1a = makeMptID(1, gw1);
src/test/app/MPToken_test.cpp:2628:        MPTID const mpt2 = makeMptID(1, gw2);
src/test/app/MPToken_test.cpp:2629:        MPTID const mpt3 = makeMptID(2, gw2);
src/test/app/MPToken_test.cpp:2648:        // Assets holding MPTIssue
src/test/app/MPToken_test.cpp:2649:        // MPTIDs are the same if the sequence and the issuer are the same
src/test/app/MPToken_test.cpp:2651:        // MPTIDs are different if sequence and the issuer don't match
src/test/app/MPToken_test.cpp:2655:        // Assets holding Issue and MPTIssue
src/test/app/MPToken_test.cpp:2673:            testcase("Test STAmount MPT arithmetics");
src/test/app/MPToken_test.cpp:2693:                BEAST_EXPECTS(e.what() == "MPT value overflow"s, e.what());
src/test/app/MPToken_test.cpp:2705:                BEAST_EXPECTS(e.what() == "MPT value overflow"s, e.what());
src/test/app/MPToken_test.cpp:2710:            testcase("Test MPTAmount arithmetics");
src/test/app/MPToken_test.cpp:2711:            MPTAmount mptAmt1{100};
src/test/app/MPToken_test.cpp:2712:            MPTAmount const mptAmt2{100};
src/test/app/MPToken_test.cpp:2713:            BEAST_EXPECT((mptAmt1 += mptAmt2) == MPTAmount{200});
src/test/app/MPToken_test.cpp:2718:            BEAST_EXPECT(MPTAmount::minPositiveAmount() == MPTAmount{1});
src/test/app/MPToken_test.cpp:2722:            testcase("Test MPTIssue from/to Json");
src/test/app/MPToken_test.cpp:2723:            MPTIssue const issue1{asset1.get<MPTIssue>()};
src/test/app/MPToken_test.cpp:2726:                jv[jss::mpt_issuance_id] == to_string(asset1.get<MPTIssue>()));
src/test/app/MPToken_test.cpp:2734:                jv[jss::mpt_issuance_id] == to_string(asset1.get<MPTIssue>()));
src/test/app/MPToken_test.cpp:2746:        testcase("invalid MPTokenIssuanceCreate for DynamicMPT");
src/test/app/MPToken_test.cpp:2751:        // Can not provide MutableFlags when DynamicMPT amendment is not enabled
src/test/app/MPToken_test.cpp:2753:            Env env{*this, features - featureDynamicMPT};
src/test/app/MPToken_test.cpp:2754:            MPTTester mptAlice(env, alice);
src/test/app/MPToken_test.cpp:2756:                {.ownerCount = 0, .mutableFlags = 2, .err = temDISABLED});
src/test/app/MPToken_test.cpp:2758:                {.ownerCount = 0, .mutableFlags = 0, .err = temDISABLED});
src/test/app/MPToken_test.cpp:2764:            MPTTester mptAlice(env, alice);
src/test/app/MPToken_test.cpp:2766:            // Value 1 is reserved for MPT lock.
src/test/app/MPToken_test.cpp:2768:                {.ownerCount = 0, .mutableFlags = 1, .err = temINVALID_FLAG});
src/test/app/MPToken_test.cpp:2770:                {.ownerCount = 0, .mutableFlags = 17, .err = temINVALID_FLAG});
src/test/app/MPToken_test.cpp:2772:                {.ownerCount = 0,
src/test/app/MPToken_test.cpp:2778:                {.ownerCount = 0, .mutableFlags = 0, .err = temINVALID_FLAG});
src/test/app/MPToken_test.cpp:2785:        testcase("invalid MPTokenIssuanceSet for DynamicMPT");
src/test/app/MPToken_test.cpp:2791:        // Can not provide MutableFlags, MPTokenMetadata or TransferFee when
src/test/app/MPToken_test.cpp:2792:        // DynamicMPT amendment is not enabled
src/test/app/MPToken_test.cpp:2794:            Env env{*this, features - featureDynamicMPT};
src/test/app/MPToken_test.cpp:2795:            MPTTester mptAlice(env, alice, {.holders = {bob}});
src/test/app/MPToken_test.cpp:2798:            // MutableFlags is not allowed when DynamicMPT is not enabled
src/test/app/MPToken_test.cpp:2810:            // MPTokenMetadata is not allowed when DynamicMPT is not enabled
src/test/app/MPToken_test.cpp:2822:            // TransferFee is not allowed when DynamicMPT is not enabled
src/test/app/MPToken_test.cpp:2835:        // Can not provide holder when MutableFlags, MPTokenMetadata or
src/test/app/MPToken_test.cpp:2839:            MPTTester mptAlice(env, alice, {.holders = {bob}});
src/test/app/MPToken_test.cpp:2850:            // Holder is not allowed when MPTokenMetadata is present
src/test/app/MPToken_test.cpp:2867:        // Can not set Flags when MutableFlags, MPTokenMetadata or
src/test/app/MPToken_test.cpp:2871:            MPTTester mptAlice(env, alice, {.holders = {bob}});
src/test/app/MPToken_test.cpp:2873:                {.ownerCount = 1,
src/test/app/MPToken_test.cpp:2874:                 .mutableFlags = tmfMPTCanMutateMetadata |
src/test/app/MPToken_test.cpp:2875:                     tmfMPTCanMutateCanLock | tmfMPTCanMutateTransferFee});
src/test/app/MPToken_test.cpp:2880:                 .flags = tfMPTCanLock,
src/test/app/MPToken_test.cpp:2884:            // Setting flags is not allowed when MPTokenMetadata is present
src/test/app/MPToken_test.cpp:2887:                 .flags = tfMPTCanLock,
src/test/app/MPToken_test.cpp:2894:                 .flags = tfMPTCanLock,
src/test/app/MPToken_test.cpp:2902:            MPTTester mptAlice(env, alice, {.holders = {bob}});
src/test/app/MPToken_test.cpp:2906:                 .ownerCount = 1,
src/test/app/MPToken_test.cpp:2907:                 .flags = tfMPTCanTransfer,
src/test/app/MPToken_test.cpp:2909:                     tmfMPTCanMutateTransferFee | tmfMPTCanMutateMetadata});
src/test/app/MPToken_test.cpp:2926:            MPTTester mptAlice(env, alice, {.holders = {bob}});
src/test/app/MPToken_test.cpp:2942:            MPTTester mptAlice(env, alice, {.holders = {bob}});
src/test/app/MPToken_test.cpp:2946:                tmfMPTSetCanLock | tmfMPTClearCanLock,
src/test/app/MPToken_test.cpp:2947:                tmfMPTSetRequireAuth | tmfMPTClearRequireAuth,
src/test/app/MPToken_test.cpp:2948:                tmfMPTSetCanEscrow | tmfMPTClearCanEscrow,
src/test/app/MPToken_test.cpp:2949:                tmfMPTSetCanTrade | tmfMPTClearCanTrade,
src/test/app/MPToken_test.cpp:2950:                tmfMPTSetCanTransfer | tmfMPTClearCanTransfer,
src/test/app/MPToken_test.cpp:2951:                tmfMPTSetCanClawback | tmfMPTClearCanClawback,
src/test/app/MPToken_test.cpp:2952:                tmfMPTSetCanLock | tmfMPTClearCanLock | tmfMPTClearCanTrade,
src/test/app/MPToken_test.cpp:2953:                tmfMPTSetCanTransfer | tmfMPTClearCanTransfer |
src/test/app/MPToken_test.cpp:2954:                    tmfMPTSetCanEscrow | tmfMPTClearCanClawback};
src/test/app/MPToken_test.cpp:2969:            MPTTester mptAlice(env, alice, {.holders = {bob}});
src/test/app/MPToken_test.cpp:2971:            mptAlice.create({.ownerCount = 1});
src/test/app/MPToken_test.cpp:2974:                tmfMPTSetCanLock,
src/test/app/MPToken_test.cpp:2975:                tmfMPTClearCanLock,
src/test/app/MPToken_test.cpp:2976:                tmfMPTSetRequireAuth,
src/test/app/MPToken_test.cpp:2977:                tmfMPTClearRequireAuth,
src/test/app/MPToken_test.cpp:2978:                tmfMPTSetCanEscrow,
src/test/app/MPToken_test.cpp:2979:                tmfMPTClearCanEscrow,
src/test/app/MPToken_test.cpp:2980:                tmfMPTSetCanTrade,
src/test/app/MPToken_test.cpp:2981:                tmfMPTClearCanTrade,
src/test/app/MPToken_test.cpp:2982:                tmfMPTSetCanTransfer,
src/test/app/MPToken_test.cpp:2983:                tmfMPTClearCanTransfer,
src/test/app/MPToken_test.cpp:2984:                tmfMPTSetCanClawback,
src/test/app/MPToken_test.cpp:2985:                tmfMPTClearCanClawback};
src/test/app/MPToken_test.cpp:2992:                     .err = tecNO_PERMISSION});
src/test/app/MPToken_test.cpp:2999:            MPTTester mptAlice(env, alice, {.holders = {bob}});
src/test/app/MPToken_test.cpp:3002:                {.ownerCount = 1, .mutableFlags = tmfMPTCanMutateMetadata});
src/test/app/MPToken_test.cpp:3004:            std::string metadata(maxMPTokenMetadataLength + 1, 'a');
src/test/app/MPToken_test.cpp:3012:            MPTTester mptAlice(env, alice, {.holders = {bob}});
src/test/app/MPToken_test.cpp:3014:            mptAlice.create({.ownerCount = 1});
src/test/app/MPToken_test.cpp:3018:                 .err = tecNO_PERMISSION});
src/test/app/MPToken_test.cpp:3024:            MPTTester mptAlice(env, alice, {.holders = {bob}});
src/test/app/MPToken_test.cpp:3028:                {.ownerCount = 1, .mutableFlags = tmfMPTCanMutateTransferFee});
src/test/app/MPToken_test.cpp:3037:        // Test setting non-zero transfer fee and clearing MPTCanTransfer at the
src/test/app/MPToken_test.cpp:3041:            MPTTester mptAlice(env, alice, {.holders = {bob}});
src/test/app/MPToken_test.cpp:3045:                 .ownerCount = 1,
src/test/app/MPToken_test.cpp:3046:                 .flags = tfMPTCanTransfer,
src/test/app/MPToken_test.cpp:3048:                     tmfMPTCanMutateTransferFee | tmfMPTCanMutateCanTransfer});
src/test/app/MPToken_test.cpp:3050:            // Can not set non-zero transfer fee and clear MPTCanTransfer at the
src/test/app/MPToken_test.cpp:3054:                 .mutableFlags = tmfMPTClearCanTransfer,
src/test/app/MPToken_test.cpp:3058:            // Can set transfer fee to zero and clear MPTCanTransfer at the same
src/test/app/MPToken_test.cpp:3059:            // time. tfMPTCanTransfer will be cleared and TransferFee field will
src/test/app/MPToken_test.cpp:3063:                 .mutableFlags = tmfMPTClearCanTransfer,
src/test/app/MPToken_test.cpp:3068:        // Can not set non-zero transfer fee when MPTCanTransfer is not set
src/test/app/MPToken_test.cpp:3071:            MPTTester mptAlice(env, alice, {.holders = {bob}});
src/test/app/MPToken_test.cpp:3074:                {.ownerCount = 1,
src/test/app/MPToken_test.cpp:3076:                     tmfMPTCanMutateTransferFee | tmfMPTCanMutateCanTransfer});
src/test/app/MPToken_test.cpp:3081:                 .err = tecNO_PERMISSION});
src/test/app/MPToken_test.cpp:3083:            // Can not set transfer fee even when trying to set MPTCanTransfer
src/test/app/MPToken_test.cpp:3084:            // at the same time. MPTCanTransfer must be set first, then transfer
src/test/app/MPToken_test.cpp:3085:            // fee can be set in a separate transaction.
src/test/app/MPToken_test.cpp:3088:                 .mutableFlags = tmfMPTSetCanTransfer,
src/test/app/MPToken_test.cpp:3090:                 .err = tecNO_PERMISSION});
src/test/app/MPToken_test.cpp:3096:            MPTTester mptAlice(env, alice, {.holders = {bob}});
src/test/app/MPToken_test.cpp:3100:                 .ownerCount = 1,
src/test/app/MPToken_test.cpp:3101:                 .flags = tfMPTCanTransfer});
src/test/app/MPToken_test.cpp:3106:                 .err = tecNO_PERMISSION});
src/test/app/MPToken_test.cpp:3109:                {.account = alice, .transferFee = 0, .err = tecNO_PERMISSION});
src/test/app/MPToken_test.cpp:3115:            MPTTester mptAlice(env, alice, {.holders = {bob}});
src/test/app/MPToken_test.cpp:3118:                {.ownerCount = 1,
src/test/app/MPToken_test.cpp:3119:                 .mutableFlags = tmfMPTCanMutateCanTrade |
src/test/app/MPToken_test.cpp:3120:                     tmfMPTCanMutateCanTransfer | tmfMPTCanMutateMetadata});
src/test/app/MPToken_test.cpp:3126:                 .err = tecNO_PERMISSION});
src/test/app/MPToken_test.cpp:3129:                tmfMPTSetCanLock,
src/test/app/MPToken_test.cpp:3130:                tmfMPTClearCanLock,
src/test/app/MPToken_test.cpp:3131:                tmfMPTSetRequireAuth,
src/test/app/MPToken_test.cpp:3132:                tmfMPTClearRequireAuth,
src/test/app/MPToken_test.cpp:3133:                tmfMPTSetCanEscrow,
src/test/app/MPToken_test.cpp:3134:                tmfMPTClearCanEscrow,
src/test/app/MPToken_test.cpp:3135:                tmfMPTSetCanClawback,
src/test/app/MPToken_test.cpp:3136:                tmfMPTClearCanClawback};
src/test/app/MPToken_test.cpp:3144:                     .err = tecNO_PERMISSION});
src/test/app/MPToken_test.cpp:3147:            // Can mutate MPTCanTrade
src/test/app/MPToken_test.cpp:3148:            mptAlice.set({.account = alice, .mutableFlags = tmfMPTSetCanTrade});
src/test/app/MPToken_test.cpp:3150:                {.account = alice, .mutableFlags = tmfMPTClearCanTrade});
src/test/app/MPToken_test.cpp:3152:            // Can mutate MPTCanTransfer
src/test/app/MPToken_test.cpp:3154:                {.account = alice, .mutableFlags = tmfMPTSetCanTransfer});
src/test/app/MPToken_test.cpp:3156:                {.account = alice, .mutableFlags = tmfMPTClearCanTransfer});
src/test/app/MPToken_test.cpp:3165:    testMutateMPT(FeatureBitset features)
src/test/app/MPToken_test.cpp:3167:        testcase("Mutate MPT");
src/test/app/MPToken_test.cpp:3175:            MPTTester mptAlice(env, alice);
src/test/app/MPToken_test.cpp:3178:                 .ownerCount = 1,
src/test/app/MPToken_test.cpp:3179:                 .mutableFlags = tmfMPTCanMutateMetadata});
src/test/app/MPToken_test.cpp:3203:            MPTTester mptAlice(env, alice);
src/test/app/MPToken_test.cpp:3207:                 .ownerCount = 1,
src/test/app/MPToken_test.cpp:3208:                 .flags = tfMPTCanTransfer,
src/test/app/MPToken_test.cpp:3209:                 .mutableFlags = tmfMPTCanMutateTransferFee});
src/test/app/MPToken_test.cpp:3233:                MPTTester mptAlice(env, alice);
src/test/app/MPToken_test.cpp:3235:                // Create the MPT object with the specified initial flags
src/test/app/MPToken_test.cpp:3238:                     .ownerCount = 1,
src/test/app/MPToken_test.cpp:3253:                tmfMPTCanMutateCanLock, tfMPTCanLock, tmfMPTClearCanLock);
src/test/app/MPToken_test.cpp:3255:                tmfMPTCanMutateRequireAuth,
src/test/app/MPToken_test.cpp:3256:                tmfMPTSetRequireAuth,
src/test/app/MPToken_test.cpp:3257:                tmfMPTClearRequireAuth);
src/test/app/MPToken_test.cpp:3259:                tmfMPTCanMutateCanEscrow,
src/test/app/MPToken_test.cpp:3260:                tmfMPTSetCanEscrow,
src/test/app/MPToken_test.cpp:3261:                tmfMPTClearCanEscrow);
src/test/app/MPToken_test.cpp:3263:                tmfMPTCanMutateCanTrade,
src/test/app/MPToken_test.cpp:3264:                tmfMPTSetCanTrade,
src/test/app/MPToken_test.cpp:3265:                tmfMPTClearCanTrade);
src/test/app/MPToken_test.cpp:3267:                tmfMPTCanMutateCanTransfer,
src/test/app/MPToken_test.cpp:3268:                tmfMPTSetCanTransfer,
src/test/app/MPToken_test.cpp:3269:                tmfMPTClearCanTransfer);
src/test/app/MPToken_test.cpp:3271:                tmfMPTCanMutateCanClawback,
src/test/app/MPToken_test.cpp:3272:                tmfMPTSetCanClawback,
src/test/app/MPToken_test.cpp:3273:                tmfMPTClearCanClawback);
src/test/app/MPToken_test.cpp:3280:        testcase("Mutate MPTCanLock");
src/test/app/MPToken_test.cpp:3289:            MPTTester mptAlice(env, alice, {.holders = {bob}});
src/test/app/MPToken_test.cpp:3291:                {.ownerCount = 1,
src/test/app/MPToken_test.cpp:3293:                 .flags = tfMPTCanLock | tfMPTCanTransfer,
src/test/app/MPToken_test.cpp:3294:                 .mutableFlags = tmfMPTCanMutateCanLock |
src/test/app/MPToken_test.cpp:3295:                     tmfMPTCanMutateCanTrade | tmfMPTCanMutateTransferFee});
src/test/app/MPToken_test.cpp:3299:            mptAlice.set({.account = alice, .holder = bob, .flags = tfMPTLock});
src/test/app/MPToken_test.cpp:3303:                {.account = alice, .mutableFlags = tmfMPTClearCanLock});
src/test/app/MPToken_test.cpp:3304:            mptAlice.set({.account = alice, .mutableFlags = tmfMPTSetCanLock});
src/test/app/MPToken_test.cpp:3306:                {.account = alice, .mutableFlags = tmfMPTClearCanLock});
src/test/app/MPToken_test.cpp:3307:            mptAlice.set({.account = alice, .mutableFlags = tmfMPTSetCanTrade});
src/test/app/MPToken_test.cpp:3309:                {.account = alice, .mutableFlags = tmfMPTClearCanTrade});
src/test/app/MPToken_test.cpp:3316:            MPTTester mptAlice(env, alice, {.holders = {bob}});
src/test/app/MPToken_test.cpp:3318:                {.ownerCount = 1,
src/test/app/MPToken_test.cpp:3320:                 .flags = tfMPTCanLock,
src/test/app/MPToken_test.cpp:3321:                 .mutableFlags = tmfMPTCanMutateCanLock |
src/test/app/MPToken_test.cpp:3322:                     tmfMPTCanMutateCanClawback | tmfMPTCanMutateMetadata});
src/test/app/MPToken_test.cpp:3326:            mptAlice.set({.account = alice, .flags = tfMPTLock});
src/test/app/MPToken_test.cpp:3330:                {.account = alice, .mutableFlags = tmfMPTClearCanLock});
src/test/app/MPToken_test.cpp:3331:            mptAlice.set({.account = alice, .mutableFlags = tmfMPTSetCanLock});
src/test/app/MPToken_test.cpp:3333:                {.account = alice, .mutableFlags = tmfMPTClearCanLock});
src/test/app/MPToken_test.cpp:3335:                {.account = alice, .mutableFlags = tmfMPTSetCanClawback});
src/test/app/MPToken_test.cpp:3337:                {.account = alice, .mutableFlags = tmfMPTClearCanClawback});
src/test/app/MPToken_test.cpp:3341:        // Test lock and unlock after mutating MPTCanLock
src/test/app/MPToken_test.cpp:3344:            MPTTester mptAlice(env, alice, {.holders = {bob}});
src/test/app/MPToken_test.cpp:3346:                {.ownerCount = 1,
src/test/app/MPToken_test.cpp:3348:                 .flags = tfMPTCanLock,
src/test/app/MPToken_test.cpp:3349:                 .mutableFlags = tmfMPTCanMutateCanLock |
src/test/app/MPToken_test.cpp:3350:                     tmfMPTCanMutateCanClawback | tmfMPTCanMutateMetadata});
src/test/app/MPToken_test.cpp:3354:            mptAlice.set({.account = alice, .flags = tfMPTLock});
src/test/app/MPToken_test.cpp:3355:            mptAlice.set({.account = alice, .holder = bob, .flags = tfMPTLock});
src/test/app/MPToken_test.cpp:3356:            mptAlice.set({.account = alice, .flags = tfMPTUnlock});
src/test/app/MPToken_test.cpp:3358:                {.account = alice, .holder = bob, .flags = tfMPTUnlock});
src/test/app/MPToken_test.cpp:3360:            // Clear lsfMPTCanLock
src/test/app/MPToken_test.cpp:3362:                {.account = alice, .mutableFlags = tmfMPTClearCanLock});
src/test/app/MPToken_test.cpp:3367:                 .flags = tfMPTLock,
src/test/app/MPToken_test.cpp:3368:                 .err = tecNO_PERMISSION});
src/test/app/MPToken_test.cpp:3371:                 .flags = tfMPTUnlock,
src/test/app/MPToken_test.cpp:3372:                 .err = tecNO_PERMISSION});
src/test/app/MPToken_test.cpp:3376:                 .flags = tfMPTLock,
src/test/app/MPToken_test.cpp:3377:                 .err = tecNO_PERMISSION});
src/test/app/MPToken_test.cpp:3381:                 .flags = tfMPTUnlock,
src/test/app/MPToken_test.cpp:3382:                 .err = tecNO_PERMISSION});
src/test/app/MPToken_test.cpp:3384:            // Set MPTCanLock again
src/test/app/MPToken_test.cpp:3385:            mptAlice.set({.account = alice, .mutableFlags = tmfMPTSetCanLock});
src/test/app/MPToken_test.cpp:3388:            mptAlice.set({.account = alice, .flags = tfMPTLock});
src/test/app/MPToken_test.cpp:3389:            mptAlice.set({.account = alice, .holder = bob, .flags = tfMPTLock});
src/test/app/MPToken_test.cpp:3390:            mptAlice.set({.account = alice, .flags = tfMPTUnlock});
src/test/app/MPToken_test.cpp:3392:                {.account = alice, .holder = bob, .flags = tfMPTUnlock});
src/test/app/MPToken_test.cpp:3399:        testcase("Mutate MPTRequireAuth");
src/test/app/MPToken_test.cpp:3406:        MPTTester mptAlice(env, alice, {.holders = {bob}});
src/test/app/MPToken_test.cpp:3408:            {.ownerCount = 1,
src/test/app/MPToken_test.cpp:3409:             .flags = tfMPTRequireAuth,
src/test/app/MPToken_test.cpp:3410:             .mutableFlags = tmfMPTCanMutateRequireAuth});
src/test/app/MPToken_test.cpp:3420:            {.account = alice, .holder = bob, .flags = tfMPTUnauthorize});
src/test/app/MPToken_test.cpp:3423:        mptAlice.pay(bob, alice, 100, tecNO_AUTH);
src/test/app/MPToken_test.cpp:3427:            {.account = alice, .mutableFlags = tmfMPTClearRequireAuth});
src/test/app/MPToken_test.cpp:3433:        mptAlice.set({.account = alice, .mutableFlags = tmfMPTSetRequireAuth});
src/test/app/MPToken_test.cpp:3436:        mptAlice.pay(bob, alice, 100, tecNO_AUTH);
src/test/app/MPToken_test.cpp:3448:        testcase("Mutate MPTCanEscrow");
src/test/app/MPToken_test.cpp:3458:        MPTTester mptAlice(env, alice, {.holders = {carol, bob}});
src/test/app/MPToken_test.cpp:3460:            {.ownerCount = 1,
src/test/app/MPToken_test.cpp:3462:             .flags = tfMPTCanTransfer,
src/test/app/MPToken_test.cpp:3463:             .mutableFlags = tmfMPTCanMutateCanEscrow});
src/test/app/MPToken_test.cpp:3467:        auto const MPT = mptAlice["MPT"];
src/test/app/MPToken_test.cpp:3468:        env(pay(alice, carol, MPT(10'000)));
src/test/app/MPToken_test.cpp:3469:        env(pay(alice, bob, MPT(10'000)));
src/test/app/MPToken_test.cpp:3472:        // MPTCanEscrow is not enabled
src/test/app/MPToken_test.cpp:3473:        env(escrow::create(carol, bob, MPT(3)),
src/test/app/MPToken_test.cpp:3477:            ter(tecNO_PERMISSION));
src/test/app/MPToken_test.cpp:3479:        // MPTCanEscrow is enabled now
src/test/app/MPToken_test.cpp:3480:        mptAlice.set({.account = alice, .mutableFlags = tmfMPTSetCanEscrow});
src/test/app/MPToken_test.cpp:3481:        env(escrow::create(carol, bob, MPT(3)),
src/test/app/MPToken_test.cpp:3486:        // Clear MPTCanEscrow
src/test/app/MPToken_test.cpp:3487:        mptAlice.set({.account = alice, .mutableFlags = tmfMPTClearCanEscrow});
src/test/app/MPToken_test.cpp:3488:        env(escrow::create(carol, bob, MPT(3)),
src/test/app/MPToken_test.cpp:3492:            ter(tecNO_PERMISSION));
src/test/app/MPToken_test.cpp:3498:        testcase("Mutate MPTCanTransfer");
src/test/app/MPToken_test.cpp:3508:            MPTTester mptAlice(env, alice, {.holders = {bob, carol}});
src/test/app/MPToken_test.cpp:3510:                {.ownerCount = 1,
src/test/app/MPToken_test.cpp:3512:                     tmfMPTCanMutateCanTransfer | tmfMPTCanMutateTransferFee});
src/test/app/MPToken_test.cpp:3520:            // Bob can not pay carol since MPTCanTransfer is not set
src/test/app/MPToken_test.cpp:3521:            mptAlice.pay(bob, carol, 50, tecNO_AUTH);
src/test/app/MPToken_test.cpp:3523:            // Can not set non-zero transfer fee when MPTCanTransfer is not set
src/test/app/MPToken_test.cpp:3527:                 .err = tecNO_PERMISSION});
src/test/app/MPToken_test.cpp:3530:            // MPTCanTransfer at the same time
src/test/app/MPToken_test.cpp:3533:                 .mutableFlags = tmfMPTSetCanTransfer,
src/test/app/MPToken_test.cpp:3535:                 .err = tecNO_PERMISSION});
src/test/app/MPToken_test.cpp:3537:            // Alice sets MPTCanTransfer
src/test/app/MPToken_test.cpp:3539:                {.account = alice, .mutableFlags = tmfMPTSetCanTransfer});
src/test/app/MPToken_test.cpp:3549:            // Alice clears MPTCanTransfer
src/test/app/MPToken_test.cpp:3551:                {.account = alice, .mutableFlags = tmfMPTClearCanTransfer});
src/test/app/MPToken_test.cpp:3553:            // TransferFee field is removed when MPTCanTransfer is cleared
src/test/app/MPToken_test.cpp:3557:            mptAlice.pay(bob, carol, 50, tecNO_AUTH);
src/test/app/MPToken_test.cpp:3560:        // Can set transfer fee to zero when MPTCanTransfer is not set, but
src/test/app/MPToken_test.cpp:3561:        // tmfMPTCanMutateTransferFee is set.
src/test/app/MPToken_test.cpp:3565:            MPTTester mptAlice(env, alice, {.holders = {bob, carol}});
src/test/app/MPToken_test.cpp:3568:                 .ownerCount = 1,
src/test/app/MPToken_test.cpp:3569:                 .flags = tfMPTCanTransfer,
src/test/app/MPToken_test.cpp:3571:                     tmfMPTCanMutateTransferFee | tmfMPTCanMutateCanTransfer});
src/test/app/MPToken_test.cpp:3575:            // Clear MPTCanTransfer and transfer fee is removed
src/test/app/MPToken_test.cpp:3577:                {.account = alice, .mutableFlags = tmfMPTClearCanTransfer});
src/test/app/MPToken_test.cpp:3591:        testcase("Mutate MPTCanClawback");
src/test/app/MPToken_test.cpp:3598:        MPTTester mptAlice(env, alice, {.holders = {bob}});
src/test/app/MPToken_test.cpp:3601:            {.ownerCount = 1,
src/test/app/MPToken_test.cpp:3603:             .mutableFlags = tmfMPTCanMutateCanClawback});
src/test/app/MPToken_test.cpp:3605:        // Bob creates an MPToken
src/test/app/MPToken_test.cpp:3611:        // MPTCanClawback is not enabled
src/test/app/MPToken_test.cpp:3612:        mptAlice.claw(alice, bob, 1, tecNO_PERMISSION);
src/test/app/MPToken_test.cpp:3614:        // Enable MPTCanClawback
src/test/app/MPToken_test.cpp:3615:        mptAlice.set({.account = alice, .mutableFlags = tmfMPTSetCanClawback});
src/test/app/MPToken_test.cpp:3617:        // Can clawback now
src/test/app/MPToken_test.cpp:3620:        // Clear MPTCanClawback
src/test/app/MPToken_test.cpp:3622:            {.account = alice, .mutableFlags = tmfMPTClearCanClawback});
src/test/app/MPToken_test.cpp:3624:        // Can not clawback
src/test/app/MPToken_test.cpp:3625:        mptAlice.claw(alice, bob, 1, tecNO_PERMISSION);
src/test/app/MPToken_test.cpp:3631:        // Verify that rippleSendMultiMPT correctly enforces MaximumAmount
src/test/app/MPToken_test.cpp:3646:        MPTTester mptt(env, issuer, {.holders = {alice, bob}});
src/test/app/MPToken_test.cpp:3648:            {.maxAmt = maxAmt, .ownerCount = 1, .flags = tfMPTCanTransfer});
src/test/app/MPToken_test.cpp:3652:        Asset const asset{MPTIssue{mptt.issuanceID()}};
src/test/app/MPToken_test.cpp:3655:        // accountSendMulti from the issuer to the given receivers.
src/test/app/MPToken_test.cpp:3662:            auto const ter = accountSendMulti(
src/test/app/MPToken_test.cpp:3747:        // exceeds MaximumAmount. Preserved for ledger replay.
src/test/app/MPToken_test.cpp:3749:            // KNOWN BUG (pre-fixCleanup3_1_3): preserved for ledger replay
src/test/app/MPToken_test.cpp:3769:        // MPTokenIssuanceCreate
src/test/app/MPToken_test.cpp:3776:        // MPTokenIssuanceDestroy
src/test/app/MPToken_test.cpp:3782:        // MPTokenAuthorize
src/test/app/MPToken_test.cpp:3788:        // MPTokenIssuanceSet
src/test/app/MPToken_test.cpp:3789:        testSetValidation(all - featureSingleAssetVault - featureDynamicMPT);
src/test/app/MPToken_test.cpp:3791:        testSetValidation(all - featureDynamicMPT);
src/test/app/MPToken_test.cpp:3798:        // MPT clawback
src/test/app/MPToken_test.cpp:3807:        // Test MPT Amount is invalid in Tx, which don't support MPT
src/test/app/MPToken_test.cpp:3808:        testMPTInvalidInTx(all);
src/test/app/MPToken_test.cpp:3810:        // Test parsed MPTokenIssuanceID in API response metadata
src/test/app/MPToken_test.cpp:3813:        // Test tokens equality
src/test/app/MPToken_test.cpp:3814:        testTokensEquality();
src/test/app/MPToken_test.cpp:3819:        // Dynamic MPT
src/test/app/MPToken_test.cpp:3822:        testMutateMPT(all);
src/test/app/MPToken_test.cpp:3831:BEAST_DEFINE_TESTSUITE_PRIO(MPToken, app, ripple, 2);
src/test/app/Invariants_test.cpp:33:#include <xrpl/protocol/MPTIssue.h>
src/test/app/Invariants_test.cpp:57:    // this is common setup/method for running a failing invariant check. The
src/test/app/Invariants_test.cpp:73:     * detected by an invariant. Simulates the actions of a transaction that
src/test/app/Invariants_test.cpp:74:     * would violate an invariant.
src/test/app/Invariants_test.cpp:76:     * @param expect_logs One or more messages related to the failing invariant
src/test/app/Invariants_test.cpp:80:     * @tx A mock transaction that took the actions to trigger the invariant. In
src/test/app/Invariants_test.cpp:82:     * @ters The TER results expected on the two passes of the invariant
src/test/app/Invariants_test.cpp:96:            {tecINVARIANT_FAILED, tefINVARIANT_FAILED},
src/test/app/Invariants_test.cpp:112:     * detected by an invariant. Simulates the actions of a transaction that
src/test/app/Invariants_test.cpp:113:     * would violate an invariant.
src/test/app/Invariants_test.cpp:116:     * @param expect_logs One or more messages related to the failing invariant
src/test/app/Invariants_test.cpp:120:     * @tx A mock transaction that took the actions to trigger the invariant. In
src/test/app/Invariants_test.cpp:122:     * @ters The TER results expected on the two passes of the invariant
src/test/app/Invariants_test.cpp:136:            {tecINVARIANT_FAILED, tefINVARIANT_FAILED},
src/test/app/Invariants_test.cpp:169:            tecINVARIANT_FAILED,
src/test/app/Invariants_test.cpp:262:        // Note that this is a case where a second invocation of the invariant
src/test/app/Invariants_test.cpp:263:        // checker returns a tecINVARIANT_FAILED, not a tefINVARIANT_FAILED.
src/test/app/Invariants_test.cpp:272:            {tecINVARIANT_FAILED, tecINVARIANT_FAILED});
src/test/app/Invariants_test.cpp:321:            {{"account deletion left behind a non-zero owner count"}},
src/test/app/Invariants_test.cpp:323:                // Increment A1's owner count, then delete A1
src/test/app/Invariants_test.cpp:332:                BEAST_EXPECT(sleA1->at(sfOwnerCount) == 0);
src/test/app/Invariants_test.cpp:333:                adjustOwnerCount(ac.view(), sleA1, 1, ac.journal);
src/test/app/Invariants_test.cpp:393:                sle->at(sfOwnerCount) = 0;
src/test/app/Invariants_test.cpp:399:            {tecINVARIANT_FAILED, tefINVARIANT_FAILED},
src/test/app/Invariants_test.cpp:415:                // Delete the AMM account without cleaning up the directory or
src/test/app/Invariants_test.cpp:428:                sle->at(sfOwnerCount) = 0;
src/test/app/Invariants_test.cpp:435:            {tecINVARIANT_FAILED, tefINVARIANT_FAILED},
src/test/app/Invariants_test.cpp:449:                // account's directory (this deletes the directory), and delete
src/test/app/Invariants_test.cpp:483:                auto const ownerDirKeylet = keylet::ownerDir(ammAcctID);
src/test/app/Invariants_test.cpp:485:                BEAST_EXPECT(ac.view().dirRemove(
src/test/app/Invariants_test.cpp:486:                    ownerDirKeylet, ammSle->at(sfOwnerNode), ammKey, false));
src/test/app/Invariants_test.cpp:488:                    !ac.view().exists(ownerDirKeylet) ||
src/test/app/Invariants_test.cpp:489:                    ac.view().emptyDirDelete(ownerDirKeylet));
src/test/app/Invariants_test.cpp:495:                sle->at(sfOwnerCount) = 0;
src/test/app/Invariants_test.cpp:502:            {tecINVARIANT_FAILED, tefINVARIANT_FAILED},
src/test/app/Invariants_test.cpp:541:                // unsupported value so that the valid type invariant check
src/test/app/Invariants_test.cpp:719:            {tecINVARIANT_FAILED, tefINVARIANT_FAILED},
src/test/app/Invariants_test.cpp:731:            {tecINVARIANT_FAILED, tefINVARIANT_FAILED},
src/test/app/Invariants_test.cpp:743:            {tecINVARIANT_FAILED, tefINVARIANT_FAILED},
src/test/app/Invariants_test.cpp:900:                sleNew->setFieldAmount(sfAmount, XRP(-1));
src/test/app/Invariants_test.cpp:917:                sleNew->setFieldAmount(sfAmount, INITIAL_XRP + drops(1));
src/test/app/Invariants_test.cpp:936:                sleNew->setFieldAmount(sfAmount, amt);
src/test/app/Invariants_test.cpp:954:                sleNew->setFieldAmount(sfAmount, amt);
src/test/app/Invariants_test.cpp:959:        // MPT < 0
src/test/app/Invariants_test.cpp:970:                MPTIssue const mpt{
src/test/app/Invariants_test.cpp:971:                    MPTIssue{makeMptID(1, AccountID(0x4985601))}};
src/test/app/Invariants_test.cpp:973:                sleNew->setFieldAmount(sfAmount, amt);
src/test/app/Invariants_test.cpp:978:        // MPT OutstandingAmount < 0
src/test/app/Invariants_test.cpp:987:                MPTIssue const mpt{
src/test/app/Invariants_test.cpp:988:                    MPTIssue{makeMptID(1, AccountID(0x4985601))}};
src/test/app/Invariants_test.cpp:996:        // MPT LockedAmount < 0
src/test/app/Invariants_test.cpp:1005:                MPTIssue const mpt{
src/test/app/Invariants_test.cpp:1006:                    MPTIssue{makeMptID(1, AccountID(0x4985601))}};
src/test/app/Invariants_test.cpp:1009:                sleNew->setFieldU64(sfLockedAmount, -1);
src/test/app/Invariants_test.cpp:1014:        // MPT OutstandingAmount < LockedAmount
src/test/app/Invariants_test.cpp:1023:                MPTIssue const mpt{
src/test/app/Invariants_test.cpp:1024:                    MPTIssue{makeMptID(1, AccountID(0x4985601))}};
src/test/app/Invariants_test.cpp:1028:                sleNew->setFieldU64(sfLockedAmount, 10);
src/test/app/Invariants_test.cpp:1033:        // MPT MPTAmount < 0
src/test/app/Invariants_test.cpp:1042:                MPTIssue const mpt{
src/test/app/Invariants_test.cpp:1043:                    MPTIssue{makeMptID(1, AccountID(0x4985601))}};
src/test/app/Invariants_test.cpp:1046:                sleNew->setFieldU64(sfMPTAmount, -1);
src/test/app/Invariants_test.cpp:1051:        // MPT LockedAmount < 0
src/test/app/Invariants_test.cpp:1060:                MPTIssue const mpt{
src/test/app/Invariants_test.cpp:1061:                    MPTIssue{makeMptID(1, AccountID(0x4985601))}};
src/test/app/Invariants_test.cpp:1064:                sleNew->setFieldU64(sfLockedAmount, -1);
src/test/app/Invariants_test.cpp:1148:                    lsfDisableMaster | lsfDefaultRipple | lsfDepositAuth);
src/test/app/Invariants_test.cpp:1181:                    lsfDisableMaster | lsfDefaultRipple | lsfDepositAuth |
src/test/app/Invariants_test.cpp:1348:        sle->setAccountID(sfOwner, A1);
src/test/app/Invariants_test.cpp:1379:            tecINVARIANT_FAILED, tecINVARIANT_FAILED};
src/test/app/Invariants_test.cpp:1381:            tecINVARIANT_FAILED, tefINVARIANT_FAILED};
src/test/app/Invariants_test.cpp:1753:                    vault.create({.owner = a, .asset = xrpAsset});
src/test/app/Invariants_test.cpp:1814:                {tecINVARIANT_FAILED, tefINVARIANT_FAILED},
src/test/app/Invariants_test.cpp:1839:                {tecINVARIANT_FAILED, tefINVARIANT_FAILED},
src/test/app/Invariants_test.cpp:1919:            {tecINVARIANT_FAILED, tecINVARIANT_FAILED});
src/test/app/Invariants_test.cpp:1941:            {tecINVARIANT_FAILED, tecINVARIANT_FAILED});
src/test/app/Invariants_test.cpp:1979:                {tecINVARIANT_FAILED, tecINVARIANT_FAILED});
src/test/app/Invariants_test.cpp:2016:                {tecINVARIANT_FAILED, tecINVARIANT_FAILED});
src/test/app/Invariants_test.cpp:2050:                {tecINVARIANT_FAILED, tecINVARIANT_FAILED});
src/test/app/Invariants_test.cpp:2090:                {tecINVARIANT_FAILED, tecINVARIANT_FAILED});
src/test/app/Invariants_test.cpp:2128:                {tecINVARIANT_FAILED, tecINVARIANT_FAILED});
src/test/app/Invariants_test.cpp:2143:        auto [tx, vKeylet] = vault.create({.owner = a, .asset = asset});
src/test/app/Invariants_test.cpp:2179:                    [](SLE::pointer& sle) { sle->at(sfOwnerNode) += 1; },
src/test/app/Invariants_test.cpp:2183:                        sle->at(sfAccount) = sle->at(sfOwner);
src/test/app/Invariants_test.cpp:2186:                        sle->at(sfOwner) = sle->at(sfAccount);
src/test/app/Invariants_test.cpp:2215:                    {tecINVARIANT_FAILED, tefINVARIANT_FAILED},
src/test/app/Invariants_test.cpp:2254:        enum class Asset { XRP, IOU, MPT };
src/test/app/Invariants_test.cpp:2256:            std::to_array({Asset::XRP, Asset::IOU, Asset::MPT});
src/test/app/Invariants_test.cpp:2274:                    case Asset::MPT: {
src/test/app/Invariants_test.cpp:2275:                        MPTTester mptt{env, issuer, mptInitNoFund};
src/test/app/Invariants_test.cpp:2277:                            {.flags = tfMPTCanClawback | tfMPTCanTransfer |
src/test/app/Invariants_test.cpp:2278:                                 tfMPTCanLock});
src/test/app/Invariants_test.cpp:2312:                if (!BEAST_EXPECT(sleBroker->at(sfOwnerCount) == 0))
src/test/app/Invariants_test.cpp:2315:                // modified entries for the invariant to find
src/test/app/Invariants_test.cpp:2318:                // The pseudo-account holds the directory, so get it
src/test/app/Invariants_test.cpp:2327:                // Make sure the directory doesn't already exist
src/test/app/Invariants_test.cpp:2328:                auto const dirKeylet = keylet::ownerDir(pseudoAccountID);
src/test/app/Invariants_test.cpp:2333:                    // Create the directory
src/test/app/Invariants_test.cpp:2335:                        ::ripple::directory::createRoot(
src/test/app/Invariants_test.cpp:2348:                {{"Loan Broker with zero OwnerCount has multiple directory "
src/test/app/Invariants_test.cpp:2362:                        ::ripple::directory::insertPage(
src/test/app/Invariants_test.cpp:2376:                {tecINVARIANT_FAILED, tefINVARIANT_FAILED},
src/test/app/Invariants_test.cpp:2380:                {{"Loan Broker with zero OwnerCount has multiple indexes in "
src/test/app/Invariants_test.cpp:2392:                    // Put some extra garbage into the directory
src/test/app/Invariants_test.cpp:2395:                        ::ripple::directory::insertKey(
src/test/app/Invariants_test.cpp:2403:                {tecINVARIANT_FAILED, tefINVARIANT_FAILED},
src/test/app/Invariants_test.cpp:2407:                {{"Loan Broker directory corrupt"}},
src/test/app/Invariants_test.cpp:2423:                    // Put one meaningless key into the directory
src/test/app/Invariants_test.cpp:2426:                    ::ripple::directory::insertKey(
src/test/app/Invariants_test.cpp:2433:                {tecINVARIANT_FAILED, tefINVARIANT_FAILED},
src/test/app/Invariants_test.cpp:2437:                {{"Loan Broker with zero OwnerCount has an unexpected entry in "
src/test/app/Invariants_test.cpp:2438:                  "the directory"}},
src/test/app/Invariants_test.cpp:2452:                    ::ripple::directory::insertKey(
src/test/app/Invariants_test.cpp:2459:                {tecINVARIANT_FAILED, tefINVARIANT_FAILED},
src/test/app/Invariants_test.cpp:2473:                    // modified entries for the invariant to find
src/test/app/Invariants_test.cpp:2482:                {tecINVARIANT_FAILED, tefINVARIANT_FAILED},
src/test/app/Invariants_test.cpp:2516:                    {tecINVARIANT_FAILED, tefINVARIANT_FAILED},
src/test/app/Invariants_test.cpp:2537:                {tecINVARIANT_FAILED, tefINVARIANT_FAILED},
src/test/app/Invariants_test.cpp:2570:            auto const mptIssuanceID = (*sleVault)[sfShareMPTID];
src/test/app/Invariants_test.cpp:2610:                else if (assets.holds<MPTIssue>())
src/test/app/Invariants_test.cpp:2612:                    auto const mptId = assets.get<MPTIssue>().getMptID();
src/test/app/Invariants_test.cpp:2613:                    auto sleMPToken = ac.peek(keylet::mptoken(mptId, pseudoId));
src/test/app/Invariants_test.cpp:2614:                    if (!sleMPToken)
src/test/app/Invariants_test.cpp:2616:                    (*sleMPToken)[sfMPTAmount] =
src/test/app/Invariants_test.cpp:2617:                        *(*sleMPToken)[sfMPTAmount] + *args.vaultAssets;
src/test/app/Invariants_test.cpp:2618:                    ac.update(sleMPToken);
src/test/app/Invariants_test.cpp:2636:                else if (assets.holds<MPTIssue>())
src/test/app/Invariants_test.cpp:2638:                    auto const mptID = assets.get<MPTIssue>().getMptID();
src/test/app/Invariants_test.cpp:2639:                    auto sleMPToken =
src/test/app/Invariants_test.cpp:2641:                    if (!sleMPToken)
src/test/app/Invariants_test.cpp:2643:                    (*sleMPToken)[sfMPTAmount] =
src/test/app/Invariants_test.cpp:2644:                        *(*sleMPToken)[sfMPTAmount] + pair.amount;
src/test/app/Invariants_test.cpp:2645:                    ac.update(sleMPToken);
src/test/app/Invariants_test.cpp:2654:                auto sleMPToken =
src/test/app/Invariants_test.cpp:2656:                if (!sleMPToken)
src/test/app/Invariants_test.cpp:2658:                (*sleMPToken)[sfMPTAmount] =
src/test/app/Invariants_test.cpp:2659:                    *(*sleMPToken)[sfMPTAmount] + pair.amount;
src/test/app/Invariants_test.cpp:2660:                ac.update(sleMPToken);
src/test/app/Invariants_test.cpp:2688:                vault.create({.owner = A1, .asset = xrpIssue()});
src/test/app/Invariants_test.cpp:2712:            {tecINVARIANT_FAILED, tecINVARIANT_FAILED},
src/test/app/Invariants_test.cpp:2715:                auto [tx, _] = vault.create({.owner = A1, .asset = xrpIssue()});
src/test/app/Invariants_test.cpp:2732:            {tecINVARIANT_FAILED, tecINVARIANT_FAILED},
src/test/app/Invariants_test.cpp:2735:                auto [tx, _] = vault.create({.owner = A1, .asset = xrpIssue()});
src/test/app/Invariants_test.cpp:2752:            {tecINVARIANT_FAILED, tecINVARIANT_FAILED},
src/test/app/Invariants_test.cpp:2755:                auto [tx, _] = vault.create({.owner = A1, .asset = xrpIssue()});
src/test/app/Invariants_test.cpp:2766:                auto const vaultPage = ac.view().dirInsert(
src/test/app/Invariants_test.cpp:2767:                    keylet::ownerDir(A1.id()),
src/test/app/Invariants_test.cpp:2770:                sleVault->setFieldU64(sfOwnerNode, *vaultPage);
src/test/app/Invariants_test.cpp:2776:            {tecINVARIANT_FAILED, tecINVARIANT_FAILED});
src/test/app/Invariants_test.cpp:2790:            {tecINVARIANT_FAILED, tecINVARIANT_FAILED},
src/test/app/Invariants_test.cpp:2793:                auto [tx, _] = vault.create({.owner = A1, .asset = xrpIssue()});
src/test/app/Invariants_test.cpp:2819:            {tecINVARIANT_FAILED, tecINVARIANT_FAILED},
src/test/app/Invariants_test.cpp:2824:                        vault.create({.owner = A1, .asset = xrpIssue()});
src/test/app/Invariants_test.cpp:2829:                        vault.create({.owner = A2, .asset = xrpIssue()});
src/test/app/Invariants_test.cpp:2842:                    auto const vaultPage = ac.view().dirInsert(
src/test/app/Invariants_test.cpp:2843:                        keylet::ownerDir(A.id()),
src/test/app/Invariants_test.cpp:2846:                    sleVault->setFieldU64(sfOwnerNode, *vaultPage);
src/test/app/Invariants_test.cpp:2855:            {tecINVARIANT_FAILED, tecINVARIANT_FAILED});
src/test/app/Invariants_test.cpp:2869:            {tecINVARIANT_FAILED, tecINVARIANT_FAILED},
src/test/app/Invariants_test.cpp:2872:                auto [tx, _] = vault.create({.owner = A1, .asset = xrpIssue()});
src/test/app/Invariants_test.cpp:2887:                    keylet::mptIssuance((*sleVault)[sfShareMPTID]));
src/test/app/Invariants_test.cpp:2896:            {tecINVARIANT_FAILED, tefINVARIANT_FAILED},
src/test/app/Invariants_test.cpp:2900:                    vault.create({.owner = A1, .asset = xrpIssue()});
src/test/app/Invariants_test.cpp:2915:                    keylet::mptIssuance((*sleVault)[sfShareMPTID]));
src/test/app/Invariants_test.cpp:2918:                // Note, such an "orphaned" update of MPT issuance attached to a
src/test/app/Invariants_test.cpp:2926:            {tecINVARIANT_FAILED, tecINVARIANT_FAILED},
src/test/app/Invariants_test.cpp:2937:            {tecINVARIANT_FAILED, tecINVARIANT_FAILED},
src/test/app/Invariants_test.cpp:2940:                auto [tx, _] = vault.create({.owner = A1, .asset = xrpIssue()});
src/test/app/Invariants_test.cpp:2952:            {tecINVARIANT_FAILED, tecINVARIANT_FAILED},
src/test/app/Invariants_test.cpp:2955:                auto [tx, _] = vault.create({.owner = A1, .asset = xrpIssue()});
src/test/app/Invariants_test.cpp:2967:            {tecINVARIANT_FAILED, tecINVARIANT_FAILED},
src/test/app/Invariants_test.cpp:2970:                auto [tx, _] = vault.create({.owner = A1, .asset = xrpIssue()});
src/test/app/Invariants_test.cpp:2982:            {tecINVARIANT_FAILED, tecINVARIANT_FAILED},
src/test/app/Invariants_test.cpp:2985:                auto [tx, _] = vault.create({.owner = A1, .asset = xrpIssue()});
src/test/app/Invariants_test.cpp:2997:            {tecINVARIANT_FAILED, tecINVARIANT_FAILED},
src/test/app/Invariants_test.cpp:3000:                auto [tx, _] = vault.create({.owner = A1, .asset = xrpIssue()});
src/test/app/Invariants_test.cpp:3016:                    keylet::mptIssuance((*sleVault)[sfShareMPTID]));
src/test/app/Invariants_test.cpp:3024:            {tecINVARIANT_FAILED, tefINVARIANT_FAILED},
src/test/app/Invariants_test.cpp:3027:                auto [tx, _] = vault.create({.owner = A1, .asset = xrpIssue()});
src/test/app/Invariants_test.cpp:3046:            {tecINVARIANT_FAILED, tecINVARIANT_FAILED},
src/test/app/Invariants_test.cpp:3050:                    vault.create({.owner = A1, .asset = xrpIssue()});
src/test/app/Invariants_test.cpp:3096:            {tecINVARIANT_FAILED, tecINVARIANT_FAILED},
src/test/app/Invariants_test.cpp:3108:                    sfAsset, STIssue{sfAsset, MPTIssue(MPTID(42))});
src/test/app/Invariants_test.cpp:3114:            {tecINVARIANT_FAILED, tecINVARIANT_FAILED},
src/test/app/Invariants_test.cpp:3130:            {tecINVARIANT_FAILED, tecINVARIANT_FAILED},
src/test/app/Invariants_test.cpp:3140:                (*sleVault)[sfShareMPTID] = MPTID(42);
src/test/app/Invariants_test.cpp:3146:            {tecINVARIANT_FAILED, tecINVARIANT_FAILED},
src/test/app/Invariants_test.cpp:3164:            {tecINVARIANT_FAILED, tecINVARIANT_FAILED},
src/test/app/Invariants_test.cpp:3185:                    tx.setFieldAmount(sfAmount, XRPAmount(200));
src/test/app/Invariants_test.cpp:3187:            {tecINVARIANT_FAILED, tecINVARIANT_FAILED},
src/test/app/Invariants_test.cpp:3204:            {tecINVARIANT_FAILED, tecINVARIANT_FAILED},
src/test/app/Invariants_test.cpp:3221:            {tecINVARIANT_FAILED, tecINVARIANT_FAILED},
src/test/app/Invariants_test.cpp:3236:                    keylet::mptIssuance((*sleVault)[sfShareMPTID]));
src/test/app/Invariants_test.cpp:3245:            {tecINVARIANT_FAILED, tecINVARIANT_FAILED},
src/test/app/Invariants_test.cpp:3257:                    keylet::mptIssuance((*sleVault)[sfShareMPTID]));
src/test/app/Invariants_test.cpp:3268:            {tecINVARIANT_FAILED, tecINVARIANT_FAILED},
src/test/app/Invariants_test.cpp:3283:                    keylet::mptIssuance((*sleVault)[sfShareMPTID]));
src/test/app/Invariants_test.cpp:3286:                (*sleShares)[sfOutstandingAmount] = maxMPTokenAmount + 1;
src/test/app/Invariants_test.cpp:3292:            {tecINVARIANT_FAILED, tefINVARIANT_FAILED},
src/test/app/Invariants_test.cpp:3314:            {tecINVARIANT_FAILED, tecINVARIANT_FAILED},
src/test/app/Invariants_test.cpp:3318:                    vault.create({.owner = A1, .asset = xrpIssue()});
src/test/app/Invariants_test.cpp:3341:            {tecINVARIANT_FAILED, tecINVARIANT_FAILED},
src/test/app/Invariants_test.cpp:3345:                    vault.create({.owner = A1, .asset = xrpIssue()});
src/test/app/Invariants_test.cpp:3369:            {tecINVARIANT_FAILED, tecINVARIANT_FAILED},
src/test/app/Invariants_test.cpp:3373:                    vault.create({.owner = A1, .asset = xrpIssue()});
src/test/app/Invariants_test.cpp:3389:                    keylet::mptIssuance((*sleVault)[sfShareMPTID]));
src/test/app/Invariants_test.cpp:3399:            {tecINVARIANT_FAILED, tecINVARIANT_FAILED},
src/test/app/Invariants_test.cpp:3403:                    vault.create({.owner = A1, .asset = xrpIssue()});
src/test/app/Invariants_test.cpp:3424:            {tecINVARIANT_FAILED, tecINVARIANT_FAILED},
src/test/app/Invariants_test.cpp:3428:                    vault.create({.owner = A1, .asset = xrpIssue()});
src/test/app/Invariants_test.cpp:3444:                    keylet::mptIssuance((*sleVault)[sfShareMPTID]));
src/test/app/Invariants_test.cpp:3454:            {tecINVARIANT_FAILED, tecINVARIANT_FAILED},
src/test/app/Invariants_test.cpp:3458:                    vault.create({.owner = A1, .asset = xrpIssue()});
src/test/app/Invariants_test.cpp:3468:                // the invariants holding. Except one: it is created by the
src/test/app/Invariants_test.cpp:3473:                auto const vaultPage = ac.view().dirInsert(
src/test/app/Invariants_test.cpp:3474:                    keylet::ownerDir(A1.id()),
src/test/app/Invariants_test.cpp:3477:                sleVault->setFieldU64(sfOwnerNode, *vaultPage);
src/test/app/Invariants_test.cpp:3493:                    lsfDisableMaster | lsfDefaultRipple | lsfDepositAuth);
src/test/app/Invariants_test.cpp:3500:                auto const sharesPage = ac.view().dirInsert(
src/test/app/Invariants_test.cpp:3501:                    keylet::ownerDir(pseudoId),
src/test/app/Invariants_test.cpp:3504:                sleShares->setFieldU64(sfOwnerNode, *sharesPage);
src/test/app/Invariants_test.cpp:3514:                sleVault->at(sfOwner) = A1.id();
src/test/app/Invariants_test.cpp:3518:                sleVault->at(sfShareMPTID) = sharesMptId;
src/test/app/Invariants_test.cpp:3520:                    vaultStrategyFirstComeFirstServe;
src/test/app/Invariants_test.cpp:3528:            {tecINVARIANT_FAILED, tefINVARIANT_FAILED});
src/test/app/Invariants_test.cpp:3537:                auto const vaultPage = ac.view().dirInsert(
src/test/app/Invariants_test.cpp:3538:                    keylet::ownerDir(A1.id()),
src/test/app/Invariants_test.cpp:3541:                sleVault->setFieldU64(sfOwnerNode, *vaultPage);
src/test/app/Invariants_test.cpp:3557:                    lsfDisableMaster | lsfDefaultRipple | lsfDepositAuth);
src/test/app/Invariants_test.cpp:3566:                auto const sharesPage = ac.view().dirInsert(
src/test/app/Invariants_test.cpp:3567:                    keylet::ownerDir(pseudoId),
src/test/app/Invariants_test.cpp:3570:                sleShares->setFieldU64(sfOwnerNode, *sharesPage);
src/test/app/Invariants_test.cpp:3582:                sleVault->at(sfOwner) = A1.id();
src/test/app/Invariants_test.cpp:3586:                sleVault->at(sfShareMPTID) = sharesMptId;
src/test/app/Invariants_test.cpp:3588:                    vaultStrategyFirstComeFirstServe;
src/test/app/Invariants_test.cpp:3596:            {tecINVARIANT_FAILED, tefINVARIANT_FAILED});
src/test/app/Invariants_test.cpp:3605:                auto const vaultPage = ac.view().dirInsert(
src/test/app/Invariants_test.cpp:3606:                    keylet::ownerDir(A1.id()),
src/test/app/Invariants_test.cpp:3609:                sleVault->setFieldU64(sfOwnerNode, *vaultPage);
src/test/app/Invariants_test.cpp:3614:                auto const sharesPage = ac.view().dirInsert(
src/test/app/Invariants_test.cpp:3615:                    keylet::ownerDir(A2.id()),
src/test/app/Invariants_test.cpp:3618:                sleShares->setFieldU64(sfOwnerNode, *sharesPage);
src/test/app/Invariants_test.cpp:3629:                sleVault->at(sfOwner) = A1.id();
src/test/app/Invariants_test.cpp:3633:                sleVault->at(sfShareMPTID) = sharesMptId;
src/test/app/Invariants_test.cpp:3635:                    vaultStrategyFirstComeFirstServe;
src/test/app/Invariants_test.cpp:3643:            {tecINVARIANT_FAILED, tefINVARIANT_FAILED});
src/test/app/Invariants_test.cpp:3659:            {tecINVARIANT_FAILED, tecINVARIANT_FAILED},
src/test/app/Invariants_test.cpp:3677:                    tx.setFieldAmount(sfAmount, XRPAmount(200));
src/test/app/Invariants_test.cpp:3679:            {tecINVARIANT_FAILED, tecINVARIANT_FAILED},
src/test/app/Invariants_test.cpp:3714:            {tecINVARIANT_FAILED, tecINVARIANT_FAILED},
src/test/app/Invariants_test.cpp:3744:                [](STObject& tx) { tx[sfAmount] = XRPAmount(10); }},
src/test/app/Invariants_test.cpp:3745:            {tecINVARIANT_FAILED, tecINVARIANT_FAILED},
src/test/app/Invariants_test.cpp:3771:                [](STObject& tx) { tx[sfAmount] = XRPAmount(10); }},
src/test/app/Invariants_test.cpp:3772:            {tecINVARIANT_FAILED, tecINVARIANT_FAILED},
src/test/app/Invariants_test.cpp:3790:                [](STObject& tx) { tx[sfAmount] = XRPAmount(10); }},
src/test/app/Invariants_test.cpp:3791:            {tecINVARIANT_FAILED, tecINVARIANT_FAILED},
src/test/app/Invariants_test.cpp:3810:                [](STObject& tx) { tx[sfAmount] = XRPAmount(10); }},
src/test/app/Invariants_test.cpp:3811:            {tecINVARIANT_FAILED, tecINVARIANT_FAILED},
src/test/app/Invariants_test.cpp:3833:                [](STObject& tx) { tx[sfAmount] = XRPAmount(5); }},
src/test/app/Invariants_test.cpp:3834:            {tecINVARIANT_FAILED, tecINVARIANT_FAILED},
src/test/app/Invariants_test.cpp:3857:                    tx[sfAmount] = XRPAmount(10);
src/test/app/Invariants_test.cpp:3861:            {tecINVARIANT_FAILED, tecINVARIANT_FAILED},
src/test/app/Invariants_test.cpp:3881:                [](STObject& tx) { tx[sfAmount] = XRPAmount(10); }},
src/test/app/Invariants_test.cpp:3882:            {tecINVARIANT_FAILED, tecINVARIANT_FAILED},
src/test/app/Invariants_test.cpp:3900:            {tecINVARIANT_FAILED, tecINVARIANT_FAILED},
src/test/app/Invariants_test.cpp:3906:        // sfDestination would have been A4, but has been omitted.
src/test/app/Invariants_test.cpp:3932:                    // This commented out line causes the invariant violation.
src/test/app/Invariants_test.cpp:3933:                    // tx[sfDestination] = A4.id();
src/test/app/Invariants_test.cpp:3935:            {tecINVARIANT_FAILED, tecINVARIANT_FAILED},
src/test/app/Invariants_test.cpp:3965:            {tecINVARIANT_FAILED, tecINVARIANT_FAILED},
src/test/app/Invariants_test.cpp:3990:                [&](STObject& tx) { tx.setAccountID(sfDestination, A3.id()); }},
src/test/app/Invariants_test.cpp:3991:            {tecINVARIANT_FAILED, tecINVARIANT_FAILED},
src/test/app/Invariants_test.cpp:4008:            {tecINVARIANT_FAILED, tecINVARIANT_FAILED},
src/test/app/Invariants_test.cpp:4025:            {tecINVARIANT_FAILED, tecINVARIANT_FAILED},
src/test/app/Invariants_test.cpp:4045:            {tecINVARIANT_FAILED, tecINVARIANT_FAILED},
src/test/app/Invariants_test.cpp:4064:            {tecINVARIANT_FAILED, tecINVARIANT_FAILED},
src/test/app/Invariants_test.cpp:4087:                    tx[sfAmount] = XRPAmount(10);
src/test/app/Invariants_test.cpp:4091:            {tecINVARIANT_FAILED, tecINVARIANT_FAILED},
src/test/app/Invariants_test.cpp:4099:            // Create MPT asset
src/test/app/Invariants_test.cpp:4103:                jv[sfTransactionType] = jss::MPTokenIssuanceCreate;
src/test/app/Invariants_test.cpp:4104:                jv[sfFlags] = tfMPTCanTransfer;
src/test/app/Invariants_test.cpp:4110:            Asset asset = MPTIssue(mptID);
src/test/app/Invariants_test.cpp:4115:                jv[sfTransactionType] = jss::MPTokenAuthorize;
src/test/app/Invariants_test.cpp:4116:                jv[sfMPTokenIssuanceID] = to_string(mptID);
src/test/app/Invariants_test.cpp:4134:            auto [tx, keylet] = vault.create({.owner = A1, .asset = asset});
src/test/app/Invariants_test.cpp:4162:            {tecINVARIANT_FAILED, tecINVARIANT_FAILED},
src/test/app/Invariants_test.cpp:4166:        testcase << "Vault clawback";
src/test/app/Invariants_test.cpp:4168:            {"clawback must change vault balance"},
src/test/app/Invariants_test.cpp:4182:            {tecINVARIANT_FAILED, tecINVARIANT_FAILED},
src/test/app/Invariants_test.cpp:4185:        // Not the same as below check: attempt to clawback XRP
src/test/app/Invariants_test.cpp:4187:            {"clawback may only be performed by the asset issuer"},
src/test/app/Invariants_test.cpp:4197:            {tecINVARIANT_FAILED, tecINVARIANT_FAILED},
src/test/app/Invariants_test.cpp:4200:        // Not the same as above check: attempt to clawback MPT by bad account
src/test/app/Invariants_test.cpp:4202:            {"clawback may only be performed by the asset issuer"},
src/test/app/Invariants_test.cpp:4214:            {tecINVARIANT_FAILED, tecINVARIANT_FAILED},
src/test/app/Invariants_test.cpp:4218:            {"clawback must decrease vault balance",
src/test/app/Invariants_test.cpp:4219:             "clawback must decrease holder shares",
src/test/app/Invariants_test.cpp:4220:             "clawback must change vault shares"},
src/test/app/Invariants_test.cpp:4237:            {tecINVARIANT_FAILED, tecINVARIANT_FAILED},
src/test/app/Invariants_test.cpp:4241:            {"clawback must change holder shares"},
src/test/app/Invariants_test.cpp:4258:            {tecINVARIANT_FAILED, tecINVARIANT_FAILED},
src/test/app/Invariants_test.cpp:4262:            {"clawback must change holder and vault shares by equal amount",
src/test/app/Invariants_test.cpp:4263:             "clawback and assets outstanding must add up",
src/test/app/Invariants_test.cpp:4264:             "clawback and assets available must add up"},
src/test/app/Invariants_test.cpp:4283:            {tecINVARIANT_FAILED, tecINVARIANT_FAILED},
src/test/app/Invariants_test.cpp:4287:    // Test the invariant overwrite fix for both pre- and post-amendment
src/test/app/Invariants_test.cpp:4297:            tecINVARIANT_FAILED, tefINVARIANT_FAILED};
src/test/app/Invariants_test.cpp:4301:        // With the fix, the invariant catches the violation.
src/test/app/Invariants_test.cpp:4304:        // ordering (the invariant checks sfLowLimit/sfHighLimit issue,
src/test/app/Invariants_test.cpp:4396:        // Regression: MPT OutstandingAmount exceeds max, but locked <=
src/test/app/Invariants_test.cpp:4399:        // Without the fix, NoZeroEscrow passes but ValidMPTIssuance
src/test/app/Invariants_test.cpp:4400:        // still fires ("a MPT issuance was created").
src/test/app/Invariants_test.cpp:4401:        testcase << "overwrite: NoZeroEscrow MPT" +
src/test/app/Invariants_test.cpp:4407:                : std::vector<std::string>{{"a MPT issuance was created"}},
src/test/app/Invariants_test.cpp:4413:                MPTIssue const mpt{
src/test/app/Invariants_test.cpp:4414:                    MPTIssue{makeMptID(1, AccountID(0x4985601))}};
src/test/app/Invariants_test.cpp:4417:                // outstanding exceeds maxMPTokenAmount -> checkAmount sets bad_
src/test/app/Invariants_test.cpp:4418:                sleNew->setFieldU64(sfOutstandingAmount, maxMPTokenAmount + 1);
src/test/app/Invariants_test.cpp:4420:                sleNew->setFieldU64(sfLockedAmount, 10);
src/xrpld/app/tx/detail/Escrow.cpp:22:#include <xrpld/app/tx/detail/MPTokenAuthorize.h>
src/xrpld/app/tx/detail/Escrow.cpp:33:#include <xrpl/protocol/MPTAmount.h>
src/xrpld/app/tx/detail/Escrow.cpp:39:// During an EscrowFinish, the transaction must specify both
src/xrpld/app/tx/detail/Escrow.cpp:66:    `EscrowCreate`
src/xrpld/app/tx/detail/Escrow.cpp:70:    `EscrowFinish`
src/xrpld/app/tx/detail/Escrow.cpp:74:    `EscrowCancel`
src/xrpld/app/tx/detail/Escrow.cpp:82:EscrowCreate::makeTxConsequences(PreflightContext const& ctx)
src/xrpld/app/tx/detail/Escrow.cpp:84:    auto const amount = ctx.tx[sfAmount];
src/xrpld/app/tx/detail/Escrow.cpp:96:    STAmount const amount = ctx.tx[sfAmount];
src/xrpld/app/tx/detail/Escrow.cpp:98:        return temBAD_AMOUNT;
src/xrpld/app/tx/detail/Escrow.cpp:108:escrowCreatePreflightHelper<MPTIssue>(PreflightContext const& ctx)
src/xrpld/app/tx/detail/Escrow.cpp:110:    if (!ctx.rules.enabled(featureMPTokensV1))
src/xrpld/app/tx/detail/Escrow.cpp:113:    auto const amount = ctx.tx[sfAmount];
src/xrpld/app/tx/detail/Escrow.cpp:114:    if (amount.native() || amount.mpt() > MPTAmount{maxMPTokenAmount} ||
src/xrpld/app/tx/detail/Escrow.cpp:116:        return temBAD_AMOUNT;
src/xrpld/app/tx/detail/Escrow.cpp:122:EscrowCreate::getFlagsMask(PreflightContext const& ctx)
src/xrpld/app/tx/detail/Escrow.cpp:129:EscrowCreate::preflight(PreflightContext const& ctx)
src/xrpld/app/tx/detail/Escrow.cpp:131:    STAmount const amount{ctx.tx[sfAmount]};
src/xrpld/app/tx/detail/Escrow.cpp:134:        if (!ctx.rules.enabled(featureTokenEscrow))
src/xrpld/app/tx/detail/Escrow.cpp:135:            return temBAD_AMOUNT;
src/xrpld/app/tx/detail/Escrow.cpp:148:            return temBAD_AMOUNT;
src/xrpld/app/tx/detail/Escrow.cpp:152:    if (!ctx.tx[~sfCancelAfter] && !ctx.tx[~sfFinishAfter])
src/xrpld/app/tx/detail/Escrow.cpp:157:    if (ctx.tx[~sfCancelAfter] && ctx.tx[~sfFinishAfter] &&
src/xrpld/app/tx/detail/Escrow.cpp:158:        ctx.tx[sfCancelAfter] <= ctx.tx[sfFinishAfter])
src/xrpld/app/tx/detail/Escrow.cpp:167:        if (!ctx.tx[~sfFinishAfter] && !ctx.tx[~sfCondition])
src/xrpld/app/tx/detail/Escrow.cpp:171:    if (auto const cb = ctx.tx[~sfCondition])
src/xrpld/app/tx/detail/Escrow.cpp:213:    // If the issuer is the same as the account, return tecNO_PERMISSION
src/xrpld/app/tx/detail/Escrow.cpp:215:        return tecNO_PERMISSION;
src/xrpld/app/tx/detail/Escrow.cpp:217:    // If the lsfAllowTrustLineLocking is not enabled, return tecNO_PERMISSION
src/xrpld/app/tx/detail/Escrow.cpp:222:        return tecNO_PERMISSION;
src/xrpld/app/tx/detail/Escrow.cpp:224:    // If the account does not have a trustline to the issuer, return tecNO_LINE
src/xrpld/app/tx/detail/Escrow.cpp:228:        return tecNO_LINE;
src/xrpld/app/tx/detail/Escrow.cpp:234:        return tecNO_PERMISSION;  // LCOV_EXCL_LINE
src/xrpld/app/tx/detail/Escrow.cpp:238:        return tecNO_PERMISSION;  // LCOV_EXCL_LINE
src/xrpld/app/tx/detail/Escrow.cpp:240:    // If the issuer has requireAuth set, check if the account is authorized
src/xrpld/app/tx/detail/Escrow.cpp:241:    if (auto const ter = requireAuth(ctx.view, amount.issue(), account);
src/xrpld/app/tx/detail/Escrow.cpp:245:    // If the issuer has requireAuth set, check if the destination is authorized
src/xrpld/app/tx/detail/Escrow.cpp:246:    if (auto const ter = requireAuth(ctx.view, amount.issue(), dest);
src/xrpld/app/tx/detail/Escrow.cpp:251:    if (isFrozen(ctx.view, account, amount.issue()))
src/xrpld/app/tx/detail/Escrow.cpp:255:    if (isFrozen(ctx.view, dest, amount.issue()))
src/xrpld/app/tx/detail/Escrow.cpp:284:escrowCreatePreclaimHelper<MPTIssue>(
src/xrpld/app/tx/detail/Escrow.cpp:291:    // If the issuer is the same as the account, return tecNO_PERMISSION
src/xrpld/app/tx/detail/Escrow.cpp:293:        return tecNO_PERMISSION;
src/xrpld/app/tx/detail/Escrow.cpp:297:        keylet::mptIssuance(amount.get<MPTIssue>().getMptID());
src/xrpld/app/tx/detail/Escrow.cpp:302:    // If the lsfMPTCanEscrow is not enabled, return tecNO_PERMISSION
src/xrpld/app/tx/detail/Escrow.cpp:303:    if (!sleIssuance->isFlag(lsfMPTCanEscrow))
src/xrpld/app/tx/detail/Escrow.cpp:304:        return tecNO_PERMISSION;
src/xrpld/app/tx/detail/Escrow.cpp:307:    // tecNO_PERMISSION
src/xrpld/app/tx/detail/Escrow.cpp:309:        return tecNO_PERMISSION;  // LCOV_EXCL_LINE
src/xrpld/app/tx/detail/Escrow.cpp:315:    // If the issuer has requireAuth set, check if the account is
src/xrpld/app/tx/detail/Escrow.cpp:317:    auto const& mptIssue = amount.get<MPTIssue>();
src/xrpld/app/tx/detail/Escrow.cpp:319:            requireAuth(ctx.view, mptIssue, account, AuthType::WeakAuth);
src/xrpld/app/tx/detail/Escrow.cpp:323:    // If the issuer has requireAuth set, check if the destination is
src/xrpld/app/tx/detail/Escrow.cpp:326:            requireAuth(ctx.view, mptIssue, dest, AuthType::WeakAuth);
src/xrpld/app/tx/detail/Escrow.cpp:330:    // If the issuer has frozen the account, return tecLOCKED
src/xrpld/app/tx/detail/Escrow.cpp:331:    if (isFrozen(ctx.view, account, mptIssue))
src/xrpld/app/tx/detail/Escrow.cpp:332:        return tecLOCKED;
src/xrpld/app/tx/detail/Escrow.cpp:334:    // If the issuer has frozen the destination, return tecLOCKED
src/xrpld/app/tx/detail/Escrow.cpp:335:    if (isFrozen(ctx.view, dest, mptIssue))
src/xrpld/app/tx/detail/Escrow.cpp:336:        return tecLOCKED;
src/xrpld/app/tx/detail/Escrow.cpp:338:    // If the mpt cannot be transferred, return tecNO_AUTH
src/xrpld/app/tx/detail/Escrow.cpp:346:        amount.get<MPTIssue>(),
src/xrpld/app/tx/detail/Escrow.cpp:364:EscrowCreate::preclaim(PreclaimContext const& ctx)
src/xrpld/app/tx/detail/Escrow.cpp:366:    STAmount const amount{ctx.tx[sfAmount]};
src/xrpld/app/tx/detail/Escrow.cpp:368:    AccountID const dest{ctx.tx[sfDestination]};
src/xrpld/app/tx/detail/Escrow.cpp:379:        return tecNO_PERMISSION;
src/xrpld/app/tx/detail/Escrow.cpp:383:        if (!ctx.view.rules().enabled(featureTokenEscrow))
src/xrpld/app/tx/detail/Escrow.cpp:420:    auto const ter = rippleCredit(
src/xrpld/app/tx/detail/Escrow.cpp:425:        amount.holds<MPTIssue>() ? false : true,
src/xrpld/app/tx/detail/Escrow.cpp:434:escrowLockApplyHelper<MPTIssue>(
src/xrpld/app/tx/detail/Escrow.cpp:445:    auto const ter = rippleLockEscrowMPT(view, sender, amount, journal);
src/xrpld/app/tx/detail/Escrow.cpp:452:EscrowCreate::doApply()
src/xrpld/app/tx/detail/Escrow.cpp:463:        if (ctx_.tx[~sfCancelAfter] && after(closeTime, ctx_.tx[sfCancelAfter]))
src/xrpld/app/tx/detail/Escrow.cpp:464:            return tecNO_PERMISSION;
src/xrpld/app/tx/detail/Escrow.cpp:466:        if (ctx_.tx[~sfFinishAfter] && after(closeTime, ctx_.tx[sfFinishAfter]))
src/xrpld/app/tx/detail/Escrow.cpp:467:            return tecNO_PERMISSION;
src/xrpld/app/tx/detail/Escrow.cpp:474:        if (ctx_.tx[~sfCancelAfter])
src/xrpld/app/tx/detail/Escrow.cpp:476:            auto const cancelAfter = ctx_.tx[sfCancelAfter];
src/xrpld/app/tx/detail/Escrow.cpp:479:                return tecNO_PERMISSION;
src/xrpld/app/tx/detail/Escrow.cpp:482:        if (ctx_.tx[~sfFinishAfter])
src/xrpld/app/tx/detail/Escrow.cpp:484:            auto const finishAfter = ctx_.tx[sfFinishAfter];
src/xrpld/app/tx/detail/Escrow.cpp:487:                return tecNO_PERMISSION;
src/xrpld/app/tx/detail/Escrow.cpp:494:        return tefINTERNAL;  // LCOV_EXCL_LINE
src/xrpld/app/tx/detail/Escrow.cpp:496:    // Check reserve and funds availability
src/xrpld/app/tx/detail/Escrow.cpp:497:    STAmount const amount{ctx_.tx[sfAmount]};
src/xrpld/app/tx/detail/Escrow.cpp:499:    auto const reserve =
src/xrpld/app/tx/detail/Escrow.cpp:500:        ctx_.view().fees().accountReserve((*sle)[sfOwnerCount] + 1);
src/xrpld/app/tx/detail/Escrow.cpp:502:    if (mSourceBalance < reserve)
src/xrpld/app/tx/detail/Escrow.cpp:505:    // Check reserve and funds availability
src/xrpld/app/tx/detail/Escrow.cpp:508:        if (mSourceBalance < reserve + STAmount(amount).xrp())
src/xrpld/app/tx/detail/Escrow.cpp:515:            ctx_.view().read(keylet::account(ctx_.tx[sfDestination]));
src/xrpld/app/tx/detail/Escrow.cpp:519:            !ctx_.tx[~sfDestinationTag])
src/xrpld/app/tx/detail/Escrow.cpp:523:        // featureDepositAuth to remove the bug.
src/xrpld/app/tx/detail/Escrow.cpp:524:        if (!ctx_.view().rules().enabled(featureDepositAuth) &&
src/xrpld/app/tx/detail/Escrow.cpp:533:    (*slep)[sfAmount] = amount;
src/xrpld/app/tx/detail/Escrow.cpp:535:    (*slep)[~sfCondition] = ctx_.tx[~sfCondition];
src/xrpld/app/tx/detail/Escrow.cpp:537:    (*slep)[sfDestination] = ctx_.tx[sfDestination];
src/xrpld/app/tx/detail/Escrow.cpp:538:    (*slep)[~sfCancelAfter] = ctx_.tx[~sfCancelAfter];
src/xrpld/app/tx/detail/Escrow.cpp:539:    (*slep)[~sfFinishAfter] = ctx_.tx[~sfFinishAfter];
src/xrpld/app/tx/detail/Escrow.cpp:540:    (*slep)[~sfDestinationTag] = ctx_.tx[~sfDestinationTag];
src/xrpld/app/tx/detail/Escrow.cpp:547:    if (ctx_.view().rules().enabled(featureTokenEscrow) && !isXRP(amount))
src/xrpld/app/tx/detail/Escrow.cpp:549:        auto const xferRate = transferRate(ctx_.view(), amount);
src/xrpld/app/tx/detail/Escrow.cpp:556:    // Add escrow to sender's owner directory
src/xrpld/app/tx/detail/Escrow.cpp:558:        auto page = ctx_.view().dirInsert(
src/xrpld/app/tx/detail/Escrow.cpp:559:            keylet::ownerDir(account_),
src/xrpld/app/tx/detail/Escrow.cpp:563:            return tecDIR_FULL;  // LCOV_EXCL_LINE
src/xrpld/app/tx/detail/Escrow.cpp:564:        (*slep)[sfOwnerNode] = *page;
src/xrpld/app/tx/detail/Escrow.cpp:567:    // If it's not a self-send, add escrow to recipient's owner directory.
src/xrpld/app/tx/detail/Escrow.cpp:568:    AccountID const dest = ctx_.tx[sfDestination];
src/xrpld/app/tx/detail/Escrow.cpp:571:        auto page = ctx_.view().dirInsert(
src/xrpld/app/tx/detail/Escrow.cpp:572:            keylet::ownerDir(dest), escrowKeylet, describeOwnerDir(dest));
src/xrpld/app/tx/detail/Escrow.cpp:574:            return tecDIR_FULL;  // LCOV_EXCL_LINE
src/xrpld/app/tx/detail/Escrow.cpp:575:        (*slep)[sfDestinationNode] = *page;
src/xrpld/app/tx/detail/Escrow.cpp:578:    // IOU escrow objects are added to the issuer's owner directory to help
src/xrpld/app/tx/detail/Escrow.cpp:579:    // track the total locked balance. For MPT, this isn't necessary because the
src/xrpld/app/tx/detail/Escrow.cpp:580:    // locked balance is already stored directly in the MPTokenIssuance object.
src/xrpld/app/tx/detail/Escrow.cpp:583:        !amount.holds<MPTIssue>())
src/xrpld/app/tx/detail/Escrow.cpp:585:        auto page = ctx_.view().dirInsert(
src/xrpld/app/tx/detail/Escrow.cpp:586:            keylet::ownerDir(issuer), escrowKeylet, describeOwnerDir(issuer));
src/xrpld/app/tx/detail/Escrow.cpp:588:            return tecDIR_FULL;  // LCOV_EXCL_LINE
src/xrpld/app/tx/detail/Escrow.cpp:592:    // Deduct owner's balance
src/xrpld/app/tx/detail/Escrow.cpp:609:    // increment owner count
src/xrpld/app/tx/detail/Escrow.cpp:610:    adjustOwnerCount(ctx_.view(), sle, 1, ctx_.journal);
src/xrpld/app/tx/detail/Escrow.cpp:636:EscrowFinish::checkExtraFeatures(PreflightContext const& ctx)
src/xrpld/app/tx/detail/Escrow.cpp:643:EscrowFinish::getFlagsMask(PreflightContext const& ctx)
src/xrpld/app/tx/detail/Escrow.cpp:650:EscrowFinish::preflight(PreflightContext const& ctx)
src/xrpld/app/tx/detail/Escrow.cpp:652:    auto const cb = ctx.tx[~sfCondition];
src/xrpld/app/tx/detail/Escrow.cpp:653:    auto const fb = ctx.tx[~sfFulfillment];
src/xrpld/app/tx/detail/Escrow.cpp:664:EscrowFinish::preflightSigValidated(PreflightContext const& ctx)
src/xrpld/app/tx/detail/Escrow.cpp:666:    auto const cb = ctx.tx[~sfCondition];
src/xrpld/app/tx/detail/Escrow.cpp:667:    auto const fb = ctx.tx[~sfFulfillment];
src/xrpld/app/tx/detail/Escrow.cpp:696:EscrowFinish::calculateBaseFee(ReadView const& view, STTx const& tx)
src/xrpld/app/tx/detail/Escrow.cpp:700:    if (auto const fb = tx[~sfFulfillment])
src/xrpld/app/tx/detail/Escrow.cpp:727:    // If the issuer has requireAuth set, check if the destination is authorized
src/xrpld/app/tx/detail/Escrow.cpp:728:    if (auto const ter = requireAuth(ctx.view, amount.issue(), dest);
src/xrpld/app/tx/detail/Escrow.cpp:733:    if (isDeepFrozen(ctx.view, dest, amount.getCurrency(), amount.getIssuer()))
src/xrpld/app/tx/detail/Escrow.cpp:741:escrowFinishPreclaimHelper<MPTIssue>(
src/xrpld/app/tx/detail/Escrow.cpp:753:        keylet::mptIssuance(amount.get<MPTIssue>().getMptID());
src/xrpld/app/tx/detail/Escrow.cpp:758:    // If the issuer has requireAuth set, check if the destination is
src/xrpld/app/tx/detail/Escrow.cpp:760:    auto const& mptIssue = amount.get<MPTIssue>();
src/xrpld/app/tx/detail/Escrow.cpp:762:            requireAuth(ctx.view, mptIssue, dest, AuthType::WeakAuth);
src/xrpld/app/tx/detail/Escrow.cpp:766:    // If the issuer has frozen the destination, return tecLOCKED
src/xrpld/app/tx/detail/Escrow.cpp:767:    if (isFrozen(ctx.view, dest, mptIssue))
src/xrpld/app/tx/detail/Escrow.cpp:768:        return tecLOCKED;
src/xrpld/app/tx/detail/Escrow.cpp:774:EscrowFinish::preclaim(PreclaimContext const& ctx)
src/xrpld/app/tx/detail/Escrow.cpp:784:    if (ctx.view.rules().enabled(featureTokenEscrow))
src/xrpld/app/tx/detail/Escrow.cpp:786:        auto const k = keylet::escrow(ctx.tx[sfOwner], ctx.tx[sfOfferSequence]);
src/xrpld/app/tx/detail/Escrow.cpp:791:        AccountID const dest = (*slep)[sfDestination];
src/xrpld/app/tx/detail/Escrow.cpp:792:        STAmount const amount = (*slep)[sfAmount];
src/xrpld/app/tx/detail/Escrow.cpp:810:escrowUnlockApplyHelper(
src/xrpld/app/tx/detail/Escrow.cpp:824:escrowUnlockApplyHelper<Issue>(
src/xrpld/app/tx/detail/Escrow.cpp:850:        // Can the account cover the trust line's reserve?
src/xrpld/app/tx/detail/Escrow.cpp:851:        if (std::uint32_t const ownerCount = {sleDest->at(sfOwnerCount)};
src/xrpld/app/tx/detail/Escrow.cpp:852:            xrpBalance < view.fees().accountReserve(ownerCount + 1))
src/xrpld/app/tx/detail/Escrow.cpp:855:                                     "Insufficent reserve to create line.";
src/xrpld/app/tx/detail/Escrow.cpp:857:            return tecNO_LINE_INSUF_RESERVE;
src/xrpld/app/tx/detail/Escrow.cpp:878:                0,                              // quality in
src/xrpld/app/tx/detail/Escrow.cpp:879:                0,                              // quality out
src/xrpld/app/tx/detail/Escrow.cpp:891:        return tecNO_LINE;
src/xrpld/app/tx/detail/Escrow.cpp:893:    auto const xferRate = transferRate(view, amount);
src/xrpld/app/tx/detail/Escrow.cpp:894:    // update if issuer rate is less than locked rate
src/xrpld/app/tx/detail/Escrow.cpp:901:    // 2. The locked rate is different from the parity rate
src/xrpld/app/tx/detail/Escrow.cpp:948:            rippleCredit(view, issuer, receiver, finalAmt, true, journal);
src/xrpld/app/tx/detail/Escrow.cpp:957:escrowUnlockApplyHelper<MPTIssue>(
src/xrpld/app/tx/detail/Escrow.cpp:972:    auto const mptID = amount.get<MPTIssue>().getMptID();
src/xrpld/app/tx/detail/Escrow.cpp:977:        if (std::uint32_t const ownerCount = {sleDest->at(sfOwnerCount)};
src/xrpld/app/tx/detail/Escrow.cpp:978:            xrpBalance < view.fees().accountReserve(ownerCount + 1))
src/xrpld/app/tx/detail/Escrow.cpp:984:                MPTokenAuthorize::createMPToken(view, mptID, receiver, 0);
src/xrpld/app/tx/detail/Escrow.cpp:990:        // update owner count.
src/xrpld/app/tx/detail/Escrow.cpp:991:        adjustOwnerCount(view, sleDest, 1, journal);
src/xrpld/app/tx/detail/Escrow.cpp:996:        return tecNO_PERMISSION;
src/xrpld/app/tx/detail/Escrow.cpp:998:    auto const xferRate = transferRate(view, amount);
src/xrpld/app/tx/detail/Escrow.cpp:999:    // update if issuer rate is less than locked rate
src/xrpld/app/tx/detail/Escrow.cpp:1006:    // 2. The locked rate is different from the parity rate
src/xrpld/app/tx/detail/Escrow.cpp:1021:    return rippleUnlockEscrowMPT(
src/xrpld/app/tx/detail/Escrow.cpp:1026:        view.rules().enabled(fixTokenEscrowV1) ? amount : finalAmt,
src/xrpld/app/tx/detail/Escrow.cpp:1031:EscrowFinish::doApply()
src/xrpld/app/tx/detail/Escrow.cpp:1033:    auto const k = keylet::escrow(ctx_.tx[sfOwner], ctx_.tx[sfOfferSequence]);
src/xrpld/app/tx/detail/Escrow.cpp:1037:        if (ctx_.view().rules().enabled(featureTokenEscrow))
src/xrpld/app/tx/detail/Escrow.cpp:1051:        if ((*slep)[~sfFinishAfter] && !after(now, (*slep)[sfFinishAfter]))
src/xrpld/app/tx/detail/Escrow.cpp:1052:            return tecNO_PERMISSION;
src/xrpld/app/tx/detail/Escrow.cpp:1055:        if ((*slep)[~sfCancelAfter] && after(now, (*slep)[sfCancelAfter]))
src/xrpld/app/tx/detail/Escrow.cpp:1056:            return tecNO_PERMISSION;
src/xrpld/app/tx/detail/Escrow.cpp:1064:        if ((*slep)[~sfFinishAfter] &&
src/xrpld/app/tx/detail/Escrow.cpp:1066:                (*slep)[sfFinishAfter])
src/xrpld/app/tx/detail/Escrow.cpp:1067:            return tecNO_PERMISSION;
src/xrpld/app/tx/detail/Escrow.cpp:1070:        if ((*slep)[~sfCancelAfter] &&
src/xrpld/app/tx/detail/Escrow.cpp:1072:                (*slep)[sfCancelAfter])
src/xrpld/app/tx/detail/Escrow.cpp:1073:            return tecNO_PERMISSION;
src/xrpld/app/tx/detail/Escrow.cpp:1082:        auto const cb = ctx_.tx[~sfCondition];
src/xrpld/app/tx/detail/Escrow.cpp:1090:            auto const fb = ctx_.tx[~sfFulfillment];
src/xrpld/app/tx/detail/Escrow.cpp:1110:        auto const cond = (*slep)[~sfCondition];
src/xrpld/app/tx/detail/Escrow.cpp:1127:    AccountID const destID = (*slep)[sfDestination];
src/xrpld/app/tx/detail/Escrow.cpp:1132:    if (ctx_.view().rules().enabled(featureDepositAuth))
src/xrpld/app/tx/detail/Escrow.cpp:1134:        if (auto err = verifyDepositPreauth(
src/xrpld/app/tx/detail/Escrow.cpp:1142:    // Remove escrow from owner directory
src/xrpld/app/tx/detail/Escrow.cpp:1144:        auto const page = (*slep)[sfOwnerNode];
src/xrpld/app/tx/detail/Escrow.cpp:1145:        if (!ctx_.view().dirRemove(
src/xrpld/app/tx/detail/Escrow.cpp:1146:                keylet::ownerDir(account), page, k.key, true))
src/xrpld/app/tx/detail/Escrow.cpp:1149:            JLOG(j_.fatal()) << "Unable to delete Escrow from owner.";
src/xrpld/app/tx/detail/Escrow.cpp:1155:    // Remove escrow from recipient's owner directory, if present.
src/xrpld/app/tx/detail/Escrow.cpp:1156:    if (auto const optPage = (*slep)[~sfDestinationNode])
src/xrpld/app/tx/detail/Escrow.cpp:1158:        if (!ctx_.view().dirRemove(
src/xrpld/app/tx/detail/Escrow.cpp:1159:                keylet::ownerDir(destID), *optPage, k.key, true))
src/xrpld/app/tx/detail/Escrow.cpp:1168:    STAmount const amount = slep->getFieldAmount(sfAmount);
src/xrpld/app/tx/detail/Escrow.cpp:1174:        if (!ctx_.view().rules().enabled(featureTokenEscrow))
src/xrpld/app/tx/detail/Escrow.cpp:1184:                    return escrowUnlockApplyHelper<T>(
src/xrpld/app/tx/detail/Escrow.cpp:1200:        // Remove escrow from issuers owner directory, if present.
src/xrpld/app/tx/detail/Escrow.cpp:1203:            if (!ctx_.view().dirRemove(
src/xrpld/app/tx/detail/Escrow.cpp:1204:                    keylet::ownerDir(issuer), *optPage, k.key, true))
src/xrpld/app/tx/detail/Escrow.cpp:1216:    // Adjust source owner count
src/xrpld/app/tx/detail/Escrow.cpp:1218:    adjustOwnerCount(ctx_.view(), sle, -1, ctx_.journal);
src/xrpld/app/tx/detail/Escrow.cpp:1229:EscrowCancel::getFlagsMask(PreflightContext const& ctx)
src/xrpld/app/tx/detail/Escrow.cpp:1236:EscrowCancel::preflight(PreflightContext const& ctx)
src/xrpld/app/tx/detail/Escrow.cpp:1260:    // If the issuer has requireAuth set, check if the account is authorized
src/xrpld/app/tx/detail/Escrow.cpp:1261:    if (auto const ter = requireAuth(ctx.view, amount.issue(), account);
src/xrpld/app/tx/detail/Escrow.cpp:1270:escrowCancelPreclaimHelper<MPTIssue>(
src/xrpld/app/tx/detail/Escrow.cpp:1282:        keylet::mptIssuance(amount.get<MPTIssue>().getMptID());
src/xrpld/app/tx/detail/Escrow.cpp:1287:    // If the issuer has requireAuth set, check if the account is
src/xrpld/app/tx/detail/Escrow.cpp:1289:    auto const& mptIssue = amount.get<MPTIssue>();
src/xrpld/app/tx/detail/Escrow.cpp:1291:            requireAuth(ctx.view, mptIssue, account, AuthType::WeakAuth);
src/xrpld/app/tx/detail/Escrow.cpp:1299:EscrowCancel::preclaim(PreclaimContext const& ctx)
src/xrpld/app/tx/detail/Escrow.cpp:1301:    if (ctx.view.rules().enabled(featureTokenEscrow))
src/xrpld/app/tx/detail/Escrow.cpp:1303:        auto const k = keylet::escrow(ctx.tx[sfOwner], ctx.tx[sfOfferSequence]);
src/xrpld/app/tx/detail/Escrow.cpp:1309:        STAmount const amount = (*slep)[sfAmount];
src/xrpld/app/tx/detail/Escrow.cpp:1327:EscrowCancel::doApply()
src/xrpld/app/tx/detail/Escrow.cpp:1329:    auto const k = keylet::escrow(ctx_.tx[sfOwner], ctx_.tx[sfOfferSequence]);
src/xrpld/app/tx/detail/Escrow.cpp:1333:        if (ctx_.view().rules().enabled(featureTokenEscrow))
src/xrpld/app/tx/detail/Escrow.cpp:1344:        if (!(*slep)[~sfCancelAfter])
src/xrpld/app/tx/detail/Escrow.cpp:1345:            return tecNO_PERMISSION;
src/xrpld/app/tx/detail/Escrow.cpp:1348:        if (!after(now, (*slep)[sfCancelAfter]))
src/xrpld/app/tx/detail/Escrow.cpp:1349:            return tecNO_PERMISSION;
src/xrpld/app/tx/detail/Escrow.cpp:1357:        if (!(*slep)[~sfCancelAfter] ||
src/xrpld/app/tx/detail/Escrow.cpp:1359:                (*slep)[sfCancelAfter])
src/xrpld/app/tx/detail/Escrow.cpp:1360:            return tecNO_PERMISSION;
src/xrpld/app/tx/detail/Escrow.cpp:1366:    // Remove escrow from owner directory
src/xrpld/app/tx/detail/Escrow.cpp:1368:        auto const page = (*slep)[sfOwnerNode];
src/xrpld/app/tx/detail/Escrow.cpp:1369:        if (!ctx_.view().dirRemove(
src/xrpld/app/tx/detail/Escrow.cpp:1370:                keylet::ownerDir(account), page, k.key, true))
src/xrpld/app/tx/detail/Escrow.cpp:1373:            JLOG(j_.fatal()) << "Unable to delete Escrow from owner.";
src/xrpld/app/tx/detail/Escrow.cpp:1379:    // Remove escrow from recipient's owner directory, if present.
src/xrpld/app/tx/detail/Escrow.cpp:1380:    if (auto const optPage = (*slep)[~sfDestinationNode]; optPage)
src/xrpld/app/tx/detail/Escrow.cpp:1382:        if (!ctx_.view().dirRemove(
src/xrpld/app/tx/detail/Escrow.cpp:1383:                keylet::ownerDir((*slep)[sfDestination]),
src/xrpld/app/tx/detail/Escrow.cpp:1396:    STAmount const amount = slep->getFieldAmount(sfAmount);
src/xrpld/app/tx/detail/Escrow.cpp:1398:    // Transfer amount back to the owner
src/xrpld/app/tx/detail/Escrow.cpp:1403:        if (!ctx_.view().rules().enabled(featureTokenEscrow))
src/xrpld/app/tx/detail/Escrow.cpp:1410:                    return escrowUnlockApplyHelper<T>(
src/xrpld/app/tx/detail/Escrow.cpp:1426:        // Remove escrow from issuers owner directory, if present.
src/xrpld/app/tx/detail/Escrow.cpp:1429:            if (!ctx_.view().dirRemove(
src/xrpld/app/tx/detail/Escrow.cpp:1430:                    keylet::ownerDir(issuer), *optPage, k.key, true))
src/xrpld/app/tx/detail/Escrow.cpp:1440:    adjustOwnerCount(ctx_.view(), sle, -1, ctx_.journal);
src/test/app/EscrowToken_test.cpp:44:        jtx::MPT const& mpt)
src/test/app/EscrowToken_test.cpp:47:        if (sle && sle->isFieldPresent(sfLockedAmount))
src/test/app/EscrowToken_test.cpp:48:            return (*sle)[sfLockedAmount];
src/test/app/EscrowToken_test.cpp:53:    issuerMPTEscrowed(jtx::Env const& env, jtx::MPT const& mpt)
src/test/app/EscrowToken_test.cpp:56:        if (sle && sle->isFieldPresent(sfLockedAmount))
src/test/app/EscrowToken_test.cpp:57:            return (*sle)[sfLockedAmount];
src/test/app/EscrowToken_test.cpp:104:        for (bool const withTokenEscrow : {false, true})
src/test/app/EscrowToken_test.cpp:107:                withTokenEscrow ? features : features - featureTokenEscrow;
src/test/app/EscrowToken_test.cpp:124:                withTokenEscrow ? ter(tesSUCCESS) : ter(temBAD_AMOUNT);
src/test/app/EscrowToken_test.cpp:126:                withTokenEscrow ? ter(tesSUCCESS) : ter(tecNO_TARGET);
src/test/app/EscrowToken_test.cpp:154:        for (bool const withTokenEscrow : {false, true})
src/test/app/EscrowToken_test.cpp:157:                withTokenEscrow ? features : features - featureTokenEscrow;
src/test/app/EscrowToken_test.cpp:236:            ter(tecNO_PERMISSION));
src/test/app/EscrowToken_test.cpp:275:        // temBAD_AMOUNT: amount <= 0
src/test/app/EscrowToken_test.cpp:289:                ter(temBAD_AMOUNT));
src/test/app/EscrowToken_test.cpp:319:        // tecNO_PERMISSION: issuer is the same as the account
src/test/app/EscrowToken_test.cpp:333:                ter(tecNO_PERMISSION));
src/test/app/EscrowToken_test.cpp:357:        // tecNO_PERMISSION: asfAllowTrustLineLocking is not set
src/test/app/EscrowToken_test.cpp:377:                ter(tecNO_PERMISSION));
src/test/app/EscrowToken_test.cpp:381:        // tecNO_LINE: account does not have a trustline to the issuer
src/test/app/EscrowToken_test.cpp:396:                ter(tecNO_LINE));
src/test/app/EscrowToken_test.cpp:400:        // tecNO_PERMISSION: Not testable
src/test/app/EscrowToken_test.cpp:401:        // tecNO_PERMISSION: Not testable
src/test/app/EscrowToken_test.cpp:402:        // tecNO_AUTH: requireAuth
src/test/app/EscrowToken_test.cpp:421:                ter(tecNO_AUTH));
src/test/app/EscrowToken_test.cpp:425:        // tecNO_AUTH: requireAuth
src/test/app/EscrowToken_test.cpp:446:                ter(tecNO_AUTH));
src/test/app/EscrowToken_test.cpp:601:        // tecNO_AUTH: requireAuth set: dest not authorized
src/test/app/EscrowToken_test.cpp:644:                ter(tecNO_AUTH));
src/test/app/EscrowToken_test.cpp:693:        // tecNO_LINE_INSUF_RESERVE: insufficient reserve to create line
src/test/app/EscrowToken_test.cpp:721:            // bob cannot finish because insufficient reserve to create line
src/test/app/EscrowToken_test.cpp:726:                ter(tecNO_LINE_INSUF_RESERVE));
src/test/app/EscrowToken_test.cpp:730:        // tecNO_LINE: alice submits; finish IOU not created
src/test/app/EscrowToken_test.cpp:760:                ter(tecNO_LINE));
src/test/app/EscrowToken_test.cpp:851:        // tecNO_AUTH: requireAuth set: account not authorized
src/test/app/EscrowToken_test.cpp:892:                ter(tecNO_AUTH));
src/test/app/EscrowToken_test.cpp:1025:                ripple::Dir aod(*env.current(), keylet::ownerDir(alice.id()));
src/test/app/EscrowToken_test.cpp:1032:                ripple::Dir iod(*env.current(), keylet::ownerDir(gw.id()));
src/test/app/EscrowToken_test.cpp:1049:                ripple::Dir bod(*env.current(), keylet::ownerDir(bob.id()));
src/test/app/EscrowToken_test.cpp:1056:                ripple::Dir iod(*env.current(), keylet::ownerDir(gw.id()));
src/test/app/EscrowToken_test.cpp:1070:                ripple::Dir aod(*env.current(), keylet::ownerDir(alice.id()));
src/test/app/EscrowToken_test.cpp:1075:                ripple::Dir bod(*env.current(), keylet::ownerDir(bob.id()));
src/test/app/EscrowToken_test.cpp:1080:                ripple::Dir iod(*env.current(), keylet::ownerDir(gw.id()));
src/test/app/EscrowToken_test.cpp:1094:                ripple::Dir bod(*env.current(), keylet::ownerDir(bob.id()));
src/test/app/EscrowToken_test.cpp:1099:                ripple::Dir iod(*env.current(), keylet::ownerDir(gw.id()));
src/test/app/EscrowToken_test.cpp:1142:                ripple::Dir aod(*env.current(), keylet::ownerDir(alice.id()));
src/test/app/EscrowToken_test.cpp:1147:                ripple::Dir bod(*env.current(), keylet::ownerDir(bob.id()));
src/test/app/EscrowToken_test.cpp:1154:                ripple::Dir cod(*env.current(), keylet::ownerDir(carol.id()));
src/test/app/EscrowToken_test.cpp:1159:                ripple::Dir iod(*env.current(), keylet::ownerDir(gw.id()));
src/test/app/EscrowToken_test.cpp:1173:                ripple::Dir aod(*env.current(), keylet::ownerDir(alice.id()));
src/test/app/EscrowToken_test.cpp:1178:                ripple::Dir bod(*env.current(), keylet::ownerDir(bob.id()));
src/test/app/EscrowToken_test.cpp:1185:                ripple::Dir cod(*env.current(), keylet::ownerDir(carol.id()));
src/test/app/EscrowToken_test.cpp:1188:                ripple::Dir iod(*env.current(), keylet::ownerDir(gw.id()));
src/test/app/EscrowToken_test.cpp:1202:                ripple::Dir aod(*env.current(), keylet::ownerDir(alice.id()));
src/test/app/EscrowToken_test.cpp:1207:                ripple::Dir bod(*env.current(), keylet::ownerDir(bob.id()));
src/test/app/EscrowToken_test.cpp:1214:                ripple::Dir cod(*env.current(), keylet::ownerDir(carol.id()));
src/test/app/EscrowToken_test.cpp:1217:                ripple::Dir iod(*env.current(), keylet::ownerDir(gw.id()));
src/test/app/EscrowToken_test.cpp:1250:                ter(tecNO_PERMISSION));
src/test/app/EscrowToken_test.cpp:1257:                ripple::Dir aod(*env.current(), keylet::ownerDir(alice.id()));
src/test/app/EscrowToken_test.cpp:1262:                ripple::Dir cod(*env.current(), keylet::ownerDir(carol.id()));
src/test/app/EscrowToken_test.cpp:1265:                ripple::Dir iod(*env.current(), keylet::ownerDir(gw.id()));
src/test/app/EscrowToken_test.cpp:1276:                ripple::Dir aod(*env.current(), keylet::ownerDir(alice.id()));
src/test/app/EscrowToken_test.cpp:1281:                ripple::Dir cod(*env.current(), keylet::ownerDir(carol.id()));
src/test/app/EscrowToken_test.cpp:1284:                ripple::Dir iod(*env.current(), keylet::ownerDir(gw.id()));
src/test/app/EscrowToken_test.cpp:1406:                ter(tecNO_PERMISSION));
src/test/app/EscrowToken_test.cpp:1474:                ter(tecNO_PERMISSION));
src/test/app/EscrowToken_test.cpp:1492:        // test locked rate
src/test/app/EscrowToken_test.cpp:1498:            env(rate(gw, 1.25));
src/test/app/EscrowToken_test.cpp:1507:            // alice can create escrow w/ xfer rate
src/test/app/EscrowToken_test.cpp:1516:            auto const transferRate = escrow::rate(env, alice, seq1);
src/test/app/EscrowToken_test.cpp:1518:                transferRate.value == std::uint32_t(1'000'000'000 * 1.25));
src/test/app/EscrowToken_test.cpp:1530:        // test rate change - higher
src/test/app/EscrowToken_test.cpp:1536:            env(rate(gw, 1.25));
src/test/app/EscrowToken_test.cpp:1545:            // alice can create escrow w/ xfer rate
src/test/app/EscrowToken_test.cpp:1554:            auto transferRate = escrow::rate(env, alice, seq1);
src/test/app/EscrowToken_test.cpp:1556:                transferRate.value == std::uint32_t(1'000'000'000 * 1.25));
src/test/app/EscrowToken_test.cpp:1558:            // issuer changes rate higher
src/test/app/EscrowToken_test.cpp:1559:            env(rate(gw, 1.26));
src/test/app/EscrowToken_test.cpp:1562:            // bob can finish escrow - rate unchanged
src/test/app/EscrowToken_test.cpp:1573:        // test rate change - lower
src/test/app/EscrowToken_test.cpp:1579:            env(rate(gw, 1.25));
src/test/app/EscrowToken_test.cpp:1588:            // alice can create escrow w/ xfer rate
src/test/app/EscrowToken_test.cpp:1597:            auto transferRate = escrow::rate(env, alice, seq1);
src/test/app/EscrowToken_test.cpp:1599:                transferRate.value == std::uint32_t(1'000'000'000 * 1.25));
src/test/app/EscrowToken_test.cpp:1601:            // issuer changes rate lower
src/test/app/EscrowToken_test.cpp:1602:            env(rate(gw, 1.00));
src/test/app/EscrowToken_test.cpp:1605:            // bob can finish escrow - rate changed
src/test/app/EscrowToken_test.cpp:1616:        // test cancel doesnt charge rate
src/test/app/EscrowToken_test.cpp:1622:            env(rate(gw, 1.25));
src/test/app/EscrowToken_test.cpp:1631:            // alice can create escrow w/ xfer rate
src/test/app/EscrowToken_test.cpp:1640:            auto transferRate = escrow::rate(env, alice, seq1);
src/test/app/EscrowToken_test.cpp:1642:                transferRate.value == std::uint32_t(1'000'000'000 * 1.25));
src/test/app/EscrowToken_test.cpp:1644:            // issuer changes rate lower
src/test/app/EscrowToken_test.cpp:1645:            env(rate(gw, 1.00));
src/test/app/EscrowToken_test.cpp:1648:            // alice can cancel escrow - rate is not charged
src/test/app/EscrowToken_test.cpp:1740:            ter(tecNO_AUTH));
src/test/app/EscrowToken_test.cpp:2130:    testMPTEnablement(FeatureBitset features)
src/test/app/EscrowToken_test.cpp:2132:        testcase("MPT Enablement");
src/test/app/EscrowToken_test.cpp:2137:        for (bool const withTokenEscrow : {false, true})
src/test/app/EscrowToken_test.cpp:2140:                withTokenEscrow ? features : features - featureTokenEscrow;
src/test/app/EscrowToken_test.cpp:2148:            MPTTester mptGw(env, gw, {.holders = {alice}});
src/test/app/EscrowToken_test.cpp:2150:                {.ownerCount = 1,
src/test/app/EscrowToken_test.cpp:2152:                 .flags = tfMPTCanEscrow | tfMPTCanTransfer});
src/test/app/EscrowToken_test.cpp:2154:            auto const MPT = mptGw["MPT"];
src/test/app/EscrowToken_test.cpp:2155:            env(pay(gw, alice, MPT(10'000)));
src/test/app/EscrowToken_test.cpp:2159:                withTokenEscrow ? ter(tesSUCCESS) : ter(temBAD_AMOUNT);
src/test/app/EscrowToken_test.cpp:2161:                withTokenEscrow ? ter(tesSUCCESS) : ter(tecNO_TARGET);
src/test/app/EscrowToken_test.cpp:2164:            env(escrow::create(alice, bob, MPT(1'000)),
src/test/app/EscrowToken_test.cpp:2177:            env(escrow::create(alice, bob, MPT(1'000)),
src/test/app/EscrowToken_test.cpp:2190:    testMPTCreatePreflight(FeatureBitset features)
src/test/app/EscrowToken_test.cpp:2192:        testcase("MPT Create Preflight");
src/test/app/EscrowToken_test.cpp:2196:        for (bool const withMPT : {true, false})
src/test/app/EscrowToken_test.cpp:2199:                withMPT ? features : features - featureMPTokensV1;
src/test/app/EscrowToken_test.cpp:2213:            auto const result = withMPT ? ter(temBAD_AMOUNT) : ter(temDISABLED);
src/test/app/EscrowToken_test.cpp:2222:        // temBAD_AMOUNT: amount < 0
src/test/app/EscrowToken_test.cpp:2230:            MPTTester mptGw(env, gw, {.holders = {alice, bob}});
src/test/app/EscrowToken_test.cpp:2232:                {.ownerCount = 1,
src/test/app/EscrowToken_test.cpp:2234:                 .flags = tfMPTCanEscrow | tfMPTCanTransfer});
src/test/app/EscrowToken_test.cpp:2237:            auto const MPT = mptGw["MPT"];
src/test/app/EscrowToken_test.cpp:2238:            env(pay(gw, alice, MPT(10'000)));
src/test/app/EscrowToken_test.cpp:2239:            env(pay(gw, bob, MPT(10'000)));
src/test/app/EscrowToken_test.cpp:2242:            env(escrow::create(alice, bob, MPT(-1)),
src/test/app/EscrowToken_test.cpp:2246:                ter(temBAD_AMOUNT));
src/test/app/EscrowToken_test.cpp:2252:    testMPTCreatePreclaim(FeatureBitset features)
src/test/app/EscrowToken_test.cpp:2254:        testcase("MPT Create Preclaim");
src/test/app/EscrowToken_test.cpp:2258:        // tecNO_PERMISSION: issuer is the same as the account
src/test/app/EscrowToken_test.cpp:2265:            MPTTester mptGw(env, gw, {.holders = {alice}});
src/test/app/EscrowToken_test.cpp:2267:                {.ownerCount = 1,
src/test/app/EscrowToken_test.cpp:2269:                 .flags = tfMPTCanEscrow | tfMPTCanTransfer});
src/test/app/EscrowToken_test.cpp:2271:            auto const MPT = mptGw["MPT"];
src/test/app/EscrowToken_test.cpp:2272:            env(pay(gw, alice, MPT(10'000)));
src/test/app/EscrowToken_test.cpp:2275:            env(escrow::create(gw, alice, MPT(1)),
src/test/app/EscrowToken_test.cpp:2279:                ter(tecNO_PERMISSION));
src/test/app/EscrowToken_test.cpp:2293:            auto const mpt = ripple::test::jtx::MPT(
src/test/app/EscrowToken_test.cpp:2306:        // tecNO_PERMISSION: tfMPTCanEscrow is not enabled
src/test/app/EscrowToken_test.cpp:2314:            MPTTester mptGw(env, gw, {.holders = {alice, bob}});
src/test/app/EscrowToken_test.cpp:2316:                {.ownerCount = 1, .holderCount = 0, .flags = tfMPTCanTransfer});
src/test/app/EscrowToken_test.cpp:2319:            auto const MPT = mptGw["MPT"];
src/test/app/EscrowToken_test.cpp:2320:            env(pay(gw, alice, MPT(10'000)));
src/test/app/EscrowToken_test.cpp:2321:            env(pay(gw, bob, MPT(10'000)));
src/test/app/EscrowToken_test.cpp:2324:            env(escrow::create(alice, bob, MPT(3)),
src/test/app/EscrowToken_test.cpp:2328:                ter(tecNO_PERMISSION));
src/test/app/EscrowToken_test.cpp:2340:            MPTTester mptGw(env, gw, {.holders = {alice, bob}});
src/test/app/EscrowToken_test.cpp:2342:                {.ownerCount = 1,
src/test/app/EscrowToken_test.cpp:2344:                 .flags = tfMPTCanEscrow | tfMPTCanTransfer});
src/test/app/EscrowToken_test.cpp:2345:            auto const MPT = mptGw["MPT"];
src/test/app/EscrowToken_test.cpp:2347:            env(escrow::create(alice, bob, MPT(4)),
src/test/app/EscrowToken_test.cpp:2355:        // tecNO_AUTH: requireAuth set: account not authorized
src/test/app/EscrowToken_test.cpp:2363:            MPTTester mptGw(env, gw, {.holders = {alice, bob}});
src/test/app/EscrowToken_test.cpp:2365:                {.ownerCount = 1,
src/test/app/EscrowToken_test.cpp:2368:                     tfMPTCanEscrow | tfMPTCanTransfer | tfMPTRequireAuth});
src/test/app/EscrowToken_test.cpp:2371:            auto const MPT = mptGw["MPT"];
src/test/app/EscrowToken_test.cpp:2372:            env(pay(gw, alice, MPT(10'000)));
src/test/app/EscrowToken_test.cpp:2377:                {.account = gw, .holder = alice, .flags = tfMPTUnauthorize});
src/test/app/EscrowToken_test.cpp:2379:            env(escrow::create(alice, bob, MPT(5)),
src/test/app/EscrowToken_test.cpp:2383:                ter(tecNO_AUTH));
src/test/app/EscrowToken_test.cpp:2387:        // tecNO_AUTH: requireAuth set: dest not authorized
src/test/app/EscrowToken_test.cpp:2395:            MPTTester mptGw(env, gw, {.holders = {alice, bob}});
src/test/app/EscrowToken_test.cpp:2397:                {.ownerCount = 1,
src/test/app/EscrowToken_test.cpp:2400:                     tfMPTCanEscrow | tfMPTCanTransfer | tfMPTRequireAuth});
src/test/app/EscrowToken_test.cpp:2405:            auto const MPT = mptGw["MPT"];
src/test/app/EscrowToken_test.cpp:2406:            env(pay(gw, alice, MPT(10'000)));
src/test/app/EscrowToken_test.cpp:2407:            env(pay(gw, bob, MPT(10'000)));
src/test/app/EscrowToken_test.cpp:2412:                {.account = gw, .holder = bob, .flags = tfMPTUnauthorize});
src/test/app/EscrowToken_test.cpp:2414:            env(escrow::create(alice, bob, MPT(6)),
src/test/app/EscrowToken_test.cpp:2418:                ter(tecNO_AUTH));
src/test/app/EscrowToken_test.cpp:2422:        // tecLOCKED: issuer has locked the account
src/test/app/EscrowToken_test.cpp:2430:            MPTTester mptGw(env, gw, {.holders = {alice, bob}});
src/test/app/EscrowToken_test.cpp:2432:                {.ownerCount = 1,
src/test/app/EscrowToken_test.cpp:2434:                 .flags = tfMPTCanEscrow | tfMPTCanTransfer | tfMPTCanLock});
src/test/app/EscrowToken_test.cpp:2437:            auto const MPT = mptGw["MPT"];
src/test/app/EscrowToken_test.cpp:2438:            env(pay(gw, alice, MPT(10'000)));
src/test/app/EscrowToken_test.cpp:2439:            env(pay(gw, bob, MPT(10'000)));
src/test/app/EscrowToken_test.cpp:2443:            mptGw.set({.account = gw, .holder = alice, .flags = tfMPTLock});
src/test/app/EscrowToken_test.cpp:2445:            env(escrow::create(alice, bob, MPT(7)),
src/test/app/EscrowToken_test.cpp:2449:                ter(tecLOCKED));
src/test/app/EscrowToken_test.cpp:2453:        // tecLOCKED: issuer has locked the dest
src/test/app/EscrowToken_test.cpp:2461:            MPTTester mptGw(env, gw, {.holders = {alice, bob}});
src/test/app/EscrowToken_test.cpp:2463:                {.ownerCount = 1,
src/test/app/EscrowToken_test.cpp:2465:                 .flags = tfMPTCanEscrow | tfMPTCanTransfer | tfMPTCanLock});
src/test/app/EscrowToken_test.cpp:2468:            auto const MPT = mptGw["MPT"];
src/test/app/EscrowToken_test.cpp:2469:            env(pay(gw, alice, MPT(10'000)));
src/test/app/EscrowToken_test.cpp:2470:            env(pay(gw, bob, MPT(10'000)));
src/test/app/EscrowToken_test.cpp:2474:            mptGw.set({.account = gw, .holder = bob, .flags = tfMPTLock});
src/test/app/EscrowToken_test.cpp:2476:            env(escrow::create(alice, bob, MPT(8)),
src/test/app/EscrowToken_test.cpp:2480:                ter(tecLOCKED));
src/test/app/EscrowToken_test.cpp:2484:        // tecNO_AUTH: mpt cannot be transferred
src/test/app/EscrowToken_test.cpp:2492:            MPTTester mptGw(env, gw, {.holders = {alice, bob}});
src/test/app/EscrowToken_test.cpp:2494:                {.ownerCount = 1, .holderCount = 0, .flags = tfMPTCanEscrow});
src/test/app/EscrowToken_test.cpp:2497:            auto const MPT = mptGw["MPT"];
src/test/app/EscrowToken_test.cpp:2498:            env(pay(gw, alice, MPT(10'000)));
src/test/app/EscrowToken_test.cpp:2499:            env(pay(gw, bob, MPT(10'000)));
src/test/app/EscrowToken_test.cpp:2502:            env(escrow::create(alice, bob, MPT(9)),
src/test/app/EscrowToken_test.cpp:2506:                ter(tecNO_AUTH));
src/test/app/EscrowToken_test.cpp:2518:            MPTTester mptGw(env, gw, {.holders = {alice, bob}});
src/test/app/EscrowToken_test.cpp:2520:                {.ownerCount = 1,
src/test/app/EscrowToken_test.cpp:2522:                 .flags = tfMPTCanEscrow | tfMPTCanTransfer});
src/test/app/EscrowToken_test.cpp:2525:            auto const MPT = mptGw["MPT"];
src/test/app/EscrowToken_test.cpp:2526:            env(pay(gw, bob, MPT(10)));
src/test/app/EscrowToken_test.cpp:2529:            env(escrow::create(alice, bob, MPT(11)),
src/test/app/EscrowToken_test.cpp:2545:            MPTTester mptGw(env, gw, {.holders = {alice, bob}});
src/test/app/EscrowToken_test.cpp:2547:                {.ownerCount = 1,
src/test/app/EscrowToken_test.cpp:2549:                 .flags = tfMPTCanEscrow | tfMPTCanTransfer});
src/test/app/EscrowToken_test.cpp:2552:            auto const MPT = mptGw["MPT"];
src/test/app/EscrowToken_test.cpp:2553:            env(pay(gw, alice, MPT(10)));
src/test/app/EscrowToken_test.cpp:2554:            env(pay(gw, bob, MPT(10)));
src/test/app/EscrowToken_test.cpp:2557:            env(escrow::create(alice, bob, MPT(11)),
src/test/app/EscrowToken_test.cpp:2567:    testMPTFinishPreclaim(FeatureBitset features)
src/test/app/EscrowToken_test.cpp:2569:        testcase("MPT Finish Preclaim");
src/test/app/EscrowToken_test.cpp:2573:        // tecNO_AUTH: requireAuth set: dest not authorized
src/test/app/EscrowToken_test.cpp:2581:            MPTTester mptGw(env, gw, {.holders = {alice, bob}});
src/test/app/EscrowToken_test.cpp:2583:                {.ownerCount = 1,
src/test/app/EscrowToken_test.cpp:2586:                     tfMPTCanEscrow | tfMPTCanTransfer | tfMPTRequireAuth});
src/test/app/EscrowToken_test.cpp:2591:            auto const MPT = mptGw["MPT"];
src/test/app/EscrowToken_test.cpp:2592:            env(pay(gw, alice, MPT(10'000)));
src/test/app/EscrowToken_test.cpp:2593:            env(pay(gw, bob, MPT(10'000)));
src/test/app/EscrowToken_test.cpp:2597:            env(escrow::create(alice, bob, MPT(10)),
src/test/app/EscrowToken_test.cpp:2606:                {.account = gw, .holder = bob, .flags = tfMPTUnauthorize});
src/test/app/EscrowToken_test.cpp:2612:                ter(tecNO_AUTH));
src/test/app/EscrowToken_test.cpp:2616:        // tecOBJECT_NOT_FOUND: MPT issuance does not exist
src/test/app/EscrowToken_test.cpp:2631:                    MPTIssue const mpt{
src/test/app/EscrowToken_test.cpp:2632:                        MPTIssue{makeMptID(1, AccountID(0x4985601))}};
src/test/app/EscrowToken_test.cpp:2634:                    sleNew->setAccountID(sfDestination, bob);
src/test/app/EscrowToken_test.cpp:2635:                    sleNew->setFieldAmount(sfAmount, amt);
src/test/app/EscrowToken_test.cpp:2649:        // tecLOCKED: issuer has locked the dest
src/test/app/EscrowToken_test.cpp:2657:            MPTTester mptGw(env, gw, {.holders = {alice, bob}});
src/test/app/EscrowToken_test.cpp:2659:                {.ownerCount = 1,
src/test/app/EscrowToken_test.cpp:2661:                 .flags = tfMPTCanEscrow | tfMPTCanTransfer | tfMPTCanLock});
src/test/app/EscrowToken_test.cpp:2664:            auto const MPT = mptGw["MPT"];
src/test/app/EscrowToken_test.cpp:2665:            env(pay(gw, alice, MPT(10'000)));
src/test/app/EscrowToken_test.cpp:2666:            env(pay(gw, bob, MPT(10'000)));
src/test/app/EscrowToken_test.cpp:2670:            env(escrow::create(alice, bob, MPT(8)),
src/test/app/EscrowToken_test.cpp:2678:            mptGw.set({.account = gw, .holder = bob, .flags = tfMPTLock});
src/test/app/EscrowToken_test.cpp:2684:                ter(tecLOCKED));
src/test/app/EscrowToken_test.cpp:2690:    testMPTFinishDoApply(FeatureBitset features)
src/test/app/EscrowToken_test.cpp:2692:        testcase("MPT Finish Do Apply");
src/test/app/EscrowToken_test.cpp:2696:        // tecINSUFFICIENT_RESERVE: insufficient reserve to create MPT
src/test/app/EscrowToken_test.cpp:2709:            MPTTester mptGw(env, gw, {.holders = {alice}});
src/test/app/EscrowToken_test.cpp:2711:                {.ownerCount = 1,
src/test/app/EscrowToken_test.cpp:2713:                 .flags = tfMPTCanEscrow | tfMPTCanTransfer});
src/test/app/EscrowToken_test.cpp:2715:            auto const MPT = mptGw["MPT"];
src/test/app/EscrowToken_test.cpp:2716:            env(pay(gw, alice, MPT(10'000)));
src/test/app/EscrowToken_test.cpp:2720:            env(escrow::create(alice, bob, MPT(10)),
src/test/app/EscrowToken_test.cpp:2735:        // tesSUCCESS: bob submits; finish MPT created
src/test/app/EscrowToken_test.cpp:2745:            MPTTester mptGw(env, gw, {.holders = {alice}});
src/test/app/EscrowToken_test.cpp:2747:                {.ownerCount = 1,
src/test/app/EscrowToken_test.cpp:2749:                 .flags = tfMPTCanEscrow | tfMPTCanTransfer});
src/test/app/EscrowToken_test.cpp:2751:            auto const MPT = mptGw["MPT"];
src/test/app/EscrowToken_test.cpp:2752:            env(pay(gw, alice, MPT(10'000)));
src/test/app/EscrowToken_test.cpp:2756:            env(escrow::create(alice, bob, MPT(10)),
src/test/app/EscrowToken_test.cpp:2771:        // tecNO_PERMISSION: carol submits; finish MPT not created
src/test/app/EscrowToken_test.cpp:2782:            MPTTester mptGw(env, gw, {.holders = {alice}});
src/test/app/EscrowToken_test.cpp:2784:                {.ownerCount = 1,
src/test/app/EscrowToken_test.cpp:2786:                 .flags = tfMPTCanEscrow | tfMPTCanTransfer});
src/test/app/EscrowToken_test.cpp:2788:            auto const MPT = mptGw["MPT"];
src/test/app/EscrowToken_test.cpp:2789:            env(pay(gw, alice, MPT(10'000)));
src/test/app/EscrowToken_test.cpp:2793:            env(escrow::create(alice, bob, MPT(10)),
src/test/app/EscrowToken_test.cpp:2804:                ter(tecNO_PERMISSION));
src/test/app/EscrowToken_test.cpp:2810:    testMPTCancelPreclaim(FeatureBitset features)
src/test/app/EscrowToken_test.cpp:2812:        testcase("MPT Cancel Preclaim");
src/test/app/EscrowToken_test.cpp:2816:        // tecNO_AUTH: requireAuth set: account not authorized
src/test/app/EscrowToken_test.cpp:2824:            MPTTester mptGw(env, gw, {.holders = {alice, bob}});
src/test/app/EscrowToken_test.cpp:2826:                {.ownerCount = 1,
src/test/app/EscrowToken_test.cpp:2829:                     tfMPTCanEscrow | tfMPTCanTransfer | tfMPTRequireAuth});
src/test/app/EscrowToken_test.cpp:2834:            auto const MPT = mptGw["MPT"];
src/test/app/EscrowToken_test.cpp:2835:            env(pay(gw, alice, MPT(10'000)));
src/test/app/EscrowToken_test.cpp:2836:            env(pay(gw, bob, MPT(10'000)));
src/test/app/EscrowToken_test.cpp:2840:            env(escrow::create(alice, bob, MPT(10)),
src/test/app/EscrowToken_test.cpp:2849:                {.account = gw, .holder = alice, .flags = tfMPTUnauthorize});
src/test/app/EscrowToken_test.cpp:2851:            env(escrow::cancel(bob, alice, seq1), ter(tecNO_AUTH));
src/test/app/EscrowToken_test.cpp:2855:        // tecOBJECT_NOT_FOUND: MPT issuance does not exist
src/test/app/EscrowToken_test.cpp:2869:                    MPTIssue const mpt{
src/test/app/EscrowToken_test.cpp:2870:                        MPTIssue{makeMptID(1, AccountID(0x4985601))}};
src/test/app/EscrowToken_test.cpp:2872:                    sleNew->setAccountID(sfDestination, bob);
src/test/app/EscrowToken_test.cpp:2873:                    sleNew->setFieldAmount(sfAmount, amt);
src/test/app/EscrowToken_test.cpp:2887:    testMPTBalances(FeatureBitset features)
src/test/app/EscrowToken_test.cpp:2889:        testcase("MPT Balances");
src/test/app/EscrowToken_test.cpp:2902:        MPTTester mptGw(env, gw, {.holders = {alice, carol}});
src/test/app/EscrowToken_test.cpp:2904:            {.ownerCount = 1,
src/test/app/EscrowToken_test.cpp:2906:             .flags = tfMPTCanEscrow | tfMPTCanTransfer});
src/test/app/EscrowToken_test.cpp:2909:        auto const MPT = mptGw["MPT"];
src/test/app/EscrowToken_test.cpp:2910:        env(pay(gw, alice, MPT(10'000)));
src/test/app/EscrowToken_test.cpp:2911:        env(pay(gw, carol, MPT(10'000)));
src/test/app/EscrowToken_test.cpp:2914:        auto outstandingMPT = env.balance(gw, MPT);
src/test/app/EscrowToken_test.cpp:2919:            auto const preAliceMPT = env.balance(alice, MPT);
src/test/app/EscrowToken_test.cpp:2920:            auto const preBobMPT = env.balance(bob, MPT);
src/test/app/EscrowToken_test.cpp:2921:            env(escrow::create(alice, bob, MPT(1'000)),
src/test/app/EscrowToken_test.cpp:2928:            BEAST_EXPECT(env.balance(alice, MPT) == preAliceMPT - MPT(1'000));
src/test/app/EscrowToken_test.cpp:2929:            BEAST_EXPECT(mptEscrowed(env, alice, MPT) == 1'000);
src/test/app/EscrowToken_test.cpp:2930:            BEAST_EXPECT(env.balance(bob, MPT) == preBobMPT);
src/test/app/EscrowToken_test.cpp:2931:            BEAST_EXPECT(mptEscrowed(env, bob, MPT) == 0);
src/test/app/EscrowToken_test.cpp:2932:            BEAST_EXPECT(env.balance(gw, MPT) == outstandingMPT);
src/test/app/EscrowToken_test.cpp:2933:            BEAST_EXPECT(issuerMPTEscrowed(env, MPT) == 1'000);
src/test/app/EscrowToken_test.cpp:2936:            auto const preAliceMPT = env.balance(alice, MPT);
src/test/app/EscrowToken_test.cpp:2937:            auto const preBobMPT = env.balance(bob, MPT);
src/test/app/EscrowToken_test.cpp:2945:            BEAST_EXPECT(env.balance(alice, MPT) == preAliceMPT);
src/test/app/EscrowToken_test.cpp:2946:            BEAST_EXPECT(mptEscrowed(env, alice, MPT) == 0);
src/test/app/EscrowToken_test.cpp:2947:            BEAST_EXPECT(env.balance(bob, MPT) == preBobMPT + MPT(1'000));
src/test/app/EscrowToken_test.cpp:2948:            BEAST_EXPECT(mptEscrowed(env, bob, MPT) == 0);
src/test/app/EscrowToken_test.cpp:2949:            BEAST_EXPECT(env.balance(gw, MPT) == outstandingMPT);
src/test/app/EscrowToken_test.cpp:2950:            BEAST_EXPECT(issuerMPTEscrowed(env, MPT) == 0);
src/test/app/EscrowToken_test.cpp:2956:            auto const preAliceMPT = env.balance(alice, MPT);
src/test/app/EscrowToken_test.cpp:2957:            auto const preBobMPT = env.balance(bob, MPT);
src/test/app/EscrowToken_test.cpp:2958:            env(escrow::create(alice, bob, MPT(1'000)),
src/test/app/EscrowToken_test.cpp:2966:            BEAST_EXPECT(env.balance(alice, MPT) == preAliceMPT - MPT(1'000));
src/test/app/EscrowToken_test.cpp:2967:            BEAST_EXPECT(mptEscrowed(env, alice, MPT) == 1'000);
src/test/app/EscrowToken_test.cpp:2968:            BEAST_EXPECT(env.balance(bob, MPT) == preBobMPT);
src/test/app/EscrowToken_test.cpp:2969:            BEAST_EXPECT(mptEscrowed(env, bob, MPT) == 0);
src/test/app/EscrowToken_test.cpp:2970:            BEAST_EXPECT(env.balance(gw, MPT) == outstandingMPT);
src/test/app/EscrowToken_test.cpp:2971:            BEAST_EXPECT(issuerMPTEscrowed(env, MPT) == 1'000);
src/test/app/EscrowToken_test.cpp:2974:            auto const preAliceMPT = env.balance(alice, MPT);
src/test/app/EscrowToken_test.cpp:2975:            auto const preBobMPT = env.balance(bob, MPT);
src/test/app/EscrowToken_test.cpp:2979:            BEAST_EXPECT(env.balance(alice, MPT) == preAliceMPT + MPT(1'000));
src/test/app/EscrowToken_test.cpp:2980:            BEAST_EXPECT(mptEscrowed(env, alice, MPT) == 0);
src/test/app/EscrowToken_test.cpp:2981:            BEAST_EXPECT(env.balance(bob, MPT) == preBobMPT);
src/test/app/EscrowToken_test.cpp:2982:            BEAST_EXPECT(mptEscrowed(env, bob, MPT) == 0);
src/test/app/EscrowToken_test.cpp:2983:            BEAST_EXPECT(env.balance(gw, MPT) == outstandingMPT);
src/test/app/EscrowToken_test.cpp:2984:            BEAST_EXPECT(issuerMPTEscrowed(env, MPT) == 0);
src/test/app/EscrowToken_test.cpp:2990:            auto const preAliceMPT = env.balance(alice, MPT);
src/test/app/EscrowToken_test.cpp:2991:            env(escrow::create(alice, alice, MPT(1'000)),
src/test/app/EscrowToken_test.cpp:2998:            BEAST_EXPECT(env.balance(alice, MPT) == preAliceMPT - MPT(1'000));
src/test/app/EscrowToken_test.cpp:2999:            BEAST_EXPECT(mptEscrowed(env, alice, MPT) == 1'000);
src/test/app/EscrowToken_test.cpp:3000:            BEAST_EXPECT(env.balance(gw, MPT) == outstandingMPT);
src/test/app/EscrowToken_test.cpp:3001:            BEAST_EXPECT(issuerMPTEscrowed(env, MPT) == 1'000);
src/test/app/EscrowToken_test.cpp:3010:            BEAST_EXPECT(env.balance(alice, MPT) == preAliceMPT);
src/test/app/EscrowToken_test.cpp:3011:            BEAST_EXPECT(mptEscrowed(env, alice, MPT) == 0);
src/test/app/EscrowToken_test.cpp:3012:            BEAST_EXPECT(env.balance(gw, MPT) == outstandingMPT);
src/test/app/EscrowToken_test.cpp:3013:            BEAST_EXPECT(issuerMPTEscrowed(env, MPT) == 0);
src/test/app/EscrowToken_test.cpp:3019:            auto const preAliceMPT = env.balance(alice, MPT);
src/test/app/EscrowToken_test.cpp:3020:            env(escrow::create(alice, alice, MPT(1'000)),
src/test/app/EscrowToken_test.cpp:3028:            BEAST_EXPECT(env.balance(alice, MPT) == preAliceMPT - MPT(1'000));
src/test/app/EscrowToken_test.cpp:3029:            BEAST_EXPECT(mptEscrowed(env, alice, MPT) == 1'000);
src/test/app/EscrowToken_test.cpp:3030:            BEAST_EXPECT(env.balance(gw, MPT) == outstandingMPT);
src/test/app/EscrowToken_test.cpp:3031:            BEAST_EXPECT(issuerMPTEscrowed(env, MPT) == 1'000);
src/test/app/EscrowToken_test.cpp:3036:            BEAST_EXPECT(env.balance(alice, MPT) == preAliceMPT);
src/test/app/EscrowToken_test.cpp:3037:            BEAST_EXPECT(mptEscrowed(env, alice, MPT) == 0);
src/test/app/EscrowToken_test.cpp:3038:            BEAST_EXPECT(env.balance(gw, MPT) == outstandingMPT);
src/test/app/EscrowToken_test.cpp:3039:            BEAST_EXPECT(issuerMPTEscrowed(env, MPT) == 0);
src/test/app/EscrowToken_test.cpp:3044:            auto const preAliceMPT = env.balance(alice, MPT);
src/test/app/EscrowToken_test.cpp:3045:            auto const preBobMPT = env.balance(bob, MPT);
src/test/app/EscrowToken_test.cpp:3046:            auto const preCarolMPT = env.balance(carol, MPT);
src/test/app/EscrowToken_test.cpp:3047:            env(escrow::create(alice, bob, MPT(1'000)),
src/test/app/EscrowToken_test.cpp:3054:            env(escrow::create(carol, bob, MPT(1'000)),
src/test/app/EscrowToken_test.cpp:3061:            BEAST_EXPECT(env.balance(alice, MPT) == preAliceMPT - MPT(1'000));
src/test/app/EscrowToken_test.cpp:3062:            BEAST_EXPECT(mptEscrowed(env, alice, MPT) == 1'000);
src/test/app/EscrowToken_test.cpp:3063:            BEAST_EXPECT(env.balance(bob, MPT) == preBobMPT);
src/test/app/EscrowToken_test.cpp:3064:            BEAST_EXPECT(mptEscrowed(env, bob, MPT) == 0);
src/test/app/EscrowToken_test.cpp:3065:            BEAST_EXPECT(env.balance(carol, MPT) == preCarolMPT - MPT(1'000));
src/test/app/EscrowToken_test.cpp:3066:            BEAST_EXPECT(mptEscrowed(env, carol, MPT) == 1'000);
src/test/app/EscrowToken_test.cpp:3067:            BEAST_EXPECT(env.balance(gw, MPT) == outstandingMPT);
src/test/app/EscrowToken_test.cpp:3068:            BEAST_EXPECT(issuerMPTEscrowed(env, MPT) == 2'000);
src/test/app/EscrowToken_test.cpp:3071:        // Max MPT Amount Issued (Escrow 1 MPT)
src/test/app/EscrowToken_test.cpp:3079:            MPTTester mptGw(env, gw, {.holders = {alice, bob}});
src/test/app/EscrowToken_test.cpp:3081:                {.ownerCount = 1,
src/test/app/EscrowToken_test.cpp:3083:                 .flags = tfMPTCanEscrow | tfMPTCanTransfer});
src/test/app/EscrowToken_test.cpp:3086:            auto const MPT = mptGw["MPT"];
src/test/app/EscrowToken_test.cpp:3087:            env(pay(gw, alice, MPT(maxMPTokenAmount)));
src/test/app/EscrowToken_test.cpp:3090:            auto const preAliceMPT = env.balance(alice, MPT);
src/test/app/EscrowToken_test.cpp:3091:            auto const preBobMPT = env.balance(bob, MPT);
src/test/app/EscrowToken_test.cpp:3092:            auto const outstandingMPT = env.balance(gw, MPT);
src/test/app/EscrowToken_test.cpp:3095:            env(escrow::create(alice, bob, MPT(1)),
src/test/app/EscrowToken_test.cpp:3101:            BEAST_EXPECT(env.balance(alice, MPT) == preAliceMPT - MPT(1));
src/test/app/EscrowToken_test.cpp:3102:            BEAST_EXPECT(mptEscrowed(env, alice, MPT) == 1);
src/test/app/EscrowToken_test.cpp:3103:            BEAST_EXPECT(env.balance(bob, MPT) == preBobMPT);
src/test/app/EscrowToken_test.cpp:3104:            BEAST_EXPECT(mptEscrowed(env, bob, MPT) == 0);
src/test/app/EscrowToken_test.cpp:3105:            BEAST_EXPECT(env.balance(gw, MPT) == outstandingMPT);
src/test/app/EscrowToken_test.cpp:3106:            BEAST_EXPECT(issuerMPTEscrowed(env, MPT) == 1);
src/test/app/EscrowToken_test.cpp:3115:            BEAST_EXPECT(env.balance(alice, MPT) == preAliceMPT - MPT(1));
src/test/app/EscrowToken_test.cpp:3116:            BEAST_EXPECT(mptEscrowed(env, alice, MPT) == 0);
src/test/app/EscrowToken_test.cpp:3117:            BEAST_EXPECT(!env.le(keylet::mptoken(MPT.mpt(), alice))
src/test/app/EscrowToken_test.cpp:3118:                              ->isFieldPresent(sfLockedAmount));
src/test/app/EscrowToken_test.cpp:3119:            BEAST_EXPECT(env.balance(bob, MPT) == preBobMPT + MPT(1));
src/test/app/EscrowToken_test.cpp:3120:            BEAST_EXPECT(mptEscrowed(env, bob, MPT) == 0);
src/test/app/EscrowToken_test.cpp:3121:            BEAST_EXPECT(env.balance(gw, MPT) == outstandingMPT);
src/test/app/EscrowToken_test.cpp:3122:            BEAST_EXPECT(issuerMPTEscrowed(env, MPT) == 0);
src/test/app/EscrowToken_test.cpp:3123:            BEAST_EXPECT(!env.le(keylet::mptIssuance(MPT.mpt()))
src/test/app/EscrowToken_test.cpp:3124:                              ->isFieldPresent(sfLockedAmount));
src/test/app/EscrowToken_test.cpp:3127:        // Max MPT Amount Issued (Escrow Max MPT)
src/test/app/EscrowToken_test.cpp:3135:            MPTTester mptGw(env, gw, {.holders = {alice, bob}});
src/test/app/EscrowToken_test.cpp:3137:                {.ownerCount = 1,
src/test/app/EscrowToken_test.cpp:3139:                 .flags = tfMPTCanEscrow | tfMPTCanTransfer});
src/test/app/EscrowToken_test.cpp:3142:            auto const MPT = mptGw["MPT"];
src/test/app/EscrowToken_test.cpp:3143:            env(pay(gw, alice, MPT(maxMPTokenAmount)));
src/test/app/EscrowToken_test.cpp:3146:            auto const preAliceMPT = env.balance(alice, MPT);
src/test/app/EscrowToken_test.cpp:3147:            auto const preBobMPT = env.balance(bob, MPT);
src/test/app/EscrowToken_test.cpp:3148:            auto const outstandingMPT = env.balance(gw, MPT);
src/test/app/EscrowToken_test.cpp:3150:            // Escrow Max MPT - 10
src/test/app/EscrowToken_test.cpp:3152:            env(escrow::create(alice, bob, MPT(maxMPTokenAmount - 10)),
src/test/app/EscrowToken_test.cpp:3158:            // Escrow 10 MPT
src/test/app/EscrowToken_test.cpp:3160:            env(escrow::create(alice, bob, MPT(10)),
src/test/app/EscrowToken_test.cpp:3167:                env.balance(alice, MPT) == preAliceMPT - MPT(maxMPTokenAmount));
src/test/app/EscrowToken_test.cpp:3168:            BEAST_EXPECT(mptEscrowed(env, alice, MPT) == maxMPTokenAmount);
src/test/app/EscrowToken_test.cpp:3169:            BEAST_EXPECT(env.balance(bob, MPT) == preBobMPT);
src/test/app/EscrowToken_test.cpp:3170:            BEAST_EXPECT(mptEscrowed(env, bob, MPT) == 0);
src/test/app/EscrowToken_test.cpp:3171:            BEAST_EXPECT(env.balance(gw, MPT) == outstandingMPT);
src/test/app/EscrowToken_test.cpp:3172:            BEAST_EXPECT(issuerMPTEscrowed(env, MPT) == maxMPTokenAmount);
src/test/app/EscrowToken_test.cpp:3189:                env.balance(alice, MPT) == preAliceMPT - MPT(maxMPTokenAmount));
src/test/app/EscrowToken_test.cpp:3190:            BEAST_EXPECT(mptEscrowed(env, alice, MPT) == 0);
src/test/app/EscrowToken_test.cpp:3192:                env.balance(bob, MPT) == preBobMPT + MPT(maxMPTokenAmount));
src/test/app/EscrowToken_test.cpp:3193:            BEAST_EXPECT(mptEscrowed(env, bob, MPT) == 0);
src/test/app/EscrowToken_test.cpp:3194:            BEAST_EXPECT(env.balance(gw, MPT) == outstandingMPT);
src/test/app/EscrowToken_test.cpp:3195:            BEAST_EXPECT(issuerMPTEscrowed(env, MPT) == 0);
src/test/app/EscrowToken_test.cpp:3200:    testMPTMetaAndOwnership(FeatureBitset features)
src/test/app/EscrowToken_test.cpp:3210:            testcase("MPT Metadata to self");
src/test/app/EscrowToken_test.cpp:3213:            MPTTester mptGw(env, gw, {.holders = {alice, bob}});
src/test/app/EscrowToken_test.cpp:3215:                {.ownerCount = 1,
src/test/app/EscrowToken_test.cpp:3217:                 .flags = tfMPTCanEscrow | tfMPTCanTransfer});
src/test/app/EscrowToken_test.cpp:3220:            auto const MPT = mptGw["MPT"];
src/test/app/EscrowToken_test.cpp:3221:            env(pay(gw, alice, MPT(10'000)));
src/test/app/EscrowToken_test.cpp:3222:            env(pay(gw, bob, MPT(10'000)));
src/test/app/EscrowToken_test.cpp:3227:            env(escrow::create(alice, alice, MPT(1'000)),
src/test/app/EscrowToken_test.cpp:3237:                ripple::Dir aod(*env.current(), keylet::ownerDir(alice.id()));
src/test/app/EscrowToken_test.cpp:3244:                ripple::Dir iod(*env.current(), keylet::ownerDir(gw.id()));
src/test/app/EscrowToken_test.cpp:3250:            env(escrow::create(bob, bob, MPT(1'000)),
src/test/app/EscrowToken_test.cpp:3261:                ripple::Dir bod(*env.current(), keylet::ownerDir(bob.id()));
src/test/app/EscrowToken_test.cpp:3275:                ripple::Dir aod(*env.current(), keylet::ownerDir(alice.id()));
src/test/app/EscrowToken_test.cpp:3280:                ripple::Dir bod(*env.current(), keylet::ownerDir(bob.id()));
src/test/app/EscrowToken_test.cpp:3294:                ripple::Dir bod(*env.current(), keylet::ownerDir(bob.id()));
src/test/app/EscrowToken_test.cpp:3302:            testcase("MPT Metadata to other");
src/test/app/EscrowToken_test.cpp:3305:            MPTTester mptGw(env, gw, {.holders = {alice, bob, carol}});
src/test/app/EscrowToken_test.cpp:3307:                {.ownerCount = 1,
src/test/app/EscrowToken_test.cpp:3309:                 .flags = tfMPTCanEscrow | tfMPTCanTransfer});
src/test/app/EscrowToken_test.cpp:3313:            auto const MPT = mptGw["MPT"];
src/test/app/EscrowToken_test.cpp:3314:            env(pay(gw, alice, MPT(10'000)));
src/test/app/EscrowToken_test.cpp:3315:            env(pay(gw, bob, MPT(10'000)));
src/test/app/EscrowToken_test.cpp:3316:            env(pay(gw, carol, MPT(10'000)));
src/test/app/EscrowToken_test.cpp:3321:            env(escrow::create(alice, bob, MPT(1'000)),
src/test/app/EscrowToken_test.cpp:3327:            env(escrow::create(bob, carol, MPT(1'000)),
src/test/app/EscrowToken_test.cpp:3342:                ripple::Dir aod(*env.current(), keylet::ownerDir(alice.id()));
src/test/app/EscrowToken_test.cpp:3347:                ripple::Dir bod(*env.current(), keylet::ownerDir(bob.id()));
src/test/app/EscrowToken_test.cpp:3354:                ripple::Dir cod(*env.current(), keylet::ownerDir(carol.id()));
src/test/app/EscrowToken_test.cpp:3366:                ripple::Dir aod(*env.current(), keylet::ownerDir(alice.id()));
src/test/app/EscrowToken_test.cpp:3371:                ripple::Dir bod(*env.current(), keylet::ownerDir(bob.id()));
src/test/app/EscrowToken_test.cpp:3378:                ripple::Dir cod(*env.current(), keylet::ownerDir(carol.id()));
src/test/app/EscrowToken_test.cpp:3388:                ripple::Dir aod(*env.current(), keylet::ownerDir(alice.id()));
src/test/app/EscrowToken_test.cpp:3393:                ripple::Dir bod(*env.current(), keylet::ownerDir(bob.id()));
src/test/app/EscrowToken_test.cpp:3400:                ripple::Dir cod(*env.current(), keylet::ownerDir(carol.id()));
src/test/app/EscrowToken_test.cpp:3407:    testMPTGateway(FeatureBitset features)
src/test/app/EscrowToken_test.cpp:3409:        testcase("MPT Gateway Balances");
src/test/app/EscrowToken_test.cpp:3420:            MPTTester mptGw(env, gw, {.holders = {alice}});
src/test/app/EscrowToken_test.cpp:3422:                {.ownerCount = 1,
src/test/app/EscrowToken_test.cpp:3424:                 .flags = tfMPTCanEscrow | tfMPTCanTransfer});
src/test/app/EscrowToken_test.cpp:3426:            auto const MPT = mptGw["MPT"];
src/test/app/EscrowToken_test.cpp:3427:            env(pay(gw, alice, MPT(10'000)));
src/test/app/EscrowToken_test.cpp:3432:            auto const preAliceMPT = env.balance(alice, MPT);
src/test/app/EscrowToken_test.cpp:3433:            auto const preOutstanding = env.balance(gw, MPT);
src/test/app/EscrowToken_test.cpp:3434:            auto const preEscrowed = issuerMPTEscrowed(env, MPT);
src/test/app/EscrowToken_test.cpp:3435:            BEAST_EXPECT(preOutstanding == MPT(-10'000));
src/test/app/EscrowToken_test.cpp:3438:            env(escrow::create(alice, gw, MPT(1'000)),
src/test/app/EscrowToken_test.cpp:3444:            BEAST_EXPECT(env.balance(alice, MPT) == preAliceMPT - MPT(1'000));
src/test/app/EscrowToken_test.cpp:3445:            BEAST_EXPECT(mptEscrowed(env, alice, MPT) == 1'000);
src/test/app/EscrowToken_test.cpp:3446:            BEAST_EXPECT(env.balance(gw, MPT) == preOutstanding);
src/test/app/EscrowToken_test.cpp:3447:            BEAST_EXPECT(issuerMPTEscrowed(env, MPT) == preEscrowed + 1'000);
src/test/app/EscrowToken_test.cpp:3456:            BEAST_EXPECT(env.balance(alice, MPT) == preAliceMPT - MPT(1'000));
src/test/app/EscrowToken_test.cpp:3457:            BEAST_EXPECT(mptEscrowed(env, alice, MPT) == 0);
src/test/app/EscrowToken_test.cpp:3458:            BEAST_EXPECT(env.balance(gw, MPT) == preOutstanding + MPT(1'000));
src/test/app/EscrowToken_test.cpp:3459:            BEAST_EXPECT(issuerMPTEscrowed(env, MPT) == preEscrowed);
src/test/app/EscrowToken_test.cpp:3464:    testMPTLockedRate(FeatureBitset features)
src/test/app/EscrowToken_test.cpp:3466:        testcase("MPT Locked Rate");
src/test/app/EscrowToken_test.cpp:3476:        // test locked rate: finish
src/test/app/EscrowToken_test.cpp:3484:            MPTTester mptGw(env, gw, {.holders = {alice, bob}});
src/test/app/EscrowToken_test.cpp:3487:                 .ownerCount = 1,
src/test/app/EscrowToken_test.cpp:3489:                 .flags = tfMPTCanEscrow | tfMPTCanTransfer});
src/test/app/EscrowToken_test.cpp:3492:            auto const MPT = mptGw["MPT"];
src/test/app/EscrowToken_test.cpp:3493:            env(pay(gw, alice, MPT(10'000)));
src/test/app/EscrowToken_test.cpp:3494:            env(pay(gw, bob, MPT(10'000)));
src/test/app/EscrowToken_test.cpp:3497:            // alice can create escrow w/ xfer rate
src/test/app/EscrowToken_test.cpp:3498:            auto const preAlice = env.balance(alice, MPT);
src/test/app/EscrowToken_test.cpp:3500:            auto const delta = MPT(125);
src/test/app/EscrowToken_test.cpp:3501:            env(escrow::create(alice, bob, MPT(125)),
src/test/app/EscrowToken_test.cpp:3506:            auto const transferRate = escrow::rate(env, alice, seq1);
src/test/app/EscrowToken_test.cpp:3508:                transferRate.value == std::uint32_t(1'000'000'000 * 1.25));
src/test/app/EscrowToken_test.cpp:3510:            BEAST_EXPECT(mptEscrowed(env, alice, MPT) == 125);
src/test/app/EscrowToken_test.cpp:3511:            BEAST_EXPECT(issuerMPTEscrowed(env, MPT) == 125);
src/test/app/EscrowToken_test.cpp:3512:            BEAST_EXPECT(env.balance(gw, MPT) == MPT(-20'000));
src/test/app/EscrowToken_test.cpp:3521:            BEAST_EXPECT(env.balance(alice, MPT) == preAlice - delta);
src/test/app/EscrowToken_test.cpp:3522:            BEAST_EXPECT(env.balance(bob, MPT) == MPT(10'100));
src/test/app/EscrowToken_test.cpp:3525:                env.current()->rules().enabled(fixTokenEscrowV1) ? 0 : 25;
src/test/app/EscrowToken_test.cpp:3527:                env.current()->rules().enabled(fixTokenEscrowV1) ? MPT(19'975)
src/test/app/EscrowToken_test.cpp:3528:                                                                 : MPT(20'000);
src/test/app/EscrowToken_test.cpp:3529:            BEAST_EXPECT(mptEscrowed(env, alice, MPT) == escrowedWithFix);
src/test/app/EscrowToken_test.cpp:3530:            BEAST_EXPECT(issuerMPTEscrowed(env, MPT) == escrowedWithFix);
src/test/app/EscrowToken_test.cpp:3531:            BEAST_EXPECT(env.balance(gw, MPT) == -outstandingWithFix);
src/test/app/EscrowToken_test.cpp:3534:        // test locked rate: cancel
src/test/app/EscrowToken_test.cpp:3542:            MPTTester mptGw(env, gw, {.holders = {alice, bob}});
src/test/app/EscrowToken_test.cpp:3545:                 .ownerCount = 1,
src/test/app/EscrowToken_test.cpp:3547:                 .flags = tfMPTCanEscrow | tfMPTCanTransfer});
src/test/app/EscrowToken_test.cpp:3550:            auto const MPT = mptGw["MPT"];
src/test/app/EscrowToken_test.cpp:3551:            env(pay(gw, alice, MPT(10'000)));
src/test/app/EscrowToken_test.cpp:3552:            env(pay(gw, bob, MPT(10'000)));
src/test/app/EscrowToken_test.cpp:3555:            // alice can create escrow w/ xfer rate
src/test/app/EscrowToken_test.cpp:3556:            auto const preAlice = env.balance(alice, MPT);
src/test/app/EscrowToken_test.cpp:3557:            auto const preBob = env.balance(bob, MPT);
src/test/app/EscrowToken_test.cpp:3559:            auto const delta = MPT(125);
src/test/app/EscrowToken_test.cpp:3560:            env(escrow::create(alice, bob, MPT(125)),
src/test/app/EscrowToken_test.cpp:3566:            auto const transferRate = escrow::rate(env, alice, seq1);
src/test/app/EscrowToken_test.cpp:3568:                transferRate.value == std::uint32_t(1'000'000'000 * 1.25));
src/test/app/EscrowToken_test.cpp:3574:            BEAST_EXPECT(env.balance(alice, MPT) == preAlice);
src/test/app/EscrowToken_test.cpp:3575:            BEAST_EXPECT(env.balance(bob, MPT) == preBob);
src/test/app/EscrowToken_test.cpp:3576:            BEAST_EXPECT(env.balance(gw, MPT) == MPT(-20'000));
src/test/app/EscrowToken_test.cpp:3577:            BEAST_EXPECT(mptEscrowed(env, alice, MPT) == 0);
src/test/app/EscrowToken_test.cpp:3578:            BEAST_EXPECT(issuerMPTEscrowed(env, MPT) == 0);
src/test/app/EscrowToken_test.cpp:3581:        // test locked rate: issuer is destination
src/test/app/EscrowToken_test.cpp:3589:            MPTTester mptGw(env, gw, {.holders = {alice, bob}});
src/test/app/EscrowToken_test.cpp:3592:                 .ownerCount = 1,
src/test/app/EscrowToken_test.cpp:3594:                 .flags = tfMPTCanEscrow | tfMPTCanTransfer});
src/test/app/EscrowToken_test.cpp:3597:            auto const MPT = mptGw["MPT"];
src/test/app/EscrowToken_test.cpp:3598:            env(pay(gw, alice, MPT(10'000)));
src/test/app/EscrowToken_test.cpp:3599:            env(pay(gw, bob, MPT(10'000)));
src/test/app/EscrowToken_test.cpp:3602:            // alice can create escrow w/ xfer rate
src/test/app/EscrowToken_test.cpp:3603:            auto const preAlice = env.balance(alice, MPT);
src/test/app/EscrowToken_test.cpp:3605:            auto const delta = MPT(125);
src/test/app/EscrowToken_test.cpp:3606:            env(escrow::create(alice, gw, MPT(125)),
src/test/app/EscrowToken_test.cpp:3611:            auto const transferRate = escrow::rate(env, alice, seq1);
src/test/app/EscrowToken_test.cpp:3613:                transferRate.value == std::uint32_t(1'000'000'000 * 1.25));
src/test/app/EscrowToken_test.cpp:3615:            BEAST_EXPECT(mptEscrowed(env, alice, MPT) == 125);
src/test/app/EscrowToken_test.cpp:3616:            BEAST_EXPECT(issuerMPTEscrowed(env, MPT) == 125);
src/test/app/EscrowToken_test.cpp:3617:            BEAST_EXPECT(env.balance(gw, MPT) == MPT(-20'000));
src/test/app/EscrowToken_test.cpp:3626:            BEAST_EXPECT(env.balance(alice, MPT) == preAlice - delta);
src/test/app/EscrowToken_test.cpp:3627:            BEAST_EXPECT(mptEscrowed(env, alice, MPT) == 0);
src/test/app/EscrowToken_test.cpp:3628:            BEAST_EXPECT(issuerMPTEscrowed(env, MPT) == 0);
src/test/app/EscrowToken_test.cpp:3629:            BEAST_EXPECT(env.balance(gw, MPT) == MPT(-19'875));
src/test/app/EscrowToken_test.cpp:3634:    testMPTRequireAuth(FeatureBitset features)
src/test/app/EscrowToken_test.cpp:3636:        testcase("MPT Require Auth");
src/test/app/EscrowToken_test.cpp:3646:        MPTTester mptGw(env, gw, {.holders = {alice, bob}});
src/test/app/EscrowToken_test.cpp:3648:            {.ownerCount = 1,
src/test/app/EscrowToken_test.cpp:3650:             .flags = tfMPTCanEscrow | tfMPTCanTransfer | tfMPTRequireAuth});
src/test/app/EscrowToken_test.cpp:3655:        auto const MPT = mptGw["MPT"];
src/test/app/EscrowToken_test.cpp:3656:        env(pay(gw, alice, MPT(10'000)));
src/test/app/EscrowToken_test.cpp:3660:        auto const delta = MPT(125);
src/test/app/EscrowToken_test.cpp:3662:        env(escrow::create(alice, bob, MPT(100)),
src/test/app/EscrowToken_test.cpp:3677:    testMPTLock(FeatureBitset features)
src/test/app/EscrowToken_test.cpp:3679:        testcase("MPT Lock");
src/test/app/EscrowToken_test.cpp:3689:        MPTTester mptGw(env, gw, {.holders = {alice, bob}});
src/test/app/EscrowToken_test.cpp:3691:            {.ownerCount = 1,
src/test/app/EscrowToken_test.cpp:3693:             .flags = tfMPTCanEscrow | tfMPTCanTransfer | tfMPTCanLock});
src/test/app/EscrowToken_test.cpp:3696:        auto const MPT = mptGw["MPT"];
src/test/app/EscrowToken_test.cpp:3697:        env(pay(gw, alice, MPT(10'000)));
src/test/app/EscrowToken_test.cpp:3698:        env(pay(gw, bob, MPT(10'000)));
src/test/app/EscrowToken_test.cpp:3703:        env(escrow::create(alice, bob, MPT(100)),
src/test/app/EscrowToken_test.cpp:3711:        mptGw.set({.account = gw, .holder = alice, .flags = tfMPTLock});
src/test/app/EscrowToken_test.cpp:3712:        mptGw.set({.account = gw, .holder = bob, .flags = tfMPTLock});
src/test/app/EscrowToken_test.cpp:3719:            ter(tecLOCKED));
src/test/app/EscrowToken_test.cpp:3728:    testMPTCanTransfer(FeatureBitset features)
src/test/app/EscrowToken_test.cpp:3730:        testcase("MPT Can Transfer");
src/test/app/EscrowToken_test.cpp:3740:        MPTTester mptGw(env, gw, {.holders = {alice, bob}});
src/test/app/EscrowToken_test.cpp:3742:            {.ownerCount = 1, .holderCount = 0, .flags = tfMPTCanEscrow});
src/test/app/EscrowToken_test.cpp:3745:        auto const MPT = mptGw["MPT"];
src/test/app/EscrowToken_test.cpp:3746:        env(pay(gw, alice, MPT(10'000)));
src/test/app/EscrowToken_test.cpp:3747:        env(pay(gw, bob, MPT(10'000)));
src/test/app/EscrowToken_test.cpp:3751:        env(escrow::create(alice, bob, MPT(100)),
src/test/app/EscrowToken_test.cpp:3756:            ter(tecNO_AUTH));
src/test/app/EscrowToken_test.cpp:3763:            env(escrow::create(alice, gw, MPT(100)),
src/test/app/EscrowToken_test.cpp:3781:            env(escrow::create(alice, gw, MPT(100)),
src/test/app/EscrowToken_test.cpp:3795:    testMPTDestroy(FeatureBitset features)
src/test/app/EscrowToken_test.cpp:3797:        testcase("MPT Destroy");
src/test/app/EscrowToken_test.cpp:3809:            MPTTester mptGw(env, gw, {.holders = {alice, bob}});
src/test/app/EscrowToken_test.cpp:3811:                {.ownerCount = 1,
src/test/app/EscrowToken_test.cpp:3813:                 .flags = tfMPTCanEscrow | tfMPTCanTransfer});
src/test/app/EscrowToken_test.cpp:3816:            auto const MPT = mptGw["MPT"];
src/test/app/EscrowToken_test.cpp:3817:            env(pay(gw, alice, MPT(10'000)));
src/test/app/EscrowToken_test.cpp:3818:            env(pay(gw, bob, MPT(10'000)));
src/test/app/EscrowToken_test.cpp:3822:            env(escrow::create(alice, bob, MPT(10)),
src/test/app/EscrowToken_test.cpp:3828:            env(pay(alice, gw, MPT(10'000)), ter(tecPATH_PARTIAL));
src/test/app/EscrowToken_test.cpp:3829:            env(pay(alice, gw, MPT(9'990)));
src/test/app/EscrowToken_test.cpp:3830:            env(pay(bob, gw, MPT(10'000)));
src/test/app/EscrowToken_test.cpp:3831:            BEAST_EXPECT(env.balance(alice, MPT) == MPT(0));
src/test/app/EscrowToken_test.cpp:3832:            BEAST_EXPECT(mptEscrowed(env, alice, MPT) == 10);
src/test/app/EscrowToken_test.cpp:3833:            BEAST_EXPECT(env.balance(bob, MPT) == MPT(0));
src/test/app/EscrowToken_test.cpp:3834:            BEAST_EXPECT(mptEscrowed(env, bob, MPT) == 0);
src/test/app/EscrowToken_test.cpp:3835:            BEAST_EXPECT(env.balance(gw, MPT) == MPT(-10));
src/test/app/EscrowToken_test.cpp:3836:            mptGw.authorize({.account = bob, .flags = tfMPTUnauthorize});
src/test/app/EscrowToken_test.cpp:3839:                 .ownerCount = 1,
src/test/app/EscrowToken_test.cpp:3849:            env(pay(bob, gw, MPT(10)));
src/test/app/EscrowToken_test.cpp:3850:            mptGw.destroy({.id = mptGw.issuanceID(), .ownerCount = 0});
src/test/app/EscrowToken_test.cpp:3863:            MPTTester mptGw(env, gw, {.holders = {alice}});
src/test/app/EscrowToken_test.cpp:3865:                {.ownerCount = 1,
src/test/app/EscrowToken_test.cpp:3867:                 .flags = tfMPTCanEscrow | tfMPTCanTransfer});
src/test/app/EscrowToken_test.cpp:3869:            auto const MPT = mptGw["MPT"];
src/test/app/EscrowToken_test.cpp:3870:            env(pay(gw, alice, MPT(10'000)));
src/test/app/EscrowToken_test.cpp:3874:            env(escrow::create(alice, bob, MPT(10)),
src/test/app/EscrowToken_test.cpp:3881:            env(pay(alice, gw, MPT(9'990)));
src/test/app/EscrowToken_test.cpp:3884:            BEAST_EXPECT(env.balance(alice, MPT) == MPT(0));
src/test/app/EscrowToken_test.cpp:3885:            BEAST_EXPECT(mptEscrowed(env, alice, MPT) == 10);
src/test/app/EscrowToken_test.cpp:3888:                 .flags = tfMPTUnauthorize,
src/test/app/EscrowToken_test.cpp:3898:            BEAST_EXPECT(env.balance(alice, MPT) == MPT(0));
src/test/app/EscrowToken_test.cpp:3899:            BEAST_EXPECT(mptEscrowed(env, alice, MPT) == 0);
src/test/app/EscrowToken_test.cpp:3900:            mptGw.authorize({.account = alice, .flags = tfMPTUnauthorize});
src/test/app/EscrowToken_test.cpp:3901:            BEAST_EXPECT(!env.le(keylet::mptoken(MPT.mpt(), alice)));
src/test/app/EscrowToken_test.cpp:3928:    testMPTWithFeats(FeatureBitset features)
src/test/app/EscrowToken_test.cpp:3930:        testMPTEnablement(features);
src/test/app/EscrowToken_test.cpp:3931:        testMPTCreatePreflight(features);
src/test/app/EscrowToken_test.cpp:3932:        testMPTCreatePreclaim(features);
src/test/app/EscrowToken_test.cpp:3933:        testMPTFinishPreclaim(features);
src/test/app/EscrowToken_test.cpp:3934:        testMPTFinishDoApply(features);
src/test/app/EscrowToken_test.cpp:3935:        testMPTCancelPreclaim(features);
src/test/app/EscrowToken_test.cpp:3936:        testMPTBalances(features);
src/test/app/EscrowToken_test.cpp:3937:        testMPTMetaAndOwnership(features);
src/test/app/EscrowToken_test.cpp:3938:        testMPTGateway(features);
src/test/app/EscrowToken_test.cpp:3939:        testMPTLockedRate(features);
src/test/app/EscrowToken_test.cpp:3940:        testMPTRequireAuth(features);
src/test/app/EscrowToken_test.cpp:3941:        testMPTLock(features);
src/test/app/EscrowToken_test.cpp:3942:        testMPTCanTransfer(features);
src/test/app/EscrowToken_test.cpp:3943:        testMPTDestroy(features);
src/test/app/EscrowToken_test.cpp:3956:            testMPTWithFeats(feats);
src/test/app/EscrowToken_test.cpp:3957:            testMPTWithFeats(feats - fixTokenEscrowV1);
