src/test/app/TxQ_test.cpp:29:#include <xrpld/app/misc/TxQ.h>
src/test/app/TxQ_test.cpp:40:class TxQPosNegFlows_test : public beast::unit_test::suite
src/test/app/TxQ_test.cpp:42:    // Same as corresponding values from TxQ.h
src/test/app/TxQ_test.cpp:49:        auto metrics = env.app().getTxQ().getMetrics(*env.current());
src/test/app/TxQ_test.cpp:68:        auto const& metrics = env.app().getTxQ().getMetrics(view);
src/test/app/TxQ_test.cpp:73:    // This fee level is used to ensure we can place transaction into TxQ
src/test/app/TxQ_test.cpp:79:        auto const& txq = env.app().getTxQ();
src/test/app/TxQ_test.cpp:108:        std::uint32_t reserve,
src/test/app/TxQ_test.cpp:112:        // lowers the reserve fee. (It also activates all supported
src/test/app/TxQ_test.cpp:114:        // reserves and balances.
src/test/app/TxQ_test.cpp:119:        // pseudotransactions. The queue treats the fees on these
src/test/app/TxQ_test.cpp:130:        // Close the ledger with a delay, which causes all the TxQ
src/test/app/TxQ_test.cpp:137:        BEAST_EXPECT(fees.reserve == XRPAmount{reserve});
src/test/app/TxQ_test.cpp:149:        testcase("queue sequence");
src/test/app/TxQ_test.cpp:163:        auto queued = ter(terQUEUED);
src/test/app/TxQ_test.cpp:173:        env(noop(alice), queued);
src/test/app/TxQ_test.cpp:181:        env(noop(daria), fee(baseFee * 100), queued);
src/test/app/TxQ_test.cpp:190:        // Make some more accounts. We'll need them later to abuse the queue.
src/test/app/TxQ_test.cpp:195:        env(noop(alice), fee(baseFee * 1.2), queued);
src/test/app/TxQ_test.cpp:198:        env(noop(bob), fee(baseFee), queued);  // won't clear the queue
src/test/app/TxQ_test.cpp:199:        env(noop(charlie), fee(baseFee * 2), queued);
src/test/app/TxQ_test.cpp:200:        env(noop(daria), fee(baseFee * 1.5), queued);
src/test/app/TxQ_test.cpp:201:        env(noop(elmo), fee(baseFee * 1.1), queued);
src/test/app/TxQ_test.cpp:202:        env(noop(fred), fee(baseFee * 1.9), queued);
src/test/app/TxQ_test.cpp:203:        env(noop(gwen), fee(baseFee * 1.6), queued);
src/test/app/TxQ_test.cpp:204:        env(noop(hank), fee(baseFee * 1.8), queued);
src/test/app/TxQ_test.cpp:211:        // Bob's transaction is still stuck in the queue.
src/test/app/TxQ_test.cpp:216:        env(noop(hank), fee(baseFee), queued);
src/test/app/TxQ_test.cpp:217:        // But he's not going to leave it in the queue
src/test/app/TxQ_test.cpp:221:        // but doesn't even bump it enough to requeue
src/test/app/TxQ_test.cpp:226:        // enough to requeue, but doesn't bump it enough to
src/test/app/TxQ_test.cpp:228:        env(noop(hank), fee(baseFee * 600), queued);
src/test/app/TxQ_test.cpp:229:        // But he's not going to leave it in the queue
src/test/app/TxQ_test.cpp:241:        env(noop(hank), fee(baseFee * 2), queued);
src/test/app/TxQ_test.cpp:254:        // to reset the queue maxsize down to minimum
src/test/app/TxQ_test.cpp:263:        // Stuff the ledger and queue so we can verify that
src/test/app/TxQ_test.cpp:273:        // This one gets into the queue, but gets dropped when the
src/test/app/TxQ_test.cpp:275:        env(noop(daria), fee(baseFee * 1.5), queued);
src/test/app/TxQ_test.cpp:276:        // These stay in the queue.
src/test/app/TxQ_test.cpp:277:        env(noop(elmo), fee(baseFee * 1.6), queued);
src/test/app/TxQ_test.cpp:278:        env(noop(fred), fee(baseFee * 1.7), queued);
src/test/app/TxQ_test.cpp:279:        env(noop(gwen), fee(baseFee * 1.8), queued);
src/test/app/TxQ_test.cpp:280:        env(noop(hank), fee(baseFee * 1.9), queued);
src/test/app/TxQ_test.cpp:281:        env(noop(alice), fee(baseFee * 2.0), queued);
src/test/app/TxQ_test.cpp:288:        // it should fail because the queue is full.
src/test/app/TxQ_test.cpp:293:        // enough to get into the queue (and kick somebody out)
src/test/app/TxQ_test.cpp:294:        env(noop(charlie), fee(baseFee * 10), queued);
src/test/app/TxQ_test.cpp:302:        // queue is cleared, then the localTxs are retried. At this
src/test/app/TxQ_test.cpp:303:        // point, daria's transaction that was dropped from the queue
src/test/app/TxQ_test.cpp:315:        // Attempt to put a transaction in the queue for an account
src/test/app/TxQ_test.cpp:323:        env(pay(alice, iris, XRP(1000)), queued);
src/test/app/TxQ_test.cpp:337:        // we can be sure that there's one in the queue when the
src/test/app/TxQ_test.cpp:338:        // test ends and the TxQ is destructed.
src/test/app/TxQ_test.cpp:340:        auto metrics = env.app().getTxQ().getMetrics(*env.current());
src/test/app/TxQ_test.cpp:350:        env(noop(env.master), fee(baseFee * 2), queued);
src/test/app/TxQ_test.cpp:366:        testcase("queue ticket");
src/test/app/TxQ_test.cpp:372:        auto queued = ter(terQUEUED);
src/test/app/TxQ_test.cpp:386:        // Alice requests tickets, but that transaction is queued.  So
src/test/app/TxQ_test.cpp:387:        // Alice can't queue ticketed transactions yet.
src/test/app/TxQ_test.cpp:389:        env(ticket::create(alice, 250), seq(tkt1 - 1), queued);
src/test/app/TxQ_test.cpp:403:        // Unlike queued sequence-based transactions, ticket-based
src/test/app/TxQ_test.cpp:404:        // transactions _do_ move out of the queue largest fee first,
src/test/app/TxQ_test.cpp:413:        env(noop(alice), ticket::use(tkt1 + 5), fee(baseFee * 1.5), queued);
src/test/app/TxQ_test.cpp:415:        env(noop(alice), ticket::use(tkt1 + 6), fee(baseFee * 1.6), queued);
src/test/app/TxQ_test.cpp:416:        env(noop(alice), ticket::use(tkt1 + 7), fee(baseFee * 1.7), queued);
src/test/app/TxQ_test.cpp:417:        env(noop(alice), ticket::use(tkt1 + 8), fee(baseFee * 1.8), queued);
src/test/app/TxQ_test.cpp:418:        env(noop(alice), ticket::use(tkt1 + 9), fee(baseFee * 1.9), queued);
src/test/app/TxQ_test.cpp:419:        env(noop(alice), ticket::use(tkt1 + 10), fee(baseFee * 2.0), queued);
src/test/app/TxQ_test.cpp:420:        env(noop(alice), ticket::use(tkt1 + 11), fee(baseFee * 2.1), queued);
src/test/app/TxQ_test.cpp:421:        env(noop(alice), ticket::use(tkt1 + 12), fee(baseFee * 2.2), queued);
src/test/app/TxQ_test.cpp:428:        // Check which of the queued transactions got into the ledger by
src/test/app/TxQ_test.cpp:431:        //  o Get telCAN_NOT_QUEUE_FEE if the transaction is still in the queue.
src/test/app/TxQ_test.cpp:441:        // These two are still in the TxQ:
src/test/app/TxQ_test.cpp:445:        // These six were moved from the queue into the open ledger
src/test/app/TxQ_test.cpp:455:        // the queue.
src/test/app/TxQ_test.cpp:463:        // into the queue while there are ticket-based transactions
src/test/app/TxQ_test.cpp:464:        // already in the queue.
src/test/app/TxQ_test.cpp:466:        // Alice still has three ticket-based transactions in the queue.
src/test/app/TxQ_test.cpp:468:        // transactions will go straight to the queue.
src/test/app/TxQ_test.cpp:472:        env(noop(alice), seq(nextSeq + 0), queued);
src/test/app/TxQ_test.cpp:474:        // Now that nextSeq is in the queue, we should be able to queue
src/test/app/TxQ_test.cpp:476:        env(noop(alice), seq(nextSeq + 1), queued);
src/test/app/TxQ_test.cpp:478:        // Fill the queue with sequence-based transactions.  When the
src/test/app/TxQ_test.cpp:480:        // transactions gone from the queue (because they had the
src/test/app/TxQ_test.cpp:482:        // transactions should also be gone from the queue.
src/test/app/TxQ_test.cpp:483:        env(noop(alice), seq(nextSeq + 2), queued);
src/test/app/TxQ_test.cpp:484:        env(noop(alice), seq(nextSeq + 3), queued);
src/test/app/TxQ_test.cpp:485:        env(noop(alice), seq(nextSeq + 4), queued);
src/test/app/TxQ_test.cpp:486:        env(noop(alice), seq(nextSeq + 5), queued);
src/test/app/TxQ_test.cpp:487:        env(noop(alice), seq(nextSeq + 6), queued);
src/test/app/TxQ_test.cpp:491:        // Check which of the queued transactions got into the ledger by
src/test/app/TxQ_test.cpp:494:        //  o Get tefPAST_SEQ if the sequence moved out of the queue.
src/test/app/TxQ_test.cpp:496:        //    the queue.
src/test/app/TxQ_test.cpp:508:        // the queue.
src/test/app/TxQ_test.cpp:523:        // to the queue in any order.  We should do that...
src/test/app/TxQ_test.cpp:525:        env(noop(alice), ticket::use(tkt250 - 0), fee(baseFee * 3.0), queued);
src/test/app/TxQ_test.cpp:526:        env(noop(alice), ticket::use(tkt1 + 14), fee(baseFee * 2.9), queued);
src/test/app/TxQ_test.cpp:527:        env(noop(alice), ticket::use(tkt250 - 1), fee(baseFee * 2.8), queued);
src/test/app/TxQ_test.cpp:528:        env(noop(alice), ticket::use(tkt1 + 15), fee(baseFee * 2.7), queued);
src/test/app/TxQ_test.cpp:529:        env(noop(alice), ticket::use(tkt250 - 2), fee(baseFee * 2.6), queued);
src/test/app/TxQ_test.cpp:530:        env(noop(alice), ticket::use(tkt1 + 16), fee(baseFee * 2.5), queued);
src/test/app/TxQ_test.cpp:553:        // These three ticket-based transactions escaped the queue.
src/test/app/TxQ_test.cpp:558:        // But these four ticket-based transactions are in the queue
src/test/app/TxQ_test.cpp:559:        // now; they moved into the TxQ from local transactions.
src/test/app/TxQ_test.cpp:565:        // These three ticket-based transactions also escaped the queue.
src/test/app/TxQ_test.cpp:570:        // These sequence-based transactions escaped the queue.
src/test/app/TxQ_test.cpp:574:        // But these sequence-based transactions are still stuck in the queue.
src/test/app/TxQ_test.cpp:583:        // Since we still have two ticket-based transactions in the queue
src/test/app/TxQ_test.cpp:594:            queued);
src/test/app/TxQ_test.cpp:604:            queued);
src/test/app/TxQ_test.cpp:609:        // Verify that all remaining transactions made it out of the TxQ.
src/test/app/TxQ_test.cpp:625:        testcase("queue tec");
src/test/app/TxQ_test.cpp:648:        // Alice creates an unfunded offer that goes in the queue
src/test/app/TxQ_test.cpp:649:        env(offer(alice, XRP(1000), USD(1000)), ter(terQUEUED));
src/test/app/TxQ_test.cpp:652:        // The offer comes out of the queue
src/test/app/TxQ_test.cpp:670:        auto queued = ter(terQUEUED);
src/test/app/TxQ_test.cpp:687:        env(noop(alice), queued);
src/test/app/TxQ_test.cpp:690:        // Alice - sequence is too far ahead, so won't queue.
src/test/app/TxQ_test.cpp:699:        env(noop(charlie), fee(baseFee * 100), queued);
src/test/app/TxQ_test.cpp:703:        env(noop(alice), seq(env.seq(alice) + 1), queued);
src/test/app/TxQ_test.cpp:729:        auto queued = ter(terQUEUED);
src/test/app/TxQ_test.cpp:734:        // Fund across several ledgers so the TxQ metrics stay restricted.
src/test/app/TxQ_test.cpp:749:        // Fail to queue an item with a low LastLedgerSeq
src/test/app/TxQ_test.cpp:752:        env(noop(alice), last_ledger_seq(8), queued);
src/test/app/TxQ_test.cpp:759:        env(noop(bob), fee(largeFee), queued);
src/test/app/TxQ_test.cpp:760:        env(noop(charlie), fee(largeFee), queued);
src/test/app/TxQ_test.cpp:761:        env(noop(daria), fee(largeFee), queued);
src/test/app/TxQ_test.cpp:762:        env(noop(edgar), fee(largeFee), queued);
src/test/app/TxQ_test.cpp:765:            auto& txQ = env.app().getTxQ();
src/test/app/TxQ_test.cpp:790:        env(noop(bob), fee(largeFee), queued);
src/test/app/TxQ_test.cpp:791:        env(noop(charlie), fee(largeFee), queued);
src/test/app/TxQ_test.cpp:792:        env(noop(daria), fee(largeFee), queued);
src/test/app/TxQ_test.cpp:793:        env(noop(edgar), fee(largeFee), queued);
src/test/app/TxQ_test.cpp:794:        env(noop(felicia), fee(largeFee - 1), queued);
src/test/app/TxQ_test.cpp:808:        env(noop(bob), fee(anotherLargeFee), queued);
src/test/app/TxQ_test.cpp:809:        env(noop(charlie), fee(anotherLargeFee), queued);
src/test/app/TxQ_test.cpp:810:        env(noop(daria), fee(anotherLargeFee), queued);
src/test/app/TxQ_test.cpp:811:        env(noop(daria), fee(anotherLargeFee), seq(env.seq(daria) + 1), queued);
src/test/app/TxQ_test.cpp:812:        env(noop(edgar), fee(anotherLargeFee), queued);
src/test/app/TxQ_test.cpp:813:        env(noop(felicia), fee(anotherLargeFee - 1), queued);
src/test/app/TxQ_test.cpp:814:        env(noop(felicia), fee(anotherLargeFee - 1), seq(env.seq(felicia) + 1), queued);
src/test/app/TxQ_test.cpp:821:        // though one of felicia's is still in the queue.
src/test/app/TxQ_test.cpp:829:        // And now the queue is empty
src/test/app/TxQ_test.cpp:850:        auto queued = ter(terQUEUED);
src/test/app/TxQ_test.cpp:855:        // Fund across several ledgers so the TxQ metrics stay restricted.
src/test/app/TxQ_test.cpp:867:        env(noop(bob), queued);
src/test/app/TxQ_test.cpp:870:        // Since Alice's queue is empty this blocker can go into her queue.
src/test/app/TxQ_test.cpp:871:        env(regkey(alice, bob), fee(0), queued);
src/test/app/TxQ_test.cpp:886:            env(noop(alice), fee(feeAlice), seq(seqAlice), queued);
src/test/app/TxQ_test.cpp:892:        // Bob adds a zero fee blocker to his queue.
src/test/app/TxQ_test.cpp:894:        env(regkey(bob, alice), fee(0), queued);
src/test/app/TxQ_test.cpp:897:        // Carol fills the queue.
src/test/app/TxQ_test.cpp:902:            env(noop(carol), fee(feeCarol), seq(seqCarol), queued);
src/test/app/TxQ_test.cpp:911:        // out Bob's queued transaction.  However Bob's transaction stays
src/test/app/TxQ_test.cpp:912:        // in the localTx queue, so it will return to the TxQ next time
src/test/app/TxQ_test.cpp:914:        env(noop(carol), fee(feeCarol), seq(seqCarol), ter(terQUEUED));
src/test/app/TxQ_test.cpp:917:        // Some of Alice's transactions stay in the queue.  Bob's
src/test/app/TxQ_test.cpp:918:        // transaction returns to the TxQ.
src/test/app/TxQ_test.cpp:925:        // The remaining queued transactions flush through to the ledger.
src/test/app/TxQ_test.cpp:952:        // this verifies that TxQ handles the failures as
src/test/app/TxQ_test.cpp:969:        testcase("queued tx fails");
src/test/app/TxQ_test.cpp:976:        auto queued = ter(terQUEUED);
src/test/app/TxQ_test.cpp:988:        // Put a transaction in the queue
src/test/app/TxQ_test.cpp:989:        env(noop(alice), queued);
src/test/app/TxQ_test.cpp:992:        // Now cheat, and bypass the queue.
src/test/app/TxQ_test.cpp:1011:        // Alice's queued transaction failed in TxQ::accept
src/test/app/TxQ_test.cpp:1026:                {{"account_reserve", "200"}, {"owner_reserve", "50"}}));
src/test/app/TxQ_test.cpp:1033:        auto queued = ter(terQUEUED);
src/test/app/TxQ_test.cpp:1037:        // ledgers in queue is 2 because of makeConfig
src/test/app/TxQ_test.cpp:1046:        env(noop(alice), fee(11), queued);
src/test/app/TxQ_test.cpp:1053:        // Alice - try to queue a second transaction, but leave a gap
src/test/app/TxQ_test.cpp:1057:        // Alice - queue a second transaction. Yay!
src/test/app/TxQ_test.cpp:1058:        env(noop(alice), seq(aliceSeq + 1), fee(13), queued);
src/test/app/TxQ_test.cpp:1061:        // Alice - queue a third transaction. Yay.
src/test/app/TxQ_test.cpp:1062:        env(noop(alice), seq(aliceSeq + 2), fee(17), queued);
src/test/app/TxQ_test.cpp:1065:        // Bob - queue a transaction
src/test/app/TxQ_test.cpp:1066:        env(noop(bob), queued);
src/test/app/TxQ_test.cpp:1069:        // Bob - queue a second transaction
src/test/app/TxQ_test.cpp:1070:        env(noop(bob), seq(bobSeq + 1), fee(50), queued);
src/test/app/TxQ_test.cpp:1073:        // Charlie - queue a transaction, with a higher fee
src/test/app/TxQ_test.cpp:1075:        env(noop(charlie), fee(15), queued);
src/test/app/TxQ_test.cpp:1083:        // Verify that all of but one of the queued transactions
src/test/app/TxQ_test.cpp:1094:        // Alice - fill up the queue
src/test/app/TxQ_test.cpp:1104:                queued);
src/test/app/TxQ_test.cpp:1109:            auto& txQ = env.app().getTxQ();
src/test/app/TxQ_test.cpp:1123:                     tx.consequences.potentialSpend() == drops(0) &&
src/test/app/TxQ_test.cpp:1130:        // Alice attempts to add another item to the queue,
src/test/app/TxQ_test.cpp:1132:        // queue.
src/test/app/TxQ_test.cpp:1140:        // Charlie - try to add another item to the queue,
src/test/app/TxQ_test.cpp:1142:        // queued average.
src/test/app/TxQ_test.cpp:1146:        // Charlie - add another item to the queue, which
src/test/app/TxQ_test.cpp:1148:        env(noop(charlie), fee(30), queued);
src/test/app/TxQ_test.cpp:1151:        // Alice - now attempt to add one more to the queue,
src/test/app/TxQ_test.cpp:1158:        // so resubmits with higher fee, but the queue
src/test/app/TxQ_test.cpp:1166:        // Try to replace a middle item in the queue
src/test/app/TxQ_test.cpp:1176:        // Replace a middle item from the queue successfully
src/test/app/TxQ_test.cpp:1178:        env(noop(alice), seq(aliceSeq), fee(aliceFee), queued);
src/test/app/TxQ_test.cpp:1184:        // added back to the queue.
src/test/app/TxQ_test.cpp:1191:        // more than the minimum reserve in flight before the
src/test/app/TxQ_test.cpp:1192:        // last queued transaction
src/test/app/TxQ_test.cpp:1206:        // Replace the last queued item with a transaction that will
src/test/app/TxQ_test.cpp:1209:        env(noop(alice), seq(aliceSeq), fee(aliceFee), queued);
src/test/app/TxQ_test.cpp:1212:        // Alice - Attempt to queue a last transaction, but it
src/test/app/TxQ_test.cpp:1234:        // Bob tries to queue up more than the single
src/test/app/TxQ_test.cpp:1240:            env(noop(bob), seq(bobSeq + i), queued);
src/test/app/TxQ_test.cpp:1247:        env(noop(bob), seq(bobSeq + 5), fee(20), queued);
src/test/app/TxQ_test.cpp:1250:        // Try to replace a middle item in the queue
src/test/app/TxQ_test.cpp:1261:        // Attempt to replace a middle item in the queue with enough fee
src/test/app/TxQ_test.cpp:1266:        // (artificially lowered to 200 drops) account reserve.
src/test/app/TxQ_test.cpp:1275:        // Close the ledger and verify that the queued transactions succeed
src/test/app/TxQ_test.cpp:1304:        auto queued = ter(terQUEUED);
src/test/app/TxQ_test.cpp:1325:        // Stuff the ledger and queue so we can verify that
src/test/app/TxQ_test.cpp:1345:        // All of these get into the queue, but one gets dropped when the
src/test/app/TxQ_test.cpp:1347:        env(noop(alice), fee(15), queued);
src/test/app/TxQ_test.cpp:1348:        env(noop(bob), fee(15), queued);
src/test/app/TxQ_test.cpp:1349:        env(noop(charlie), fee(15), queued);
src/test/app/TxQ_test.cpp:1350:        env(noop(daria), fee(15), queued);
src/test/app/TxQ_test.cpp:1351:        env(noop(elmo), fee(15), queued);
src/test/app/TxQ_test.cpp:1352:        env(noop(fred), fee(15), queued);
src/test/app/TxQ_test.cpp:1353:        env(noop(gwen), fee(15), queued);
src/test/app/TxQ_test.cpp:1354:        env(noop(hank), fee(15), queued);
src/test/app/TxQ_test.cpp:1357:        // lowest fee in the queue.
src/test/app/TxQ_test.cpp:1368:        // enough to get into the queue (and kick somebody out)
src/test/app/TxQ_test.cpp:1369:        env(noop(charlie), fee(100), seq(charlieSeq + 1), queued);
src/test/app/TxQ_test.cpp:1374:        // Six txs are processed out of the queue into the ledger,
src/test/app/TxQ_test.cpp:1376:        // put back into the queue.
src/test/app/TxQ_test.cpp:1387:        // These tests may change if TxQ ordering is changed
src/test/app/TxQ_test.cpp:1422:        // Which sequences get incremented may change if TxQ ordering is
src/test/app/TxQ_test.cpp:1434:            auto const txs = env.app().getTxQ().getTxs();
src/test/app/TxQ_test.cpp:1445:        // Fill up the queue again
src/test/app/TxQ_test.cpp:1449:            queued);
src/test/app/TxQ_test.cpp:1450:        env(noop(bob), seq(bobSeq + qTxCount1[bob.id()]++), fee(15), queued);
src/test/app/TxQ_test.cpp:1454:            queued);
src/test/app/TxQ_test.cpp:1458:            queued);
src/test/app/TxQ_test.cpp:1459:        env(noop(elmo), seq(elmoSeq + qTxCount1[elmo.id()]++), fee(15), queued);
src/test/app/TxQ_test.cpp:1460:        env(noop(fred), seq(fredSeq + qTxCount1[fred.id()]++), fee(15), queued);
src/test/app/TxQ_test.cpp:1461:        env(noop(gwen), seq(gwenSeq + qTxCount1[gwen.id()]++), fee(15), queued);
src/test/app/TxQ_test.cpp:1468:        // enough to get into the queue (and kick somebody out)
src/test/app/TxQ_test.cpp:1472:            queued);
src/test/app/TxQ_test.cpp:1476:        // Seven txs are processed out of the queue, leaving 3. One
src/test/app/TxQ_test.cpp:1478:        // queue.
src/test/app/TxQ_test.cpp:1482:        // Refresh the queue counts
src/test/app/TxQ_test.cpp:1493:        // These tests may change if TxQ ordering is changed
src/test/app/TxQ_test.cpp:1550:        env(fset(alice, asfAccountTxnID));
src/test/app/TxQ_test.cpp:1553:        // Immediately after the fset, the sfAccountTxnID field
src/test/app/TxQ_test.cpp:1555:        // and this txn fails because it can't be stored in the queue.
src/test/app/TxQ_test.cpp:1557:            json(R"({"AccountTxnID": "0"})"),
src/test/app/TxQ_test.cpp:1569:        env(noop(alice), json(R"({"AccountTxnID": "0"})"), ter(tefWRONG_PRIOR));
src/test/app/TxQ_test.cpp:1698:                {{"account_reserve", "200"}, {"owner_reserve", "50"}}));
src/test/app/TxQ_test.cpp:1703:        auto queued = ter(terQUEUED);
src/test/app/TxQ_test.cpp:1705:        // ledgers in queue is 2 because of makeConfig
src/test/app/TxQ_test.cpp:1728:        env(noop(alice), seq(aliceSeq++), queued);
src/test/app/TxQ_test.cpp:1729:        env(noop(alice), seq(aliceSeq++), queued);
src/test/app/TxQ_test.cpp:1730:        env(noop(alice), seq(aliceSeq++), queued);
src/test/app/TxQ_test.cpp:1731:        env(noop(alice), fee(drops(1000)), seq(aliceSeq), queued);
src/test/app/TxQ_test.cpp:1735:        // up to Alice's reserve.
src/test/app/TxQ_test.cpp:1765:            stuck in the queue. Eventually it will either
src/test/app/TxQ_test.cpp:1794:        auto queued = ter(terQUEUED);
src/test/app/TxQ_test.cpp:1805:            // Cannot put a blocker in an account's queue if that queue
src/test/app/TxQ_test.cpp:1814:            // Put two "normal" txs in the queue
src/test/app/TxQ_test.cpp:1816:            env(noop(alice), seq(aliceSeq + 0), queued);
src/test/app/TxQ_test.cpp:1817:            env(noop(alice), seq(aliceSeq + 1), queued);
src/test/app/TxQ_test.cpp:1819:            // Can't replace either queued transaction with a blocker
src/test/app/TxQ_test.cpp:1820:            env(fset(alice, asfAccountTxnID),
src/test/app/TxQ_test.cpp:1830:            // Can't append a blocker to the queue.
src/test/app/TxQ_test.cpp:1837:            env(noop(bob), queued);
src/test/app/TxQ_test.cpp:1840:            // Drain the queue.
src/test/app/TxQ_test.cpp:1847:            // Fill up the open ledger and put just one entry in the TxQ.
src/test/app/TxQ_test.cpp:1851:            env(noop(alice), seq(aliceSeq + 0), queued);
src/test/app/TxQ_test.cpp:1853:            // Since there's only one entry in the queue we can replace
src/test/app/TxQ_test.cpp:1858:                queued);
src/test/app/TxQ_test.cpp:1860:            // Now that there's a blocker in the queue we can't append to
src/test/app/TxQ_test.cpp:1861:            // the queue.
src/test/app/TxQ_test.cpp:1865:            env(noop(bob), queued);
src/test/app/TxQ_test.cpp:1871:                queued);
src/test/app/TxQ_test.cpp:1873:            // Prove that the queue is still blocked.
src/test/app/TxQ_test.cpp:1877:            // successfully append to the queue.
src/test/app/TxQ_test.cpp:1878:            env(noop(alice), seq(aliceSeq + 0), fee(baseFee * 3.3), queued);
src/test/app/TxQ_test.cpp:1879:            env(noop(alice), seq(aliceSeq + 1), queued);
src/test/app/TxQ_test.cpp:1881:            // Drain the queue.
src/test/app/TxQ_test.cpp:1886:            // Put a blocker in an empty queue.
src/test/app/TxQ_test.cpp:1889:            // entry in the (empty) TxQ.
src/test/app/TxQ_test.cpp:1895:            env(fset(alice, asfAccountTxnID), seq(aliceSeq + 0), queued);
src/test/app/TxQ_test.cpp:1897:            // Since there's a blocker in the queue we can't append to
src/test/app/TxQ_test.cpp:1898:            // the queue.
src/test/app/TxQ_test.cpp:1902:            env(noop(bob), queued);
src/test/app/TxQ_test.cpp:1905:            // successfully append to the queue.
src/test/app/TxQ_test.cpp:1906:            env(noop(alice), seq(aliceSeq + 0), fee(baseFee * 2), queued);
src/test/app/TxQ_test.cpp:1907:            env(noop(alice), seq(aliceSeq + 1), queued);
src/test/app/TxQ_test.cpp:1909:            // Drain the queue.
src/test/app/TxQ_test.cpp:1926:        auto queued = ter(terQUEUED);
src/test/app/TxQ_test.cpp:1940:            // Cannot put a blocker in an account's queue if that queue
src/test/app/TxQ_test.cpp:1949:            // Put two "normal" txs in the queue
src/test/app/TxQ_test.cpp:1951:            env(noop(alice), ticket::use(tkt + 2), queued);
src/test/app/TxQ_test.cpp:1952:            env(noop(alice), ticket::use(tkt + 1), queued);
src/test/app/TxQ_test.cpp:1954:            // Can't replace either queued transaction with a blocker
src/test/app/TxQ_test.cpp:1955:            env(fset(alice, asfAccountTxnID),
src/test/app/TxQ_test.cpp:1965:            // Can't append a blocker to the queue.
src/test/app/TxQ_test.cpp:1976:            env(noop(bob), queued);
src/test/app/TxQ_test.cpp:1979:            // Drain the queue and local transactions.
src/test/app/TxQ_test.cpp:1993:            // Put just one entry in the TxQ.
src/test/app/TxQ_test.cpp:1995:            env(noop(alice), ticket::use(tkt + 0), queued);
src/test/app/TxQ_test.cpp:1997:            // Since there's an entry in the queue we cannot append a
src/test/app/TxQ_test.cpp:1998:            // blocker to the account's queue.
src/test/app/TxQ_test.cpp:2011:                queued);
src/test/app/TxQ_test.cpp:2013:            // Now that there's a blocker in the queue we can't append to
src/test/app/TxQ_test.cpp:2014:            // the queue.
src/test/app/TxQ_test.cpp:2021:            env(noop(bob), queued);
src/test/app/TxQ_test.cpp:2027:                queued);
src/test/app/TxQ_test.cpp:2029:            // Prove that the queue is still blocked.
src/test/app/TxQ_test.cpp:2036:            // successfully append to the queue.
src/test/app/TxQ_test.cpp:2037:            env(noop(alice), ticket::use(tkt + 0), fee(baseFee * 3.3), queued);
src/test/app/TxQ_test.cpp:2038:            env(noop(alice), ticket::use(tkt + 1), queued);
src/test/app/TxQ_test.cpp:2039:            env(noop(alice), seq(aliceSeq), queued);
src/test/app/TxQ_test.cpp:2041:            // Drain the queue.
src/test/app/TxQ_test.cpp:2052:            // Put a blocker in an empty queue.
src/test/app/TxQ_test.cpp:2055:            // entry in the (empty) TxQ.
src/test/app/TxQ_test.cpp:2059:            env(fset(alice, asfAccountTxnID), ticket::use(tkt + 2), queued);
src/test/app/TxQ_test.cpp:2061:            // Since there's a blocker in the queue we can't append to
src/test/app/TxQ_test.cpp:2062:            // the queue.
src/test/app/TxQ_test.cpp:2068:            env(noop(bob), queued);
src/test/app/TxQ_test.cpp:2071:            // successfully append to the queue.
src/test/app/TxQ_test.cpp:2072:            env(noop(alice), ticket::use(tkt + 2), fee(baseFee * 2), queued);
src/test/app/TxQ_test.cpp:2073:            env(noop(alice), ticket::use(tkt + 1), queued);
src/test/app/TxQ_test.cpp:2075:            // Drain the queue.
src/test/app/TxQ_test.cpp:2091:                {{"account_reserve", "200"}, {"owner_reserve", "50"}}));
src/test/app/TxQ_test.cpp:2097:        auto queued = ter(terQUEUED);
src/test/app/TxQ_test.cpp:2099:        // Set the fee reserves _really_ low so transactions with fees
src/test/app/TxQ_test.cpp:2100:        // in the ballpark of the reserves can be queued. With default
src/test/app/TxQ_test.cpp:2101:        // reserves, a couple hundred transactions would have to be
src/test/app/TxQ_test.cpp:2102:        // queued before the open ledger fee approached the reserve,
src/test/app/TxQ_test.cpp:2104:        // ledgers in queue is 2 because of makeConfig
src/test/app/TxQ_test.cpp:2125:        // XRP will be taken (except the reserve).
src/test/app/TxQ_test.cpp:2126:        env(offer(alice, BUX(5000), XRP(50000)), queued);
src/test/app/TxQ_test.cpp:2129:        // But because the reserve is protected, another
src/test/app/TxQ_test.cpp:2130:        // transaction will be allowed to queue
src/test/app/TxQ_test.cpp:2131:        env(noop(alice), seq(aliceSeq + 1), queued);
src/test/app/TxQ_test.cpp:2154:        // Alice creates an offer with a fee of half the reserve
src/test/app/TxQ_test.cpp:2155:        env(offer(alice, BUX(5000), XRP(50000)), fee(drops(100)), queued);
src/test/app/TxQ_test.cpp:2159:        // that brings the total to just shy of the reserve
src/test/app/TxQ_test.cpp:2160:        env(noop(alice), fee(drops(99)), seq(aliceSeq + 1), queued);
src/test/app/TxQ_test.cpp:2191:        // Alice creates an offer with a fee larger than the reserve
src/test/app/TxQ_test.cpp:2192:        // This one can queue because it's the first in the queue for alice
src/test/app/TxQ_test.cpp:2193:        env(offer(alice, BUX(5000), XRP(50000)), fee(drops(300)), queued);
src/test/app/TxQ_test.cpp:2224:        env(offer(alice, BUX(50), XRP(500)), queued);
src/test/app/TxQ_test.cpp:2227:        env(noop(alice), seq(aliceSeq + 1), queued);
src/test/app/TxQ_test.cpp:2251:        // (minus the reserve).
src/test/app/TxQ_test.cpp:2252:        env(pay(alice, charlie, XRP(50000)), queued);
src/test/app/TxQ_test.cpp:2254:        // But because the reserve is protected, another
src/test/app/TxQ_test.cpp:2255:        // transaction will be allowed to queue
src/test/app/TxQ_test.cpp:2256:        env(noop(alice), seq(aliceSeq + 1), queued);
src/test/app/TxQ_test.cpp:2278:        env(pay(alice, charlie, XRP(500)), queued);
src/test/app/TxQ_test.cpp:2281:        env(noop(alice), seq(aliceSeq + 1), queued);
src/test/app/TxQ_test.cpp:2317:        env(pay(alice, charlie, amount), queued);
src/test/app/TxQ_test.cpp:2321:        env(noop(alice), seq(aliceSeq + 1), queued);
src/test/app/TxQ_test.cpp:2357:        env(pay(alice, charlie, USD(1000)), sendmax(XRP(60000)), queued);
src/test/app/TxQ_test.cpp:2359:        // But because the reserve is protected, another
src/test/app/TxQ_test.cpp:2360:        // transaction will be allowed to queue
src/test/app/TxQ_test.cpp:2361:        env(noop(alice), seq(aliceSeq + 1), queued);
src/test/app/TxQ_test.cpp:2392:        env(pay(alice, charlie, USD(500)), sendmax(XRP(6000)), queued);
src/test/app/TxQ_test.cpp:2395:        env(noop(alice), seq(aliceSeq + 1), queued);
src/test/app/TxQ_test.cpp:2412:        // Edge case: what happens if the balance is below the reserve?
src/test/app/TxQ_test.cpp:2423:        env(noop(alice), fee(drops(25)), queued);
src/test/app/TxQ_test.cpp:2458:            BEAST_EXPECT(pf.consequences.potentialSpend() == XRP(0));
src/test/app/TxQ_test.cpp:2475:            BEAST_EXPECT(pf.consequences.potentialSpend() == XRP(0));
src/test/app/TxQ_test.cpp:2489:            BEAST_EXPECT(pf.consequences.potentialSpend() == XRP(0));
src/test/app/TxQ_test.cpp:2496:        // It is possible for an account to be present in the queue but have
src/test/app/TxQ_test.cpp:2497:        // no queued transactions.  This has been the source of at least one
src/test/app/TxQ_test.cpp:2499:        // account was present in the queue then it also had at least one
src/test/app/TxQ_test.cpp:2500:        // queued transaction.
src/test/app/TxQ_test.cpp:2505:        testcase("acct in queue but empty");
src/test/app/TxQ_test.cpp:2511:        auto queued = ter(terQUEUED);
src/test/app/TxQ_test.cpp:2530:        // Charlie with low fee: queued
src/test/app/TxQ_test.cpp:2531:        env(noop(charlie), fee(baseFee * 100), queued);
src/test/app/TxQ_test.cpp:2535:        // Verify that the queued transaction was applied
src/test/app/TxQ_test.cpp:2540:        // Stuff the ledger and queue so we can verify that
src/test/app/TxQ_test.cpp:2551:        // This one gets into the queue, but gets dropped when the
src/test/app/TxQ_test.cpp:2554:        env(noop(charlie), fee(baseFee * 1.5), seq(charlieSeq), queued);
src/test/app/TxQ_test.cpp:2557:        // These stay in the queue.
src/test/app/TxQ_test.cpp:2561:        env(noop(alice), fee(baseFee * 1.6), seq(aliceSeq++), queued);
src/test/app/TxQ_test.cpp:2562:        env(noop(bob), fee(baseFee * 1.6), seq(bobSeq++), queued);
src/test/app/TxQ_test.cpp:2563:        env(noop(alice), fee(baseFee * 1.7), seq(aliceSeq++), queued);
src/test/app/TxQ_test.cpp:2564:        env(noop(bob), fee(baseFee * 1.7), seq(bobSeq++), queued);
src/test/app/TxQ_test.cpp:2565:        env(noop(alice), fee(baseFee * 1.8), seq(aliceSeq++), queued);
src/test/app/TxQ_test.cpp:2566:        env(noop(bob), fee(baseFee * 1.9), seq(bobSeq++), queued);
src/test/app/TxQ_test.cpp:2567:        env(noop(alice), fee(baseFee * 2), seq(aliceSeq++), queued);
src/test/app/TxQ_test.cpp:2568:        env(noop(bob), fee(baseFee * 2), seq(bobSeq++), queued);
src/test/app/TxQ_test.cpp:2569:        env(noop(alice), fee(baseFee * 2.1), seq(aliceSeq++), queued);
src/test/app/TxQ_test.cpp:2575:        // it should fail because the queue is full.
src/test/app/TxQ_test.cpp:2580:        // enough to get into the queue (and kick Charlie's out)
src/test/app/TxQ_test.cpp:2581:        env(noop(bob), fee(baseFee * 2.2), seq(bobSeq++), queued);
src/test/app/TxQ_test.cpp:2587:        // transaction for Charlie (who's in the queue, but has no queued
src/test/app/TxQ_test.cpp:2625:            BEAST_EXPECT(result.isMember(jss::current_queue_size));
src/test/app/TxQ_test.cpp:2627:            BEAST_EXPECT(!result.isMember(jss::max_queue_size));
src/test/app/TxQ_test.cpp:2654:            BEAST_EXPECT(result.isMember(jss::current_queue_size));
src/test/app/TxQ_test.cpp:2656:            BEAST_EXPECT(result.isMember(jss::max_queue_size));
src/test/app/TxQ_test.cpp:2678:            Hypothesis: The queue had '22 through '25. At some point(s),
src/test/app/TxQ_test.cpp:2680:            the queue. A second '22 was submitted, and the multi-tx logic
src/test/app/TxQ_test.cpp:2683:            the '22 in the queue did not have consequences.
src/test/app/TxQ_test.cpp:2692:                 {"ledgers_in_queue", "10"},
src/test/app/TxQ_test.cpp:2706:        env(noop(alice), seq(aliceSeq), last_ledger_seq(5), ter(terQUEUED));
src/test/app/TxQ_test.cpp:2707:        env(noop(alice), seq(aliceSeq + 1), last_ledger_seq(5), ter(terQUEUED));
src/test/app/TxQ_test.cpp:2711:            ter(terQUEUED));
src/test/app/TxQ_test.cpp:2715:            ter(terQUEUED));
src/test/app/TxQ_test.cpp:2723:            env(noop(bob), seq(bobSeq + i), fee(baseFee * 20), ter(terQUEUED));
src/test/app/TxQ_test.cpp:2740:        // Cannot fill the gap with a blocker since Alice's queue is not empty.
src/test/app/TxQ_test.cpp:2741:        env(fset(alice, asfAccountTxnID),
src/test/app/TxQ_test.cpp:2747:        env(noop(alice), seq(aliceSeq), fee(baseFee * 2), ter(terQUEUED));
src/test/app/TxQ_test.cpp:2750:        // Attempt to queue up a new aliceSeq + 1 tx that's a blocker.
src/test/app/TxQ_test.cpp:2751:        env(fset(alice, asfAccountTxnID),
src/test/app/TxQ_test.cpp:2757:        env(noop(alice), seq(aliceSeq + 1), fee(baseFee * 2), ter(terQUEUED));
src/test/app/TxQ_test.cpp:2762:        // We expect that all of alice's queued tx's got into
src/test/app/TxQ_test.cpp:2771:        // This test focuses on which gaps in queued transactions are
src/test/app/TxQ_test.cpp:2772:        // allowed to be filled even when the account's queue is full.
src/test/app/TxQ_test.cpp:2780:        testcase("full queue gap handling");
src/test/app/TxQ_test.cpp:2784:             {"ledgers_in_queue", "10"},
src/test/app/TxQ_test.cpp:2791:        // Alice will have the gaps.  Bob will keep the queue busy with
src/test/app/TxQ_test.cpp:2803:        // Start by procuring tickets for alice to use to keep her queue full
src/test/app/TxQ_test.cpp:2808:            ter(terQUEUED));
src/test/app/TxQ_test.cpp:2812:            ter(terQUEUED));
src/test/app/TxQ_test.cpp:2816:            ter(terQUEUED));
src/test/app/TxQ_test.cpp:2820:            ter(terQUEUED));
src/test/app/TxQ_test.cpp:2824:            ter(terQUEUED));
src/test/app/TxQ_test.cpp:2828:            ter(terQUEUED));
src/test/app/TxQ_test.cpp:2832:            ter(terQUEUED));
src/test/app/TxQ_test.cpp:2836:            ter(terQUEUED));
src/test/app/TxQ_test.cpp:2840:            ter(terQUEUED));
src/test/app/TxQ_test.cpp:2844:            ter(terQUEUED));
src/test/app/TxQ_test.cpp:2853:            env(noop(bob), seq(bobSeq + i), fee(baseFee * 20), ter(terQUEUED));
src/test/app/TxQ_test.cpp:2872:        // Top off Alice's queue again using Tickets so the sequence gap is
src/test/app/TxQ_test.cpp:2874:        env(noop(alice), ticket::use(aliceSeq + 1), ter(terQUEUED));
src/test/app/TxQ_test.cpp:2875:        env(noop(alice), ticket::use(aliceSeq + 2), ter(terQUEUED));
src/test/app/TxQ_test.cpp:2876:        env(noop(alice), ticket::use(aliceSeq + 3), ter(terQUEUED));
src/test/app/TxQ_test.cpp:2877:        env(noop(alice), ticket::use(aliceSeq + 4), ter(terQUEUED));
src/test/app/TxQ_test.cpp:2878:        env(noop(alice), ticket::use(aliceSeq + 5), ter(terQUEUED));
src/test/app/TxQ_test.cpp:2882:        // Even though alice's queue is full we can still slide in a couple
src/test/app/TxQ_test.cpp:2887:        // Verify that we can't queue a sequence-based transaction that
src/test/app/TxQ_test.cpp:2895:        // We can't queue a transaction into the middle of the gap.  It must
src/test/app/TxQ_test.cpp:2901:        env(noop(alice), seq(aliceSeq + 16), ter(terQUEUED));
src/test/app/TxQ_test.cpp:2907:        env(noop(alice), seq(aliceSeq + 17), ter(terQUEUED));
src/test/app/TxQ_test.cpp:2910:        env(noop(alice), seq(aliceSeq + 18), ter(terQUEUED));
src/test/app/TxQ_test.cpp:2938:        testcase("Autofilled sequence should account for TxQ");
src/test/app/TxQ_test.cpp:2943:        auto const& txQ = env.app().getTxQ();
src/test/app/TxQ_test.cpp:2965:                    ter(terQUEUED))(submitParams);
src/test/app/TxQ_test.cpp:2968:                    noop(alice), fee(baseFee * 100), seq(none), ter(terQUEUED))(
src/test/app/TxQ_test.cpp:2993:        // Put some txs in the queue for bob.
src/test/app/TxQ_test.cpp:2996:            envs(noop(bob), fee(baseFee * 200), seq(none), ter(terQUEUED))();
src/test/app/TxQ_test.cpp:3001:        // Put some more txs in the queue for bob.
src/test/app/TxQ_test.cpp:3005:            envs(noop(bob), fee(baseFee * 200), seq(none), ter(terQUEUED))();
src/test/app/TxQ_test.cpp:3008:        // Put some more txs in the queue for bob.
src/test/app/TxQ_test.cpp:3012:            envs(noop(bob), fee(baseFee * 200), seq(none), ter(terQUEUED))();
src/test/app/TxQ_test.cpp:3017:            // Bob has nothing left in the queue.
src/test/app/TxQ_test.cpp:3022:        // a gap in her queued txs.
src/test/app/TxQ_test.cpp:3041:        envs(noop(alice), fee(baseFee * 100), seq(none), ter(terQUEUED))(
src/test/app/TxQ_test.cpp:3086:        withQueue[jss::queue] = true;
src/test/app/TxQ_test.cpp:3093:        prevLedgerWithQueue[jss::queue] = true;
src/test/app/TxQ_test.cpp:3098:            // account_info without the "queue" argument.
src/test/app/TxQ_test.cpp:3104:            BEAST_EXPECT(!info[jss::result].isMember(jss::queue_data));
src/test/app/TxQ_test.cpp:3107:            // account_info with the "queue" argument.
src/test/app/TxQ_test.cpp:3114:            BEAST_EXPECT(result.isMember(jss::queue_data));
src/test/app/TxQ_test.cpp:3115:            auto const& queue_data = result[jss::queue_data];
src/test/app/TxQ_test.cpp:3116:            BEAST_EXPECT(queue_data.isObject());
src/test/app/TxQ_test.cpp:3117:            BEAST_EXPECT(queue_data.isMember(jss::txn_count));
src/test/app/TxQ_test.cpp:3118:            BEAST_EXPECT(queue_data[jss::txn_count] == 0);
src/test/app/TxQ_test.cpp:3119:            BEAST_EXPECT(!queue_data.isMember(jss::lowest_sequence));
src/test/app/TxQ_test.cpp:3120:            BEAST_EXPECT(!queue_data.isMember(jss::highest_sequence));
src/test/app/TxQ_test.cpp:3121:            BEAST_EXPECT(!queue_data.isMember(jss::auth_change_queued));
src/test/app/TxQ_test.cpp:3122:            BEAST_EXPECT(!queue_data.isMember(jss::max_spend_drops_total));
src/test/app/TxQ_test.cpp:3123:            BEAST_EXPECT(!queue_data.isMember(jss::transactions));
src/test/app/TxQ_test.cpp:3137:            BEAST_EXPECT(result.isMember(jss::queue_data));
src/test/app/TxQ_test.cpp:3138:            auto const& queue_data = result[jss::queue_data];
src/test/app/TxQ_test.cpp:3139:            BEAST_EXPECT(queue_data.isObject());
src/test/app/TxQ_test.cpp:3140:            BEAST_EXPECT(queue_data.isMember(jss::txn_count));
src/test/app/TxQ_test.cpp:3141:            BEAST_EXPECT(queue_data[jss::txn_count] == 0);
src/test/app/TxQ_test.cpp:3142:            BEAST_EXPECT(!queue_data.isMember(jss::lowest_sequence));
src/test/app/TxQ_test.cpp:3143:            BEAST_EXPECT(!queue_data.isMember(jss::highest_sequence));
src/test/app/TxQ_test.cpp:3144:            BEAST_EXPECT(!queue_data.isMember(jss::auth_change_queued));
src/test/app/TxQ_test.cpp:3145:            BEAST_EXPECT(!queue_data.isMember(jss::max_spend_drops_total));
src/test/app/TxQ_test.cpp:3146:            BEAST_EXPECT(!queue_data.isMember(jss::transactions));
src/test/app/TxQ_test.cpp:3150:        envs(noop(alice), fee(baseFee * 10), seq(none), ter(terQUEUED))(
src/test/app/TxQ_test.cpp:3152:        envs(noop(alice), fee(baseFee * 10), seq(none), ter(terQUEUED))(
src/test/app/TxQ_test.cpp:3154:        envs(noop(alice), fee(baseFee * 10), seq(none), ter(terQUEUED))(
src/test/app/TxQ_test.cpp:3156:        envs(noop(alice), fee(baseFee * 10), seq(none), ter(terQUEUED))(
src/test/app/TxQ_test.cpp:3168:            BEAST_EXPECT(result.isMember(jss::queue_data));
src/test/app/TxQ_test.cpp:3169:            auto const& queue_data = result[jss::queue_data];
src/test/app/TxQ_test.cpp:3170:            BEAST_EXPECT(queue_data.isObject());
src/test/app/TxQ_test.cpp:3171:            BEAST_EXPECT(queue_data.isMember(jss::txn_count));
src/test/app/TxQ_test.cpp:3172:            BEAST_EXPECT(queue_data[jss::txn_count] == 4);
src/test/app/TxQ_test.cpp:3173:            BEAST_EXPECT(queue_data.isMember(jss::lowest_sequence));
src/test/app/TxQ_test.cpp:3175:                queue_data[jss::lowest_sequence] == data[jss::Sequence]);
src/test/app/TxQ_test.cpp:3176:            BEAST_EXPECT(queue_data.isMember(jss::highest_sequence));
src/test/app/TxQ_test.cpp:3178:                queue_data[jss::highest_sequence] ==
src/test/app/TxQ_test.cpp:3180:                    queue_data[jss::txn_count].asUInt() - 1);
src/test/app/TxQ_test.cpp:3181:            BEAST_EXPECT(queue_data.isMember(jss::auth_change_queued));
src/test/app/TxQ_test.cpp:3182:            BEAST_EXPECT(queue_data[jss::auth_change_queued] == false);
src/test/app/TxQ_test.cpp:3183:            BEAST_EXPECT(queue_data.isMember(jss::max_spend_drops_total));
src/test/app/TxQ_test.cpp:3185:                queue_data[jss::max_spend_drops_total] ==
src/test/app/TxQ_test.cpp:3187:            BEAST_EXPECT(queue_data.isMember(jss::transactions));
src/test/app/TxQ_test.cpp:3188:            auto const& queued = queue_data[jss::transactions];
src/test/app/TxQ_test.cpp:3189:            BEAST_EXPECT(queued.size() == queue_data[jss::txn_count]);
src/test/app/TxQ_test.cpp:3190:            for (unsigned i = 0; i < queued.size(); ++i)
src/test/app/TxQ_test.cpp:3192:                auto const& item = queued[i];
src/test/app/TxQ_test.cpp:3209:        // Drain the queue so we can queue up a blocker.
src/test/app/TxQ_test.cpp:3213:        // Fill the ledger and then queue up a blocker.
src/test/app/TxQ_test.cpp:3217:            fset(alice, asfAccountTxnID),
src/test/app/TxQ_test.cpp:3221:            ter(terQUEUED))(submitParams);
src/test/app/TxQ_test.cpp:3232:            BEAST_EXPECT(result.isMember(jss::queue_data));
src/test/app/TxQ_test.cpp:3233:            auto const& queue_data = result[jss::queue_data];
src/test/app/TxQ_test.cpp:3234:            BEAST_EXPECT(queue_data.isObject());
src/test/app/TxQ_test.cpp:3235:            BEAST_EXPECT(queue_data.isMember(jss::txn_count));
src/test/app/TxQ_test.cpp:3236:            BEAST_EXPECT(queue_data[jss::txn_count] == 1);
src/test/app/TxQ_test.cpp:3237:            BEAST_EXPECT(queue_data.isMember(jss::lowest_sequence));
src/test/app/TxQ_test.cpp:3239:                queue_data[jss::lowest_sequence] == data[jss::Sequence]);
src/test/app/TxQ_test.cpp:3240:            BEAST_EXPECT(queue_data.isMember(jss::highest_sequence));
src/test/app/TxQ_test.cpp:3242:                queue_data[jss::highest_sequence] ==
src/test/app/TxQ_test.cpp:3244:                    queue_data[jss::txn_count].asUInt() - 1);
src/test/app/TxQ_test.cpp:3245:            BEAST_EXPECT(queue_data.isMember(jss::auth_change_queued));
src/test/app/TxQ_test.cpp:3246:            BEAST_EXPECT(queue_data[jss::auth_change_queued] == true);
src/test/app/TxQ_test.cpp:3247:            BEAST_EXPECT(queue_data.isMember(jss::max_spend_drops_total));
src/test/app/TxQ_test.cpp:3249:                queue_data[jss::max_spend_drops_total] ==
src/test/app/TxQ_test.cpp:3251:            BEAST_EXPECT(queue_data.isMember(jss::transactions));
src/test/app/TxQ_test.cpp:3252:            auto const& queued = queue_data[jss::transactions];
src/test/app/TxQ_test.cpp:3253:            BEAST_EXPECT(queued.size() == queue_data[jss::txn_count]);
src/test/app/TxQ_test.cpp:3254:            for (unsigned i = 0; i < queued.size(); ++i)
src/test/app/TxQ_test.cpp:3256:                auto const& item = queued[i];
src/test/app/TxQ_test.cpp:3268:                if (i == queued.size() - 1)
src/test/app/TxQ_test.cpp:3297:            BEAST_EXPECT(result.isMember(jss::queue_data));
src/test/app/TxQ_test.cpp:3298:            auto const& queue_data = result[jss::queue_data];
src/test/app/TxQ_test.cpp:3299:            BEAST_EXPECT(queue_data.isObject());
src/test/app/TxQ_test.cpp:3300:            BEAST_EXPECT(queue_data.isMember(jss::txn_count));
src/test/app/TxQ_test.cpp:3301:            BEAST_EXPECT(queue_data[jss::txn_count] == 1);
src/test/app/TxQ_test.cpp:3302:            BEAST_EXPECT(queue_data.isMember(jss::lowest_sequence));
src/test/app/TxQ_test.cpp:3304:                queue_data[jss::lowest_sequence] == data[jss::Sequence]);
src/test/app/TxQ_test.cpp:3305:            BEAST_EXPECT(queue_data.isMember(jss::highest_sequence));
src/test/app/TxQ_test.cpp:3307:                queue_data[jss::highest_sequence] ==
src/test/app/TxQ_test.cpp:3309:                    queue_data[jss::txn_count].asUInt() - 1);
src/test/app/TxQ_test.cpp:3310:            BEAST_EXPECT(queue_data.isMember(jss::auth_change_queued));
src/test/app/TxQ_test.cpp:3311:            BEAST_EXPECT(queue_data[jss::auth_change_queued].asBool());
src/test/app/TxQ_test.cpp:3312:            BEAST_EXPECT(queue_data.isMember(jss::max_spend_drops_total));
src/test/app/TxQ_test.cpp:3314:                queue_data[jss::max_spend_drops_total] ==
src/test/app/TxQ_test.cpp:3316:            BEAST_EXPECT(queue_data.isMember(jss::transactions));
src/test/app/TxQ_test.cpp:3317:            auto const& queued = queue_data[jss::transactions];
src/test/app/TxQ_test.cpp:3318:            BEAST_EXPECT(queued.size() == queue_data[jss::txn_count]);
src/test/app/TxQ_test.cpp:3319:            for (unsigned i = 0; i < queued.size(); ++i)
src/test/app/TxQ_test.cpp:3321:                auto const& item = queued[i];
src/test/app/TxQ_test.cpp:3327:                if (i == queued.size() - 1)
src/test/app/TxQ_test.cpp:3377:            BEAST_EXPECT(result.isMember(jss::queue_data));
src/test/app/TxQ_test.cpp:3378:            auto const& queue_data = result[jss::queue_data];
src/test/app/TxQ_test.cpp:3379:            BEAST_EXPECT(queue_data.isObject());
src/test/app/TxQ_test.cpp:3380:            BEAST_EXPECT(queue_data.isMember(jss::txn_count));
src/test/app/TxQ_test.cpp:3381:            BEAST_EXPECT(queue_data[jss::txn_count] == 0);
src/test/app/TxQ_test.cpp:3382:            BEAST_EXPECT(!queue_data.isMember(jss::lowest_sequence));
src/test/app/TxQ_test.cpp:3383:            BEAST_EXPECT(!queue_data.isMember(jss::highest_sequence));
src/test/app/TxQ_test.cpp:3384:            BEAST_EXPECT(!queue_data.isMember(jss::auth_change_queued));
src/test/app/TxQ_test.cpp:3385:            BEAST_EXPECT(!queue_data.isMember(jss::max_spend_drops_total));
src/test/app/TxQ_test.cpp:3386:            BEAST_EXPECT(!queue_data.isMember(jss::transactions));
src/test/app/TxQ_test.cpp:3432:                state.isMember(jss::load_factor_fee_queue) &&
src/test/app/TxQ_test.cpp:3433:                state[jss::load_factor_fee_queue] == 256);
src/test/app/TxQ_test.cpp:3451:                ter(terQUEUED))(submitParams);
src/test/app/TxQ_test.cpp:3490:                state.isMember(jss::load_factor_fee_queue) &&
src/test/app/TxQ_test.cpp:3491:                state[jss::load_factor_fee_queue] == 256);
src/test/app/TxQ_test.cpp:3534:                state.isMember(jss::load_factor_fee_queue) &&
src/test/app/TxQ_test.cpp:3535:                state[jss::load_factor_fee_queue] == 256);
src/test/app/TxQ_test.cpp:3595:                state.isMember(jss::load_factor_fee_queue) &&
src/test/app/TxQ_test.cpp:3596:                state[jss::load_factor_fee_queue] == 256);
src/test/app/TxQ_test.cpp:3647:                state.isMember(jss::load_factor_fee_queue) &&
src/test/app/TxQ_test.cpp:3648:                state[jss::load_factor_fee_queue] == 256);
src/test/app/TxQ_test.cpp:3690:                jv.isMember(jss::load_factor_fee_queue) &&
src/test/app/TxQ_test.cpp:3691:                jv[jss::load_factor_fee_queue] == 256 &&
src/test/app/TxQ_test.cpp:3705:                jv.isMember(jss::load_factor_fee_queue) &&
src/test/app/TxQ_test.cpp:3706:                jv[jss::load_factor_fee_queue] == 256 &&
src/test/app/TxQ_test.cpp:3722:                jv.isMember(jss::load_factor_fee_queue) &&
src/test/app/TxQ_test.cpp:3723:                jv[jss::load_factor_fee_queue] == 256 &&
src/test/app/TxQ_test.cpp:3733:        // Extra transactions with low fee are queued
src/test/app/TxQ_test.cpp:3734:        auto queued = ter(terQUEUED);
src/test/app/TxQ_test.cpp:3735:        env(noop(a), fee(baseFee), queued);
src/test/app/TxQ_test.cpp:3736:        env(noop(b), fee(baseFee), queued);
src/test/app/TxQ_test.cpp:3737:        env(noop(c), fee(baseFee), queued);
src/test/app/TxQ_test.cpp:3738:        env(noop(d), fee(baseFee), queued);
src/test/app/TxQ_test.cpp:3739:        env(noop(e), fee(baseFee), queued);
src/test/app/TxQ_test.cpp:3740:        env(noop(f), fee(baseFee), queued);
src/test/app/TxQ_test.cpp:3741:        env(noop(g), fee(baseFee), queued);
src/test/app/TxQ_test.cpp:3754:                jv.isMember(jss::load_factor_fee_queue) &&
src/test/app/TxQ_test.cpp:3755:                jv[jss::load_factor_fee_queue] == 256 &&
src/test/app/TxQ_test.cpp:3761:        //  Ledger close publishes with escalated fees for queued transactions
src/test/app/TxQ_test.cpp:3771:                jv.isMember(jss::load_factor_fee_queue) &&
src/test/app/TxQ_test.cpp:3772:                jv[jss::load_factor_fee_queue] == 256 &&
src/test/app/TxQ_test.cpp:3778:        // ledger close clears queue so fee is back to normal
src/test/app/TxQ_test.cpp:3787:                jv.isMember(jss::load_factor_fee_queue) &&
src/test/app/TxQ_test.cpp:3788:                jv[jss::load_factor_fee_queue] == 256 &&
src/test/app/TxQ_test.cpp:3805:        testcase("clear queued acct txs");
src/test/app/TxQ_test.cpp:3821:            auto const metrics = env.app().getTxQ().getMetrics(*env.current());
src/test/app/TxQ_test.cpp:3853:                    ter(terQUEUED));
src/test/app/TxQ_test.cpp:3864:                ter(terQUEUED));
src/test/app/TxQ_test.cpp:3869:            // queued txs + itself
src/test/app/TxQ_test.cpp:3873:            // Submit a transaction with that fee. It will get queued
src/test/app/TxQ_test.cpp:3876:            env(noop(alice), fee(totalFee), seq(aliceSeq++), ter(terQUEUED));
src/test/app/TxQ_test.cpp:3891:        testcase("replace last tx with enough to clear queue");
src/test/app/TxQ_test.cpp:3901:                    ter(terQUEUED));
src/test/app/TxQ_test.cpp:3911:                ter(terQUEUED));
src/test/app/TxQ_test.cpp:3916:            // queued txs + itself
src/test/app/TxQ_test.cpp:3917:            auto const metrics = env.app().getTxQ().getMetrics(*env.current());
src/test/app/TxQ_test.cpp:3924:            // The queue is clear
src/test/app/TxQ_test.cpp:3931:        testcase("replace middle tx with enough to clear queue");
src/test/app/TxQ_test.cpp:3941:                    ter(terQUEUED));
src/test/app/TxQ_test.cpp:3954:                env.app().getTxQ().getAccountTxs(alice.id());
src/test/app/TxQ_test.cpp:3965:            // Close the ledger to clear the queue
src/test/app/TxQ_test.cpp:3970:        testcase("clear queue failure (load)");
src/test/app/TxQ_test.cpp:3981:                    ter(terQUEUED));
src/test/app/TxQ_test.cpp:3989:                    ter(terQUEUED));
src/test/app/TxQ_test.cpp:4002:            // Instead the tx gets queued, and all of the queued
src/test/app/TxQ_test.cpp:4003:            // txs stay in the queue.
src/test/app/TxQ_test.cpp:4004:            env(noop(alice), fee(totalFee), seq(aliceSeq++), ter(terQUEUED));
src/test/app/TxQ_test.cpp:4006:            // The original last transaction is still in the queue
src/test/app/TxQ_test.cpp:4009:            // With high load, some of the txs stay in the queue
src/test/app/TxQ_test.cpp:4016:            // Because of the earlier failure, alice can not clear the queue,
src/test/app/TxQ_test.cpp:4021:            env(noop(alice), fee(XRP(1)), seq(aliceSeq++), ter(terQUEUED));
src/test/app/TxQ_test.cpp:4056:                env(noop(alice), seq(seqAlice++), ter(terQUEUED));
src/test/app/TxQ_test.cpp:4142:                env(noop(alice), seq(seqAlice++), ter(terQUEUED));
src/test/app/TxQ_test.cpp:4174:        // sequence that's in the queue also appears in the ledger.
src/test/app/TxQ_test.cpp:4179:        // transaction with the same sequence) queued.  And, yes, this
src/test/app/TxQ_test.cpp:4181:        testcase("Sequence in queue and open ledger");
src/test/app/TxQ_test.cpp:4188:        auto const queued = ter(terQUEUED);
src/test/app/TxQ_test.cpp:4201:        env(noop(alice), queued);
src/test/app/TxQ_test.cpp:4205:        // to the open ledger, bypassing the queue
src/test/app/TxQ_test.cpp:4217:        // the queued transaction is still there
src/test/app/TxQ_test.cpp:4221:        // ledger, even though aliceSeq is queued.  In earlier incarnations
src/test/app/TxQ_test.cpp:4222:        // of the TxQ this would cause an assert.
src/test/app/TxQ_test.cpp:4225:        // Now queue a couple more transactions to make sure
src/test/app/TxQ_test.cpp:4226:        // they succeed despite aliceSeq being queued
src/test/app/TxQ_test.cpp:4227:        env(noop(alice), seq(aliceSeq + 2), queued);
src/test/app/TxQ_test.cpp:4228:        env(noop(alice), seq(aliceSeq + 3), queued);
src/test/app/TxQ_test.cpp:4231:        // Now close the ledger. One of the queued transactions
src/test/app/TxQ_test.cpp:4241:        // ticket that's in the queue also appears in the ledger.
src/test/app/TxQ_test.cpp:4246:        testcase("Ticket in queue and open ledger");
src/test/app/TxQ_test.cpp:4253:        auto queued = ter(terQUEUED);
src/test/app/TxQ_test.cpp:4265:        // Fill the queue so the next transaction will be queued.
src/test/app/TxQ_test.cpp:4271:        env(noop(alice), ticket::use(tktSeq0 + 1), queued);
src/test/app/TxQ_test.cpp:4275:        // to the open ledger, bypassing the queue
src/test/app/TxQ_test.cpp:4289:        // the queued transaction is still there
src/test/app/TxQ_test.cpp:4293:        // the open ledger, even though tktSeq0 is queued.  Note that this
src/test/app/TxQ_test.cpp:4294:        // sequence-based transaction goes in front of the queued
src/test/app/TxQ_test.cpp:4295:        // transaction, so the queued transaction is left in the queue.
src/test/app/TxQ_test.cpp:4300:        // if front of the queued transaction.  This one too will leave
src/test/app/TxQ_test.cpp:4301:        // the queued transaction in place.
src/test/app/TxQ_test.cpp:4305:        // We have one ticketed transaction in the queue.  We should able
src/test/app/TxQ_test.cpp:4306:        // to add another to the queue.
src/test/app/TxQ_test.cpp:4307:        env(noop(alice), ticket::use(tktSeq0 + 2), queued);
src/test/app/TxQ_test.cpp:4310:        // Here we try to force the queued transactions into the ledger by
src/test/app/TxQ_test.cpp:4311:        // adding one more queued (ticketed) transaction that pays enough
src/test/app/TxQ_test.cpp:4317:        // transactions queued, the transactions in front must go into the
src/test/app/TxQ_test.cpp:4326:        // Now close the ledger. One of the queued transactions
src/test/app/TxQ_test.cpp:4335:        // The TxQ caches preflight results.  But there are situations where
src/test/app/TxQ_test.cpp:4338:        // This test puts transactions into the TxQ and then enables an
src/test/app/TxQ_test.cpp:4354:             {"ledgers_in_queue", "5"},
src/test/app/TxQ_test.cpp:4356:            {{"account_reserve", "1000"}, {"owner_reserve", "50"}});
src/test/app/TxQ_test.cpp:4360:            "account_reserve",
src/test/app/TxQ_test.cpp:4415:        // Fill everyone's queues.
src/test/app/TxQ_test.cpp:4435:                ter(terQUEUED));
src/test/app/TxQ_test.cpp:4439:                ter(terQUEUED));
src/test/app/TxQ_test.cpp:4443:                ter(terQUEUED));
src/test/app/TxQ_test.cpp:4447:                ter(terQUEUED));
src/test/app/TxQ_test.cpp:4451:                ter(terQUEUED));
src/test/app/TxQ_test.cpp:4455:                ter(terQUEUED));
src/test/app/TxQ_test.cpp:4467:        // Alice's queued transactions have a cached PreflightResult
src/test/app/TxQ_test.cpp:4470:        // The TxQ must re-run preflight using the new rules.
src/test/app/TxQ_test.cpp:4472:        // These particular amendments don't impact any of the queued
src/test/app/TxQ_test.cpp:4524:        //   o The queue is close to full,
src/test/app/TxQ_test.cpp:4525:        //   o An account has multiple txs queued, and
src/test/app/TxQ_test.cpp:4533:        // Because we're looking at a phenomenon that occurs when the TxQ
src/test/app/TxQ_test.cpp:4535:        // in the queue.  You can't even see 95% capacity unless there are
src/test/app/TxQ_test.cpp:4536:        // 20 entries in the queue.
src/test/app/TxQ_test.cpp:4546:             {"ledgers_in_queue", "5"},
src/test/app/TxQ_test.cpp:4548:             {"minimum_queue_size", "50"}});
src/test/app/TxQ_test.cpp:4553:        // We'll be using fees to control which entries leave the queue in
src/test/app/TxQ_test.cpp:4570:        // of their transactions expire out of the queue.  To start out
src/test/app/TxQ_test.cpp:4575:        // Now put a few transactions into alice's queue, including one that
src/test/app/TxQ_test.cpp:4584:            ter(terQUEUED));
src/test/app/TxQ_test.cpp:4585:        env(noop(alice), seq(seqAlice++), fee(--feeDrops), ter(terQUEUED));
src/test/app/TxQ_test.cpp:4586:        env(noop(alice), seq(seqAlice++), fee(--feeDrops), ter(terQUEUED));
src/test/app/TxQ_test.cpp:4594:            ter(terQUEUED));
src/test/app/TxQ_test.cpp:4598:            ter(terQUEUED));
src/test/app/TxQ_test.cpp:4602:            ter(terQUEUED));
src/test/app/TxQ_test.cpp:4604:        // Fill the queue with higher fee transactions so alice's and
src/test/app/TxQ_test.cpp:4605:        // bob's transactions are stuck in the queue.
src/test/app/TxQ_test.cpp:4613:            env(noop(carol), seq(seqCarol++), fee(--feeDrops), ter(terQUEUED));
src/test/app/TxQ_test.cpp:4614:            env(noop(daria), seq(seqDaria++), fee(--feeDrops), ter(terQUEUED));
src/test/app/TxQ_test.cpp:4615:            env(noop(ellie), seq(seqEllie++), fee(--feeDrops), ter(terQUEUED));
src/test/app/TxQ_test.cpp:4616:            env(noop(fiona), seq(seqFiona++), fee(--feeDrops), ter(terQUEUED));
src/test/app/TxQ_test.cpp:4623:        // Re-fill the queue so alice and bob stay stuck.
src/test/app/TxQ_test.cpp:4627:            env(noop(carol), seq(seqCarol++), fee(--feeDrops), ter(terQUEUED));
src/test/app/TxQ_test.cpp:4628:            env(noop(daria), seq(seqDaria++), fee(--feeDrops), ter(terQUEUED));
src/test/app/TxQ_test.cpp:4629:            env(noop(ellie), seq(seqEllie++), fee(--feeDrops), ter(terQUEUED));
src/test/app/TxQ_test.cpp:4630:            env(noop(fiona), seq(seqFiona++), fee(--feeDrops), ter(terQUEUED));
src/test/app/TxQ_test.cpp:4640:            env(noop(carol), seq(seqCarol++), fee(--feeDrops), ter(terQUEUED));
src/test/app/TxQ_test.cpp:4641:            env(noop(daria), seq(seqDaria++), fee(--feeDrops), ter(terQUEUED));
src/test/app/TxQ_test.cpp:4642:            env(noop(ellie), seq(seqEllie++), fee(--feeDrops), ter(terQUEUED));
src/test/app/TxQ_test.cpp:4643:            env(noop(fiona), seq(seqFiona++), fee(--feeDrops), ter(terQUEUED));
src/test/app/TxQ_test.cpp:4650:        // out of the queue which caused the dropPenalty flag to be set on
src/test/app/TxQ_test.cpp:4654:        // and thus can't queue any more.
src/test/app/TxQ_test.cpp:4657:        // Once again, fill the queue almost to the brim.
src/test/app/TxQ_test.cpp:4661:            env(noop(carol), seq(seqCarol++), fee(--feeDrops), ter(terQUEUED));
src/test/app/TxQ_test.cpp:4662:            env(noop(daria), seq(seqDaria++), fee(--feeDrops), ter(terQUEUED));
src/test/app/TxQ_test.cpp:4663:            env(noop(ellie), seq(seqEllie++), fee(--feeDrops), ter(terQUEUED));
src/test/app/TxQ_test.cpp:4664:            env(noop(fiona), seq(seqFiona++), fee(--feeDrops), ter(terQUEUED));
src/test/app/TxQ_test.cpp:4666:        env(noop(carol), seq(seqCarol++), fee(--feeDrops), ter(terQUEUED));
src/test/app/TxQ_test.cpp:4667:        env(noop(daria), seq(seqDaria++), fee(--feeDrops), ter(terQUEUED));
src/test/app/TxQ_test.cpp:4668:        env(noop(ellie), seq(seqEllie++), fee(--feeDrops), ter(terQUEUED));
src/test/app/TxQ_test.cpp:4672:        // in the queue to fail with telINSUF_FEE_P.
src/test/app/TxQ_test.cpp:4682:        // and bob's queued transactions.
src/test/app/TxQ_test.cpp:4683:        //  o The _last_ transaction should be dropped from alice's queue.
src/test/app/TxQ_test.cpp:4684:        //  o The first failing transaction should be dropped from bob's queue.
src/test/app/TxQ_test.cpp:4692:        // bob fills the ledger so it's easier to probe the TxQ.
src/test/app/TxQ_test.cpp:4696:        // Before the close() alice had two transactions in her queue.
src/test/app/TxQ_test.cpp:4697:        // We now expect her to have one.  Here's the state of alice's queue.
src/test/app/TxQ_test.cpp:4699:        //  0. The transaction that used to be first in her queue expired
src/test/app/TxQ_test.cpp:4701:        //     queue which has not been filled yet.
src/test/app/TxQ_test.cpp:4703:        //  1. The first transaction in the queue failed to apply because
src/test/app/TxQ_test.cpp:4704:        //     of the sequence gap.  But it is retained in the queue.
src/test/app/TxQ_test.cpp:4706:        //  2. The last (second) transaction in alice's queue was removed
src/test/app/TxQ_test.cpp:4708:        //    a) For already having a transaction expire out of her queue, and
src/test/app/TxQ_test.cpp:4709:        //    b) For just now having a queued transaction fail on apply()
src/test/app/TxQ_test.cpp:4712:        // Verify that none of alice's queued transactions actually applied to
src/test/app/TxQ_test.cpp:4717:        // Verify that there's a gap at the front of alice's queue by
src/test/app/TxQ_test.cpp:4719:        env(noop(alice), seq(seqAlice++), fee(baseFee * 1.1), ter(terQUEUED));
src/test/app/TxQ_test.cpp:4721:        // Verify that the first entry in alice's queue is still there
src/test/app/TxQ_test.cpp:4725:        // Verify that the last transaction in alice's queue was removed by
src/test/app/TxQ_test.cpp:4726:        // appending to her queue with a very low fee.
src/test/app/TxQ_test.cpp:4727:        env(noop(alice), seq(seqAlice++), ter(terQUEUED));
src/test/app/TxQ_test.cpp:4729:        // Before the close() bob had two transactions in his queue.
src/test/app/TxQ_test.cpp:4730:        // We now expect him to have one.  Here's the state of bob's queue.
src/test/app/TxQ_test.cpp:4732:        //  0. The transaction that used to be first in his queue expired out
src/test/app/TxQ_test.cpp:4734:        //     got set on bob's queue.
src/test/app/TxQ_test.cpp:4737:        //     TxQ attempted to apply bob's second transaction to the ledger,
src/test/app/TxQ_test.cpp:4738:        //     but the fee was too low.  So the TxQ threw that transaction
src/test/app/TxQ_test.cpp:4739:        //     (not bob's last transaction) out of the queue.
src/test/app/TxQ_test.cpp:4741:        //  2. The last of bob's transactions remains in the TxQ.
src/test/app/TxQ_test.cpp:4743:        // Verify that bob's first transaction was removed from the queue
src/test/app/TxQ_test.cpp:4744:        // by queueing another low fee transaction into that spot.
src/test/app/TxQ_test.cpp:4748:            ter(terQUEUED));
src/test/app/TxQ_test.cpp:4750:        // Verify that bob's second transaction was removed from the queue
src/test/app/TxQ_test.cpp:4751:        // by queueing another low fee transaction into that spot.
src/test/app/TxQ_test.cpp:4755:            ter(terQUEUED));
src/test/app/TxQ_test.cpp:4757:        // Verify that the last entry in bob's queue is still there
src/test/app/TxQ_test.cpp:4767:        testcase("Cancel queued offers");
src/test/app/TxQ_test.cpp:4776:             {"ledgers_in_queue", "5"},
src/test/app/TxQ_test.cpp:4778:             {"minimum_queue_size", "50"}});
src/test/app/TxQ_test.cpp:4793:            env(offer(alice, USD(1000), XRP(1000)), ter(terQUEUED));
src/test/app/TxQ_test.cpp:4797:                ter(terQUEUED));
src/test/app/TxQ_test.cpp:4804:                ter(terQUEUED));
src/test/app/TxQ_test.cpp:4808:                ter(terQUEUED));
src/test/app/TxQ_test.cpp:4830:                ter(terQUEUED));
src/test/app/TxQ_test.cpp:4834:                ter(terQUEUED));
src/test/app/TxQ_test.cpp:4845:                ter(terQUEUED));
src/test/app/TxQ_test.cpp:4849:                ter(terQUEUED));
src/test/app/TxQ_test.cpp:4852:            env(offer(alice, USD(1000), XRP(1000)), ter(terQUEUED));
src/test/app/TxQ_test.cpp:4856:                ter(terQUEUED));
src/test/app/TxQ_test.cpp:4862:                ter(terQUEUED));
src/test/app/TxQ_test.cpp:4866:                ter(terQUEUED));
src/test/app/TxQ_test.cpp:4870:            // The ticket transactions that didn't succeed or get queued succeed
src/test/app/TxQ_test.cpp:4872:            // out of the queue
src/test/app/TxQ_test.cpp:4884:        auto const queued = ter(terQUEUED);
src/test/app/TxQ_test.cpp:4891:                 {"account_reserve", "0"},
src/test/app/TxQ_test.cpp:4892:                 {"owner_reserve", "0"}}));
src/test/app/TxQ_test.cpp:4896:        // ledgers in queue is 2 because of makeConfig
src/test/app/TxQ_test.cpp:4961:        env(noop(alice), queued);
src/test/app/TxQ_test.cpp:4965:        env(noop(alice), seq(aliceSeq + 1), fee(10), queued);
src/test/app/TxQ_test.cpp:5057:class TxQMetaInfo_test : public TxQPosNegFlows_test
src/test/app/TxQ_test.cpp:5066:BEAST_DEFINE_TESTSUITE_PRIO(TxQPosNegFlows, app, ripple, 1);
src/test/app/TxQ_test.cpp:5067:BEAST_DEFINE_TESTSUITE_PRIO(TxQMetaInfo, app, ripple, 1);
src/test/jtx/JSONRPCClient.h:20:#ifndef RIPPLE_TEST_HTTPCLIENT_H_INCLUDED
src/test/jtx/JSONRPCClient.h:21:#define RIPPLE_TEST_HTTPCLIENT_H_INCLUDED
src/test/jtx/permissioned_domains.h:20:#ifndef RIPPLE_TEST_JTX_PERMISSIONED_DOMAINS_H_INCLUDED
src/test/jtx/permissioned_domains.h:21:#define RIPPLE_TEST_JTX_PERMISSIONED_DOMAINS_H_INCLUDED
src/test/jtx/credentials.h:20:#ifndef RIPPLE_TEST_JTX_CREDENTIALS_H_INCLUDED
src/test/jtx/credentials.h:21:#define RIPPLE_TEST_JTX_CREDENTIALS_H_INCLUDED
src/test/jtx/prop.h:20:#ifndef RIPPLE_TEST_JTX_PROP_H_INCLUDED
src/test/jtx/prop.h:21:#define RIPPLE_TEST_JTX_PROP_H_INCLUDED
src/test/jtx/sendmax.h:20:#ifndef RIPPLE_TEST_JTX_SENDMAX_H_INCLUDED
src/test/jtx/sendmax.h:21:#define RIPPLE_TEST_JTX_SENDMAX_H_INCLUDED
src/test/jtx/rpc.h:20:#ifndef RIPPLE_TEST_JTX_RPC_H_INCLUDED
src/test/jtx/rpc.h:21:#define RIPPLE_TEST_JTX_RPC_H_INCLUDED
src/test/jtx/envconfig.h:20:#ifndef RIPPLE_TEST_JTX_ENVCONFIG_H_INCLUDED
src/test/jtx/envconfig.h:21:#define RIPPLE_TEST_JTX_ENVCONFIG_H_INCLUDED
src/test/jtx/envconfig.h:132:    std::map<std::string, std::string> extraTxQ = {},
src/test/jtx/jtx_json.h:20:#ifndef RIPPLE_TEST_JTX_JSON_H_INCLUDED
src/test/jtx/jtx_json.h:21:#define RIPPLE_TEST_JTX_JSON_H_INCLUDED
src/test/jtx/AMM.h:20:#ifndef RIPPLE_TEST_JTX_AMM_H_INCLUDED
src/test/jtx/AMM.h:21:#define RIPPLE_TEST_JTX_AMM_H_INCLUDED
src/test/jtx/AMM.h:466:#endif  // RIPPLE_TEST_JTX_AMM_H_INCLUDED
src/xrpld/app/tx/applySteps.h:30:class TxQ;
src/xrpld/app/tx/applySteps.h:34:    TER ter;
src/xrpld/app/tx/applySteps.h:38:    ApplyResult(TER t, bool a, std::optional<TxMeta> m = std::nullopt)
src/xrpld/app/tx/applySteps.h:48:isTecClaimHardFail(TER ter, ApplyFlags flags)
src/xrpld/app/tx/applySteps.h:77:    XRPAmount potentialSpend_;
src/xrpld/app/tx/applySteps.h:86:    explicit TxConsequences(NotTEC pfresult);
src/xrpld/app/tx/applySteps.h:88:    /// Constructor if the STTx has no notable consequences for the TxQ.
src/xrpld/app/tx/applySteps.h:95:    TxConsequences(STTx const& tx, XRPAmount potentialSpend);
src/xrpld/app/tx/applySteps.h:120:    potentialSpend() const
src/xrpld/app/tx/applySteps.h:122:        return potentialSpend_;
src/xrpld/app/tx/applySteps.h:179:    NotTEC const ter;
src/xrpld/app/tx/applySteps.h:185:        std::pair<NotTEC, TxConsequences> const& result)
src/xrpld/app/tx/applySteps.h:223:    TER const ter;
src/xrpld/app/tx/applySteps.h:231:    PreclaimResult(Context const& ctx_, TER ter_)
src/xrpld/app/tx/applySteps.h:262:    other things, the `TER` code.
src/xrpld/app/tx/applySteps.h:308:    other things the `TER` code and the base fee value for
src/xrpld/app/tx/applySteps.h:338:    When computing the FeeLevel for a transaction the TxQ sometimes needs
src/xrpld/app/tx/applySteps.h:363:    @return A pair with the `TER` and a `bool` indicating
src/test/jtx/delivermin.h:20:#ifndef RIPPLE_TEST_JTX_DELIVERMIN_H_INCLUDED
src/test/jtx/delivermin.h:21:#define RIPPLE_TEST_JTX_DELIVERMIN_H_INCLUDED
src/test/jtx/JTx.h:20:#ifndef RIPPLE_TEST_JTX_JTX_H_INCLUDED
src/test/jtx/JTx.h:21:#define RIPPLE_TEST_JTX_JTX_H_INCLUDED
src/test/jtx/JTx.h:29:#include <xrpl/protocol/TER.h>
src/test/jtx/JTx.h:48:    std::optional<TER> ter = TER{tesSUCCESS};
src/xrpld/app/tx/apply.h:120:    @return A pair with the `TER` and a `bool` indicating
src/xrpld/app/tx/apply.h:147:    correct behavior based on the `TER` type
src/test/jtx/TestHelpers.h:20:#ifndef RIPPLE_TEST_JTX_TESTHELPERS_H_INCLUDED
src/test/jtx/TestHelpers.h:21:#define RIPPLE_TEST_JTX_TESTHELPERS_H_INCLUDED
src/test/jtx/TestHelpers.h:385:ownerCount(test::jtx::Env const& env, test::jtx::Account const& account);
src/test/jtx/TestHelpers.h:646:static constexpr FeeLevel64 baseFeeLevel{TxQ::baseLevel};
src/test/jtx/TestHelpers.h:666:    auto const metrics = env.app().getTxQ().getMetrics(*env.current());
src/test/jtx/TestHelpers.h:750:// Use "del" because "delete" is a reserved word in C++.
src/test/jtx/TestHelpers.h:850:#endif  // RIPPLE_TEST_JTX_TESTHELPERS_H_INCLUDED
src/test/jtx/pay.h:20:#ifndef RIPPLE_TEST_JTX_PAY_H_INCLUDED
src/test/jtx/pay.h:21:#define RIPPLE_TEST_JTX_PAY_H_INCLUDED
src/test/jtx/AMMTest.h:20:#ifndef RIPPLE_TEST_JTX_AMMTEST_H_INCLUDED
src/test/jtx/AMMTest.h:21:#define RIPPLE_TEST_JTX_AMMTEST_H_INCLUDED
src/test/jtx/AMMTest.h:124:    reserve(jtx::Env& env, std::uint32_t count) const;
src/test/jtx/AMMTest.h:186:#endif  // RIPPLE_TEST_JTX_AMMTEST_H_INCLUDED
src/test/jtx/requires.h:20:#ifndef RIPPLE_TEST_JTX_REQUIRES_H_INCLUDED
src/test/jtx/requires.h:21:#define RIPPLE_TEST_JTX_REQUIRES_H_INCLUDED
src/test/jtx/token.h:20:#ifndef RIPPLE_TEST_JTX_NFT_H_INCLUDED
src/test/jtx/token.h:21:#define RIPPLE_TEST_JTX_NFT_H_INCLUDED
src/test/jtx/token.h:251:#endif  // RIPPLE_TEST_JTX_NFT_H_INCLUDED
src/test/jtx/Env_ss.h:20:#ifndef RIPPLE_TEST_JTX_ENV_SS_H_INCLUDED
src/test/jtx/Env_ss.h:21:#define RIPPLE_TEST_JTX_ENV_SS_H_INCLUDED
src/test/jtx/tag.h:20:#ifndef RIPPLE_TEST_JTX_TAG_H_INCLUDED
src/test/jtx/tag.h:21:#define RIPPLE_TEST_JTX_TAG_H_INCLUDED
src/test/jtx/Env_test.cpp:23:#include <xrpld/app/misc/TxQ.h>
src/test/jtx/Env_test.cpp:226:            env(noop("alice"), fee(1), ter(telINSUF_FEE_P));
src/test/jtx/Env_test.cpp:294:        env(noop(alice), sig(alice), ter(tefMASTER_DISABLED));
src/test/jtx/Env_test.cpp:297:            ter(tefMASTER_DISABLED));
src/test/jtx/Env_test.cpp:318:        env(pay(env.master, "alice", XRP(1000)), fee(1), ter(telINSUF_FEE_P));
src/test/jtx/Env_test.cpp:350:        env(fset("alice", asfDisableMaster), ter(tecNEED_MASTER_KEY));
src/test/jtx/Env_test.cpp:353:            ter(tecNEED_MASTER_KEY));
src/test/jtx/Env_test.cpp:357:        env(regkey("alice", disabled), ter(tecNO_ALTERNATIVE_KEY));
src/test/jtx/Env_test.cpp:359:        env(noop("alice"), sig("alice"), ter(tefMASTER_DISABLED));
src/test/jtx/Env_test.cpp:365:            ter(tefMASTER_DISABLED));
src/test/jtx/Env_test.cpp:374:    // transactions are neither queued nor
src/test/jtx/Env_test.cpp:388:        auto const queueTxCount =
src/test/jtx/Env_test.cpp:389:            env.app().getTxQ().getMetrics(*env.current()).txCount;
src/test/jtx/Env_test.cpp:391:        BEAST_EXPECT(localTxCnt == 2 && queueTxCount == 0 && openTxCount == 2);
src/test/jtx/Env_test.cpp:408:        BEAST_EXPECT(jr[jss::result][jss::engine_result] == "telINSUF_FEE_P");
src/test/jtx/Env_test.cpp:410:            env.app().getTxQ().getMetrics(*env.current()).txCount ==
src/test/jtx/Env_test.cpp:411:            queueTxCount);
src/test/jtx/Env_test.cpp:419:            env.app().getTxQ().getMetrics(*env.current()).txCount ==
src/test/jtx/Env_test.cpp:420:            queueTxCount);
src/test/jtx/Env_test.cpp:428:            env.app().getTxQ().getMetrics(*env.current()).txCount ==
src/test/jtx/Env_test.cpp:429:            queueTxCount);
src/test/jtx/Env_test.cpp:438:            env.app().getTxQ().getMetrics(*env.current()).txCount ==
src/test/jtx/Env_test.cpp:439:            queueTxCount);
src/test/jtx/Env_test.cpp:447:            env.app().getTxQ().getMetrics(*env.current()).txCount ==
src/test/jtx/Env_test.cpp:448:            queueTxCount);
src/test/jtx/Env_test.cpp:947:BEAST_DEFINE_TESTSUITE(Env, jtx, ripple);
src/test/jtx/trust.h:20:#ifndef RIPPLE_TEST_JTX_TRUST_H_INCLUDED
src/test/jtx/trust.h:21:#define RIPPLE_TEST_JTX_TRUST_H_INCLUDED
src/test/jtx/CheckMessageLogs.h:20:#ifndef RIPPLE_TEST_JTX_CHECKMESSAGELOGS_H_INCLUDED
src/test/jtx/CheckMessageLogs.h:21:#define RIPPLE_TEST_JTX_CHECKMESSAGELOGS_H_INCLUDED
src/test/jtx/WSClient_test.cpp:49:BEAST_DEFINE_TESTSUITE(WSClient, jtx, ripple);
src/test/jtx/owners.h:20:#ifndef RIPPLE_TEST_JTX_OWNERS_H_INCLUDED
src/test/jtx/owners.h:21:#define RIPPLE_TEST_JTX_OWNERS_H_INCLUDED
src/test/jtx/CaptureLogs.h:20:#ifndef RIPPLE_TEST_JTX_CAPTURELOGS_H_INCLUDED
src/test/jtx/CaptureLogs.h:21:#define RIPPLE_TEST_JTX_CAPTURELOGS_H_INCLUDED
src/test/jtx/xchain_bridge.h:20:#ifndef RIPPLE_TEST_JTX_XCHAINBRIDGE_H_INCLUDED
src/test/jtx/xchain_bridge.h:21:#define RIPPLE_TEST_JTX_XCHAINBRIDGE_H_INCLUDED
src/test/jtx/basic_prop.h:20:#ifndef RIPPLE_TEST_JTX_BASIC_PROP_H_INCLUDED
src/test/jtx/basic_prop.h:21:#define RIPPLE_TEST_JTX_BASIC_PROP_H_INCLUDED
src/test/jtx/check.h:20:#ifndef RIPPLE_TEST_JTX_CHECK_H_INCLUDED
src/test/jtx/check.h:21:#define RIPPLE_TEST_JTX_CHECK_H_INCLUDED
src/test/jtx/ManualTimeKeeper.h:20:#ifndef RIPPLE_TEST_MANUALTIMEKEEPER_H_INCLUDED
src/test/jtx/ManualTimeKeeper.h:21:#define RIPPLE_TEST_MANUALTIMEKEEPER_H_INCLUDED
src/test/jtx/balance.h:20:#ifndef RIPPLE_TEST_JTX_BALANCE_H_INCLUDED
src/test/jtx/balance.h:21:#define RIPPLE_TEST_JTX_BALANCE_H_INCLUDED
src/test/jtx/AbstractClient.h:20:#ifndef RIPPLE_TEST_ABSTRACTCLIENT_H_INCLUDED
src/test/jtx/AbstractClient.h:21:#define RIPPLE_TEST_ABSTRACTCLIENT_H_INCLUDED
src/test/jtx/utility.h:20:#ifndef RIPPLE_TEST_JTX_UTILITY_H_INCLUDED
src/test/jtx/utility.h:21:#define RIPPLE_TEST_JTX_UTILITY_H_INCLUDED
src/test/jtx/paths.h:20:#ifndef RIPPLE_TEST_JTX_PATHS_H_INCLUDED
src/test/jtx/paths.h:21:#define RIPPLE_TEST_JTX_PATHS_H_INCLUDED
src/test/jtx/SignerUtils.h:1:#ifndef RIPPLE_TEST_JTX_SIGNERUTILS_H_INCLUDED
src/test/jtx/SignerUtils.h:2:#define RIPPLE_TEST_JTX_SIGNERUTILS_H_INCLUDED
src/test/jtx/vault.h:20:#ifndef RIPPLE_TEST_JTX_VAULT_H_INCLUDED
src/test/jtx/vault.h:21:#define RIPPLE_TEST_JTX_VAULT_H_INCLUDED
src/test/jtx/account_txn_id.h:20:#ifndef RIPPLE_TEST_JTX_ACCOUNT_TXN_ID_H_INCLUDED
src/test/jtx/account_txn_id.h:21:#define RIPPLE_TEST_JTX_ACCOUNT_TXN_ID_H_INCLUDED
src/test/jtx/memo.h:20:#ifndef RIPPLE_TEST_JTX_MEMO_H_INCLUDED
src/test/jtx/memo.h:21:#define RIPPLE_TEST_JTX_MEMO_H_INCLUDED
src/test/jtx/regkey.h:20:#ifndef RIPPLE_TEST_JTX_REGKEY_H_INCLUDED
src/test/jtx/regkey.h:21:#define RIPPLE_TEST_JTX_REGKEY_H_INCLUDED
src/test/jtx/attester.h:20:#ifndef RIPPLE_TEST_JTX_ATTESTER_H_INCLUDED
src/test/jtx/attester.h:21:#define RIPPLE_TEST_JTX_ATTESTER_H_INCLUDED
src/test/jtx/WSClient.h:20:#ifndef RIPPLE_TEST_WSCLIENT_H_INCLUDED
src/test/jtx/WSClient.h:21:#define RIPPLE_TEST_WSCLIENT_H_INCLUDED
src/test/jtx/noop.h:20:#ifndef RIPPLE_TEST_JTX_NOOP_H_INCLUDED
src/test/jtx/noop.h:21:#define RIPPLE_TEST_JTX_NOOP_H_INCLUDED
src/test/jtx/batch.h:20:#ifndef RIPPLE_TEST_JTX_BATCH_H_INCLUDED
src/test/jtx/batch.h:21:#define RIPPLE_TEST_JTX_BATCH_H_INCLUDED
src/test/jtx/directory.h:20:#ifndef RIPPLE_TEST_JTX_DIRECTORY_H_INCLUDED
src/test/jtx/directory.h:21:#define RIPPLE_TEST_JTX_DIRECTORY_H_INCLUDED
src/xrpld/app/tx/detail/VaultSet.cpp:29:#include <xrpl/protocol/TER.h>
src/xrpld/app/tx/detail/VaultSet.cpp:44:NotTEC
src/xrpld/app/tx/detail/VaultSet.cpp:82:TER
src/xrpld/app/tx/detail/VaultSet.cpp:102:        return tefINTERNAL;
src/xrpld/app/tx/detail/VaultSet.cpp:129:            return tefINTERNAL;
src/xrpld/app/tx/detail/VaultSet.cpp:137:TER
src/xrpld/app/tx/detail/VaultSet.cpp:149:        return tefINTERNAL;  // LCOV_EXCL_LINE
src/xrpld/app/tx/detail/VaultSet.cpp:159:        return tefINTERNAL;
src/test/jtx/sig.h:20:#ifndef RIPPLE_TEST_JTX_SIG_H_INCLUDED
src/test/jtx/sig.h:21:#define RIPPLE_TEST_JTX_SIG_H_INCLUDED
src/test/jtx/testline.h:1:#ifndef XRPL_TEST_JTX_TESTLINE_H_INCLUDED
src/test/jtx/testline.h:2:#define XRPL_TEST_JTX_TESTLINE_H_INCLUDED
src/test/jtx/require.h:20:#ifndef RIPPLE_TEST_JTX_REQUIRE_H_INCLUDED
src/test/jtx/require.h:21:#define RIPPLE_TEST_JTX_REQUIRE_H_INCLUDED
src/test/jtx/require.h:62:    applied, and only if the resulting TER
src/test/jtx/require.h:63:    matches the expected TER.
src/xrpld/app/misc/AMMUtils.h:28:#include <xrpl/protocol/TER.h>
src/xrpld/app/misc/AMMUtils.h:52:Expected<std::tuple<STAmount, STAmount, STAmount>, TER>
src/xrpld/app/misc/AMMUtils.h:100:TER
src/xrpld/app/misc/AMMUtils.h:118: * otherwise. Return tecINTERNAL if encountered an unexpected condition,
src/xrpld/app/misc/AMMUtils.h:121:Expected<bool, TER>
src/xrpld/app/misc/AMMUtils.h:131:Expected<bool, TER>
src/test/jtx/last_ledger_sequence.h:20:#ifndef RIPPLE_TEST_JTX_LAST_LEDGER_SEQUENCE_H_INCLUDED
src/test/jtx/last_ledger_sequence.h:21:#define RIPPLE_TEST_JTX_LAST_LEDGER_SEQUENCE_H_INCLUDED
src/test/jtx/seq.h:20:#ifndef RIPPLE_TEST_JTX_SEQ_H_INCLUDED
src/test/jtx/seq.h:21:#define RIPPLE_TEST_JTX_SEQ_H_INCLUDED
src/test/jtx/TestSuite.h:20:#ifndef RIPPLE_BASICS_TESTSUITE_H_INCLUDED
src/test/jtx/TestSuite.h:21:#define RIPPLE_BASICS_TESTSUITE_H_INCLUDED
src/test/jtx/amount.h:20:#ifndef RIPPLE_TEST_JTX_AMOUNT_H_INCLUDED
src/test/jtx/amount.h:21:#define RIPPLE_TEST_JTX_AMOUNT_H_INCLUDED
src/test/jtx/quality.h:20:#ifndef RIPPLE_TEST_JTX_QUALITY_H_INCLUDED
src/test/jtx/quality.h:21:#define RIPPLE_TEST_JTX_QUALITY_H_INCLUDED
src/xrpld/app/misc/DelegateUtils.h:26:#include <xrpl/protocol/TER.h>
src/xrpld/app/misc/DelegateUtils.h:37:TER
src/test/jtx/ledgerStateFix.h:20:#ifndef RIPPLE_TEST_JTX_LEDGER_STATE_FIX_H_INCLUDED
src/test/jtx/ledgerStateFix.h:21:#define RIPPLE_TEST_JTX_LEDGER_STATE_FIX_H_INCLUDED
src/test/jtx/offer.h:20:#ifndef RIPPLE_TEST_JTX_OFFER_H_INCLUDED
src/test/jtx/offer.h:21:#define RIPPLE_TEST_JTX_OFFER_H_INCLUDED
src/test/jtx/deposit.h:20:#ifndef RIPPLE_TEST_JTX_DEPOSIT_H_INCLUDED
src/test/jtx/deposit.h:21:#define RIPPLE_TEST_JTX_DEPOSIT_H_INCLUDED
src/test/jtx/did.h:20:#ifndef RIPPLE_TEST_JTX_DID_H_INCLUDED
src/test/jtx/did.h:21:#define RIPPLE_TEST_JTX_DID_H_INCLUDED
src/test/jtx/invoice_id.h:20:#ifndef RIPPLE_TEST_JTX_INVOICE_ID_H_INCLUDED
src/test/jtx/invoice_id.h:21:#define RIPPLE_TEST_JTX_INVOICE_ID_H_INCLUDED
src/test/jtx/PathSet.h:20:#ifndef RIPPLE_LEDGER_TESTS_PATHSET_H_INCLUDED
src/test/jtx/PathSet.h:21:#define RIPPLE_LEDGER_TESTS_PATHSET_H_INCLUDED
src/test/jtx/fee.h:20:#ifndef RIPPLE_TEST_JTX_FEE_H_INCLUDED
src/test/jtx/fee.h:21:#define RIPPLE_TEST_JTX_FEE_H_INCLUDED
src/xrpld/app/tx/detail/Payment.cpp:92:NotTEC
src/xrpld/app/tx/detail/Payment.cpp:253:TER
src/xrpld/app/tx/detail/Payment.cpp:311:TER
src/xrpld/app/tx/detail/Payment.cpp:349:        else if (dstAmount < STAmount(ctx.view.fees().accountReserve(0)))
src/xrpld/app/tx/detail/Payment.cpp:351:            // accountReserve is the minimum amount that an account can have.
src/xrpld/app/tx/detail/Payment.cpp:411:TER
src/xrpld/app/tx/detail/Payment.cpp:518:            //             on the TER. But always applying *should*
src/xrpld/app/tx/detail/Payment.cpp:635:        return tefINTERNAL;  // LCOV_EXCL_LINE
src/xrpld/app/tx/detail/Payment.cpp:637:    // ownerCount is the number of entries in this ledger for this
src/xrpld/app/tx/detail/Payment.cpp:638:    // account that require a reserve.
src/xrpld/app/tx/detail/Payment.cpp:639:    auto const ownerCount = sleSrc->getFieldU32(sfOwnerCount);
src/xrpld/app/tx/detail/Payment.cpp:641:    // This is the total reserve in drops.
src/xrpld/app/tx/detail/Payment.cpp:642:    auto const reserve = view().fees().accountReserve(ownerCount);
src/xrpld/app/tx/detail/Payment.cpp:645:    // fees were charged. We want to make sure we have enough reserve
src/xrpld/app/tx/detail/Payment.cpp:646:    // to send. Allow final spend to use reserve for fee.
src/xrpld/app/tx/detail/Payment.cpp:647:    auto const mmm = std::max(reserve, ctx_.tx.getFieldAmount(sfFee).xrp());
src/xrpld/app/tx/detail/Payment.cpp:656:                         << to_string(reserve) << ")";
src/xrpld/app/tx/detail/Payment.cpp:678:        //    a. less than or equal to the base reserve and
src/xrpld/app/tx/detail/Payment.cpp:679:        //    b. the deposit amount is less than or equal to the base reserve,
src/xrpld/app/tx/detail/Payment.cpp:688:        // We choose the base reserve as our bound because it is
src/xrpld/app/tx/detail/Payment.cpp:692:        // Get the base reserve.
src/xrpld/app/tx/detail/Payment.cpp:693:        XRPAmount const dstReserve{view().fees().accountReserve(0)};
src/test/jtx/multisign.h:20:#ifndef RIPPLE_TEST_JTX_MULTISIGN_H_INCLUDED
src/test/jtx/multisign.h:21:#define RIPPLE_TEST_JTX_MULTISIGN_H_INCLUDED
src/test/jtx/rate.h:20:#ifndef RIPPLE_TEST_JTX_RATE_H_INCLUDED
src/test/jtx/rate.h:21:#define RIPPLE_TEST_JTX_RATE_H_INCLUDED
src/test/jtx/ticket.h:20:#ifndef RIPPLE_TEST_JTX_TICKET_H_INCLUDED
src/test/jtx/ticket.h:21:#define RIPPLE_TEST_JTX_TICKET_H_INCLUDED
src/test/jtx/impl/Env.cpp:43:#include <xrpl/protocol/TER.h>
src/test/jtx/impl/Env.cpp:260:Env::ownerCount(Account const& account) const
src/test/jtx/impl/Env.cpp:363:            parsed.ter = TER::fromInt(result[jss::engine_result_code].asInt());
src/test/jtx/impl/Env.cpp:662:    for (unsigned ctr = 0; (ctr < retries_) and (response.first == rpcINTERNAL);
src/test/jtx/ter.h:20:#ifndef RIPPLE_TEST_JTX_TER_H_INCLUDED
src/test/jtx/ter.h:21:#define RIPPLE_TEST_JTX_TER_H_INCLUDED
src/test/jtx/ter.h:37:    std::optional<TER> v_;
src/test/jtx/ter.h:44:    explicit ter(TER v) : v_(v)
src/test/jtx/mpt.h:20:#ifndef RIPPLE_TEST_JTX_MPT_H_INCLUDED
src/test/jtx/mpt.h:21:#define RIPPLE_TEST_JTX_MPT_H_INCLUDED
src/test/jtx/mpt.h:101:    std::optional<std::uint32_t> ownerCount = std::nullopt;
src/test/jtx/mpt.h:114:    std::optional<TER> err = std::nullopt;
src/test/jtx/mpt.h:141:    std::optional<TER> err = std::nullopt;
src/test/jtx/mpt.h:148:    std::optional<std::uint32_t> ownerCount = std::nullopt;
src/test/jtx/mpt.h:151:    std::optional<TER> err = std::nullopt;
src/test/jtx/mpt.h:159:    std::optional<std::uint32_t> ownerCount = std::nullopt;
src/test/jtx/mpt.h:162:    std::optional<TER> err = std::nullopt;
src/test/jtx/mpt.h:170:    std::optional<std::uint32_t> ownerCount = std::nullopt;
src/test/jtx/mpt.h:178:    std::optional<TER> err = std::nullopt;
src/test/jtx/mpt.h:266:        std::optional<TER> err = std::nullopt,
src/test/jtx/mpt.h:274:        std::optional<TER> err = std::nullopt);
src/test/jtx/mpt.h:306:    TER
src/test/jtx/mpt.h:316:        if (arg.ownerCount)
src/test/jtx/mpt.h:317:            env_.require(owners(issuer_, *arg.ownerCount));
src/test/jtx/flags.h:20:#ifndef RIPPLE_TEST_JTX_FLAGS_H_INCLUDED
src/test/jtx/flags.h:21:#define RIPPLE_TEST_JTX_FLAGS_H_INCLUDED
src/test/jtx/flags.h:55:            // case asfAccountTxnID: // ???
src/xrpld/app/tx/detail/VaultClawback.h:36:    static NotTEC
src/xrpld/app/tx/detail/VaultClawback.h:39:    static TER
src/xrpld/app/tx/detail/VaultClawback.h:42:    TER
src/xrpld/app/tx/detail/VaultClawback.h:46:    Expected<std::pair<STAmount, STAmount>, TER>
src/test/jtx/Oracle.h:20:#ifndef RIPPLE_TEST_JTX_ORACLE_H_INCLUDED
src/test/jtx/Oracle.h:21:#define RIPPLE_TEST_JTX_ORACLE_H_INCLUDED
src/test/jtx/Oracle.h:209:#endif  // RIPPLE_TEST_JTX_ORACLE_H_INCLUDED
src/xrpld/app/tx/detail/VaultCreate.cpp:34:#include <xrpl/protocol/TER.h>
src/xrpld/app/tx/detail/VaultCreate.cpp:58:NotTEC
src/xrpld/app/tx/detail/VaultCreate.cpp:105:TER
src/xrpld/app/tx/detail/VaultCreate.cpp:144:TER
src/xrpld/app/tx/detail/VaultCreate.cpp:155:        return tefINTERNAL;  // LCOV_EXCL_LINE
src/xrpld/app/tx/detail/VaultCreate.cpp:162:    adjustOwnerCount(view(), owner, 2, j_);
src/xrpld/app/tx/detail/VaultCreate.cpp:163:    auto const ownerCount = owner->at(sfOwnerCount);
src/xrpld/app/tx/detail/VaultCreate.cpp:164:    if (mPriorBalance < view().fees().accountReserve(ownerCount))
src/test/jtx/impl/mpt.cpp:543:    std::optional<TER> err,
src/test/jtx/impl/mpt.cpp:594:    std::optional<TER> err)
src/test/jtx/acctdelete.h:20:#ifndef RIPPLE_TEST_JTX_ACCTDELETE_H_INCLUDED
src/test/jtx/acctdelete.h:21:#define RIPPLE_TEST_JTX_ACCTDELETE_H_INCLUDED
src/xrpld/app/tx/detail/LoanBrokerCoverDeposit.h:20:    static NotTEC
src/xrpld/app/tx/detail/LoanBrokerCoverDeposit.h:23:    static TER
src/xrpld/app/tx/detail/LoanBrokerCoverDeposit.h:26:    TER
src/test/jtx/impl/account_txn_id.cpp:30:        jt["AccountTxnID"] = strHex(hash_);
src/xrpld/app/tx/detail/LoanDelete.h:20:    static NotTEC
src/xrpld/app/tx/detail/LoanDelete.h:23:    static TER
src/xrpld/app/tx/detail/LoanDelete.h:26:    TER
src/test/jtx/impl/AMMTest.cpp:176:AMMTest::reserve(jtx::Env& env, std::uint32_t count) const
src/test/jtx/impl/AMMTest.cpp:178:    return env.current()->fees().accountReserve(count);
src/xrpld/app/tx/detail/Clawback.h:39:    static NotTEC
src/xrpld/app/tx/detail/Clawback.h:42:    static TER
src/xrpld/app/tx/detail/Clawback.h:45:    TER
src/test/jtx/Env.h:20:#ifndef RIPPLE_TEST_JTX_ENV_H_INCLUDED
src/test/jtx/Env.h:21:#define RIPPLE_TEST_JTX_ENV_H_INCLUDED
src/test/jtx/Env.h:79:        feats.reserve(sa.size());
src/test/jtx/Env.h:130:        std::optional<TER> ter{};
src/test/jtx/Env.h:493:    ownerCount(Account const& account) const;
src/test/jtx/Env.h:554:    /** Gets the TER result and `didApply` flag from a RPC Json result object.
src/test/jtx/Env.h:598:    /** Return the TER for the last JTx. */
src/test/jtx/Env.h:599:    TER
src/test/jtx/Env.h:744:    TER ter_ = tesSUCCESS;
src/test/jtx/txflags.h:20:#ifndef RIPPLE_TEST_JTX_TXFLAGS_H_INCLUDED
src/test/jtx/txflags.h:21:#define RIPPLE_TEST_JTX_TXFLAGS_H_INCLUDED
src/xrpld/app/tx/detail/NFTokenCreateOffer.cpp:35:NotTEC
src/xrpld/app/tx/detail/NFTokenCreateOffer.cpp:43:    if (NotTEC notTec = nft::tokenOfferCreatePreflight(
src/xrpld/app/tx/detail/NFTokenCreateOffer.cpp:58:TER
src/xrpld/app/tx/detail/NFTokenCreateOffer.cpp:87:TER
src/xrpld/app/misc/HashRouter.h:20:#ifndef RIPPLE_APP_MISC_HASHROUTER_H_INCLUDED
src/xrpld/app/misc/HashRouter.h:21:#define RIPPLE_APP_MISC_HASHROUTER_H_INCLUDED
src/test/jtx/TrustedPublisherServer.h:20:#ifndef RIPPLE_TEST_TRUSTED_PUBLISHER_SERVER_H_INCLUDED
src/test/jtx/TrustedPublisherServer.h:21:#define RIPPLE_TEST_TRUSTED_PUBLISHER_SERVER_H_INCLUDED
src/test/jtx/TrustedPublisherServer.h:200:        blobInfo.reserve(futures.size() + 1);
src/test/jtx/TrustedPublisherServer.h:485:-----BEGIN DH PARAMETERS-----
src/test/jtx/TrustedPublisherServer.h:492:-----END DH PARAMETERS-----
src/test/jtx/impl/xchain_bridge.cpp:314:    vec.reserve(numAtts);
src/test/jtx/impl/xchain_bridge.cpp:347:    vec.reserve(numAtts);
src/test/jtx/impl/xchain_bridge.cpp:396:        result.reserve(numSigners);
src/test/jtx/impl/xchain_bridge.cpp:410:        result.reserve(numSigners);
src/test/jtx/impl/xchain_bridge.cpp:423:        r.reserve(signers.size());
src/test/jtx/impl/xchain_bridge.cpp:432:        r.reserve(signers.size());
src/test/jtx/impl/envconfig.cpp:36:    cfg.FEES.reference_fee = UNIT_TEST_REFERENCE_FEE;
src/test/jtx/impl/envconfig.cpp:37:    cfg.FEES.account_reserve = XRP(200).value().xrp().drops();
src/test/jtx/impl/envconfig.cpp:38:    cfg.FEES.owner_reserve = XRP(50).value().xrp().drops();
src/test/jtx/impl/envconfig.cpp:145:    std::map<std::string, std::string> extraTxQ,
src/test/jtx/impl/envconfig.cpp:149:    auto& section = p->section("transaction_queue");
src/test/jtx/impl/envconfig.cpp:150:    section.set("ledgers_in_queue", "2");
src/test/jtx/impl/envconfig.cpp:151:    section.set("minimum_queue_size", "2");
src/test/jtx/impl/envconfig.cpp:157:    for (auto const& [k, v] : extraTxQ)
src/test/jtx/Account.h:20:#ifndef RIPPLE_TEST_JTX_ACCOUNT_H_INCLUDED
src/test/jtx/Account.h:21:#define RIPPLE_TEST_JTX_ACCOUNT_H_INCLUDED
src/test/jtx/tags.h:20:#ifndef RIPPLE_TEST_JTX_TAGS_H_INCLUDED
src/test/jtx/tags.h:21:#define RIPPLE_TEST_JTX_TAGS_H_INCLUDED
src/test/jtx/tags.h:52:/** Used for fee() calls that use an owner reserve increment */
src/test/jtx/impl/WSClient.cpp:107:    // synchronize message queue
src/test/jtx/impl/balance.cpp:26:#define TEST_EXPECT(cond) env.test.expect(cond, __FILE__, __LINE__)
src/test/jtx/impl/balance.cpp:27:#define TEST_EXPECTS(cond, reason)    \
src/test/jtx/impl/balance.cpp:44:            TEST_EXPECT(!sle);
src/test/jtx/impl/balance.cpp:46:        else if (TEST_EXPECT(sle))
src/test/jtx/impl/balance.cpp:48:            TEST_EXPECTS(
src/test/jtx/impl/balance.cpp:59:            TEST_EXPECT(!sle);
src/test/jtx/impl/balance.cpp:61:        else if (TEST_EXPECT(sle))
src/test/jtx/impl/balance.cpp:67:            TEST_EXPECTS(amount == value, amount.getText());
src/test/jtx/impl/balance.cpp:83:        TEST_EXPECT(!sle);
src/test/jtx/impl/balance.cpp:85:    else if (TEST_EXPECT(sle))
src/test/jtx/impl/balance.cpp:88:        TEST_EXPECT(amount == value);
src/test/jtx/impl/TestHelpers.cpp:54:ownerCount(Env const& env, Account const& account)
src/test/jtx/impl/TestHelpers.cpp:56:    return env.ownerCount(account);
src/test/jtx/impl/TestHelpers.cpp:346:    auto const ownerCount = env.le(account)->getFieldU32(sfOwnerCount);
src/test/jtx/impl/TestHelpers.cpp:352:    env.require(owners(account, ownerCount + n));
src/xrpld/app/misc/NetworkOPs.h:273:        TER result) = 0;
src/xrpld/app/misc/NetworkOPs.h:290:    JobQueue& job_queue,
src/test/jtx/escrow.h:20:#ifndef RIPPLE_TEST_JTX_ESCROW_H_INCLUDED
src/test/jtx/escrow.h:21:#define RIPPLE_TEST_JTX_ESCROW_H_INCLUDED
src/xrpld/app/tx/detail/Transactor.h:84:    TER preflightResult;
src/xrpld/app/tx/detail/Transactor.h:93:        TER preflightResult_,
src/xrpld/app/tx/detail/Transactor.h:114:        TER preflightResult_,
src/xrpld/app/tx/detail/Transactor.h:184:    static NotTEC
src/xrpld/app/tx/detail/Transactor.h:187:    static NotTEC
src/xrpld/app/tx/detail/Transactor.h:190:    static TER
src/xrpld/app/tx/detail/Transactor.h:193:    static NotTEC
src/xrpld/app/tx/detail/Transactor.h:196:    static NotTEC
src/xrpld/app/tx/detail/Transactor.h:216:        static NotTEC
src/xrpld/app/tx/detail/Transactor.h:221:        static NotTEC preflightSigValidated(PreflightContext const& ctx);
src/xrpld/app/tx/detail/Transactor.h:229:    static NotTEC
src/xrpld/app/tx/detail/Transactor.h:232:    static TER
src/xrpld/app/tx/detail/Transactor.h:240:    static TER
src/xrpld/app/tx/detail/Transactor.h:245:    static TER
src/xrpld/app/tx/detail/Transactor.h:253:    TER
src/xrpld/app/tx/detail/Transactor.h:261:    virtual TER
src/xrpld/app/tx/detail/Transactor.h:284:    static NotTEC
src/xrpld/app/tx/detail/Transactor.h:302:    static NotTEC
src/xrpld/app/tx/detail/Transactor.h:332:    std::pair<TER, XRPAmount>
src/xrpld/app/tx/detail/Transactor.h:335:    TER
src/xrpld/app/tx/detail/Transactor.h:337:    TER
src/xrpld/app/tx/detail/Transactor.h:339:    static NotTEC
src/xrpld/app/tx/detail/Transactor.h:346:    static NotTEC
src/xrpld/app/tx/detail/Transactor.h:363:    static NotTEC
src/xrpld/app/tx/detail/Transactor.h:371:    static NotTEC
src/xrpld/app/tx/detail/Transactor.h:382:NotTEC
src/xrpld/app/tx/detail/Transactor.h:391:NotTEC
src/xrpld/app/tx/detail/Transactor.h:398:std::optional<NotTEC>
src/xrpld/app/tx/detail/Transactor.h:407:NotTEC
src/xrpld/app/tx/detail/Transactor.h:411:NotTEC
src/xrpld/app/tx/detail/LoanPay.h:23:    static NotTEC
src/xrpld/app/tx/detail/LoanPay.h:29:    static TER
src/xrpld/app/tx/detail/LoanPay.h:32:    TER
src/xrpld/app/tx/detail/PayChan.cpp:116:static TER
src/xrpld/app/tx/detail/PayChan.cpp:155:        return tefINTERNAL;  // LCOV_EXCL_LINE
src/xrpld/app/tx/detail/PayChan.cpp:162:    adjustOwnerCount(view, sle, -1, j);
src/xrpld/app/tx/detail/PayChan.cpp:185:NotTEC
src/xrpld/app/tx/detail/PayChan.cpp:200:TER
src/xrpld/app/tx/detail/PayChan.cpp:208:    // Check reserve and funds availability
src/xrpld/app/tx/detail/PayChan.cpp:211:        auto const reserve =
src/xrpld/app/tx/detail/PayChan.cpp:212:            ctx.view.fees().accountReserve((*sle)[sfOwnerCount] + 1);
src/xrpld/app/tx/detail/PayChan.cpp:214:        if (balance < reserve)
src/xrpld/app/tx/detail/PayChan.cpp:217:        if (balance < reserve + ctx.tx[sfAmount])
src/xrpld/app/tx/detail/PayChan.cpp:258:TER
src/xrpld/app/tx/detail/PayChan.cpp:264:        return tefINTERNAL;  // LCOV_EXCL_LINE
src/xrpld/app/tx/detail/PayChan.cpp:324:    adjustOwnerCount(ctx_.view(), sle, 1, ctx_.journal);
src/xrpld/app/tx/detail/PayChan.cpp:345:NotTEC
src/xrpld/app/tx/detail/PayChan.cpp:354:TER
src/xrpld/app/tx/detail/PayChan.cpp:396:        return tefINTERNAL;  // LCOV_EXCL_LINE
src/xrpld/app/tx/detail/PayChan.cpp:399:        // Check reserve and funds availability
src/xrpld/app/tx/detail/PayChan.cpp:401:        auto const reserve =
src/xrpld/app/tx/detail/PayChan.cpp:402:            ctx_.view().fees().accountReserve((*sle)[sfOwnerCount]);
src/xrpld/app/tx/detail/PayChan.cpp:404:        if (balance < reserve)
src/xrpld/app/tx/detail/PayChan.cpp:407:        if (balance < reserve + ctx_.tx[sfAmount])
src/xrpld/app/tx/detail/PayChan.cpp:443:NotTEC
src/xrpld/app/tx/detail/PayChan.cpp:497:TER
src/xrpld/app/tx/detail/PayChan.cpp:511:TER
src/xrpld/app/tx/detail/LedgerStateFix.h:40:    static NotTEC
src/xrpld/app/tx/detail/LedgerStateFix.h:46:    static TER
src/xrpld/app/tx/detail/LedgerStateFix.h:49:    TER
src/xrpld/app/tx/detail/VaultWithdraw.h:36:    static NotTEC
src/xrpld/app/tx/detail/VaultWithdraw.h:39:    static TER
src/xrpld/app/tx/detail/VaultWithdraw.h:42:    TER
src/xrpld/app/tx/detail/SetAccount.cpp:46:             *uSetFlag == asfAccountTxnID))
src/xrpld/app/tx/detail/SetAccount.cpp:51:             *uClearFlag == asfAccountTxnID))
src/xrpld/app/tx/detail/SetAccount.cpp:66:NotTEC
src/xrpld/app/tx/detail/SetAccount.cpp:189:TER
src/xrpld/app/tx/detail/SetAccount.cpp:244:TER
src/xrpld/app/tx/detail/SetAccount.cpp:271:            return (ctx.flags & tapRETRY) ? TER{terOWNERS} : TER{tecOWNERS};
src/xrpld/app/tx/detail/SetAccount.cpp:309:TER
src/xrpld/app/tx/detail/SetAccount.cpp:314:        return tefINTERNAL;  // LCOV_EXCL_LINE
src/xrpld/app/tx/detail/SetAccount.cpp:404:            return tecNEED_MASTER_KEY;
src/xrpld/app/tx/detail/SetAccount.cpp:411:            return tecNO_ALTERNATIVE_KEY;
src/xrpld/app/tx/detail/SetAccount.cpp:446:            return tecNEED_MASTER_KEY;
src/xrpld/app/tx/detail/SetAccount.cpp:473:    if ((uSetFlag == asfAccountTxnID) && !sle->isFieldPresent(sfAccountTxnID))
src/xrpld/app/tx/detail/SetAccount.cpp:475:        JLOG(j_.trace()) << "Set AccountTxnID.";
src/xrpld/app/tx/detail/SetAccount.cpp:476:        sle->makeFieldPresent(sfAccountTxnID);
src/xrpld/app/tx/detail/SetAccount.cpp:479:    if ((uClearFlag == asfAccountTxnID) && sle->isFieldPresent(sfAccountTxnID))
src/xrpld/app/tx/detail/SetAccount.cpp:481:        JLOG(j_.trace()) << "Clear AccountTxnID.";
src/xrpld/app/tx/detail/SetAccount.cpp:482:        sle->makeFieldAbsent(sfAccountTxnID);
src/xrpld/app/tx/detail/LoanBrokerDelete.cpp:15:NotTEC
src/xrpld/app/tx/detail/LoanBrokerDelete.cpp:24:TER
src/xrpld/app/tx/detail/LoanBrokerDelete.cpp:46:    if (auto const ownerCount = sleBroker->at(sfOwnerCount); ownerCount != 0)
src/xrpld/app/tx/detail/LoanBrokerDelete.cpp:48:        JLOG(ctx.j.warn()) << "LoanBrokerDelete: Owner count is " << ownerCount;
src/xrpld/app/tx/detail/LoanBrokerDelete.cpp:99:TER
src/xrpld/app/tx/detail/LoanBrokerDelete.cpp:187:        adjustOwnerCount(view(), owner, -2, j_);
src/xrpld/app/tx/detail/PayChan.h:42:    static NotTEC
src/xrpld/app/tx/detail/PayChan.h:45:    static TER
src/xrpld/app/tx/detail/PayChan.h:48:    TER
src/xrpld/app/tx/detail/PayChan.h:71:    static NotTEC
src/xrpld/app/tx/detail/PayChan.h:74:    TER
src/xrpld/app/tx/detail/PayChan.h:97:    static NotTEC
src/xrpld/app/tx/detail/PayChan.h:100:    static TER
src/xrpld/app/tx/detail/PayChan.h:103:    TER
src/xrpld/app/tx/detail/MPTokenIssuanceDestroy.h:39:    static NotTEC
src/xrpld/app/tx/detail/MPTokenIssuanceDestroy.h:42:    static TER
src/xrpld/app/tx/detail/MPTokenIssuanceDestroy.h:45:    TER
src/xrpld/app/tx/detail/SetOracle.h:45:    static NotTEC
src/xrpld/app/tx/detail/SetOracle.h:48:    static TER
src/xrpld/app/tx/detail/SetOracle.h:51:    TER
src/xrpld/app/tx/detail/applySteps.cpp:146:static std::pair<NotTEC, TxConsequences>
src/xrpld/app/tx/detail/applySteps.cpp:171:static TER
src/xrpld/app/tx/detail/applySteps.cpp:179:            ctx.view.rules(), ctx.tx.getTxnType(), [&]<typename T>() -> TER {
src/xrpld/app/tx/detail/applySteps.cpp:181:                // 1. Up to and including the signature check: returns NotTEC.
src/xrpld/app/tx/detail/applySteps.cpp:183:                //    MUST return NotTEC, or something more restrictive.
src/xrpld/app/tx/detail/applySteps.cpp:187:                // 2. After the signature check: returns TER.
src/xrpld/app/tx/detail/applySteps.cpp:196:                    if (NotTEC const preSigResult = [&]() -> NotTEC {
src/xrpld/app/tx/detail/applySteps.cpp:197:                            if (NotTEC const result =
src/xrpld/app/tx/detail/applySteps.cpp:201:                            if (NotTEC const result =
src/xrpld/app/tx/detail/applySteps.cpp:205:                            if (NotTEC const result = T::checkSign(ctx))
src/xrpld/app/tx/detail/applySteps.cpp:212:                    if (TER const result = T::checkFee(
src/xrpld/app/tx/detail/applySteps.cpp:271:TxConsequences::TxConsequences(NotTEC pfresult)
src/xrpld/app/tx/detail/applySteps.cpp:274:    , potentialSpend_(beast::zero)
src/xrpld/app/tx/detail/applySteps.cpp:288:    , potentialSpend_(beast::zero)
src/xrpld/app/tx/detail/applySteps.cpp:300:TxConsequences::TxConsequences(STTx const& tx, XRPAmount potentialSpend)
src/xrpld/app/tx/detail/applySteps.cpp:303:    potentialSpend_ = potentialSpend;
src/xrpld/app/tx/detail/Change.cpp:37:NotTEC
src/xrpld/app/tx/detail/Change.cpp:87:TER
src/xrpld/app/tx/detail/Change.cpp:147:TER
src/xrpld/app/tx/detail/Change.cpp:222:            adjustOwnerCount(
src/xrpld/app/tx/detail/Change.cpp:226:            adjustOwnerCount(
src/xrpld/app/tx/detail/Change.cpp:255:TER
src/xrpld/app/tx/detail/Change.cpp:354:TER
src/xrpld/app/tx/detail/Change.cpp:394:TER
src/xrpld/app/tx/detail/DeleteAccount.h:39:    static NotTEC
src/xrpld/app/tx/detail/DeleteAccount.h:45:    static TER
src/xrpld/app/tx/detail/DeleteAccount.h:48:    TER
src/xrpld/app/tx/detail/CancelCheck.h:36:    static NotTEC
src/xrpld/app/tx/detail/CancelCheck.h:39:    static TER
src/xrpld/app/tx/detail/CancelCheck.h:42:    TER
src/xrpld/app/tx/detail/DeleteOracle.h:45:    static NotTEC
src/xrpld/app/tx/detail/DeleteOracle.h:48:    static TER
src/xrpld/app/tx/detail/DeleteOracle.h:51:    TER
src/xrpld/app/tx/detail/DeleteOracle.h:54:    static TER
src/xrpld/app/tx/detail/CashCheck.cpp:28:#include <xrpl/protocol/TER.h>
src/xrpld/app/tx/detail/CashCheck.cpp:35:NotTEC
src/xrpld/app/tx/detail/CashCheck.cpp:68:TER
src/xrpld/app/tx/detail/CashCheck.cpp:92:        return tecINTERNAL;
src/xrpld/app/tx/detail/CashCheck.cpp:160:            // Note that src will have one reserve's worth of additional XRP
src/xrpld/app/tx/detail/CashCheck.cpp:161:            // once the check is cashed, since the check's reserve will no
src/xrpld/app/tx/detail/CashCheck.cpp:163:            // reserve's worth to the available funds.
src/xrpld/app/tx/detail/CashCheck.cpp:240:TER
src/xrpld/app/tx/detail/CashCheck.cpp:290:            // reserve.
src/xrpld/app/tx/detail/CashCheck.cpp:294:            // incremental reserve amount in the transfer.  Hence the -1
src/xrpld/app/tx/detail/CashCheck.cpp:319:            if (TER const ter{
src/xrpld/app/tx/detail/CashCheck.cpp:353:                // 1. Can the check casher meet the reserve for the trust line?
src/xrpld/app/tx/detail/CashCheck.cpp:362:                // Can the account cover the trust line's reserve?
src/xrpld/app/tx/detail/CashCheck.cpp:363:                if (std::uint32_t const ownerCount = {sleDst->at(sfOwnerCount)};
src/xrpld/app/tx/detail/CashCheck.cpp:364:                    mPriorBalance < psb.fees().accountReserve(ownerCount + 1))
src/xrpld/app/tx/detail/CashCheck.cpp:367:                                        "Insufficent reserve to create line.";
src/xrpld/app/tx/detail/CashCheck.cpp:377:                if (TER const ter = trustCreate(
src/xrpld/app/tx/detail/CashCheck.cpp:506:    // If we succeeded, update the check owner's reserve.
src/xrpld/app/tx/detail/CashCheck.cpp:507:    adjustOwnerCount(psb, psb.peek(keylet::account(srcId)), -1, viewJ);
src/xrpld/app/tx/detail/XChainBridge.h:42:    static NotTEC
src/xrpld/app/tx/detail/XChainBridge.h:45:    static TER
src/xrpld/app/tx/detail/XChainBridge.h:48:    TER
src/xrpld/app/tx/detail/XChainBridge.h:64:    static NotTEC
src/xrpld/app/tx/detail/XChainBridge.h:67:    static TER
src/xrpld/app/tx/detail/XChainBridge.h:70:    TER
src/xrpld/app/tx/detail/XChainBridge.h:97:    static NotTEC
src/xrpld/app/tx/detail/XChainBridge.h:100:    static TER
src/xrpld/app/tx/detail/XChainBridge.h:103:    TER
src/xrpld/app/tx/detail/XChainBridge.h:124:    static NotTEC
src/xrpld/app/tx/detail/XChainBridge.h:127:    static TER
src/xrpld/app/tx/detail/XChainBridge.h:130:    TER
src/xrpld/app/tx/detail/XChainBridge.h:153:    static NotTEC
src/xrpld/app/tx/detail/XChainBridge.h:156:    static TER
src/xrpld/app/tx/detail/XChainBridge.h:159:    TER
src/xrpld/app/tx/detail/XChainBridge.h:182:    static NotTEC
src/xrpld/app/tx/detail/XChainBridge.h:185:    static TER
src/xrpld/app/tx/detail/XChainBridge.h:188:    TER
src/xrpld/app/tx/detail/XChainBridge.h:203:    static NotTEC
src/xrpld/app/tx/detail/XChainBridge.h:206:    static TER
src/xrpld/app/tx/detail/XChainBridge.h:209:    TER
src/xrpld/app/tx/detail/XChainBridge.h:247:    static NotTEC
src/xrpld/app/tx/detail/XChainBridge.h:250:    static TER
src/xrpld/app/tx/detail/XChainBridge.h:253:    TER
src/xrpld/app/misc/NegativeUNLVote.h:57:        FLAG_LEDGER_INTERVAL * 50 / 100;
src/xrpld/app/misc/NegativeUNLVote.h:63:        FLAG_LEDGER_INTERVAL * 80 / 100;
src/xrpld/app/misc/NegativeUNLVote.h:69:        FLAG_LEDGER_INTERVAL * 90 / 100;
src/xrpld/app/misc/NegativeUNLVote.h:74:    static constexpr size_t newValidatorDisableSkip = FLAG_LEDGER_INTERVAL * 2;
src/xrpld/app/tx/detail/AMMDelete.h:45:    static NotTEC
src/xrpld/app/tx/detail/AMMDelete.h:48:    static TER
src/xrpld/app/tx/detail/AMMDelete.h:51:    TER
src/xrpld/app/tx/detail/MPTokenAuthorize.h:48:    static NotTEC
src/xrpld/app/tx/detail/MPTokenAuthorize.h:51:    static TER
src/xrpld/app/tx/detail/MPTokenAuthorize.h:54:    static TER
src/xrpld/app/tx/detail/MPTokenAuthorize.h:61:    TER
src/xrpld/app/tx/detail/Credentials.cpp:58:NotTEC
src/xrpld/app/tx/detail/Credentials.cpp:88:TER
src/xrpld/app/tx/detail/Credentials.cpp:110:TER
src/xrpld/app/tx/detail/Credentials.cpp:120:        return tefINTERNAL;  // LCOV_EXCL_LINE
src/xrpld/app/tx/detail/Credentials.cpp:140:        return tefINTERNAL;  // LCOV_EXCL_LINE
src/xrpld/app/tx/detail/Credentials.cpp:143:        STAmount const reserve{view().fees().accountReserve(
src/xrpld/app/tx/detail/Credentials.cpp:145:        if (mPriorBalance < reserve)
src/xrpld/app/tx/detail/Credentials.cpp:168:        adjustOwnerCount(view(), sleIssuer, 1, j_);
src/xrpld/app/tx/detail/Credentials.cpp:204:NotTEC
src/xrpld/app/tx/detail/Credentials.cpp:237:TER
src/xrpld/app/tx/detail/Credentials.cpp:251:TER
src/xrpld/app/tx/detail/Credentials.cpp:261:        return tefINTERNAL;  // LCOV_EXCL_LINE
src/xrpld/app/tx/detail/Credentials.cpp:282:NotTEC
src/xrpld/app/tx/detail/Credentials.cpp:302:TER
src/xrpld/app/tx/detail/Credentials.cpp:335:TER
src/xrpld/app/tx/detail/Credentials.cpp:345:        return tefINTERNAL;  // LCOV_EXCL_LINE
src/xrpld/app/tx/detail/Credentials.cpp:348:        STAmount const reserve{view().fees().accountReserve(
src/xrpld/app/tx/detail/Credentials.cpp:350:        if (mPriorBalance < reserve)
src/xrpld/app/tx/detail/Credentials.cpp:358:        return tefINTERNAL;  // LCOV_EXCL_LINE
src/xrpld/app/tx/detail/Credentials.cpp:371:    adjustOwnerCount(view(), sleIssuer, -1, j_);
src/xrpld/app/tx/detail/Credentials.cpp:372:    adjustOwnerCount(view(), sleSubject, 1, j_);
src/xrpld/app/tx/detail/Transactor.cpp:43:NotTEC
src/xrpld/app/tx/detail/Transactor.cpp:103:NotTEC
src/xrpld/app/tx/detail/Transactor.cpp:115:std::optional<NotTEC>
src/xrpld/app/tx/detail/Transactor.cpp:162:NotTEC
src/xrpld/app/tx/detail/Transactor.cpp:203:    // An AccountTxnID field constrains transaction ordering more than the
src/xrpld/app/tx/detail/Transactor.cpp:205:    // constraints.  Because Tickets and AccountTxnID work against one
src/xrpld/app/tx/detail/Transactor.cpp:210:        ctx.tx.isFieldPresent(sfAccountTxnID))
src/xrpld/app/tx/detail/Transactor.cpp:225:NotTEC
src/xrpld/app/tx/detail/Transactor.cpp:287:NotTEC
src/xrpld/app/tx/detail/Transactor.cpp:293:TER
src/xrpld/app/tx/detail/Transactor.cpp:331:    // Assumption: One reserve increment is typically much greater than one base
src/xrpld/app/tx/detail/Transactor.cpp:334:    // developers if that assumption is not correct. If the owner reserve is not
src/xrpld/app/tx/detail/Transactor.cpp:336:    // need to rethink charging an owner reserve as a transaction fee.
src/xrpld/app/tx/detail/Transactor.cpp:343:        "ripple::Transactor::calculateOwnerReserveFee : Owner reserve is "
src/xrpld/app/tx/detail/Transactor.cpp:358:TER
src/xrpld/app/tx/detail/Transactor.cpp:389:            return telINSUF_FEE_P;
src/xrpld/app/tx/detail/Transactor.cpp:423:TER
src/xrpld/app/tx/detail/Transactor.cpp:434:            return tefINTERNAL;  // LCOV_EXCL_LINE
src/xrpld/app/tx/detail/Transactor.cpp:444:            return tefINTERNAL;  // LCOV_EXCL_LINE
src/xrpld/app/tx/detail/Transactor.cpp:458:NotTEC
src/xrpld/app/tx/detail/Transactor.cpp:530:NotTEC
src/xrpld/app/tx/detail/Transactor.cpp:545:    if (ctx.tx.isFieldPresent(sfAccountTxnID) &&
src/xrpld/app/tx/detail/Transactor.cpp:546:        (sle->getFieldH256(sfAccountTxnID) !=
src/xrpld/app/tx/detail/Transactor.cpp:547:         ctx.tx.getFieldH256(sfAccountTxnID)))
src/xrpld/app/tx/detail/Transactor.cpp:560:TER
src/xrpld/app/tx/detail/Transactor.cpp:579:TER
src/xrpld/app/tx/detail/Transactor.cpp:632:    // Update the Ticket owner's reserve.
src/xrpld/app/tx/detail/Transactor.cpp:633:    adjustOwnerCount(view, sleAccount, -1, j);
src/xrpld/app/tx/detail/Transactor.cpp:649:TER
src/xrpld/app/tx/detail/Transactor.cpp:669:        TER result = consumeSeqProxy(sle);
src/xrpld/app/tx/detail/Transactor.cpp:677:        if (sle->isFieldPresent(sfAccountTxnID))
src/xrpld/app/tx/detail/Transactor.cpp:678:            sle->setFieldH256(sfAccountTxnID, ctx_.tx.getTransactionID());
src/xrpld/app/tx/detail/Transactor.cpp:686:NotTEC
src/xrpld/app/tx/detail/Transactor.cpp:755:NotTEC
src/xrpld/app/tx/detail/Transactor.cpp:765:NotTEC
src/xrpld/app/tx/detail/Transactor.cpp:768:    NotTEC ret = tesSUCCESS;
src/xrpld/app/tx/detail/Transactor.cpp:811:NotTEC
src/xrpld/app/tx/detail/Transactor.cpp:838:            return tefMASTER_DISABLED;
src/xrpld/app/tx/detail/Transactor.cpp:849:            return tefMASTER_DISABLED;
src/xrpld/app/tx/detail/Transactor.cpp:866:        return tefBAD_AUTH_MASTER;
src/xrpld/app/tx/detail/Transactor.cpp:872:NotTEC
src/xrpld/app/tx/detail/Transactor.cpp:1000:                    return tefMASTER_DISABLED;
src/xrpld/app/tx/detail/Transactor.cpp:1137:std::pair<TER, XRPAmount>
src/xrpld/app/tx/detail/Transactor.cpp:1148:        return {tefINTERNAL, beast::zero};
src/xrpld/app/tx/detail/Transactor.cpp:1154:        return {tefINTERNAL, beast::zero};  // LCOV_EXCL_LINE
src/xrpld/app/tx/detail/Transactor.cpp:1176:    TER const ter{consumeSeqProxy(txnAcct)};
src/xrpld/app/tx/detail/NFTokenUtils.h:28:#include <xrpl/protocol/TER.h>
src/xrpld/app/tx/detail/NFTokenUtils.h:45:TER
src/xrpld/app/tx/detail/NFTokenUtils.h:73:TER
src/xrpld/app/tx/detail/NFTokenUtils.h:77:TER
src/xrpld/app/tx/detail/NFTokenUtils.h:80:TER
src/xrpld/app/tx/detail/NFTokenUtils.h:94:    The offer also consumes one incremental reserve.
src/xrpld/app/tx/detail/NFTokenUtils.h:109:TER
src/xrpld/app/tx/detail/NFTokenUtils.h:117:NotTEC
src/xrpld/app/tx/detail/NFTokenUtils.h:129:TER
src/xrpld/app/tx/detail/NFTokenUtils.h:143:TER
src/xrpld/app/tx/detail/NFTokenUtils.h:156:TER
src/xrpld/app/tx/detail/NFTokenUtils.h:163:TER
src/xrpld/app/tx/detail/SetTrust.cpp:30:#include <xrpl/protocol/TER.h>
src/xrpld/app/tx/detail/SetTrust.cpp:76:NotTEC
src/xrpld/app/tx/detail/SetTrust.cpp:130:TER
src/xrpld/app/tx/detail/SetTrust.cpp:193:TER
src/xrpld/app/tx/detail/SetTrust.cpp:296:                return tecINTERNAL;  // LCOV_EXCL_LINE
src/xrpld/app/tx/detail/SetTrust.cpp:365:TER
src/xrpld/app/tx/detail/SetTrust.cpp:368:    TER terResult = tesSUCCESS;
src/xrpld/app/tx/detail/SetTrust.cpp:382:        return tefINTERNAL;  // LCOV_EXCL_LINE
src/xrpld/app/tx/detail/SetTrust.cpp:386:    // The reserve that is required to create the line. Note
src/xrpld/app/tx/detail/SetTrust.cpp:387:    // that although the reserve increases with every item
src/xrpld/app/tx/detail/SetTrust.cpp:389:    // *enforce* a reserve if the user owns more than two
src/xrpld/app/tx/detail/SetTrust.cpp:399:    // user enough XRP to cover not only the account reserve
src/xrpld/app/tx/detail/SetTrust.cpp:400:    // but the incremental reserve for the trust line as
src/xrpld/app/tx/detail/SetTrust.cpp:404:    XRPAmount const reserveCreate(
src/xrpld/app/tx/detail/SetTrust.cpp:406:                          : view().fees().accountReserve(uOwnerCount + 1));
src/xrpld/app/tx/detail/SetTrust.cpp:637:            // Set reserve for low account.
src/xrpld/app/tx/detail/SetTrust.cpp:638:            adjustOwnerCount(view(), sleLowAccount, 1, viewJ);
src/xrpld/app/tx/detail/SetTrust.cpp:647:            // Clear reserve for low account.
src/xrpld/app/tx/detail/SetTrust.cpp:648:            adjustOwnerCount(view(), sleLowAccount, -1, viewJ);
src/xrpld/app/tx/detail/SetTrust.cpp:654:            // Set reserve for high account.
src/xrpld/app/tx/detail/SetTrust.cpp:655:            adjustOwnerCount(view(), sleHighAccount, 1, viewJ);
src/xrpld/app/tx/detail/SetTrust.cpp:664:            // Clear reserve for high account.
src/xrpld/app/tx/detail/SetTrust.cpp:665:            adjustOwnerCount(view(), sleHighAccount, -1, viewJ);
src/xrpld/app/tx/detail/SetTrust.cpp:680:        else if (bReserveIncrease && mPriorBalance < reserveCreate)
src/xrpld/app/tx/detail/SetTrust.cpp:682:            JLOG(j_.trace()) << "Delay transaction: Insufficent reserve to "
src/xrpld/app/tx/detail/SetTrust.cpp:687:            terResult = tecINSUF_RESERVE_LINE;
src/xrpld/app/tx/detail/SetTrust.cpp:709:    else if (mPriorBalance < reserveCreate)  // Reserve is not scaled by
src/xrpld/app/tx/detail/SetTrust.cpp:713:                            "Insufficent reserve to create line.";
src/xrpld/app/tx/detail/CreateOffer.cpp:30:#include <xrpl/protocol/TER.h>
src/xrpld/app/tx/detail/CreateOffer.cpp:68:NotTEC
src/xrpld/app/tx/detail/CreateOffer.cpp:148:TER
src/xrpld/app/tx/detail/CreateOffer.cpp:204:            ? TER{tecEXPIRED}
src/xrpld/app/tx/detail/CreateOffer.cpp:205:            : TER{tesSUCCESS};
src/xrpld/app/tx/detail/CreateOffer.cpp:233:TER
src/xrpld/app/tx/detail/CreateOffer.cpp:254:        return (flags & tapRETRY) ? TER{terNO_ACCOUNT} : TER{tecNO_ISSUER};
src/xrpld/app/tx/detail/CreateOffer.cpp:271:            return (flags & tapRETRY) ? TER{terNO_LINE} : TER{tecNO_LINE};
src/xrpld/app/tx/detail/CreateOffer.cpp:287:            return (flags & tapRETRY) ? TER{terNO_AUTH} : TER{tecNO_AUTH};
src/xrpld/app/tx/detail/CreateOffer.cpp:320:std::pair<TER, Amounts>
src/xrpld/app/tx/detail/CreateOffer.cpp:334:        // below the reserve) so we check this case again.
src/xrpld/app/tx/detail/CreateOffer.cpp:456:                    // much we sold during crossing.  This preserves the offer
src/xrpld/app/tx/detail/CreateOffer.cpp:500:                    // remaining output.  This too preserves the offer
src/xrpld/app/tx/detail/CreateOffer.cpp:521:    return {tecINTERNAL, takerAmount};
src/xrpld/app/tx/detail/CreateOffer.cpp:533:TER
src/xrpld/app/tx/detail/CreateOffer.cpp:543:        return tecINTERNAL;  // LCOV_EXCL_LINE
src/xrpld/app/tx/detail/CreateOffer.cpp:581:std::pair<TER, bool>
src/xrpld/app/tx/detail/CreateOffer.cpp:611:    TER result = tesSUCCESS;
src/xrpld/app/tx/detail/CreateOffer.cpp:638:        TER const ter{
src/xrpld/app/tx/detail/CreateOffer.cpp:639:            sb.rules().enabled(featureDepositPreauth) ? TER{tecEXPIRED}
src/xrpld/app/tx/detail/CreateOffer.cpp:640:                                                      : TER{tesSUCCESS}};
src/xrpld/app/tx/detail/CreateOffer.cpp:760:            return {tefINTERNAL, true};
src/xrpld/app/tx/detail/CreateOffer.cpp:819:        return {tefINTERNAL, false};
src/xrpld/app/tx/detail/CreateOffer.cpp:822:        XRPAmount reserve =
src/xrpld/app/tx/detail/CreateOffer.cpp:823:            sb.fees().accountReserve(sleCreator->getFieldU32(sfOwnerCount) + 1);
src/xrpld/app/tx/detail/CreateOffer.cpp:825:        if (mPriorBalance < reserve)
src/xrpld/app/tx/detail/CreateOffer.cpp:827:            // If we are here, the signing account had an insufficient reserve
src/xrpld/app/tx/detail/CreateOffer.cpp:831:                result = tecINSUF_RESERVE_OFFER;
src/xrpld/app/tx/detail/CreateOffer.cpp:859:    adjustOwnerCount(sb, sleCreator, 1, viewJ);
src/xrpld/app/tx/detail/CreateOffer.cpp:941:TER
src/xrpld/app/tx/detail/NFTokenBurn.h:36:    static NotTEC
src/xrpld/app/tx/detail/NFTokenBurn.h:39:    static TER
src/xrpld/app/tx/detail/NFTokenBurn.h:42:    TER
src/xrpld/app/tx/detail/PermissionedDomainSet.h:39:    static NotTEC
src/xrpld/app/tx/detail/PermissionedDomainSet.h:42:    static TER
src/xrpld/app/tx/detail/PermissionedDomainSet.h:46:    TER
src/xrpld/app/tx/detail/CreateOffer.h:53:    static NotTEC
src/xrpld/app/tx/detail/CreateOffer.h:57:    static TER
src/xrpld/app/tx/detail/CreateOffer.h:61:    TER
src/xrpld/app/tx/detail/CreateOffer.h:65:    std::pair<TER, bool>
src/xrpld/app/tx/detail/CreateOffer.h:69:    static TER
src/xrpld/app/tx/detail/CreateOffer.h:78:    std::pair<TER, Amounts>
src/xrpld/app/tx/detail/CreateOffer.h:88:    TER
src/xrpld/app/tx/detail/LoanBrokerSet.h:20:    static NotTEC
src/xrpld/app/tx/detail/LoanBrokerSet.h:26:    static TER
src/xrpld/app/tx/detail/LoanBrokerSet.h:29:    TER
src/xrpld/app/tx/detail/XChainBridge.cpp:41:#include <xrpl/protocol/TER.h>
src/xrpld/app/tx/detail/XChainBridge.cpp:110:TER
src/xrpld/app/tx/detail/XChainBridge.cpp:178:// return the reward accounts, otherwise return TER for the error.
src/xrpld/app/tx/detail/XChainBridge.cpp:190:Expected<std::vector<AccountID>, TER>
src/xrpld/app/tx/detail/XChainBridge.cpp:211:    rewardAccounts.reserve(attestations.size());
src/xrpld/app/tx/detail/XChainBridge.cpp:349:Expected<std::vector<AccountID>, TER>
src/xrpld/app/tx/detail/XChainBridge.cpp:369:// Allow the fee to dip into the reserve. To support this, information about the
src/xrpld/app/tx/detail/XChainBridge.cpp:392:           reserve to pay fees, then this optional will be seated ("commit"
src/xrpld/app/tx/detail/XChainBridge.cpp:400:TER
src/xrpld/app/tx/detail/XChainBridge.cpp:447:            return tecINTERNAL;  // LCOV_EXCL_LINE
src/xrpld/app/tx/detail/XChainBridge.cpp:450:            auto const ownerCount = sleSrc->getFieldU32(sfOwnerCount);
src/xrpld/app/tx/detail/XChainBridge.cpp:451:            auto const reserve = psb.fees().accountReserve(ownerCount);
src/xrpld/app/tx/detail/XChainBridge.cpp:465:            if (availableBalance < amt + reserve)
src/xrpld/app/tx/detail/XChainBridge.cpp:479:            if (amt < psb.fees().accountReserve(0))
src/xrpld/app/tx/detail/XChainBridge.cpp:539:    /// TER for transfering the payment funds
src/xrpld/app/tx/detail/XChainBridge.cpp:540:    std::optional<TER> mainFundsTer;
src/xrpld/app/tx/detail/XChainBridge.cpp:541:    // TER for transfering the reward funds
src/xrpld/app/tx/detail/XChainBridge.cpp:542:    std::optional<TER> rewardTer;
src/xrpld/app/tx/detail/XChainBridge.cpp:543:    // TER for removing the sle (if is sle is to be removed)
src/xrpld/app/tx/detail/XChainBridge.cpp:544:    std::optional<TER> rmSleTer;
src/xrpld/app/tx/detail/XChainBridge.cpp:555:    TER
src/xrpld/app/tx/detail/XChainBridge.cpp:563:        // if any phase return a tecINTERNAL or a tef, prefer returning those
src/xrpld/app/tx/detail/XChainBridge.cpp:566:            (isTefFailure(*mainFundsTer) || *mainFundsTer == tecINTERNAL))
src/xrpld/app/tx/detail/XChainBridge.cpp:569:            (isTefFailure(*rewardTer) || *rewardTer == tecINTERNAL))
src/xrpld/app/tx/detail/XChainBridge.cpp:571:        if (rmSleTer && (isTefFailure(*rmSleTer) || *rmSleTer == tecINTERNAL))
src/xrpld/app/tx/detail/XChainBridge.cpp:574:        // Only after the tecINTERNAL and tef are checked, return the first
src/xrpld/app/tx/detail/XChainBridge.cpp:673:        result.rewardTer = [&]() -> TER {
src/xrpld/app/tx/detail/XChainBridge.cpp:706:                if (thTer == tecUNFUNDED_PAYMENT || thTer == tecINTERNAL)
src/xrpld/app/tx/detail/XChainBridge.cpp:717:                return tecINTERNAL;  // LCOV_EXCL_LINE
src/xrpld/app/tx/detail/XChainBridge.cpp:724:             *result.rewardTer == tecINTERNAL))
src/xrpld/app/tx/detail/XChainBridge.cpp:758:            adjustOwnerCount(outerSb, sleOwner, -1, j);
src/xrpld/app/tx/detail/XChainBridge.cpp:774:std::tuple<std::unordered_map<AccountID, std::uint32_t>, std::uint32_t, TER>
src/xrpld/app/tx/detail/XChainBridge.cpp:788:        return {r, q, tecINTERNAL};
src/xrpld/app/tx/detail/XChainBridge.cpp:802:        return {r, q, tecINTERNAL};
src/xrpld/app/tx/detail/XChainBridge.cpp:853:TER
src/xrpld/app/tx/detail/XChainBridge.cpp:880:    auto const scopeResult = [&]() -> Expected<ScopeResult, TER> {
src/xrpld/app/tx/detail/XChainBridge.cpp:891:        atts.reserve(std::distance(attBegin, attEnd));
src/xrpld/app/tx/detail/XChainBridge.cpp:972:            (!attListChanged || rTer == tecINTERNAL || rTer == tefBAD_LEDGER))
src/xrpld/app/tx/detail/XChainBridge.cpp:982:TER
src/xrpld/app/tx/detail/XChainBridge.cpp:1002:    auto const claimCountResult = [&]() -> Expected<std::uint64_t, TER> {
src/xrpld/app/tx/detail/XChainBridge.cpp:1005:            return Unexpected(tecINTERNAL);
src/xrpld/app/tx/detail/XChainBridge.cpp:1048:    auto const scopeResult = [&]() -> Expected<ScopeResult, TER> {
src/xrpld/app/tx/detail/XChainBridge.cpp:1064:                return Unexpected(tecINTERNAL);
src/xrpld/app/tx/detail/XChainBridge.cpp:1066:            // Check reserve
src/xrpld/app/tx/detail/XChainBridge.cpp:1068:            auto const reserve =
src/xrpld/app/tx/detail/XChainBridge.cpp:1069:                psb.fees().accountReserve((*sleDoor)[sfOwnerCount] + 1);
src/xrpld/app/tx/detail/XChainBridge.cpp:1071:            if (balance < reserve)
src/xrpld/app/tx/detail/XChainBridge.cpp:1076:        atts.reserve(std::distance(attBegin, attEnd));
src/xrpld/app/tx/detail/XChainBridge.cpp:1110:                return Unexpected(tecINTERNAL);
src/xrpld/app/tx/detail/XChainBridge.cpp:1147:            if (rTer == tecINTERNAL || rTer == tecUNFUNDED_PAYMENT ||
src/xrpld/app/tx/detail/XChainBridge.cpp:1155:            return tecINTERNAL;  // LCOV_EXCL_LINE
src/xrpld/app/tx/detail/XChainBridge.cpp:1180:            return tecINTERNAL;  // LCOV_EXCL_LINE
src/xrpld/app/tx/detail/XChainBridge.cpp:1183:        adjustOwnerCount(psb, sleDoor, 1, j);
src/xrpld/app/tx/detail/XChainBridge.cpp:1214:NotTEC
src/xrpld/app/tx/detail/XChainBridge.cpp:1241:TER
src/xrpld/app/tx/detail/XChainBridge.cpp:1247:        return tecINTERNAL;  // LCOV_EXCL_LINE
src/xrpld/app/tx/detail/XChainBridge.cpp:1272:TER
src/xrpld/app/tx/detail/XChainBridge.cpp:1278:        return tecINTERNAL;  // LCOV_EXCL_LINE
src/xrpld/app/tx/detail/XChainBridge.cpp:1291:    auto const scopeResult = [&]() -> Expected<ScopeResult, TER> {
src/xrpld/app/tx/detail/XChainBridge.cpp:1311:                return Unexpected(tecINTERNAL);
src/xrpld/app/tx/detail/XChainBridge.cpp:1373:NotTEC
src/xrpld/app/tx/detail/XChainBridge.cpp:1448:TER
src/xrpld/app/tx/detail/XChainBridge.cpp:1483:        // Check reserve
src/xrpld/app/tx/detail/XChainBridge.cpp:1489:        auto const reserve =
src/xrpld/app/tx/detail/XChainBridge.cpp:1490:            ctx.view.fees().accountReserve((*sleAcc)[sfOwnerCount] + 1);
src/xrpld/app/tx/detail/XChainBridge.cpp:1492:        if (balance < reserve)
src/xrpld/app/tx/detail/XChainBridge.cpp:1499:TER
src/xrpld/app/tx/detail/XChainBridge.cpp:1509:        return tecINTERNAL;  // LCOV_EXCL_LINE
src/xrpld/app/tx/detail/XChainBridge.cpp:1535:    adjustOwnerCount(ctx_.view(), sleAcct, 1, ctx_.journal);
src/xrpld/app/tx/detail/XChainBridge.cpp:1551:NotTEC
src/xrpld/app/tx/detail/XChainBridge.cpp:1595:TER
src/xrpld/app/tx/detail/XChainBridge.cpp:1612:TER
src/xrpld/app/tx/detail/XChainBridge.cpp:1624:        return tecINTERNAL;  // LCOV_EXCL_LINE
src/xrpld/app/tx/detail/XChainBridge.cpp:1632:        return tecINTERNAL;  // LCOV_EXCL_LINE
src/xrpld/app/tx/detail/XChainBridge.cpp:1652:NotTEC
src/xrpld/app/tx/detail/XChainBridge.cpp:1668:TER
src/xrpld/app/tx/detail/XChainBridge.cpp:1695:            return tecINTERNAL;  // LCOV_EXCL_LINE
src/xrpld/app/tx/detail/XChainBridge.cpp:1719:        return tecINTERNAL;  // LCOV_EXCL_LINE
src/xrpld/app/tx/detail/XChainBridge.cpp:1752:TER
src/xrpld/app/tx/detail/XChainBridge.cpp:1773:    auto const scopeResult = [&]() -> Expected<ScopeResult, TER> {
src/xrpld/app/tx/detail/XChainBridge.cpp:1784:            return Unexpected(tecINTERNAL);
src/xrpld/app/tx/detail/XChainBridge.cpp:1795:                return Unexpected(tecINTERNAL);
src/xrpld/app/tx/detail/XChainBridge.cpp:1881:NotTEC
src/xrpld/app/tx/detail/XChainBridge.cpp:1897:TER
src/xrpld/app/tx/detail/XChainBridge.cpp:1925:            return tecINTERNAL;  // LCOV_EXCL_LINE
src/xrpld/app/tx/detail/XChainBridge.cpp:1942:TER
src/xrpld/app/tx/detail/XChainBridge.cpp:1952:        return tecINTERNAL;  // LCOV_EXCL_LINE
src/xrpld/app/tx/detail/XChainBridge.cpp:1956:        return tecINTERNAL;  // LCOV_EXCL_LINE
src/xrpld/app/tx/detail/XChainBridge.cpp:1960:    // Support dipping into reserves to pay the fee
src/xrpld/app/tx/detail/XChainBridge.cpp:1986:NotTEC
src/xrpld/app/tx/detail/XChainBridge.cpp:1997:TER
src/xrpld/app/tx/detail/XChainBridge.cpp:2018:        // Check reserve
src/xrpld/app/tx/detail/XChainBridge.cpp:2024:        auto const reserve =
src/xrpld/app/tx/detail/XChainBridge.cpp:2025:            ctx.view.fees().accountReserve((*sleAcc)[sfOwnerCount] + 1);
src/xrpld/app/tx/detail/XChainBridge.cpp:2027:        if (balance < reserve)
src/xrpld/app/tx/detail/XChainBridge.cpp:2034:TER
src/xrpld/app/tx/detail/XChainBridge.cpp:2044:        return tecINTERNAL;  // LCOV_EXCL_LINE
src/xrpld/app/tx/detail/XChainBridge.cpp:2048:        return tecINTERNAL;  // LCOV_EXCL_LINE
src/xrpld/app/tx/detail/XChainBridge.cpp:2054:        return tecINTERNAL;  // LCOV_EXCL_LINE
src/xrpld/app/tx/detail/XChainBridge.cpp:2063:        return tecINTERNAL;  // LCOV_EXCL_LINE
src/xrpld/app/tx/detail/XChainBridge.cpp:2087:    adjustOwnerCount(ctx_.view(), sleAcct, 1, ctx_.journal);
src/xrpld/app/tx/detail/XChainBridge.cpp:2098:NotTEC
src/xrpld/app/tx/detail/XChainBridge.cpp:2104:TER
src/xrpld/app/tx/detail/XChainBridge.cpp:2110:TER
src/xrpld/app/tx/detail/XChainBridge.cpp:2118:NotTEC
src/xrpld/app/tx/detail/XChainBridge.cpp:2124:TER
src/xrpld/app/tx/detail/XChainBridge.cpp:2130:TER
src/xrpld/app/tx/detail/XChainBridge.cpp:2138:NotTEC
src/xrpld/app/tx/detail/XChainBridge.cpp:2156:TER
src/xrpld/app/tx/detail/XChainBridge.cpp:2201:            return tecINTERNAL;  // LCOV_EXCL_LINE
src/xrpld/app/tx/detail/XChainBridge.cpp:2215:TER
src/xrpld/app/tx/detail/XChainBridge.cpp:2227:        return tecINTERNAL;  // LCOV_EXCL_LINE
src/xrpld/app/tx/detail/XChainBridge.cpp:2231:        return tecINTERNAL;  // LCOV_EXCL_LINE
src/xrpld/app/tx/detail/XChainBridge.cpp:2235:    // Support dipping into reserves to pay the fee
src/xrpld/app/tx/detail/PermissionedDomainDelete.h:36:    static NotTEC
src/xrpld/app/tx/detail/PermissionedDomainDelete.h:39:    static TER
src/xrpld/app/tx/detail/PermissionedDomainDelete.h:43:    TER
src/xrpld/app/tx/detail/MPTokenIssuanceCreate.h:59:    static NotTEC
src/xrpld/app/tx/detail/MPTokenIssuanceCreate.h:62:    TER
src/xrpld/app/tx/detail/MPTokenIssuanceCreate.h:65:    static Expected<MPTID, TER>
src/xrpld/app/tx/detail/AMMBid.h:77:    static NotTEC
src/xrpld/app/tx/detail/AMMBid.h:80:    static TER
src/xrpld/app/tx/detail/AMMBid.h:83:    TER
src/xrpld/app/tx/detail/ApplyContext.cpp:34:    TER preclaimResult_,
src/xrpld/app/tx/detail/ApplyContext.cpp:60:ApplyContext::apply(TER ter)
src/xrpld/app/tx/detail/ApplyContext.cpp:82:TER
src/xrpld/app/tx/detail/ApplyContext.cpp:83:ApplyContext::failInvariantCheck(TER const result)
src/xrpld/app/tx/detail/ApplyContext.cpp:91:        ? TER{tefINVARIANT_FAILED}
src/xrpld/app/tx/detail/ApplyContext.cpp:92:        : TER{tecINVARIANT_FAILED};
src/xrpld/app/tx/detail/ApplyContext.cpp:96:TER
src/xrpld/app/tx/detail/ApplyContext.cpp:98:    TER const result,
src/xrpld/app/tx/detail/ApplyContext.cpp:150:TER
src/xrpld/app/tx/detail/ApplyContext.cpp:151:ApplyContext::checkInvariants(TER const result, XRPAmount const fee)
src/xrpld/app/tx/detail/CreateTicket.cpp:36:NotTEC
src/xrpld/app/tx/detail/CreateTicket.cpp:46:TER
src/xrpld/app/tx/detail/CreateTicket.cpp:74:TER
src/xrpld/app/tx/detail/CreateTicket.cpp:79:        return tefINTERNAL;  // LCOV_EXCL_LINE
src/xrpld/app/tx/detail/CreateTicket.cpp:81:    // Each ticket counts against the reserve of the issuing account, but we
src/xrpld/app/tx/detail/CreateTicket.cpp:83:    // reserve to pay fees.
src/xrpld/app/tx/detail/CreateTicket.cpp:86:        XRPAmount const reserve = view().fees().accountReserve(
src/xrpld/app/tx/detail/CreateTicket.cpp:89:        if (mPriorBalance < reserve)
src/xrpld/app/tx/detail/CreateTicket.cpp:105:        return tefINTERNAL;  // LCOV_EXCL_LINE
src/xrpld/app/tx/detail/CreateTicket.cpp:137:    // Every added Ticket counts against the creator's reserve.
src/xrpld/app/tx/detail/CreateTicket.cpp:138:    adjustOwnerCount(view(), sleAccountRoot, ticketCount, viewJ);
src/xrpld/app/tx/detail/SetSignerList.cpp:43:    NotTEC,
src/xrpld/app/tx/detail/SetSignerList.cpp:87:NotTEC
src/xrpld/app/tx/detail/SetSignerList.cpp:107:        NotTEC const ter = validateQuorumAndSignerEntries(
src/xrpld/app/tx/detail/SetSignerList.cpp:122:TER
src/xrpld/app/tx/detail/SetSignerList.cpp:163:// of adjustOwnerCount() (which must be signed).
src/xrpld/app/tx/detail/SetSignerList.cpp:195:static TER
src/xrpld/app/tx/detail/SetSignerList.cpp:235:    adjustOwnerCount(
src/xrpld/app/tx/detail/SetSignerList.cpp:246:TER
src/xrpld/app/tx/detail/SetSignerList.cpp:261:NotTEC
src/xrpld/app/tx/detail/SetSignerList.cpp:333:TER
src/xrpld/app/tx/detail/SetSignerList.cpp:341:    // old signer list.  May reduce the reserve, so this is done before
src/xrpld/app/tx/detail/SetSignerList.cpp:342:    // checking the reserve.
src/xrpld/app/tx/detail/SetSignerList.cpp:343:    if (TER const ter = removeSignersFromLedger(
src/xrpld/app/tx/detail/SetSignerList.cpp:354:        return tefINTERNAL;  // LCOV_EXCL_LINE
src/xrpld/app/tx/detail/SetSignerList.cpp:356:    // Compute new reserve.  Verify the account has funds to meet the reserve.
src/xrpld/app/tx/detail/SetSignerList.cpp:359:    // The required reserve changes based on featureMultiSignReserve...
src/xrpld/app/tx/detail/SetSignerList.cpp:370:        view().fees().accountReserve(oldOwnerCount + addedOwnerCount)};
src/xrpld/app/tx/detail/SetSignerList.cpp:372:    // We check the reserve against the starting balance because we want to
src/xrpld/app/tx/detail/SetSignerList.cpp:373:    // allow dipping into the reserve to pay fees.  This behavior is consistent
src/xrpld/app/tx/detail/SetSignerList.cpp:397:    // creator's reserve.
src/xrpld/app/tx/detail/SetSignerList.cpp:398:    adjustOwnerCount(view(), sle, addedOwnerCount, viewJ);
src/xrpld/app/tx/detail/SetSignerList.cpp:402:TER
src/xrpld/app/tx/detail/SetSignerList.cpp:410:        return tefINTERNAL;  // LCOV_EXCL_LINE
src/xrpld/app/tx/detail/SetSignerList.cpp:414:        return tecNO_ALTERNATIVE_KEY;
src/xrpld/app/tx/detail/SetSignerList.cpp:446:        obj.reserve(2);
src/xrpld/app/tx/detail/AMMWithdraw.h:85:    static NotTEC
src/xrpld/app/tx/detail/AMMWithdraw.h:88:    static TER
src/xrpld/app/tx/detail/AMMWithdraw.h:91:    TER
src/xrpld/app/tx/detail/AMMWithdraw.h:109:    static std::tuple<TER, STAmount, STAmount, std::optional<STAmount>>
src/xrpld/app/tx/detail/AMMWithdraw.h:142:    static std::tuple<TER, STAmount, STAmount, std::optional<STAmount>>
src/xrpld/app/tx/detail/AMMWithdraw.h:159:    static std::pair<TER, bool>
src/xrpld/app/tx/detail/AMMWithdraw.h:169:    std::pair<TER, bool>
src/xrpld/app/tx/detail/AMMWithdraw.h:184:    std::pair<TER, STAmount>
src/xrpld/app/tx/detail/AMMWithdraw.h:209:    std::pair<TER, STAmount>
src/xrpld/app/tx/detail/AMMWithdraw.h:234:    std::pair<TER, STAmount>
src/xrpld/app/tx/detail/AMMWithdraw.h:256:    std::pair<TER, STAmount>
src/xrpld/app/tx/detail/AMMWithdraw.h:277:    std::pair<TER, STAmount>
src/xrpld/app/tx/detail/AMMWithdraw.h:299:    std::pair<TER, STAmount>
src/xrpld/app/tx/detail/LoanSet.h:24:    static NotTEC
src/xrpld/app/tx/detail/LoanSet.h:27:    static NotTEC
src/xrpld/app/tx/detail/LoanSet.h:36:    static TER
src/xrpld/app/tx/detail/LoanSet.h:39:    TER
src/xrpld/app/tx/detail/VaultDeposit.h:36:    static NotTEC
src/xrpld/app/tx/detail/VaultDeposit.h:39:    static TER
src/xrpld/app/tx/detail/VaultDeposit.h:42:    TER
src/xrpld/app/misc/Transaction.h:29:#include <xrpl/protocol/TER.h>
src/xrpld/app/misc/Transaction.h:118:    TER
src/xrpld/app/misc/Transaction.h:125:    setResult(TER terResult)
src/xrpld/app/misc/Transaction.h:194:            queued = false;
src/xrpld/app/misc/Transaction.h:205:            return applied || broadcast || queued || kept;
src/xrpld/app/misc/Transaction.h:210:        bool queued = false;
src/xrpld/app/misc/Transaction.h:243:     * @brief setQueued Set this flag once was put into heldtxns queue
src/xrpld/app/misc/Transaction.h:248:        submitResult_.queued = true;
src/xrpld/app/misc/Transaction.h:261:     * @brief setKept Set this flag once was put to localtxns queue
src/xrpld/app/misc/Transaction.h:404:    TER mResult = temUNCERTAIN;
src/xrpld/app/tx/detail/LoanManage.cpp:22:NotTEC
src/xrpld/app/tx/detail/LoanManage.cpp:44:TER
src/xrpld/app/tx/detail/LoanManage.cpp:105:        return tecINTERNAL;  // LCOV_EXCL_LINE
src/xrpld/app/tx/detail/LoanManage.cpp:136:TER
src/xrpld/app/tx/detail/LoanManage.cpp:235:            return tecINTERNAL;
src/xrpld/app/tx/detail/LoanManage.cpp:303:TER
src/xrpld/app/tx/detail/LoanManage.cpp:347:[[nodiscard]] TER
src/xrpld/app/tx/detail/LoanManage.cpp:400:TER
src/xrpld/app/tx/detail/LoanManage.cpp:421:    auto const result = [&]() -> TER {
src/xrpld/app/tx/detail/NFTokenUtils.cpp:245:TER
src/xrpld/app/tx/detail/NFTokenUtils.cpp:256:        return tecINTERNAL;  // LCOV_EXCL_LINE
src/xrpld/app/tx/detail/NFTokenUtils.cpp:267:        return tecINTERNAL;  // LCOV_EXCL_LINE
src/xrpld/app/tx/detail/NFTokenUtils.cpp:279:TER
src/xrpld/app/tx/detail/NFTokenUtils.cpp:294:            adjustOwnerCount(
src/xrpld/app/tx/detail/NFTokenUtils.cpp:387:TER
src/xrpld/app/tx/detail/NFTokenUtils.cpp:400:TER
src/xrpld/app/tx/detail/NFTokenUtils.cpp:461:            adjustOwnerCount(
src/xrpld/app/tx/detail/NFTokenUtils.cpp:499:            adjustOwnerCount(
src/xrpld/app/tx/detail/NFTokenUtils.cpp:550:    adjustOwnerCount(
src/xrpld/app/tx/detail/NFTokenUtils.cpp:654:TER
src/xrpld/app/tx/detail/NFTokenUtils.cpp:706:    adjustOwnerCount(
src/xrpld/app/tx/detail/NFTokenUtils.cpp:836:NotTEC
src/xrpld/app/tx/detail/NFTokenUtils.cpp:896:TER
src/xrpld/app/tx/detail/NFTokenUtils.cpp:945:    // needed funds at hand; but note that funds aren't reserved and the
src/xrpld/app/tx/detail/NFTokenUtils.cpp:1022:TER
src/xrpld/app/tx/detail/NFTokenUtils.cpp:1037:        priorBalance < view.fees().accountReserve((*acct)[sfOwnerCount] + 1))
src/xrpld/app/tx/detail/NFTokenUtils.cpp:1091:    adjustOwnerCount(view, view.peek(acctKeylet), 1, j);
src/xrpld/app/tx/detail/NFTokenUtils.cpp:1096:TER
src/xrpld/app/tx/detail/NFTokenUtils.cpp:1152:TER
src/xrpld/app/tx/detail/MPTokenIssuanceDestroy.cpp:34:NotTEC
src/xrpld/app/tx/detail/MPTokenIssuanceDestroy.cpp:40:TER
src/xrpld/app/tx/detail/MPTokenIssuanceDestroy.cpp:63:TER
src/xrpld/app/tx/detail/MPTokenIssuanceDestroy.cpp:69:        return tecINTERNAL;  // LCOV_EXCL_LINE
src/xrpld/app/tx/detail/MPTokenIssuanceDestroy.cpp:77:    adjustOwnerCount(view(), view().peek(keylet::account(account_)), -1, j_);
src/xrpld/app/tx/detail/CancelOffer.cpp:28:NotTEC
src/xrpld/app/tx/detail/CancelOffer.cpp:42:TER
src/xrpld/app/tx/detail/CancelOffer.cpp:64:TER
src/xrpld/app/tx/detail/CancelOffer.cpp:71:        return tefINTERNAL;  // LCOV_EXCL_LINE
src/xrpld/app/tx/detail/CancelOffer.h:38:    static NotTEC
src/xrpld/app/tx/detail/CancelOffer.h:41:    static TER
src/xrpld/app/tx/detail/CancelOffer.h:44:    TER
src/xrpld/app/tx/detail/DID.cpp:45:NotTEC
src/xrpld/app/tx/detail/DID.cpp:71:TER
src/xrpld/app/tx/detail/DID.cpp:79:        return tefINTERNAL;  // LCOV_EXCL_LINE
src/xrpld/app/tx/detail/DID.cpp:81:    // Check reserve availability for new object creation
src/xrpld/app/tx/detail/DID.cpp:84:        auto const reserve =
src/xrpld/app/tx/detail/DID.cpp:85:            ctx.view().fees().accountReserve((*sleAccount)[sfOwnerCount] + 1);
src/xrpld/app/tx/detail/DID.cpp:87:        if (balance < reserve)
src/xrpld/app/tx/detail/DID.cpp:102:    adjustOwnerCount(ctx.view(), sleAccount, 1, ctx.journal);
src/xrpld/app/tx/detail/DID.cpp:108:TER
src/xrpld/app/tx/detail/DID.cpp:165:NotTEC
src/xrpld/app/tx/detail/DID.cpp:171:TER
src/xrpld/app/tx/detail/DID.cpp:181:TER
src/xrpld/app/tx/detail/DID.cpp:200:        return tecINTERNAL;  // LCOV_EXCL_LINE
src/xrpld/app/tx/detail/DID.cpp:202:    adjustOwnerCount(view, sleOwner, -1, j);
src/xrpld/app/tx/detail/DID.cpp:210:TER
src/xrpld/app/tx/detail/SetSignerList.h:57:    static NotTEC
src/xrpld/app/tx/detail/SetSignerList.h:60:    TER
src/xrpld/app/tx/detail/SetSignerList.h:66:    static TER
src/xrpld/app/tx/detail/SetSignerList.h:75:        NotTEC,
src/xrpld/app/tx/detail/SetSignerList.h:81:    static NotTEC
src/xrpld/app/tx/detail/SetSignerList.h:89:    TER
src/xrpld/app/tx/detail/SetSignerList.h:91:    TER
src/xrpld/app/tx/detail/DepositPreauth.h:39:    static NotTEC
src/xrpld/app/tx/detail/DepositPreauth.h:42:    static TER
src/xrpld/app/tx/detail/DepositPreauth.h:45:    TER
src/xrpld/app/tx/detail/DepositPreauth.h:49:    static TER
src/xrpld/app/tx/detail/Escrow.cpp:89:static NotTEC
src/xrpld/app/tx/detail/Escrow.cpp:93:NotTEC
src/xrpld/app/tx/detail/Escrow.cpp:107:NotTEC
src/xrpld/app/tx/detail/Escrow.cpp:128:NotTEC
src/xrpld/app/tx/detail/Escrow.cpp:197:static TER
src/xrpld/app/tx/detail/Escrow.cpp:205:TER
src/xrpld/app/tx/detail/Escrow.cpp:283:TER
src/xrpld/app/tx/detail/Escrow.cpp:363:TER
src/xrpld/app/tx/detail/Escrow.cpp:399:static TER
src/xrpld/app/tx/detail/Escrow.cpp:408:TER
src/xrpld/app/tx/detail/Escrow.cpp:418:        return tecINTERNAL;  // LCOV_EXCL_LINE
src/xrpld/app/tx/detail/Escrow.cpp:433:TER
src/xrpld/app/tx/detail/Escrow.cpp:443:        return tecINTERNAL;  // LCOV_EXCL_LINE
src/xrpld/app/tx/detail/Escrow.cpp:451:TER
src/xrpld/app/tx/detail/Escrow.cpp:494:        return tefINTERNAL;  // LCOV_EXCL_LINE
src/xrpld/app/tx/detail/Escrow.cpp:496:    // Check reserve and funds availability
src/xrpld/app/tx/detail/Escrow.cpp:499:    auto const reserve =
src/xrpld/app/tx/detail/Escrow.cpp:500:        ctx_.view().fees().accountReserve((*sle)[sfOwnerCount] + 1);
src/xrpld/app/tx/detail/Escrow.cpp:502:    if (mSourceBalance < reserve)
src/xrpld/app/tx/detail/Escrow.cpp:505:    // Check reserve and funds availability
src/xrpld/app/tx/detail/Escrow.cpp:508:        if (mSourceBalance < reserve + STAmount(amount).xrp())
src/xrpld/app/tx/detail/Escrow.cpp:610:    adjustOwnerCount(ctx_.view(), sle, 1, ctx_.journal);
src/xrpld/app/tx/detail/Escrow.cpp:649:NotTEC
src/xrpld/app/tx/detail/Escrow.cpp:663:NotTEC
src/xrpld/app/tx/detail/Escrow.cpp:709:static TER
src/xrpld/app/tx/detail/Escrow.cpp:716:TER
src/xrpld/app/tx/detail/Escrow.cpp:740:TER
src/xrpld/app/tx/detail/Escrow.cpp:773:TER
src/xrpld/app/tx/detail/Escrow.cpp:809:static TER
src/xrpld/app/tx/detail/Escrow.cpp:823:TER
src/xrpld/app/tx/detail/Escrow.cpp:843:        return tecINTERNAL;  // LCOV_EXCL_LINE
src/xrpld/app/tx/detail/Escrow.cpp:850:        // Can the account cover the trust line's reserve?
src/xrpld/app/tx/detail/Escrow.cpp:851:        if (std::uint32_t const ownerCount = {sleDest->at(sfOwnerCount)};
src/xrpld/app/tx/detail/Escrow.cpp:852:            xrpBalance < view.fees().accountReserve(ownerCount + 1))
src/xrpld/app/tx/detail/Escrow.cpp:855:                                     "Insufficent reserve to create line.";
src/xrpld/app/tx/detail/Escrow.cpp:865:        if (TER const ter = trustCreate(
src/xrpld/app/tx/detail/Escrow.cpp:923:            return tecINTERNAL;  // LCOV_EXCL_LINE
src/xrpld/app/tx/detail/Escrow.cpp:956:TER
src/xrpld/app/tx/detail/Escrow.cpp:977:        if (std::uint32_t const ownerCount = {sleDest->at(sfOwnerCount)};
src/xrpld/app/tx/detail/Escrow.cpp:978:            xrpBalance < view.fees().accountReserve(ownerCount + 1))
src/xrpld/app/tx/detail/Escrow.cpp:991:        adjustOwnerCount(view, sleDest, 1, journal);
src/xrpld/app/tx/detail/Escrow.cpp:1030:TER
src/xrpld/app/tx/detail/Escrow.cpp:1038:            return tecINTERNAL;  // LCOV_EXCL_LINE
src/xrpld/app/tx/detail/Escrow.cpp:1093:                return tecINTERNAL;
src/xrpld/app/tx/detail/Escrow.cpp:1218:    adjustOwnerCount(ctx_.view(), sle, -1, ctx_.journal);
src/xrpld/app/tx/detail/Escrow.cpp:1235:NotTEC
src/xrpld/app/tx/detail/Escrow.cpp:1242:static TER
src/xrpld/app/tx/detail/Escrow.cpp:1249:TER
src/xrpld/app/tx/detail/Escrow.cpp:1256:    // If the issuer is the same as the account, return tecINTERNAL
src/xrpld/app/tx/detail/Escrow.cpp:1258:        return tecINTERNAL;  // LCOV_EXCL_LINE
src/xrpld/app/tx/detail/Escrow.cpp:1269:TER
src/xrpld/app/tx/detail/Escrow.cpp:1276:    // If the issuer is the same as the account, return tecINTERNAL
src/xrpld/app/tx/detail/Escrow.cpp:1278:        return tecINTERNAL;  // LCOV_EXCL_LINE
src/xrpld/app/tx/detail/Escrow.cpp:1298:TER
src/xrpld/app/tx/detail/Escrow.cpp:1326:TER
src/xrpld/app/tx/detail/Escrow.cpp:1334:            return tecINTERNAL;  // LCOV_EXCL_LINE
src/xrpld/app/tx/detail/Escrow.cpp:1440:    adjustOwnerCount(ctx_.view(), sle, -1, ctx_.journal);
src/xrpld/app/tx/detail/SetRegularKey.cpp:51:NotTEC
src/xrpld/app/tx/detail/SetRegularKey.cpp:64:TER
src/xrpld/app/tx/detail/SetRegularKey.cpp:69:        return tefINTERNAL;  // LCOV_EXCL_LINE
src/xrpld/app/tx/detail/SetRegularKey.cpp:83:            return tecNO_ALTERNATIVE_KEY;
src/xrpld/app/tx/detail/SignerEntries.cpp:31:Expected<std::vector<SignerEntries::SignerEntry>, NotTEC>
src/xrpld/app/tx/detail/SignerEntries.cpp:37:    std::pair<std::vector<SignerEntry>, NotTEC> s;
src/xrpld/app/tx/detail/SignerEntries.cpp:47:    accountVec.reserve(STTx::maxMultiSigners());
src/xrpld/app/tx/detail/ApplyContext.h:44:        TER preclaimResult,
src/xrpld/app/tx/detail/ApplyContext.h:53:        TER preclaimResult,
src/xrpld/app/tx/detail/ApplyContext.h:73:    TER const preclaimResult;
src/xrpld/app/tx/detail/ApplyContext.h:114:    std::optional<TxMeta> apply(TER);
src/xrpld/app/tx/detail/ApplyContext.h:140:    TER
src/xrpld/app/tx/detail/ApplyContext.h:141:    checkInvariants(TER const result, XRPAmount const fee);
src/xrpld/app/tx/detail/ApplyContext.h:144:    TER
src/xrpld/app/tx/detail/ApplyContext.h:145:    failInvariantCheck(TER const result);
src/xrpld/app/tx/detail/ApplyContext.h:148:    TER
src/xrpld/app/tx/detail/ApplyContext.h:150:        TER const result,
src/xrpld/app/tx/detail/VaultSet.h:39:    static NotTEC
src/xrpld/app/tx/detail/VaultSet.h:42:    static TER
src/xrpld/app/tx/detail/VaultSet.h:45:    TER
src/xrpld/app/tx/detail/VaultClawback.cpp:30:#include <xrpl/protocol/TER.h>
src/xrpld/app/tx/detail/VaultClawback.cpp:37:NotTEC
src/xrpld/app/tx/detail/VaultClawback.cpp:78:TER
src/xrpld/app/tx/detail/VaultClawback.cpp:97:        return tefINTERNAL;
src/xrpld/app/tx/detail/VaultClawback.cpp:192:            [&]<ValidIssueType TIss>(TIss const& issue) -> TER {
src/xrpld/app/tx/detail/VaultClawback.cpp:218:                        return tefINTERNAL;
src/xrpld/app/tx/detail/VaultClawback.cpp:241:Expected<std::pair<STAmount, STAmount>, TER>
src/xrpld/app/tx/detail/VaultClawback.cpp:253:        return Unexpected(tecINTERNAL);
src/xrpld/app/tx/detail/VaultClawback.cpp:278:            return Unexpected(tecINTERNAL);  // LCOV_EXCL_LINE
src/xrpld/app/tx/detail/VaultClawback.cpp:300:                return Unexpected(tecINTERNAL);  // LCOV_EXCL_LINE
src/xrpld/app/tx/detail/VaultClawback.cpp:309:                return Unexpected(tecINTERNAL);  // LCOV_EXCL_LINE
src/xrpld/app/tx/detail/VaultClawback.cpp:315:                return Unexpected(tecINTERNAL);  // LCOV_EXCL_LINE
src/xrpld/app/tx/detail/VaultClawback.cpp:332:                    return Unexpected(tecINTERNAL);  // LCOV_EXCL_LINE
src/xrpld/app/tx/detail/VaultClawback.cpp:339:                return Unexpected(tecINTERNAL);  // LCOV_EXCL_LINE
src/xrpld/app/tx/detail/VaultClawback.cpp:346:                return Unexpected(tecINTERNAL);
src/xrpld/app/tx/detail/VaultClawback.cpp:367:TER
src/xrpld/app/tx/detail/VaultClawback.cpp:373:        return tefINTERNAL;  // LCOV_EXCL_LINE
src/xrpld/app/tx/detail/VaultClawback.cpp:381:        return tefINTERNAL;
src/xrpld/app/tx/detail/VaultClawback.cpp:499:            return tefINTERNAL;
src/xrpld/app/tx/detail/Batch.h:46:    static NotTEC
src/xrpld/app/tx/detail/Batch.h:49:    static NotTEC
src/xrpld/app/tx/detail/Batch.h:52:    static NotTEC
src/xrpld/app/tx/detail/Batch.h:55:    TER
src/xrpld/app/tx/detail/DelegateSet.h:20:#ifndef RIPPLE_TX_DELEGATESET_H_INCLUDED
src/xrpld/app/tx/detail/DelegateSet.h:21:#define RIPPLE_TX_DELEGATESET_H_INCLUDED
src/xrpld/app/tx/detail/DelegateSet.h:36:    static NotTEC
src/xrpld/app/tx/detail/DelegateSet.h:39:    static TER
src/xrpld/app/tx/detail/DelegateSet.h:42:    TER
src/xrpld/app/tx/detail/DelegateSet.h:46:    static TER
src/xrpld/app/tx/detail/SignerEntries.h:23:#include <xrpld/app/tx/detail/Transactor.h>  // NotTEC
src/xrpld/app/tx/detail/SignerEntries.h:27:#include <xrpl/protocol/TER.h>           // temMALFORMED
src/xrpld/app/tx/detail/SignerEntries.h:84:    static Expected<std::vector<SignerEntry>, NotTEC>
src/xrpld/app/tx/detail/SetRegularKey.h:36:    static NotTEC
src/xrpld/app/tx/detail/SetRegularKey.h:42:    TER
src/xrpld/app/tx/detail/InvariantCheck.h:29:#include <xrpl/protocol/TER.h>
src/xrpld/app/tx/detail/InvariantCheck.h:74:     * @param tec the current TER result of the transaction
src/xrpld/app/tx/detail/InvariantCheck.h:84:        TER const tec,
src/xrpld/app/tx/detail/InvariantCheck.h:109:        TER const,
src/xrpld/app/tx/detail/InvariantCheck.h:137:        TER const,
src/xrpld/app/tx/detail/InvariantCheck.h:165:        TER const,
src/xrpld/app/tx/detail/InvariantCheck.h:202:        TER const,
src/xrpld/app/tx/detail/InvariantCheck.h:229:        TER const,
src/xrpld/app/tx/detail/InvariantCheck.h:254:        TER const,
src/xrpld/app/tx/detail/InvariantCheck.h:280:        TER const,
src/xrpld/app/tx/detail/InvariantCheck.h:307:        TER const,
src/xrpld/app/tx/detail/InvariantCheck.h:348:        TER const,
src/xrpld/app/tx/detail/InvariantCheck.h:415:        TER const,
src/xrpld/app/tx/detail/InvariantCheck.h:439:        TER const,
src/xrpld/app/tx/detail/InvariantCheck.h:467:        TER const,
src/xrpld/app/tx/detail/InvariantCheck.h:504:        TER const,
src/xrpld/app/tx/detail/InvariantCheck.h:540:        TER const,
src/xrpld/app/tx/detail/InvariantCheck.h:569:        TER const,
src/xrpld/app/tx/detail/InvariantCheck.h:596:        TER const,
src/xrpld/app/tx/detail/InvariantCheck.h:633:        TER const,
src/xrpld/app/tx/detail/InvariantCheck.h:661:        TER const,
src/xrpld/app/tx/detail/InvariantCheck.h:686:        TER const,
src/xrpld/app/tx/detail/InvariantCheck.h:714:        TER const,
src/xrpld/app/tx/detail/InvariantCheck.h:731:    finalizeDelete(bool enforce, TER res, beast::Journal const&) const;
src/xrpld/app/tx/detail/InvariantCheck.h:777:        TER const,
src/xrpld/app/tx/detail/InvariantCheck.h:829:        TER const,
src/xrpld/app/tx/detail/InvariantCheck.h:857:        TER const,
src/xrpld/app/tx/detail/InvariantCheck.h:941:        TER const,
src/xrpld/app/tx/detail/NFTokenAcceptOffer.h:30:    TER
src/xrpld/app/tx/detail/NFTokenAcceptOffer.h:33:    TER
src/xrpld/app/tx/detail/NFTokenAcceptOffer.h:36:    TER
src/xrpld/app/tx/detail/NFTokenAcceptOffer.h:41:    TER
src/xrpld/app/tx/detail/NFTokenAcceptOffer.h:57:    static NotTEC
src/xrpld/app/tx/detail/NFTokenAcceptOffer.h:60:    static TER
src/xrpld/app/tx/detail/NFTokenAcceptOffer.h:63:    TER
src/xrpld/app/tx/detail/Credentials.h:39:    static NotTEC
src/xrpld/app/tx/detail/Credentials.h:42:    static TER
src/xrpld/app/tx/detail/Credentials.h:45:    TER
src/xrpld/app/tx/detail/Credentials.h:63:    static NotTEC
src/xrpld/app/tx/detail/Credentials.h:66:    static TER
src/xrpld/app/tx/detail/Credentials.h:69:    TER
src/xrpld/app/tx/detail/Credentials.h:87:    static NotTEC
src/xrpld/app/tx/detail/Credentials.h:90:    static TER
src/xrpld/app/tx/detail/Credentials.h:93:    TER
src/xrpld/app/tx/detail/PermissionedDomainSet.cpp:37:NotTEC
src/xrpld/app/tx/detail/PermissionedDomainSet.cpp:54:TER
src/xrpld/app/tx/detail/PermissionedDomainSet.cpp:60:        return tefINTERNAL;  // LCOV_EXCL_LINE
src/xrpld/app/tx/detail/PermissionedDomainSet.cpp:84:TER
src/xrpld/app/tx/detail/PermissionedDomainSet.cpp:89:        return tefINTERNAL;  // LCOV_EXCL_LINE
src/xrpld/app/tx/detail/PermissionedDomainSet.cpp:108:            return tefINTERNAL;  // LCOV_EXCL_LINE
src/xrpld/app/tx/detail/PermissionedDomainSet.cpp:115:        // Check reserve availability for new object creation
src/xrpld/app/tx/detail/PermissionedDomainSet.cpp:117:        auto const reserve =
src/xrpld/app/tx/detail/PermissionedDomainSet.cpp:118:            ctx_.view().fees().accountReserve((*ownerSle)[sfOwnerCount] + 1);
src/xrpld/app/tx/detail/PermissionedDomainSet.cpp:119:        if (balance < reserve)
src/xrpld/app/tx/detail/PermissionedDomainSet.cpp:137:        // If we succeeded, the new entry counts against the creator's reserve.
src/xrpld/app/tx/detail/PermissionedDomainSet.cpp:138:        adjustOwnerCount(view(), ownerSle, 1, ctx_.journal);
src/xrpld/app/tx/detail/AMMWithdraw.cpp:43:NotTEC
src/xrpld/app/tx/detail/AMMWithdraw.cpp:168:TER
src/xrpld/app/tx/detail/AMMWithdraw.cpp:201:            << "AMM Withdraw: reserves or tokens balance is zero.";
src/xrpld/app/tx/detail/AMMWithdraw.cpp:202:        return tecINTERNAL;
src/xrpld/app/tx/detail/AMMWithdraw.cpp:209:                           auto const& balance) -> TER {
src/xrpld/app/tx/detail/AMMWithdraw.cpp:294:std::pair<TER, bool>
src/xrpld/app/tx/detail/AMMWithdraw.cpp:302:        return {tecINTERNAL, false};  // LCOV_EXCL_LINE
src/xrpld/app/tx/detail/AMMWithdraw.cpp:306:        return {tecINTERNAL, false};  // LCOV_EXCL_LINE
src/xrpld/app/tx/detail/AMMWithdraw.cpp:341:         &lptAMMBalance = lptAMMBalance]() -> std::pair<TER, STAmount> {
src/xrpld/app/tx/detail/AMMWithdraw.cpp:398:        return std::make_pair(tecINTERNAL, STAmount{});
src/xrpld/app/tx/detail/AMMWithdraw.cpp:424:TER
src/xrpld/app/tx/detail/AMMWithdraw.cpp:438:std::pair<TER, STAmount>
src/xrpld/app/tx/detail/AMMWithdraw.cpp:450:    TER ter;
src/xrpld/app/tx/detail/AMMWithdraw.cpp:470:std::tuple<TER, STAmount, STAmount, std::optional<STAmount>>
src/xrpld/app/tx/detail/AMMWithdraw.cpp:538:        return {tecINTERNAL, STAmount{}, STAmount{}, STAmount{}};
src/xrpld/app/tx/detail/AMMWithdraw.cpp:584:    // Check the reserve in case a trustline has to be created
src/xrpld/app/tx/detail/AMMWithdraw.cpp:586:    auto sufficientReserve = [&](Issue const& issue) -> TER {
src/xrpld/app/tx/detail/AMMWithdraw.cpp:593:                return tecINTERNAL;  // LCOV_EXCL_LINE
src/xrpld/app/tx/detail/AMMWithdraw.cpp:595:            std::uint32_t const ownerCount = sleAccount->at(sfOwnerCount);
src/xrpld/app/tx/detail/AMMWithdraw.cpp:598:            XRPAmount const reserve(
src/xrpld/app/tx/detail/AMMWithdraw.cpp:599:                (ownerCount < 2) ? XRPAmount(beast::zero)
src/xrpld/app/tx/detail/AMMWithdraw.cpp:600:                                 : view.fees().accountReserve(ownerCount + 1));
src/xrpld/app/tx/detail/AMMWithdraw.cpp:602:            if (std::max(priorBalance, balance) < reserve)
src/xrpld/app/tx/detail/AMMWithdraw.cpp:688:std::pair<TER, STAmount>
src/xrpld/app/tx/detail/AMMWithdraw.cpp:700:    TER ter;
src/xrpld/app/tx/detail/AMMWithdraw.cpp:721:std::pair<TER, bool>
src/xrpld/app/tx/detail/AMMWithdraw.cpp:730:    TER ter;
src/xrpld/app/tx/detail/AMMWithdraw.cpp:752:std::tuple<TER, STAmount, STAmount, std::optional<STAmount>>
src/xrpld/app/tx/detail/AMMWithdraw.cpp:831:    return {tecINTERNAL, STAmount{}, STAmount{}, STAmount{}};
src/xrpld/app/tx/detail/AMMWithdraw.cpp:860:std::pair<TER, STAmount>
src/xrpld/app/tx/detail/AMMWithdraw.cpp:935:std::pair<TER, STAmount>
src/xrpld/app/tx/detail/AMMWithdraw.cpp:984:std::pair<TER, STAmount>
src/xrpld/app/tx/detail/AMMWithdraw.cpp:1038:std::pair<TER, STAmount>
src/xrpld/app/tx/detail/LoanPay.cpp:28:NotTEC
src/xrpld/app/tx/detail/LoanPay.cpp:150:TER
src/xrpld/app/tx/detail/LoanPay.cpp:176:        return ctx.view.rules().enabled(fixCleanup3_1_3) ? TER{tecNO_PERMISSION}
src/xrpld/app/tx/detail/LoanPay.cpp:257:TER
src/xrpld/app/tx/detail/LoanPay.cpp:354:    Expected<LoanPaymentParts, TER> const paymentParts = loanMakePayment(
src/xrpld/app/tx/detail/LoanPay.cpp:562:        return tecINTERNAL;
src/xrpld/app/tx/detail/LoanPay.cpp:573:        return tecINTERNAL;
src/xrpld/app/tx/detail/NFTokenBurn.cpp:29:NotTEC
src/xrpld/app/tx/detail/NFTokenBurn.cpp:35:TER
src/xrpld/app/tx/detail/NFTokenBurn.cpp:77:TER
src/xrpld/app/tx/detail/NFTokenMint.h:45:    static NotTEC
src/xrpld/app/tx/detail/NFTokenMint.h:48:    static TER
src/xrpld/app/tx/detail/NFTokenMint.h:51:    TER
src/xrpld/app/tx/detail/AMMBid.cpp:28:#include <xrpl/protocol/TER.h>
src/xrpld/app/tx/detail/AMMBid.cpp:39:NotTEC
src/xrpld/app/tx/detail/AMMBid.cpp:95:TER
src/xrpld/app/tx/detail/AMMBid.cpp:171:static std::pair<TER, bool>
src/xrpld/app/tx/detail/AMMBid.cpp:182:        return {tecINTERNAL, false};
src/xrpld/app/tx/detail/AMMBid.cpp:197:            return {tecINTERNAL, false};
src/xrpld/app/tx/detail/AMMBid.cpp:212:    std::uint32_t constexpr tailingSlot = AUCTION_SLOT_TIME_INTERVALS - 1;
src/xrpld/app/tx/detail/AMMBid.cpp:228:                          Number const& burn) -> TER {
src/xrpld/app/tx/detail/AMMBid.cpp:254:            return tecINTERNAL;
src/xrpld/app/tx/detail/AMMBid.cpp:269:    TER res = tesSUCCESS;
src/xrpld/app/tx/detail/AMMBid.cpp:275:        [&](Number const& computedPrice) -> Expected<Number, TER> {
src/xrpld/app/tx/detail/AMMBid.cpp:324:            (Number(*timeSlot) + 1) / AUCTION_SLOT_TIME_INTERVALS;
src/xrpld/app/tx/detail/AMMBid.cpp:349:            return {tecINTERNAL, false};
src/xrpld/app/tx/detail/AMMBid.cpp:370:TER
src/xrpld/app/tx/detail/AMMDeposit.h:77:    static NotTEC
src/xrpld/app/tx/detail/AMMDeposit.h:80:    static TER
src/xrpld/app/tx/detail/AMMDeposit.h:83:    TER
src/xrpld/app/tx/detail/AMMDeposit.h:87:    std::pair<TER, bool>
src/xrpld/app/tx/detail/AMMDeposit.h:105:    std::pair<TER, STAmount>
src/xrpld/app/tx/detail/AMMDeposit.h:132:    std::pair<TER, STAmount>
src/xrpld/app/tx/detail/AMMDeposit.h:158:    std::pair<TER, STAmount>
src/xrpld/app/tx/detail/AMMDeposit.h:181:    std::pair<TER, STAmount>
src/xrpld/app/tx/detail/AMMDeposit.h:202:    std::pair<TER, STAmount>
src/xrpld/app/tx/detail/AMMDeposit.h:223:    std::pair<TER, STAmount>
src/xrpld/app/tx/detail/AMMDeposit.h:241:    std::pair<TER, STAmount>
src/xrpld/app/tx/detail/DID.h:36:    static NotTEC
src/xrpld/app/tx/detail/DID.h:39:    TER
src/xrpld/app/tx/detail/DID.h:54:    static NotTEC
src/xrpld/app/tx/detail/DID.h:57:    static TER
src/xrpld/app/tx/detail/DID.h:60:    static TER
src/xrpld/app/tx/detail/DID.h:67:    TER
src/xrpld/app/tx/detail/NFTokenModify.cpp:34:NotTEC
src/xrpld/app/tx/detail/NFTokenModify.cpp:49:TER
src/xrpld/app/tx/detail/NFTokenModify.cpp:69:            return tecINTERNAL;  // LCOV_EXCL_LINE
src/xrpld/app/tx/detail/NFTokenModify.cpp:77:TER
src/xrpld/app/tx/detail/AMMClawback.h:39:    static NotTEC
src/xrpld/app/tx/detail/AMMClawback.h:42:    static TER
src/xrpld/app/tx/detail/AMMClawback.h:45:    TER
src/xrpld/app/tx/detail/AMMClawback.h:49:    TER
src/xrpld/app/tx/detail/AMMClawback.h:63:    std::tuple<TER, STAmount, STAmount, std::optional<STAmount>>
src/xrpld/app/tx/detail/SetAccount.h:44:    static NotTEC
src/xrpld/app/tx/detail/SetAccount.h:47:    static TER
src/xrpld/app/tx/detail/SetAccount.h:50:    static TER
src/xrpld/app/tx/detail/SetAccount.h:53:    TER
src/xrpld/app/tx/detail/NFTokenCreateOffer.h:39:    static NotTEC
src/xrpld/app/tx/detail/NFTokenCreateOffer.h:42:    static TER
src/xrpld/app/tx/detail/NFTokenCreateOffer.h:45:    TER
src/xrpld/app/tx/detail/AMMVote.h:62:    static NotTEC
src/xrpld/app/tx/detail/AMMVote.h:65:    static TER
src/xrpld/app/tx/detail/AMMVote.h:68:    TER
src/xrpld/app/tx/detail/InvariantCheck.cpp:40:#include <xrpl/protocol/TER.h>
src/xrpld/app/tx/detail/InvariantCheck.cpp:140:    TER const,
src/xrpld/app/tx/detail/InvariantCheck.cpp:235:    TER const,
src/xrpld/app/tx/detail/InvariantCheck.cpp:296:    TER const,
src/xrpld/app/tx/detail/InvariantCheck.cpp:340:    TER const,
src/xrpld/app/tx/detail/InvariantCheck.cpp:439:    TER const,
src/xrpld/app/tx/detail/InvariantCheck.cpp:468:    TER const result,
src/xrpld/app/tx/detail/InvariantCheck.cpp:520:    TER const result,
src/xrpld/app/tx/detail/InvariantCheck.cpp:663:    TER const,
src/xrpld/app/tx/detail/InvariantCheck.cpp:712:    TER const,
src/xrpld/app/tx/detail/InvariantCheck.cpp:756:    TER const,
src/xrpld/app/tx/detail/InvariantCheck.cpp:804:    TER const ter,
src/xrpld/app/tx/detail/InvariantCheck.cpp:1070:    TER const result,
src/xrpld/app/tx/detail/InvariantCheck.cpp:1246:    TER const result,
src/xrpld/app/tx/detail/InvariantCheck.cpp:1322:    TER const result,
src/xrpld/app/tx/detail/InvariantCheck.cpp:1422:    TER const result,
src/xrpld/app/tx/detail/InvariantCheck.cpp:1515:    TER const result,
src/xrpld/app/tx/detail/InvariantCheck.cpp:1722:    TER const result,
src/xrpld/app/tx/detail/InvariantCheck.cpp:1910:    TER const,
src/xrpld/app/tx/detail/InvariantCheck.cpp:1973:    TER const result,
src/xrpld/app/tx/detail/InvariantCheck.cpp:2171:ValidAMM::finalizeDelete(bool enforce, TER res, beast::Journal const& j) const
src/xrpld/app/tx/detail/InvariantCheck.cpp:2293:    TER const result,
src/xrpld/app/tx/detail/InvariantCheck.cpp:2349:    TER const,
src/xrpld/app/tx/detail/InvariantCheck.cpp:2529:    TER const,
src/xrpld/app/tx/detail/InvariantCheck.cpp:2671:    TER const,
src/xrpld/app/tx/detail/InvariantCheck.cpp:2793:    // preserves value scale (exponent) to round values to the same scale during
src/xrpld/app/tx/detail/InvariantCheck.cpp:2909:    TER const ret,
src/xrpld/app/tx/detail/CreateCheck.cpp:26:#include <xrpl/protocol/TER.h>
src/xrpld/app/tx/detail/CreateCheck.cpp:31:NotTEC
src/xrpld/app/tx/detail/CreateCheck.cpp:69:TER
src/xrpld/app/tx/detail/CreateCheck.cpp:157:TER
src/xrpld/app/tx/detail/CreateCheck.cpp:162:        return tefINTERNAL;  // LCOV_EXCL_LINE
src/xrpld/app/tx/detail/CreateCheck.cpp:164:    // A check counts against the reserve of the issuing account, but we
src/xrpld/app/tx/detail/CreateCheck.cpp:166:    // reserve to pay fees.
src/xrpld/app/tx/detail/CreateCheck.cpp:168:        STAmount const reserve{
src/xrpld/app/tx/detail/CreateCheck.cpp:169:            view().fees().accountReserve(sle->getFieldU32(sfOwnerCount) + 1)};
src/xrpld/app/tx/detail/CreateCheck.cpp:171:        if (mPriorBalance < reserve)
src/xrpld/app/tx/detail/CreateCheck.cpp:232:    // If we succeeded, the new entry counts against the creator's reserve.
src/xrpld/app/tx/detail/CreateCheck.cpp:233:    adjustOwnerCount(view(), sle, 1, viewJ);
src/xrpld/app/tx/detail/CreateCheck.h:20:#ifndef RIPPLE_TX_CREATECHECK_H_INCLUDED
src/xrpld/app/tx/detail/CreateCheck.h:21:#define RIPPLE_TX_CREATECHECK_H_INCLUDED
src/xrpld/app/tx/detail/CreateCheck.h:36:    static NotTEC
src/xrpld/app/tx/detail/CreateCheck.h:39:    static TER
src/xrpld/app/tx/detail/CreateCheck.h:42:    TER
src/xrpld/app/misc/NegativeUNLVote.cpp:170:    // the last FLAG_LEDGER_INTERVAL (i.e. 256) ledgers,
src/xrpld/app/misc/NegativeUNLVote.cpp:176:    validations.setSeqToKeep(seq - 1, seq + FLAG_LEDGER_INTERVAL);
src/xrpld/app/misc/NegativeUNLVote.cpp:178:    // Find FLAG_LEDGER_INTERVAL (i.e. 256) previous ledger hashes
src/xrpld/app/misc/NegativeUNLVote.cpp:187:    if (numAncestors < FLAG_LEDGER_INTERVAL)
src/xrpld/app/misc/NegativeUNLVote.cpp:204:    for (int i = 0; i < FLAG_LEDGER_INTERVAL; ++i)
src/xrpld/app/misc/NegativeUNLVote.cpp:225:                         << " validations in last " << FLAG_LEDGER_INTERVAL
src/xrpld/app/misc/NegativeUNLVote.cpp:232:        myValidationCount <= FLAG_LEDGER_INTERVAL)
src/xrpld/app/misc/NegativeUNLVote.cpp:242:                         << FLAG_LEDGER_INTERVAL << " ledgers. Too many!";
src/xrpld/app/tx/detail/AMMDelete.cpp:25:#include <xrpl/protocol/TER.h>
src/xrpld/app/tx/detail/AMMDelete.cpp:36:NotTEC
src/xrpld/app/tx/detail/AMMDelete.cpp:42:TER
src/xrpld/app/tx/detail/AMMDelete.cpp:60:TER
src/xrpld/app/tx/detail/LedgerStateFix.cpp:30:NotTEC
src/xrpld/app/tx/detail/LedgerStateFix.cpp:50:    // The fee required for LedgerStateFix is one owner reserve, just like
src/xrpld/app/tx/detail/LedgerStateFix.cpp:55:TER
src/xrpld/app/tx/detail/LedgerStateFix.cpp:70:    return tecINTERNAL;  // LCOV_EXCL_LINE
src/xrpld/app/tx/detail/LedgerStateFix.cpp:73:TER
src/xrpld/app/tx/detail/LedgerStateFix.cpp:86:    return tecINTERNAL;  // LCOV_EXCL_LINE
src/xrpld/app/misc/README.md:5:owner. There are also reserve requirements for each item that occupies storage
src/xrpld/app/misc/README.md:6:in the ledger. The reserve fee schedule contains both a per-account reserve,
src/xrpld/app/misc/README.md:7:and a per-owned-item reserve. The items an account may own include active
src/xrpld/app/tx/detail/DepositPreauth.cpp:47:NotTEC
src/xrpld/app/tx/detail/DepositPreauth.cpp:105:TER
src/xrpld/app/tx/detail/DepositPreauth.cpp:141:                return tefINTERNAL;  // LCOV_EXCL_LINE
src/xrpld/app/tx/detail/DepositPreauth.cpp:161:TER
src/xrpld/app/tx/detail/DepositPreauth.cpp:168:            return {tefINTERNAL};
src/xrpld/app/tx/detail/DepositPreauth.cpp:170:        // A preauth counts against the reserve of the issuing account, but we
src/xrpld/app/tx/detail/DepositPreauth.cpp:172:        // reserve to pay fees.
src/xrpld/app/tx/detail/DepositPreauth.cpp:174:            STAmount const reserve{view().fees().accountReserve(
src/xrpld/app/tx/detail/DepositPreauth.cpp:177:            if (mPriorBalance < reserve)
src/xrpld/app/tx/detail/DepositPreauth.cpp:205:        // If we succeeded, the new entry counts against the creator's reserve.
src/xrpld/app/tx/detail/DepositPreauth.cpp:206:        adjustOwnerCount(view(), sleOwner, 1, j_);
src/xrpld/app/tx/detail/DepositPreauth.cpp:219:            return tefINTERNAL;  // LCOV_EXCL_LINE
src/xrpld/app/tx/detail/DepositPreauth.cpp:221:        // A preauth counts against the reserve of the issuing account, but we
src/xrpld/app/tx/detail/DepositPreauth.cpp:223:        // reserve to pay fees.
src/xrpld/app/tx/detail/DepositPreauth.cpp:225:            STAmount const reserve{view().fees().accountReserve(
src/xrpld/app/tx/detail/DepositPreauth.cpp:228:            if (mPriorBalance < reserve)
src/xrpld/app/tx/detail/DepositPreauth.cpp:249:            return tefINTERNAL;  // LCOV_EXCL_LINE
src/xrpld/app/tx/detail/DepositPreauth.cpp:269:        // If we succeeded, the new entry counts against the creator's reserve.
src/xrpld/app/tx/detail/DepositPreauth.cpp:270:        adjustOwnerCount(view(), sleOwner, 1, j_);
src/xrpld/app/tx/detail/DepositPreauth.cpp:284:TER
src/xrpld/app/tx/detail/DepositPreauth.cpp:308:    // If we succeeded, update the DepositPreauth owner's reserve.
src/xrpld/app/tx/detail/DepositPreauth.cpp:311:        return tefINTERNAL;  // LCOV_EXCL_LINE
src/xrpld/app/tx/detail/DepositPreauth.cpp:313:    adjustOwnerCount(view, sleOwner, -1, j);
src/xrpld/app/tx/detail/LoanDelete.cpp:15:NotTEC
src/xrpld/app/tx/detail/LoanDelete.cpp:24:TER
src/xrpld/app/tx/detail/LoanDelete.cpp:49:        return tecINTERNAL;  // LCOV_EXCL_LINE
src/xrpld/app/tx/detail/LoanDelete.cpp:62:TER
src/xrpld/app/tx/detail/LoanDelete.cpp:109:    adjustOwnerCount(view, brokerSle, -1, j_);
src/xrpld/app/tx/detail/LoanDelete.cpp:129:    adjustOwnerCount(view, borrowerSle, -1, j_);
src/xrpld/app/misc/FeeVoteImpl.cpp:145:            lastFees.accountReserve(0),
src/xrpld/app/misc/FeeVoteImpl.cpp:146:            target_.account_reserve,
src/xrpld/app/misc/FeeVoteImpl.cpp:147:            "base reserve",
src/xrpld/app/misc/FeeVoteImpl.cpp:151:            target_.owner_reserve,
src/xrpld/app/misc/FeeVoteImpl.cpp:152:            "reserve increment",
src/xrpld/app/misc/FeeVoteImpl.cpp:181:            lastFees.accountReserve(0),
src/xrpld/app/misc/FeeVoteImpl.cpp:182:            target_.account_reserve,
src/xrpld/app/misc/FeeVoteImpl.cpp:184:            "base reserve",
src/xrpld/app/misc/FeeVoteImpl.cpp:188:            target_.owner_reserve,
src/xrpld/app/misc/FeeVoteImpl.cpp:190:            "reserve increment",
src/xrpld/app/misc/FeeVoteImpl.cpp:210:        lastClosedLedger->fees().accountReserve(0), target_.account_reserve);
src/xrpld/app/misc/FeeVoteImpl.cpp:213:        lastClosedLedger->fees().increment, target_.owner_reserve);
src/xrpld/app/tx/detail/NFTokenAcceptOffer.cpp:36:NotTEC
src/xrpld/app/tx/detail/NFTokenAcceptOffer.cpp:60:TER
src/xrpld/app/tx/detail/NFTokenAcceptOffer.cpp:64:        -> std::pair<std::shared_ptr<const SLE>, TER> {
src/xrpld/app/tx/detail/NFTokenAcceptOffer.cpp:369:        return tecINTERNAL;  // LCOV_EXCL_LINE
src/xrpld/app/tx/detail/NFTokenAcceptOffer.cpp:404:TER
src/xrpld/app/tx/detail/NFTokenAcceptOffer.cpp:412:        return tecINTERNAL;  // LCOV_EXCL_LINE
src/xrpld/app/tx/detail/NFTokenAcceptOffer.cpp:432:TER
src/xrpld/app/tx/detail/NFTokenAcceptOffer.cpp:441:        return tecINTERNAL;  // LCOV_EXCL_LINE
src/xrpld/app/tx/detail/NFTokenAcceptOffer.cpp:450:        return tecINTERNAL;  // LCOV_EXCL_LINE
src/xrpld/app/tx/detail/NFTokenAcceptOffer.cpp:459:    // reserve to own a new object, if their OwnerCount changed.
src/xrpld/app/tx/detail/NFTokenAcceptOffer.cpp:462:    // didn't check if the buyer has enough reserve, meaning that buyer can get
src/xrpld/app/tx/detail/NFTokenAcceptOffer.cpp:463:    // NFTs free of reserve.
src/xrpld/app/tx/detail/NFTokenAcceptOffer.cpp:466:        // To check if there is sufficient reserve, we cannot use mPriorBalance
src/xrpld/app/tx/detail/NFTokenAcceptOffer.cpp:470:        // that the reserve requirement is a few drops higher.
src/xrpld/app/tx/detail/NFTokenAcceptOffer.cpp:476:            if (auto const reserve =
src/xrpld/app/tx/detail/NFTokenAcceptOffer.cpp:477:                    view().fees().accountReserve(buyerOwnerCountAfter);
src/xrpld/app/tx/detail/NFTokenAcceptOffer.cpp:478:                buyerBalance < reserve)
src/xrpld/app/tx/detail/NFTokenAcceptOffer.cpp:486:TER
src/xrpld/app/tx/detail/NFTokenAcceptOffer.cpp:521:TER
src/xrpld/app/tx/detail/NFTokenAcceptOffer.cpp:542:            [this, &foundExpired](std::shared_ptr<SLE> const& offer) -> TER {
src/xrpld/app/tx/detail/NFTokenAcceptOffer.cpp:552:                    return tecINTERNAL;
src/xrpld/app/tx/detail/NFTokenAcceptOffer.cpp:575:        return tecINTERNAL;
src/xrpld/app/tx/detail/NFTokenAcceptOffer.cpp:584:        return tecINTERNAL;
src/xrpld/app/tx/detail/NFTokenAcceptOffer.cpp:656:    return tecINTERNAL;  // LCOV_EXCL_LINE
src/xrpld/app/tx/detail/CancelCheck.cpp:27:#include <xrpl/protocol/TER.h>
src/xrpld/app/tx/detail/CancelCheck.cpp:32:NotTEC
src/xrpld/app/tx/detail/CancelCheck.cpp:38:TER
src/xrpld/app/tx/detail/CancelCheck.cpp:73:TER
src/xrpld/app/tx/detail/CancelCheck.cpp:114:    // If we succeeded, update the check owner's reserve.
src/xrpld/app/tx/detail/CancelCheck.cpp:116:    adjustOwnerCount(view(), sleSrc, -1, viewJ);
src/xrpld/app/tx/detail/Batch.cpp:28:#include <xrpl/protocol/TER.h>
src/xrpld/app/tx/detail/Batch.cpp:203: * @return NotTEC Returns tesSUCCESS if all checks pass, or an appropriate error
src/xrpld/app/tx/detail/Batch.cpp:206:NotTEC
src/xrpld/app/tx/detail/Batch.cpp:243:                                    char const* label = "") -> NotTEC {
src/xrpld/app/tx/detail/Batch.cpp:405:NotTEC
src/xrpld/app/tx/detail/Batch.cpp:513: * @return NotTEC Returns tesSUCCESS if all signature checks pass, or an error
src/xrpld/app/tx/detail/Batch.cpp:516:NotTEC
src/xrpld/app/tx/detail/Batch.cpp:535: * @return TER Returns tesSUCCESS to indicate successful application of the
src/xrpld/app/tx/detail/Batch.cpp:538:TER
src/xrpld/app/tx/detail/AMMDeposit.cpp:45:NotTEC
src/xrpld/app/tx/detail/AMMDeposit.cpp:167:TER
src/xrpld/app/tx/detail/AMMDeposit.cpp:198:            return tecINTERNAL;
src/xrpld/app/tx/detail/AMMDeposit.cpp:211:                << "AMM Deposit: reserves or tokens balance is zero.";
src/xrpld/app/tx/detail/AMMDeposit.cpp:212:            return tecINTERNAL;
src/xrpld/app/tx/detail/AMMDeposit.cpp:222:    auto balance = [&](auto const& deposit) -> TER {
src/xrpld/app/tx/detail/AMMDeposit.cpp:226:            // Adjust the reserve if LP doesn't have LPToken trustline
src/xrpld/app/tx/detail/AMMDeposit.cpp:230:                return TER(tesSUCCESS);
src/xrpld/app/tx/detail/AMMDeposit.cpp:233:            return tecINSUF_RESERVE_LINE;
src/xrpld/app/tx/detail/AMMDeposit.cpp:242:            ? TER(tesSUCCESS)
src/xrpld/app/tx/detail/AMMDeposit.cpp:250:        auto checkAsset = [&](Issue const& asset) -> TER {
src/xrpld/app/tx/detail/AMMDeposit.cpp:282:                           bool checkBalance) -> TER {
src/xrpld/app/tx/detail/AMMDeposit.cpp:353:    // Check the reserve for LPToken trustline if not LP.
src/xrpld/app/tx/detail/AMMDeposit.cpp:358:        // Insufficient reserve
src/xrpld/app/tx/detail/AMMDeposit.cpp:361:            JLOG(ctx.j.debug()) << "AMM Instance: insufficient reserves";
src/xrpld/app/tx/detail/AMMDeposit.cpp:362:            return tecINSUF_RESERVE_LINE;
src/xrpld/app/tx/detail/AMMDeposit.cpp:369:std::pair<TER, bool>
src/xrpld/app/tx/detail/AMMDeposit.cpp:378:        return {tecINTERNAL, false};  // LCOV_EXCL_LINE
src/xrpld/app/tx/detail/AMMDeposit.cpp:401:         &lptAMMBalance = lptAMMBalance]() -> std::pair<TER, STAmount> {
src/xrpld/app/tx/detail/AMMDeposit.cpp:462:        return std::make_pair(tecINTERNAL, STAmount{});
src/xrpld/app/tx/detail/AMMDeposit.cpp:484:TER
src/xrpld/app/tx/detail/AMMDeposit.cpp:498:std::pair<TER, STAmount>
src/xrpld/app/tx/detail/AMMDeposit.cpp:514:    auto checkBalance = [&](auto const& depositAmount) -> TER {
src/xrpld/app/tx/detail/AMMDeposit.cpp:520:            // Adjust the reserve if LP doesn't have LPToken trustline
src/xrpld/app/tx/detail/AMMDeposit.cpp:644:std::pair<TER, STAmount>
src/xrpld/app/tx/detail/AMMDeposit.cpp:687:        return {tecINTERNAL, STAmount{}};
src/xrpld/app/tx/detail/AMMDeposit.cpp:720:std::pair<TER, STAmount>
src/xrpld/app/tx/detail/AMMDeposit.cpp:797:std::pair<TER, STAmount>
src/xrpld/app/tx/detail/AMMDeposit.cpp:844:std::pair<TER, STAmount>
src/xrpld/app/tx/detail/AMMDeposit.cpp:902:std::pair<TER, STAmount>
src/xrpld/app/tx/detail/AMMDeposit.cpp:1007:std::pair<TER, STAmount>
src/xrpld/app/misc/NetworkOPs.cpp:38:#include <xrpld/app/misc/TxQ.h>
src/xrpld/app/misc/NetworkOPs.cpp:102:        TER result;
src/xrpld/app/misc/NetworkOPs.cpp:209:            TxQ::Metrics&& escalationMetrics,
src/xrpld/app/misc/NetworkOPs.cpp:223:        std::optional<TxQ::Metrics> em = std::nullopt;
src/xrpld/app/misc/NetworkOPs.cpp:233:        JobQueue& job_queue,
src/xrpld/app/misc/NetworkOPs.cpp:264:        , m_job_queue(job_queue)
src/xrpld/app/misc/NetworkOPs.cpp:347:     * Apply transactions in batches. Continue until none are queued.
src/xrpld/app/misc/NetworkOPs.cpp:483:        TER result) override;
src/xrpld/app/misc/NetworkOPs.cpp:645:        TER result,
src/xrpld/app/misc/NetworkOPs.cpp:666:        TER result);
src/xrpld/app/misc/NetworkOPs.cpp:790:    JobQueue& m_job_queue;
src/xrpld/app/misc/NetworkOPs.cpp:971:                    (!m_job_queue.isStopped()))
src/xrpld/app/misc/NetworkOPs.cpp:999:            m_job_queue.addJob(jtNETOP_TIMER, "NetHeart", [this]() {
src/xrpld/app/misc/NetworkOPs.cpp:1015:            m_job_queue.addJob(jtNETOP_CLUSTER, "NetCluster", [this]() {
src/xrpld/app/misc/NetworkOPs.cpp:1159:        std::make_shared<Message>(cluster, protocol::mtCLUSTER),
src/xrpld/app/misc/NetworkOPs.cpp:1243:    m_job_queue.addJob(jtTRANSACTION, "SubmitTxn", [this, tx]() {
src/xrpld/app/misc/NetworkOPs.cpp:1311:    auto ev = m_job_queue.makeLoadEvent(jtTXN_PROC, "ProcessTXN");
src/xrpld/app/misc/NetworkOPs.cpp:1340:        if (m_job_queue.addJob(
src/xrpld/app/misc/NetworkOPs.cpp:1388:                if (m_job_queue.addJob(jtBATCH, "TxBatchSync", [this]() {
src/xrpld/app/misc/NetworkOPs.cpp:1402:    auto ev = m_job_queue.makeLoadEvent(jtTXN_PROC, "ProcessTXNSet");
src/xrpld/app/misc/NetworkOPs.cpp:1404:    candidates.reserve(set.size());
src/xrpld/app/misc/NetworkOPs.cpp:1430:    transactions.reserve(candidates.size());
src/xrpld/app/misc/NetworkOPs.cpp:1447:        mTransactions.reserve(mTransactions.size() + transactions.size());
src/xrpld/app/misc/NetworkOPs.cpp:1518:                    auto const result = app_.getTxQ().apply(
src/xrpld/app/misc/NetworkOPs.cpp:1602:            else if (e.result == terQUEUED)
src/xrpld/app/misc/NetworkOPs.cpp:1606:                    << " fee, but is queued until fee drops";
src/xrpld/app/misc/NetworkOPs.cpp:1610:                // kicked out of the queue, and this will try to
src/xrpld/app/misc/NetworkOPs.cpp:1688:                 (e.result == terQUEUED)) &&
src/xrpld/app/misc/NetworkOPs.cpp:1709:                    tx.set_deferred(e.result == terQUEUED);
src/xrpld/app/misc/NetworkOPs.cpp:1719:                    app_.getTxQ().getTxRequiredFeeAndSeq(
src/xrpld/app/misc/NetworkOPs.cpp:1738:            mTransactions.reserve(mTransactions.size() + submit_held.size());
src/xrpld/app/misc/NetworkOPs.cpp:2000:    app_.getTxQ().processClosedLedger(app_, *newLCL, true);
src/xrpld/app/misc/NetworkOPs.cpp:2024:                // Stuff the ledger with transactions from the queue.
src/xrpld/app/misc/NetworkOPs.cpp:2025:                return app_.getTxQ().accept(app_, view);
src/xrpld/app/misc/NetworkOPs.cpp:2272:    TxQ::Metrics&& escalationMetrics,
src/xrpld/app/misc/NetworkOPs.cpp:2325:            app_.getTxQ().getMetrics(*app_.openLedger().current()),
src/xrpld/app/misc/NetworkOPs.cpp:2347:            jvObj[jss::load_factor_fee_queue] =
src/xrpld/app/misc/NetworkOPs.cpp:2362:            // VFALCO TODO research the possibility of using thread queues and
src/xrpld/app/misc/NetworkOPs.cpp:2464:        if (auto const reserveBase = val->at(~sfReserveBase))
src/xrpld/app/misc/NetworkOPs.cpp:2465:            jvObj[jss::reserve_base] = *reserveBase;
src/xrpld/app/misc/NetworkOPs.cpp:2467:        if (auto const reserveInc = val->at(~sfReserveIncrement))
src/xrpld/app/misc/NetworkOPs.cpp:2468:            jvObj[jss::reserve_inc] = *reserveInc;
src/xrpld/app/misc/NetworkOPs.cpp:2476:        if (auto const reserveBaseXRP = ~val->at(~sfReserveBaseDrops);
src/xrpld/app/misc/NetworkOPs.cpp:2477:            reserveBaseXRP && reserveBaseXRP->native())
src/xrpld/app/misc/NetworkOPs.cpp:2478:            jvObj[jss::reserve_base] = reserveBaseXRP->xrp().jsonClipped();
src/xrpld/app/misc/NetworkOPs.cpp:2480:        if (auto const reserveIncXRP = ~val->at(~sfReserveIncrementDrops);
src/xrpld/app/misc/NetworkOPs.cpp:2481:            reserveIncXRP && reserveIncXRP->native())
src/xrpld/app/misc/NetworkOPs.cpp:2482:            jvObj[jss::reserve_inc] = reserveIncXRP->xrp().jsonClipped();
src/xrpld/app/misc/NetworkOPs.cpp:2840:        info[jss::load] = m_job_queue.getJson();
src/xrpld/app/misc/NetworkOPs.cpp:2846:        app_.getTxQ().getMetrics(*app_.openLedger().current());
src/xrpld/app/misc/NetworkOPs.cpp:2853:    auto const loadFactorFeeEscalation =
src/xrpld/app/misc/NetworkOPs.cpp:2861:        safe_cast<std::uint64_t>(loadFactorServer), loadFactorFeeEscalation);
src/xrpld/app/misc/NetworkOPs.cpp:2876:        info[jss::load_factor_fee_queue] =
src/xrpld/app/misc/NetworkOPs.cpp:2907:            (admin || loadFactorFeeEscalation != loadFactor))
src/xrpld/app/misc/NetworkOPs.cpp:2913:            info[jss::load_factor_fee_queue] =
src/xrpld/app/misc/NetworkOPs.cpp:2936:            l[jss::reserve_base] =
src/xrpld/app/misc/NetworkOPs.cpp:2937:                lpClosed->fees().accountReserve(0).jsonClipped();
src/xrpld/app/misc/NetworkOPs.cpp:2938:            l[jss::reserve_inc] = lpClosed->fees().increment.jsonClipped();
src/xrpld/app/misc/NetworkOPs.cpp:2945:            l[jss::reserve_base_xrp] =
src/xrpld/app/misc/NetworkOPs.cpp:2946:                lpClosed->fees().accountReserve(0).decimalXRP();
src/xrpld/app/misc/NetworkOPs.cpp:2947:            l[jss::reserve_inc_xrp] = lpClosed->fees().increment.decimalXRP();
src/xrpld/app/misc/NetworkOPs.cpp:3060:    TER result)
src/xrpld/app/misc/NetworkOPs.cpp:3138:            jvObj[jss::reserve_base] =
src/xrpld/app/misc/NetworkOPs.cpp:3139:                lpAccepted->fees().accountReserve(0).jsonClipped();
src/xrpld/app/misc/NetworkOPs.cpp:3140:            jvObj[jss::reserve_inc] =
src/xrpld/app/misc/NetworkOPs.cpp:3219:        app_.getTxQ().getMetrics(*app_.openLedger().current()),
src/xrpld/app/misc/NetworkOPs.cpp:3225:        m_job_queue.addJob(
src/xrpld/app/misc/NetworkOPs.cpp:3233:    m_job_queue.addJob(jtCLIENT_CONSENSUS, "PubCons", [this, phase]() {
src/xrpld/app/misc/NetworkOPs.cpp:3254:    TER result,
src/xrpld/app/misc/NetworkOPs.cpp:3555:    TER result)
src/xrpld/app/misc/NetworkOPs.cpp:3735:            sptr->send(rpcError(rpcINTERNAL), true);
src/xrpld/app/misc/NetworkOPs.cpp:3911:                        send(rpcError(rpcINTERNAL), true);
src/xrpld/app/misc/NetworkOPs.cpp:3928:                            send(rpcError(rpcINTERNAL), true);
src/xrpld/app/misc/NetworkOPs.cpp:3943:                            send(rpcError(rpcINTERNAL), true);
src/xrpld/app/misc/NetworkOPs.cpp:3959:                            send(rpcError(rpcINTERNAL), true);
src/xrpld/app/misc/NetworkOPs.cpp:3965:                        auto const trR = meta->getResultTER();
src/xrpld/app/misc/NetworkOPs.cpp:4214:        jvResult[jss::reserve_base] =
src/xrpld/app/misc/NetworkOPs.cpp:4215:            lpClosed->fees().accountReserve(0).jsonClipped();
src/xrpld/app/misc/NetworkOPs.cpp:4216:        jvResult[jss::reserve_inc] = lpClosed->fees().increment.jsonClipped();
src/xrpld/app/misc/NetworkOPs.cpp:4889:    JobQueue& job_queue,
src/xrpld/app/misc/NetworkOPs.cpp:4902:        job_queue,
src/xrpld/app/tx/detail/VaultDelete.cpp:27:#include <xrpl/protocol/TER.h>
src/xrpld/app/tx/detail/VaultDelete.cpp:32:NotTEC
src/xrpld/app/tx/detail/VaultDelete.cpp:44:TER
src/xrpld/app/tx/detail/VaultDelete.cpp:98:TER
src/xrpld/app/tx/detail/VaultDelete.cpp:103:        return tefINTERNAL;  // LCOV_EXCL_LINE
src/xrpld/app/tx/detail/VaultDelete.cpp:130:        return tefINTERNAL;
src/xrpld/app/tx/detail/VaultDelete.cpp:160:    adjustOwnerCount(view(), pseudoAcct, -1, j_);
src/xrpld/app/tx/detail/VaultDelete.cpp:223:    adjustOwnerCount(view(), owner, -2, j_);
src/xrpld/app/tx/detail/MPTokenAuthorize.cpp:35:NotTEC
src/xrpld/app/tx/detail/MPTokenAuthorize.cpp:44:TER
src/xrpld/app/tx/detail/MPTokenAuthorize.cpp:78:                    return tefINTERNAL;  // LCOV_EXCL_LINE
src/xrpld/app/tx/detail/MPTokenAuthorize.cpp:88:                    return tefINTERNAL;  // LCOV_EXCL_LINE
src/xrpld/app/tx/detail/MPTokenAuthorize.cpp:156:TER
src/xrpld/app/tx/detail/MPTokenAuthorize.cpp:182:TER
src/xrpld/app/tx/detail/CreateTicket.h:73:    static NotTEC
src/xrpld/app/tx/detail/CreateTicket.h:77:    static TER
src/xrpld/app/tx/detail/CreateTicket.h:81:    TER
src/xrpld/app/tx/detail/MPTokenIssuanceSet.cpp:67:NotTEC
src/xrpld/app/tx/detail/MPTokenIssuanceSet.cpp:143:TER
src/xrpld/app/tx/detail/MPTokenIssuanceSet.cpp:180:TER
src/xrpld/app/tx/detail/MPTokenIssuanceSet.cpp:270:TER
src/xrpld/app/tx/detail/MPTokenIssuanceSet.cpp:285:        return tecINTERNAL;  // LCOV_EXCL_LINE
src/xrpld/app/tx/detail/Change.h:36:    TER
src/xrpld/app/tx/detail/Change.h:47:    static TER
src/xrpld/app/tx/detail/Change.h:54:    TER
src/xrpld/app/tx/detail/Change.h:57:    TER
src/xrpld/app/tx/detail/Change.h:60:    TER
src/xrpld/app/tx/detail/LoanBrokerCoverDeposit.cpp:15:NotTEC
src/xrpld/app/tx/detail/LoanBrokerCoverDeposit.cpp:31:TER
src/xrpld/app/tx/detail/LoanBrokerCoverDeposit.cpp:93:TER
src/xrpld/app/tx/detail/LoanBrokerCoverDeposit.cpp:103:        return tecINTERNAL;  // LCOV_EXCL_LINE
src/xrpld/app/tx/detail/LoanBrokerCoverDeposit.cpp:107:        return tecINTERNAL;  // LCOV_EXCL_LINE
src/xrpld/app/misc/LendingHelpers.h:182:TER
src/xrpld/app/misc/LendingHelpers.h:364:Expected<std::pair<LoanPaymentParts, LoanProperties>, TER>
src/xrpld/app/misc/LendingHelpers.h:479:Expected<LoanPaymentParts, TER>
src/xrpld/app/tx/detail/MPTokenIssuanceSet.h:42:    static NotTEC
src/xrpld/app/tx/detail/MPTokenIssuanceSet.h:45:    static TER
src/xrpld/app/tx/detail/MPTokenIssuanceSet.h:48:    static TER
src/xrpld/app/tx/detail/MPTokenIssuanceSet.h:51:    TER
src/xrpld/app/tx/detail/SetOracle.cpp:39:NotTEC
src/xrpld/app/tx/detail/SetOracle.cpp:61:TER
src/xrpld/app/tx/detail/SetOracle.cpp:81:        return tecINTERNAL;  // LCOV_EXCL_LINE
src/xrpld/app/tx/detail/SetOracle.cpp:166:    auto const reserve = ctx.view.fees().accountReserve(
src/xrpld/app/tx/detail/SetOracle.cpp:170:    if (balance < reserve)
src/xrpld/app/tx/detail/SetOracle.cpp:177:adjustOwnerCount(ApplyContext& ctx, int count)
src/xrpld/app/tx/detail/SetOracle.cpp:182:        adjustOwnerCount(ctx.view(), sleAccount, count, ctx.journal);
src/xrpld/app/tx/detail/SetOracle.cpp:198:TER
src/xrpld/app/tx/detail/SetOracle.cpp:273:        if (adjust != 0 && !adjustOwnerCount(ctx_, adjust))
src/xrpld/app/tx/detail/SetOracle.cpp:274:            return tefINTERNAL;  // LCOV_EXCL_LINE
src/xrpld/app/tx/detail/SetOracle.cpp:323:        if (!adjustOwnerCount(ctx_, count))
src/xrpld/app/tx/detail/SetOracle.cpp:324:            return tefINTERNAL;  // LCOV_EXCL_LINE
src/xrpld/app/tx/detail/CashCheck.h:36:    static NotTEC
src/xrpld/app/tx/detail/CashCheck.h:39:    static TER
src/xrpld/app/tx/detail/CashCheck.h:42:    TER
src/xrpld/app/tx/detail/LoanBrokerDelete.h:20:    static NotTEC
src/xrpld/app/tx/detail/LoanBrokerDelete.h:23:    static TER
src/xrpld/app/tx/detail/LoanBrokerDelete.h:26:    TER
src/xrpld/app/tx/detail/LoanBrokerCoverWithdraw.cpp:17:NotTEC
src/xrpld/app/tx/detail/LoanBrokerCoverWithdraw.cpp:41:TER
src/xrpld/app/tx/detail/LoanBrokerCoverWithdraw.cpp:147:TER
src/xrpld/app/tx/detail/LoanBrokerCoverWithdraw.cpp:158:        return tecINTERNAL;  // LCOV_EXCL_LINE
src/xrpld/app/tx/detail/LoanBrokerCoverWithdraw.cpp:162:        return tecINTERNAL;  // LCOV_EXCL_LINE
src/xrpld/app/misc/TxQ.h:30:#include <xrpl/protocol/TER.h>
src/xrpld/app/misc/TxQ.h:51:    the ledger are added to the queue in order from highest fee level to
src/xrpld/app/misc/TxQ.h:53:    are first applied from the queue to the open ledger in fee level order
src/xrpld/app/misc/TxQ.h:58:    are processed with the `TxQ`, see FeeEscalation.md
src/xrpld/app/misc/TxQ.h:60:class TxQ
src/xrpld/app/misc/TxQ.h:67:        Structure used to customize @ref TxQ behavior.
src/xrpld/app/misc/TxQ.h:75:            in the queue. For example, if the last ledger had
src/xrpld/app/misc/TxQ.h:77:            be queued.
src/xrpld/app/misc/TxQ.h:79:            Can be overridden by @ref queueSizeMin
src/xrpld/app/misc/TxQ.h:82:        /** The smallest limit the queue is allowed.
src/xrpld/app/misc/TxQ.h:84:            Will allow more than `ledgersInQueue` in the queue
src/xrpld/app/misc/TxQ.h:87:        std::size_t queueSizeMin = 2000;
src/xrpld/app/misc/TxQ.h:88:        /** Extra percentage required on the fee level of a queued
src/xrpld/app/misc/TxQ.h:92:            If queued transaction for account "Alice" with seq 45
src/xrpld/app/misc/TxQ.h:147:        /// Maximum number of transactions that can be queued by one account.
src/xrpld/app/misc/TxQ.h:151:            queueable. Decreases the chance a transaction will get queued
src/xrpld/app/misc/TxQ.h:161:        Structure returned by @ref TxQ::getMetrics, expressed in
src/xrpld/app/misc/TxQ.h:169:        /// Number of transactions in the queue
src/xrpld/app/misc/TxQ.h:171:        /// Max transactions currently allowed in queue
src/xrpld/app/misc/TxQ.h:180:        /// the open ledger or the queue
src/xrpld/app/misc/TxQ.h:185:        /// bypassing the queue
src/xrpld/app/misc/TxQ.h:190:        Structure that describes a transaction in the queue
src/xrpld/app/misc/TxQ.h:192:        A collection of these is returned by @ref TxQ::getTxs.
src/xrpld/app/misc/TxQ.h:205:            TER preflightResult_,
src/xrpld/app/misc/TxQ.h:206:            std::optional<TER> lastResult_)
src/xrpld/app/misc/TxQ.h:219:        /// Fee level of the queued transaction
src/xrpld/app/misc/TxQ.h:221:        /// LastValidLedger field of the queued transaction, if any
src/xrpld/app/misc/TxQ.h:223:        /** Potential @ref TxConsequences of applying the queued transaction
src/xrpld/app/misc/TxQ.h:227:        /// The account the transaction is queued for
src/xrpld/app/misc/TxQ.h:235:            from the queue. If the transactor returns `ter` and no retries are
src/xrpld/app/misc/TxQ.h:240:            this transaction was queued, or after it is queued, but before
src/xrpld/app/misc/TxQ.h:246:            in `TxQ::MaybeTx::apply`.
src/xrpld/app/misc/TxQ.h:248:        TER preflightResult;
src/xrpld/app/misc/TxQ.h:250:            ledger from the queue and *failed*, then this is the transactor
src/xrpld/app/misc/TxQ.h:253:            transaction to be removed from the queue.
src/xrpld/app/misc/TxQ.h:255:        std::optional<TER> lastResult;
src/xrpld/app/misc/TxQ.h:259:    TxQ(Setup const& setup, beast::Journal j);
src/xrpld/app/misc/TxQ.h:262:    virtual ~TxQ();
src/xrpld/app/misc/TxQ.h:265:        Add a new transaction to the open ledger, hold it in the queue,
src/xrpld/app/misc/TxQ.h:268:        @return A pair with the `TER` and a `bool` indicating
src/xrpld/app/misc/TxQ.h:270:                the open ledger. If the transaction is queued,
src/xrpld/app/misc/TxQ.h:271:                will return `{ terQUEUED, false }`.
src/xrpld/app/misc/TxQ.h:282:        Fill the new open ledger with transactions from the queue.
src/xrpld/app/misc/TxQ.h:286:        the fee level of the queued items before the queue is emptied,
src/xrpld/app/misc/TxQ.h:287:        which will end the process, leaving those in the queue for
src/xrpld/app/misc/TxQ.h:296:        Update fee metrics and clean up the queue in preparation for
src/xrpld/app/misc/TxQ.h:301:        Maximum queue size is adjusted to be enough to hold
src/xrpld/app/misc/TxQ.h:302:        `ledgersInQueue` ledgers or `queueSizeMin` transactions.
src/xrpld/app/misc/TxQ.h:304:        passed are removed from the queue, and any account objects
src/xrpld/app/misc/TxQ.h:310:    /** Return the next sequence that would go in the TxQ for an account. */
src/xrpld/app/misc/TxQ.h:341:        in the queue for the account.
src/xrpld/app/misc/TxQ.h:344:        in the queue.
src/xrpld/app/misc/TxQ.h:350:        in the queue.
src/xrpld/app/misc/TxQ.h:353:        in the queue.
src/xrpld/app/misc/TxQ.h:438:            TxQ::Setup const& setup);
src/xrpld/app/misc/TxQ.h:462:            queue.
src/xrpld/app/misc/TxQ.h:480:                the queue, and the series starts with the account's current
src/xrpld/app/misc/TxQ.h:483:                submitted transaction is paying enough to get all of the queued
src/xrpld/app/misc/TxQ.h:484:                transactions plus itself out of the queue and into the open
src/xrpld/app/misc/TxQ.h:487:                are taking too long to get out of the queue, a user can
src/xrpld/app/misc/TxQ.h:510:        Represents a transaction in the queue which may be applied
src/xrpld/app/misc/TxQ.h:516:        /// Used by the TxQ::FeeHook and TxQ::FeeMultiSet below
src/xrpld/app/misc/TxQ.h:537:            A transaction at the front of the queue will be given
src/xrpld/app/misc/TxQ.h:539:            the queue. If dropped, one of the account's penalty
src/xrpld/app/misc/TxQ.h:550:            ledger from the queue and *failed*, then this is the transactor
src/xrpld/app/misc/TxQ.h:553:            transaction to be removed from the queue.
src/xrpld/app/misc/TxQ.h:555:        std::optional<TER> lastResult;
src/xrpld/app/misc/TxQ.h:566:        /** Starting retry count for newly queued transactions.
src/xrpld/app/misc/TxQ.h:568:            In TxQ::accept, the required fee level may be low
src/xrpld/app/misc/TxQ.h:572:            happens, the transaction is left in the queue to try
src/xrpld/app/misc/TxQ.h:577:            that the queue doesn't fill up with stale transactions
src/xrpld/app/misc/TxQ.h:601:        /// Attempt to apply the queued transaction to the open ledger.
src/xrpld/app/misc/TxQ.h:640:         * The transaction queue is ordered such that transactions
src/xrpld/app/misc/TxQ.h:647:         * unpredictable. This allows validators to build similar queues
src/xrpld/app/misc/TxQ.h:662:    /** Used to represent an account to the queue, and stores the
src/xrpld/app/misc/TxQ.h:663:        transactions queued for that account by SeqProxy.
src/xrpld/app/misc/TxQ.h:665:    class TxQAccount
src/xrpld/app/misc/TxQ.h:676:            queue, then all other transactions for this account will
src/xrpld/app/misc/TxQ.h:683:            then when the queue is nearly full, transactions from
src/xrpld/app/misc/TxQ.h:684:            this account will be discarded. Helps prevent the queue
src/xrpld/app/misc/TxQ.h:691:        explicit TxQAccount(std::shared_ptr<STTx const> const& txn);
src/xrpld/app/misc/TxQ.h:693:        explicit TxQAccount(AccountID const& account);
src/xrpld/app/misc/TxQ.h:695:        /// Return the number of transactions currently queued for this account
src/xrpld/app/misc/TxQ.h:702:        /// Checks if this account has no transactions queued
src/xrpld/app/misc/TxQ.h:734:    // Helper function for TxQ::apply.  If a transaction's fee is high enough,
src/xrpld/app/misc/TxQ.h:745:    std::optional<TxQAccount::TxMap::iterator>
src/xrpld/app/misc/TxQ.h:747:        std::optional<TxQAccount::TxMap::iterator> const& replacedTxIter,
src/xrpld/app/misc/TxQ.h:758:    using AccountMap = std::map<AccountID, TxQAccount>;
src/xrpld/app/misc/TxQ.h:760:    /// Setup parameters used to control the behavior of the queue
src/xrpld/app/misc/TxQ.h:765:    /** Tracks the current state of the queue.
src/xrpld/app/misc/TxQ.h:770:    /** The queue itself: the collection of transactions ordered
src/xrpld/app/misc/TxQ.h:777:        in the queue. Entries are created and destroyed dynamically
src/xrpld/app/misc/TxQ.h:783:    /** Maximum number of transactions allowed in the queue based
src/xrpld/app/misc/TxQ.h:796:    /** Most queue operations are done under the master lock,
src/xrpld/app/misc/TxQ.h:802:    /// Is the queue at least `fillPercentage` full?
src/xrpld/app/misc/TxQ.h:808:        for being stored in the queue.
src/xrpld/app/misc/TxQ.h:810:    TER
src/xrpld/app/misc/TxQ.h:817:        std::optional<TxQAccount::TxMap::iterator> const&,
src/xrpld/app/misc/TxQ.h:828:    /// Erase a range of items, based on TxQAccount::TxMap iterators
src/xrpld/app/misc/TxQ.h:829:    TxQAccount::TxMap::iterator
src/xrpld/app/misc/TxQ.h:831:        TxQAccount& txQAccount,
src/xrpld/app/misc/TxQ.h:832:        TxQAccount::TxMap::const_iterator begin,
src/xrpld/app/misc/TxQ.h:833:        TxQAccount::TxMap::const_iterator end);
src/xrpld/app/misc/TxQ.h:836:        All-or-nothing attempt to try to apply the queued txs for
src/xrpld/app/misc/TxQ.h:846:        TxQAccount::TxMap::iterator,
src/xrpld/app/misc/TxQ.h:856:    Build a @ref TxQ::Setup object from application configuration.
src/xrpld/app/misc/TxQ.h:858:TxQ::Setup
src/xrpld/app/misc/TxQ.h:859:setup_TxQ(Config const&);
src/xrpld/app/misc/TxQ.h:865:    return mulDiv(level, baseFee, TxQ::baseLevel)
src/xrpld/app/misc/TxQ.h:872:    return mulDiv(drops, TxQ::baseLevel, baseFee)
src/xrpld/app/misc/AMMHelpers.h:53:/** Calculate LP Tokens given AMM pool reserves.
src/xrpld/app/misc/AMMHelpers.h:54: * @param asset1 AMM one side of the pool reserve
src/xrpld/app/misc/AMMHelpers.h:55: * @param asset2 AMM another side of the pool reserve
src/xrpld/app/tx/detail/AMMCreate.h:69:    static NotTEC
src/xrpld/app/tx/detail/AMMCreate.h:75:    static TER
src/xrpld/app/tx/detail/AMMCreate.h:79:    TER
src/xrpld/app/tx/detail/LoanBrokerCoverWithdraw.h:20:    static NotTEC
src/xrpld/app/tx/detail/LoanBrokerCoverWithdraw.h:23:    static TER
src/xrpld/app/tx/detail/LoanBrokerCoverWithdraw.h:26:    TER
src/xrpld/app/misc/FeeEscalation.md:6:2. [The Transaction Queue](#transaction-queue)
src/xrpld/app/misc/FeeEscalation.md:84:  Queue](#transaction-queue). Any lower fee level transactions submitted
src/xrpld/app/misc/FeeEscalation.md:86:  the transaction queue, and will have the first opportunity to be applied
src/xrpld/app/misc/FeeEscalation.md:93:is the transaction queue. The queue allows legitimate transactions to be
src/xrpld/app/misc/FeeEscalation.md:104:   it is instead put into the queue and broadcast to peers. Each peer will
src/xrpld/app/misc/FeeEscalation.md:106:   into its open ledger or the queue. In principle, peers with identical
src/xrpld/app/misc/FeeEscalation.md:112:   external transactions, transactions are applied from the queue to the
src/xrpld/app/misc/FeeEscalation.md:116:3. Once the queue is empty, or the required [fee level](#fee-level)
src/xrpld/app/misc/FeeEscalation.md:117:   rises too high for the remaining transactions in the queue, the ledger
src/xrpld/app/misc/FeeEscalation.md:119:4. A transaction in the queue can stay there indefinitely in principle,
src/xrpld/app/misc/FeeEscalation.md:129:- it will get dropped when the queue fills up with more valuable transactions.
src/xrpld/app/misc/FeeEscalation.md:136:already in the queue, and a sequence number that is sequential with the other
src/xrpld/app/misc/FeeEscalation.md:137:transactions in the queue for that account, it will be considered
src/xrpld/app/misc/FeeEscalation.md:138:for the queue if it meets these additional criteria:
src/xrpld/app/misc/FeeEscalation.md:141:  already in the queue.
src/xrpld/app/misc/FeeEscalation.md:142:- all other queued transactions for that account, in the case where
src/xrpld/app/misc/FeeEscalation.md:145:- the total fees for the other queued transactions are less than both
src/xrpld/app/misc/FeeEscalation.md:146:  the network's minimum reserve and the account's XRP balance, and
src/xrpld/app/misc/FeeEscalation.md:147:- none of the prior queued transactions affect the ability of subsequent
src/xrpld/app/misc/FeeEscalation.md:150:Currently, there is an additional restriction that the queue cannot work with
src/xrpld/app/misc/FeeEscalation.md:151:transactions using the `sfPreviousTxnID` or `sfAccountTxnID` fields.
src/xrpld/app/misc/FeeEscalation.md:153:development will make the queue aware of `sfAccountTxnID` mechanisms.
src/xrpld/app/misc/FeeEscalation.md:182:likely to get into the open ledger, or be sorted earlier in the queue
src/xrpld/app/misc/FeeEscalation.md:243:- _Transaction queue size limit_. The limit is computed based on the
src/xrpld/app/misc/FeeEscalation.md:244:  base fee transaction limit per ledger, so that the queue can grow
src/xrpld/app/misc/FeeEscalation.md:253:- _Maximum retries_. A transaction in the queue can attempt to apply
src/xrpld/app/misc/FeeEscalation.md:255:  which point, it will be removed from the queue and dropped. The
src/xrpld/app/misc/FeeEscalation.md:257:  up, but small enough that the queue doesn't fill up with stale
src/xrpld/app/misc/FeeEscalation.md:261:  transactions in the queue at any given time. This is primarily to
src/xrpld/app/misc/FeeEscalation.md:263:  the earlier ones fails or is otherwise removed from the queue without
src/xrpld/app/misc/FeeEscalation.md:269:  sequence number of the open ledger to be considered for the queue. The
src/xrpld/app/misc/FeeEscalation.md:271:  the lifespan of the transaction, and giving a queued transaction a
src/xrpld/app/misc/FeeEscalation.md:272:  chance to get processed out of the queue before getting discarded,
src/xrpld/app/misc/FeeEscalation.md:273:  particularly since it may have dependent transactions also in the queue,
src/xrpld/app/misc/FeeEscalation.md:275:- _Replaced transaction fee increase_. Any transaction in the queue can be
src/xrpld/app/misc/FeeEscalation.md:288:[fee escalation](#fee-escalation) and [transaction queue](#transaction-queue)
src/xrpld/app/misc/FeeEscalation.md:304:      "current_queue_size" : "2", // number of transactions waiting in the queue
src/xrpld/app/misc/FeeEscalation.md:306:      "max_queue_size" : "300", // number of transactions allowed into the queue
src/xrpld/app/misc/FeeEscalation.md:310:         "minimum_level" : "256", // minimum fee level to get into the queue. If >256, indicates the queue is full.
src/xrpld/app/misc/FeeEscalation.md:316:         "minimum_fee" : "10", // minimum drops to get a reference transaction into the queue. If >base_fee, indicates the queue is full.
src/xrpld/app/misc/FeeEscalation.md:336:2. `load_factor_fee_queue`: If the queue is full, this is the factor on
src/xrpld/app/misc/FeeEscalation.md:337:   base transaction cost that a transaction must pay to get into the queue.
src/xrpld/app/misc/FeeEscalation.md:341:`load_factor_fee_queue` and `load_factor` to be considered. It does not
src/xrpld/app/misc/FeeEscalation.md:343:is more likely to be queued than immediately processed into the open
src/xrpld/app/misc/FeeEscalation.md:359:2. `load_factor_fee_queue`: This is the factor on base transaction cost
src/xrpld/app/misc/FeeEscalation.md:360:   that a transaction must pay to get into the queue. The ratio between
src/xrpld/app/misc/FeeEscalation.md:362:   transaction fees to get into the transaction queue to be considered for
src/xrpld/app/misc/FeeEscalation.md:368:`load_factor_fee_queue` and `load_factor` to be considered. It does not
src/xrpld/app/misc/FeeEscalation.md:370:is more likely to be queued than immediately processed into the open
src/xrpld/app/tx/detail/AMMVote.cpp:36:NotTEC
src/xrpld/app/tx/detail/AMMVote.cpp:55:TER
src/xrpld/app/tx/detail/AMMVote.cpp:78:static std::pair<TER, bool>
src/xrpld/app/tx/detail/AMMVote.cpp:88:        return {tecINTERNAL, false};
src/xrpld/app/tx/detail/AMMVote.cpp:232:TER
src/xrpld/app/tx/detail/PermissionedDomainDelete.cpp:27:NotTEC
src/xrpld/app/tx/detail/PermissionedDomainDelete.cpp:37:TER
src/xrpld/app/tx/detail/PermissionedDomainDelete.cpp:56:TER
src/xrpld/app/tx/detail/PermissionedDomainDelete.cpp:80:    adjustOwnerCount(view(), ownerSle, -1, ctx_.journal);
src/xrpld/app/tx/detail/NFTokenCancelOffer.h:39:    static NotTEC
src/xrpld/app/tx/detail/NFTokenCancelOffer.h:42:    static TER
src/xrpld/app/tx/detail/NFTokenCancelOffer.h:45:    TER
src/xrpld/app/tx/detail/LoanManage.h:23:    static NotTEC
src/xrpld/app/tx/detail/LoanManage.h:26:    static TER
src/xrpld/app/tx/detail/LoanManage.h:31:    static TER
src/xrpld/app/tx/detail/LoanManage.h:42:    static TER
src/xrpld/app/tx/detail/LoanManage.h:52:    [[nodiscard]] static TER
src/xrpld/app/tx/detail/LoanManage.h:60:    TER
src/xrpld/app/tx/detail/Offer.h:152:    static TER
src/xrpld/app/tx/detail/Offer.h:273:TER
src/xrpld/app/tx/detail/DelegateSet.cpp:30:NotTEC
src/xrpld/app/tx/detail/DelegateSet.cpp:57:TER
src/xrpld/app/tx/detail/DelegateSet.cpp:89:TER
src/xrpld/app/tx/detail/DelegateSet.cpp:94:        return tefINTERNAL;  // LCOV_EXCL_LINE
src/xrpld/app/tx/detail/DelegateSet.cpp:112:    STAmount const reserve{ctx_.view().fees().accountReserve(
src/xrpld/app/tx/detail/DelegateSet.cpp:115:    if (mPriorBalance < reserve)
src/xrpld/app/tx/detail/DelegateSet.cpp:136:        adjustOwnerCount(ctx_.view(), sleOwner, 1, ctx_.journal);
src/xrpld/app/tx/detail/DelegateSet.cpp:142:TER
src/xrpld/app/tx/detail/DelegateSet.cpp:150:        return tecINTERNAL;  // LCOV_EXCL_LINE
src/xrpld/app/tx/detail/DelegateSet.cpp:163:        return tecINTERNAL;  // LCOV_EXCL_LINE
src/xrpld/app/tx/detail/DelegateSet.cpp:165:    adjustOwnerCount(view, sleOwner, -1, j);
src/xrpld/app/tx/detail/LoanBrokerCoverClawback.h:20:    static NotTEC
src/xrpld/app/tx/detail/LoanBrokerCoverClawback.h:23:    static TER
src/xrpld/app/tx/detail/LoanBrokerCoverClawback.h:26:    TER
src/xrpld/app/tx/detail/AMMCreate.cpp:40:NotTEC
src/xrpld/app/tx/detail/AMMCreate.cpp:77:    // The fee required for AMMCreate is one owner reserve.
src/xrpld/app/tx/detail/AMMCreate.cpp:81:TER
src/xrpld/app/tx/detail/AMMCreate.cpp:138:    // Check the reserve for LPToken trustline
src/xrpld/app/tx/detail/AMMCreate.cpp:140:    // Insufficient reserve
src/xrpld/app/tx/detail/AMMCreate.cpp:143:        JLOG(ctx.j.debug()) << "AMM Instance: insufficient reserves";
src/xrpld/app/tx/detail/AMMCreate.cpp:144:        return tecINSUF_RESERVE_LINE;
src/xrpld/app/tx/detail/AMMCreate.cpp:195:    auto clawbackDisabled = [&](Issue const& issue) -> TER {
src/xrpld/app/tx/detail/AMMCreate.cpp:200:            return tecINTERNAL;  // LCOV_EXCL_LINE
src/xrpld/app/tx/detail/AMMCreate.cpp:211:static std::pair<TER, bool>
src/xrpld/app/tx/detail/AMMCreate.cpp:279:    auto sendAndTrustSet = [&](STAmount const& amount) -> TER {
src/xrpld/app/tx/detail/AMMCreate.cpp:294:                return tecINTERNAL;  // LCOV_EXCL_LINE
src/xrpld/app/tx/detail/AMMCreate.cpp:338:TER
src/xrpld/app/tx/detail/VaultWithdraw.cpp:29:#include <xrpl/protocol/TER.h>
src/xrpld/app/tx/detail/VaultWithdraw.cpp:34:NotTEC
src/xrpld/app/tx/detail/VaultWithdraw.cpp:57:TER
src/xrpld/app/tx/detail/VaultWithdraw.cpp:86:        return tefINTERNAL;
src/xrpld/app/tx/detail/VaultWithdraw.cpp:103:            return tefINTERNAL;
src/xrpld/app/tx/detail/VaultWithdraw.cpp:112:                return tefINTERNAL;  // LCOV_EXCL_LINE
src/xrpld/app/tx/detail/VaultWithdraw.cpp:162:TER
src/xrpld/app/tx/detail/VaultWithdraw.cpp:167:        return tefINTERNAL;  // LCOV_EXCL_LINE
src/xrpld/app/tx/detail/VaultWithdraw.cpp:175:        return tefINTERNAL;
src/xrpld/app/tx/detail/VaultWithdraw.cpp:199:                    return tecINTERNAL;  // LCOV_EXCL_LINE
src/xrpld/app/tx/detail/VaultWithdraw.cpp:208:                return tecINTERNAL;  // LCOV_EXCL_LINE
src/xrpld/app/tx/detail/VaultWithdraw.cpp:218:                return tecINTERNAL;  // LCOV_EXCL_LINE
src/xrpld/app/tx/detail/VaultWithdraw.cpp:222:            return tefINTERNAL;  // LCOV_EXCL_LINE
src/xrpld/app/tx/detail/VaultCreate.h:42:    static NotTEC
src/xrpld/app/tx/detail/VaultCreate.h:45:    static TER
src/xrpld/app/tx/detail/VaultCreate.h:48:    TER
src/xrpld/app/tx/detail/LoanBrokerSet.cpp:15:NotTEC
src/xrpld/app/tx/detail/LoanBrokerSet.cpp:76:TER
src/xrpld/app/tx/detail/LoanBrokerSet.cpp:162:TER
src/xrpld/app/tx/detail/LoanBrokerSet.cpp:183:            return tecINTERNAL;  // LCOV_EXCL_LINE
src/xrpld/app/tx/detail/LoanBrokerSet.cpp:232:        adjustOwnerCount(view, owner, 2, j_);
src/xrpld/app/tx/detail/LoanBrokerSet.cpp:233:        auto const ownerCount = owner->at(sfOwnerCount);
src/xrpld/app/tx/detail/LoanBrokerSet.cpp:234:        if (mPriorBalance < view.fees().accountReserve(ownerCount))
src/xrpld/app/tx/detail/NFTokenCancelOffer.cpp:37:NotTEC
src/xrpld/app/tx/detail/NFTokenCancelOffer.cpp:54:TER
src/xrpld/app/tx/detail/NFTokenCancelOffer.cpp:96:TER
src/xrpld/app/tx/detail/Escrow.h:42:    static NotTEC
src/xrpld/app/tx/detail/Escrow.h:45:    static TER
src/xrpld/app/tx/detail/Escrow.h:48:    TER
src/xrpld/app/tx/detail/Escrow.h:69:    static NotTEC
src/xrpld/app/tx/detail/Escrow.h:72:    static NotTEC
src/xrpld/app/tx/detail/Escrow.h:78:    static TER
src/xrpld/app/tx/detail/Escrow.h:81:    TER
src/xrpld/app/tx/detail/Escrow.h:99:    static NotTEC
src/xrpld/app/tx/detail/Escrow.h:102:    static TER
src/xrpld/app/tx/detail/Escrow.h:105:    TER
src/xrpld/app/tx/detail/Payment.h:51:    static NotTEC
src/xrpld/app/tx/detail/Payment.h:54:    static TER
src/xrpld/app/tx/detail/Payment.h:57:    static TER
src/xrpld/app/tx/detail/Payment.h:60:    TER
src/xrpld/app/tx/detail/DeleteOracle.cpp:29:NotTEC
src/xrpld/app/tx/detail/DeleteOracle.cpp:35:TER
src/xrpld/app/tx/detail/DeleteOracle.cpp:53:        return tecINTERNAL;
src/xrpld/app/tx/detail/DeleteOracle.cpp:59:TER
src/xrpld/app/tx/detail/DeleteOracle.cpp:67:        return tecINTERNAL;  // LCOV_EXCL_LINE
src/xrpld/app/tx/detail/DeleteOracle.cpp:80:        return tecINTERNAL;  // LCOV_EXCL_LINE
src/xrpld/app/tx/detail/DeleteOracle.cpp:85:    adjustOwnerCount(view, sleOwner, count, j);
src/xrpld/app/tx/detail/DeleteOracle.cpp:92:TER
src/xrpld/app/tx/detail/DeleteOracle.cpp:99:    return tecINTERNAL;  // LCOV_EXCL_LINE
src/xrpld/app/tx/detail/LoanSet.cpp:22:NotTEC
src/xrpld/app/tx/detail/LoanSet.cpp:115:NotTEC
src/xrpld/app/tx/detail/LoanSet.cpp:197:TER
src/xrpld/app/tx/detail/LoanSet.cpp:356:TER
src/xrpld/app/tx/detail/LoanSet.cpp:469:        return tecINTERNAL;
src/xrpld/app/tx/detail/LoanSet.cpp:501:    adjustOwnerCount(view, borrowerSle, 1, j_);
src/xrpld/app/tx/detail/LoanSet.cpp:503:        auto const ownerCount = borrowerSle->at(sfOwnerCount);
src/xrpld/app/tx/detail/LoanSet.cpp:507:        if (balance < view.fees().accountReserve(ownerCount))
src/xrpld/app/tx/detail/LoanSet.cpp:633:    adjustOwnerCount(view, brokerSle, 1, j_);
src/xrpld/app/tx/detail/LoanBrokerCoverClawback.cpp:15:NotTEC
src/xrpld/app/tx/detail/LoanBrokerCoverClawback.cpp:59:Expected<uint256, TER>
src/xrpld/app/tx/detail/LoanBrokerCoverClawback.cpp:72:        return Unexpected{tecINTERNAL};  // LCOV_EXCL_LINE
src/xrpld/app/tx/detail/LoanBrokerCoverClawback.cpp:102:Expected<Asset, TER>
src/xrpld/app/tx/detail/LoanBrokerCoverClawback.cpp:132:Expected<STAmount, TER>
src/xrpld/app/tx/detail/LoanBrokerCoverClawback.cpp:162:static TER
src/xrpld/app/tx/detail/LoanBrokerCoverClawback.cpp:169:TER
src/xrpld/app/tx/detail/LoanBrokerCoverClawback.cpp:185:TER
src/xrpld/app/tx/detail/LoanBrokerCoverClawback.cpp:202:        return tecINTERNAL;  // LCOV_EXCL_LINE
src/xrpld/app/tx/detail/LoanBrokerCoverClawback.cpp:207:TER
src/xrpld/app/tx/detail/LoanBrokerCoverClawback.cpp:287:        return tecINTERNAL;  // tecINSUFFICIENT_FUNDS; LCOV_EXCL_LINE
src/xrpld/app/tx/detail/LoanBrokerCoverClawback.cpp:307:TER
src/xrpld/app/tx/detail/LoanBrokerCoverClawback.cpp:314:        return tecINTERNAL;  // LCOV_EXCL_LINE
src/xrpld/app/tx/detail/LoanBrokerCoverClawback.cpp:320:        return tecINTERNAL;  // LCOV_EXCL_LINE
src/xrpld/app/tx/detail/LoanBrokerCoverClawback.cpp:326:        return tecINTERNAL;  // LCOV_EXCL_LINE
src/xrpld/app/tx/detail/LoanBrokerCoverClawback.cpp:333:        return tecINTERNAL;  // LCOV_EXCL_LINE
src/xrpld/app/tx/detail/LoanBrokerCoverClawback.cpp:337:        return tecINTERNAL;  // LCOV_EXCL_LINE
src/xrpld/app/tx/detail/Clawback.cpp:32:static NotTEC
src/xrpld/app/tx/detail/Clawback.cpp:36:NotTEC
src/xrpld/app/tx/detail/Clawback.cpp:55:NotTEC
src/xrpld/app/tx/detail/Clawback.cpp:84:NotTEC
src/xrpld/app/tx/detail/Clawback.cpp:97:static TER
src/xrpld/app/tx/detail/Clawback.cpp:106:TER
src/xrpld/app/tx/detail/Clawback.cpp:159:TER
src/xrpld/app/tx/detail/Clawback.cpp:194:TER
src/xrpld/app/tx/detail/Clawback.cpp:224:static TER
src/xrpld/app/tx/detail/Clawback.cpp:228:TER
src/xrpld/app/tx/detail/Clawback.cpp:238:        return tecINTERNAL;  // LCOV_EXCL_LINE
src/xrpld/app/tx/detail/Clawback.cpp:259:TER
src/xrpld/app/tx/detail/Clawback.cpp:284:TER
src/xrpld/app/tx/detail/AMMClawback.cpp:42:NotTEC
src/xrpld/app/tx/detail/AMMClawback.cpp:92:TER
src/xrpld/app/tx/detail/AMMClawback.cpp:122:TER
src/xrpld/app/tx/detail/AMMClawback.cpp:134:TER
src/xrpld/app/tx/detail/AMMClawback.cpp:145:        return tecINTERNAL;  // LCOV_EXCL_LINE
src/xrpld/app/tx/detail/AMMClawback.cpp:150:        return tecINTERNAL;  // LCOV_EXCL_LINE
src/xrpld/app/tx/detail/AMMClawback.cpp:178:    TER result;
src/xrpld/app/tx/detail/AMMClawback.cpp:241:        return tecINTERNAL;  // LCOV_EXCL_LINE
src/xrpld/app/tx/detail/AMMClawback.cpp:250:std::tuple<TER, STAmount, STAmount, std::optional<STAmount>>
src/xrpld/app/tx/detail/NFTokenMint.cpp:66:    // issuer's reserve without bound.
src/xrpld/app/tx/detail/NFTokenMint.cpp:83:NotTEC
src/xrpld/app/tx/detail/NFTokenMint.cpp:117:        if (NotTEC notTec = nft::tokenOfferCreatePreflight(
src/xrpld/app/tx/detail/NFTokenMint.cpp:181:TER
src/xrpld/app/tx/detail/NFTokenMint.cpp:207:        if (TER const ter = nft::tokenOfferCreatePreclaim(
src/xrpld/app/tx/detail/NFTokenMint.cpp:222:TER
src/xrpld/app/tx/detail/NFTokenMint.cpp:227:    auto const tokenSeq = [this, &issuer]() -> Expected<std::uint32_t, TER> {
src/xrpld/app/tx/detail/NFTokenMint.cpp:300:    std::uint32_t const ownerCountBefore =
src/xrpld/app/tx/detail/NFTokenMint.cpp:309:        return tecINTERNAL;  // LCOV_EXCL_LINE
src/xrpld/app/tx/detail/NFTokenMint.cpp:326:    if (TER const ret =
src/xrpld/app/tx/detail/NFTokenMint.cpp:336:        if (TER const ter = nft::tokenOfferCreateApply(
src/xrpld/app/tx/detail/NFTokenMint.cpp:350:    // Only check the reserve if the owner count actually changed.  This
src/xrpld/app/tx/detail/NFTokenMint.cpp:352:    // requiring the reserve to be met each time.  The reserve is
src/xrpld/app/tx/detail/NFTokenMint.cpp:354:    if (auto const ownerCountAfter =
src/xrpld/app/tx/detail/NFTokenMint.cpp:356:        ownerCountAfter > ownerCountBefore)
src/xrpld/app/tx/detail/NFTokenMint.cpp:358:        if (auto const reserve = view().fees().accountReserve(ownerCountAfter);
src/xrpld/app/tx/detail/NFTokenMint.cpp:359:            mPriorBalance < reserve)
src/xrpld/app/tx/detail/NFTokenModify.h:39:    static NotTEC
src/xrpld/app/tx/detail/NFTokenModify.h:42:    static TER
src/xrpld/app/tx/detail/NFTokenModify.h:45:    TER
src/xrpld/app/misc/detail/Manifest.cpp:270:        tokenStr.reserve(std::accumulate(
src/xrpld/app/misc/detail/Manifest.cpp:583:        revocationStr.reserve(std::accumulate(
src/xrpld/app/tx/detail/VaultDelete.h:36:    static NotTEC
src/xrpld/app/tx/detail/VaultDelete.h:39:    static TER
src/xrpld/app/tx/detail/VaultDelete.h:42:    TER
src/xrpld/app/tx/detail/SetTrust.h:41:    static NotTEC
src/xrpld/app/tx/detail/SetTrust.h:44:    static TER
src/xrpld/app/tx/detail/SetTrust.h:47:    static TER
src/xrpld/app/tx/detail/SetTrust.h:50:    TER
src/xrpld/app/misc/detail/DelegateUtils.cpp:25:TER
src/xrpld/app/tx/detail/VaultDeposit.cpp:32:#include <xrpl/protocol/TER.h>
src/xrpld/app/tx/detail/VaultDeposit.cpp:37:NotTEC
src/xrpld/app/tx/detail/VaultDeposit.cpp:52:TER
src/xrpld/app/tx/detail/VaultDeposit.cpp:81:        return tefINTERNAL;
src/xrpld/app/tx/detail/VaultDeposit.cpp:91:        return tefINTERNAL;
src/xrpld/app/tx/detail/VaultDeposit.cpp:100:        return tefINTERNAL;
src/xrpld/app/tx/detail/VaultDeposit.cpp:151:TER
src/xrpld/app/tx/detail/VaultDeposit.cpp:156:        return tefINTERNAL;  // LCOV_EXCL_LINE
src/xrpld/app/tx/detail/VaultDeposit.cpp:167:        return tefINTERNAL;
src/xrpld/app/tx/detail/VaultDeposit.cpp:224:                return tecINTERNAL;  // LCOV_EXCL_LINE
src/xrpld/app/tx/detail/VaultDeposit.cpp:233:            return tecINTERNAL;  // LCOV_EXCL_LINE
src/xrpld/app/tx/detail/VaultDeposit.cpp:238:            return tecINTERNAL;
src/xrpld/app/tx/detail/VaultDeposit.cpp:291:        return tefINTERNAL;
src/xrpld/app/tx/detail/MPTokenIssuanceCreate.cpp:50:NotTEC
src/xrpld/app/tx/detail/MPTokenIssuanceCreate.cpp:99:Expected<MPTID, TER>
src/xrpld/app/tx/detail/MPTokenIssuanceCreate.cpp:107:        return Unexpected(tecINTERNAL);  // LCOV_EXCL_LINE
src/xrpld/app/tx/detail/MPTokenIssuanceCreate.cpp:111:            view.fees().accountReserve((*acct)[sfOwnerCount] + 1))
src/xrpld/app/tx/detail/MPTokenIssuanceCreate.cpp:156:    adjustOwnerCount(view, acct, 1, journal);
src/xrpld/app/tx/detail/MPTokenIssuanceCreate.cpp:161:TER
src/xrpld/app/misc/detail/AMMUtils.cpp:46:Expected<std::tuple<STAmount, STAmount, STAmount>, TER>
src/xrpld/app/misc/detail/AMMUtils.cpp:236:static TER
src/xrpld/app/misc/detail/AMMUtils.cpp:248:            std::shared_ptr<SLE>& sleItem) -> std::pair<TER, SkipEntry> {
src/xrpld/app/misc/detail/AMMUtils.cpp:259:                return {tecINTERNAL, SkipEntry::No};
src/xrpld/app/misc/detail/AMMUtils.cpp:270:                return {tecINTERNAL, SkipEntry::No};
src/xrpld/app/misc/detail/AMMUtils.cpp:282:TER
src/xrpld/app/misc/detail/AMMUtils.cpp:295:        return tecINTERNAL;
src/xrpld/app/misc/detail/AMMUtils.cpp:306:        return tecINTERNAL;
src/xrpld/app/misc/detail/AMMUtils.cpp:321:        return tecINTERNAL;
src/xrpld/app/misc/detail/AMMUtils.cpp:329:        return tecINTERNAL;
src/xrpld/app/misc/detail/AMMUtils.cpp:386:Expected<bool, TER>
src/xrpld/app/misc/detail/AMMUtils.cpp:414:            return Unexpected<TER>(tecINTERNAL);  // LCOV_EXCL_LINE
src/xrpld/app/misc/detail/AMMUtils.cpp:419:                return Unexpected<TER>(tecINTERNAL);  // LCOV_EXCL_LINE
src/xrpld/app/misc/detail/AMMUtils.cpp:424:                    return Unexpected<TER>(tecINTERNAL);  // LCOV_EXCL_LINE
src/xrpld/app/misc/detail/AMMUtils.cpp:429:                return Unexpected<TER>(tecINTERNAL);  // LCOV_EXCL_LINE
src/xrpld/app/misc/detail/AMMUtils.cpp:444:                        return Unexpected<TER>(tecINTERNAL);  // LCOV_EXCL_LINE
src/xrpld/app/misc/detail/AMMUtils.cpp:447:                    return Unexpected<TER>(tecINTERNAL);  // LCOV_EXCL_LINE
src/xrpld/app/misc/detail/AMMUtils.cpp:453:                return Unexpected<TER>(tecINTERNAL);  // LCOV_EXCL_LINE
src/xrpld/app/misc/detail/AMMUtils.cpp:460:                return Unexpected<TER>(tecINTERNAL);  // LCOV_EXCL_LINE
src/xrpld/app/misc/detail/AMMUtils.cpp:465:    return Unexpected<TER>(tecINTERNAL);  // LCOV_EXCL_LINE
src/xrpld/app/misc/detail/AMMUtils.cpp:468:Expected<bool, TER>
src/xrpld/app/misc/detail/AMMUtils.cpp:477:        return Unexpected<TER>(res.error());
src/xrpld/app/misc/detail/AMMUtils.cpp:490:            return Unexpected<TER>(tecAMM_INVALID_TOKENS);
src/xrpld/app/misc/detail/ValidatorSite.cpp:320:        // handler (onSiteFetch or onTextFetch) can get queued and
src/xrpld/app/tx/detail/DeleteAccount.cpp:54:NotTEC
src/xrpld/app/tx/detail/DeleteAccount.cpp:71:    // The fee required for AccountDelete is one owner reserve.
src/xrpld/app/tx/detail/DeleteAccount.cpp:77:using DeleterFuncPtr = TER (*)(
src/xrpld/app/tx/detail/DeleteAccount.cpp:86:TER
src/xrpld/app/tx/detail/DeleteAccount.cpp:98:TER
src/xrpld/app/tx/detail/DeleteAccount.cpp:110:TER
src/xrpld/app/tx/detail/DeleteAccount.cpp:122:TER
src/xrpld/app/tx/detail/DeleteAccount.cpp:134:TER
src/xrpld/app/tx/detail/DeleteAccount.cpp:149:TER
src/xrpld/app/tx/detail/DeleteAccount.cpp:161:TER
src/xrpld/app/tx/detail/DeleteAccount.cpp:173:TER
src/xrpld/app/tx/detail/DeleteAccount.cpp:185:TER
src/xrpld/app/tx/detail/DeleteAccount.cpp:230:TER
src/xrpld/app/tx/detail/DeleteAccount.cpp:365:TER
src/xrpld/app/tx/detail/DeleteAccount.cpp:395:            std::shared_ptr<SLE>& sleItem) -> std::pair<TER, SkipEntry> {
src/xrpld/app/tx/detail/DeleteAccount.cpp:398:                TER const result{
src/xrpld/app/misc/detail/AmendmentTable.cpp:125:        newRecordedVotes.reserve(allTrusted.size());
src/xrpld/app/misc/detail/AmendmentTable.cpp:134:                // Preserve this validator's previously saved voting state.
src/xrpld/app/misc/detail/AmendmentTable.cpp:821:        amendments.reserve(amendmentMap_.size());
src/xrpld/app/misc/detail/ValidatorList.cpp:433:            result.reserve(blobs.size());
src/xrpld/app/misc/detail/ValidatorList.cpp:475:    result.reserve(body.blobs_size());
src/xrpld/app/misc/detail/ValidatorList.cpp:1263:        publisherList.reserve(newList.size());
src/xrpld/app/misc/detail/ValidatorList.cpp:1324:    sites.reserve(publisherLists_.size());
src/xrpld/app/misc/detail/LendingHelpers.cpp:382: * The function preserves accumulated rounding errors across the re-amortization
src/xrpld/app/misc/detail/LendingHelpers.cpp:385:Expected<std::pair<LoanPaymentParts, LoanProperties>, TER>
src/xrpld/app/misc/detail/LendingHelpers.cpp:401:    // Calculate the accumulated rounding errors. These need to be preserved
src/xrpld/app/misc/detail/LendingHelpers.cpp:448:    // preserved rounding errors. This ensures the loan's tracked state remains
src/xrpld/app/misc/detail/LendingHelpers.cpp:577:Expected<LoanPaymentParts, TER>
src/xrpld/app/misc/detail/LendingHelpers.cpp:704:Expected<ExtendedPaymentComponents, TER>
src/xrpld/app/misc/detail/LendingHelpers.cpp:750:    // this to keep the logic clear. This preserves all the other fields without
src/xrpld/app/misc/detail/LendingHelpers.cpp:806:Expected<ExtendedPaymentComponents, TER>
src/xrpld/app/misc/detail/LendingHelpers.cpp:1267:TER
src/xrpld/app/misc/detail/LendingHelpers.cpp:1296:        return tecINTERNAL;
src/xrpld/app/misc/detail/LendingHelpers.cpp:1653:Expected<LoanPaymentParts, TER>
src/xrpld/app/misc/detail/LendingHelpers.cpp:1685:        return Unexpected(tecINTERNAL);
src/xrpld/app/misc/detail/LendingHelpers.cpp:1775:            // error() will be the TER returned if a payment is not made. It
src/xrpld/app/misc/detail/LendingHelpers.cpp:1783:        return Unexpected(tecINTERNAL);
src/xrpld/app/misc/detail/LendingHelpers.cpp:1839:            // error() will be the TER returned if a payment is not made. It
src/xrpld/app/misc/detail/LendingHelpers.cpp:1847:        return Unexpected(tecINTERNAL);
src/xrpld/app/misc/detail/LendingHelpers.cpp:1989:                // error() will be the TER returned if a payment is not
src/xrpld/app/misc/detail/TxQ.cpp:22:#include <xrpld/app/misc/TxQ.h>
src/xrpld/app/misc/detail/TxQ.cpp:62:    return mulDiv(effectiveFeePaid, TxQ::baseLevel, baseFee)
src/xrpld/app/misc/detail/TxQ.cpp:84:TxQ::FeeMetrics::update(
src/xrpld/app/misc/detail/TxQ.cpp:88:    TxQ::Setup const& setup)
src/xrpld/app/misc/detail/TxQ.cpp:94:    feeLevels.reserve(size);
src/xrpld/app/misc/detail/TxQ.cpp:101:        "ripple::TxQ::FeeMetrics::update : fee levels size");
src/xrpld/app/misc/detail/TxQ.cpp:173:TxQ::FeeMetrics::scaleFeeLevel(Snapshot const& snapshot, OpenView const& view)
src/xrpld/app/misc/detail/TxQ.cpp:234:TxQ::FeeMetrics::escalatedSeriesFeeLevel(
src/xrpld/app/misc/detail/TxQ.cpp:255:        "ripple::TxQ::FeeMetrics::escalatedSeriesFeeLevel : current over "
src/xrpld/app/misc/detail/TxQ.cpp:277:LedgerHash TxQ::MaybeTx::parentHashComp{};
src/xrpld/app/misc/detail/TxQ.cpp:279:TxQ::MaybeTx::MaybeTx(
src/xrpld/app/misc/detail/TxQ.cpp:298:TxQ::MaybeTx::apply(Application& app, OpenView& view, beast::Journal j)
src/xrpld/app/misc/detail/TxQ.cpp:302:        pfresult, "ripple::TxQ::MaybeTx::apply : preflight result is set");
src/xrpld/app/misc/detail/TxQ.cpp:321:TxQ::TxQAccount::TxQAccount(std::shared_ptr<STTx const> const& txn)
src/xrpld/app/misc/detail/TxQ.cpp:322:    : TxQAccount(txn->getAccountID(sfAccount))
src/xrpld/app/misc/detail/TxQ.cpp:326:TxQ::TxQAccount::TxQAccount(AccountID const& account_) : account(account_)
src/xrpld/app/misc/detail/TxQ.cpp:330:TxQ::TxQAccount::TxMap::const_iterator
src/xrpld/app/misc/detail/TxQ.cpp:331:TxQ::TxQAccount::getPrevTx(SeqProxy seqProx) const
src/xrpld/app/misc/detail/TxQ.cpp:341:TxQ::MaybeTx&
src/xrpld/app/misc/detail/TxQ.cpp:342:TxQ::TxQAccount::add(MaybeTx&& txn)
src/xrpld/app/misc/detail/TxQ.cpp:348:        result.second, "ripple::TxQ::TxQAccount::add : emplace succeeded");
src/xrpld/app/misc/detail/TxQ.cpp:351:        "ripple::TxQ::TxQAccount::add : transaction moved");
src/xrpld/app/misc/detail/TxQ.cpp:357:TxQ::TxQAccount::remove(SeqProxy seqProx)
src/xrpld/app/misc/detail/TxQ.cpp:364:TxQ::TxQ(Setup const& setup, beast::Journal j)
src/xrpld/app/misc/detail/TxQ.cpp:369:TxQ::~TxQ()
src/xrpld/app/misc/detail/TxQ.cpp:376:TxQ::isFull() const
src/xrpld/app/misc/detail/TxQ.cpp:383:TER
src/xrpld/app/misc/detail/TxQ.cpp:384:TxQ::canBeHeld(
src/xrpld/app/misc/detail/TxQ.cpp:390:    std::optional<TxQAccount::TxMap::iterator> const& replacementIter,
src/xrpld/app/misc/detail/TxQ.cpp:394:    // AccountTxnID is not supported by the transaction
src/xrpld/app/misc/detail/TxQ.cpp:395:    // queue yet, but should be added in the future.
src/xrpld/app/misc/detail/TxQ.cpp:398:        tx.isFieldPresent(sfAccountTxnID) || (flags & tapFAIL_HARD))
src/xrpld/app/misc/detail/TxQ.cpp:402:        // To be queued and relayed, the transaction needs to
src/xrpld/app/misc/detail/TxQ.cpp:411:    // Allow if the account is not in the queue at all.
src/xrpld/app/misc/detail/TxQ.cpp:420:    TxQAccount const& txQAcct = accountIter->second;
src/xrpld/app/misc/detail/TxQ.cpp:424:    // If we get here the queue limit is exceeded.  Only allow if this
src/xrpld/app/misc/detail/TxQ.cpp:438:    // Make sure they are not just topping off the account's queued
src/xrpld/app/misc/detail/TxQ.cpp:450:TxQ::erase(TxQ::FeeMultiSet::const_iterator_type candidateIter)
src/xrpld/app/misc/detail/TxQ.cpp:457:    // intrusive list remove it from the TxQAccount
src/xrpld/app/misc/detail/TxQ.cpp:460:    XRPL_ASSERT(found, "ripple::TxQ::erase : account removed");
src/xrpld/app/misc/detail/TxQ.cpp:466:TxQ::eraseAndAdvance(TxQ::FeeMultiSet::const_iterator_type candidateIter)
src/xrpld/app/misc/detail/TxQ.cpp:474:        "ripple::TxQ::eraseAndAdvance : account found");
src/xrpld/app/misc/detail/TxQ.cpp:482:        "ripple::TxQ::eraseAndAdvance : ticket or sequence");
src/xrpld/app/misc/detail/TxQ.cpp:485:        "ripple::TxQ::eraseAndAdvance : found in byFee");
src/xrpld/app/misc/detail/TxQ.cpp:488:    // Check if the next transaction for this account is earlier in the queue,
src/xrpld/app/misc/detail/TxQ.cpp:505:TxQ::erase(
src/xrpld/app/misc/detail/TxQ.cpp:506:    TxQ::TxQAccount& txQAccount,
src/xrpld/app/misc/detail/TxQ.cpp:507:    TxQ::TxQAccount::TxMap::const_iterator begin,
src/xrpld/app/misc/detail/TxQ.cpp:508:    TxQ::TxQAccount::TxMap::const_iterator end) -> TxQAccount::TxMap::iterator
src/xrpld/app/misc/detail/TxQ.cpp:518:TxQ::tryClearAccountQueueUpThruTx(
src/xrpld/app/misc/detail/TxQ.cpp:522:    TxQ::AccountMap::iterator const& accountIter,
src/xrpld/app/misc/detail/TxQ.cpp:523:    TxQAccount::TxMap::iterator beginTxIter,
src/xrpld/app/misc/detail/TxQ.cpp:534:        "ripple::TxQ::tryClearAccountQueueUpThruTx : non-empty accounts input");
src/xrpld/app/misc/detail/TxQ.cpp:544:    //    unlikely), then there's no way we can confidently verify if the queue
src/xrpld/app/misc/detail/TxQ.cpp:547:        return {telINSUF_FEE_P, false};
src/xrpld/app/misc/detail/TxQ.cpp:559:        return {telINSUF_FEE_P, false};
src/xrpld/app/misc/detail/TxQ.cpp:561:    // This transaction paid enough to clear out the queue.
src/xrpld/app/misc/detail/TxQ.cpp:562:    // Attempt to apply the queued transactions.
src/xrpld/app/misc/detail/TxQ.cpp:573:        // In TxQ::apply we note that it's possible for a transaction with
src/xrpld/app/misc/detail/TxQ.cpp:574:        // a ticket to both be in the queue and in the ledger.  And, while
src/xrpld/app/misc/detail/TxQ.cpp:575:        // we're in TxQ::apply, it's too expensive to filter those out.
src/xrpld/app/misc/detail/TxQ.cpp:578:        // queued transactions.  And occasionally one of those is a ticketed
src/xrpld/app/misc/detail/TxQ.cpp:579:        // transaction that is both in the queue and in the ledger.  When
src/xrpld/app/misc/detail/TxQ.cpp:580:        // that happens the queued transaction returns tefNO_TICKET.
src/xrpld/app/misc/detail/TxQ.cpp:583:        // and we'd like to get it out of the queue as soon as possible.
src/xrpld/app/misc/detail/TxQ.cpp:586:        // transactions in the account queue.  Then, if clearing the account
src/xrpld/app/misc/detail/TxQ.cpp:599:    // by the queued txs, we also need to preclaim again.
src/xrpld/app/misc/detail/TxQ.cpp:604:        // All of the queued transactions applied, so remove them from the
src/xrpld/app/misc/detail/TxQ.cpp:605:        // queue.
src/xrpld/app/misc/detail/TxQ.cpp:607:        // If `tx` is replacing a queued tx, delete that one, too.
src/xrpld/app/misc/detail/TxQ.cpp:616:// Overview of considerations for when a transaction is accepted into the TxQ:
src/xrpld/app/misc/detail/TxQ.cpp:618:// These rules apply to the transactions in the queue owned by a single
src/xrpld/app/misc/detail/TxQ.cpp:623:// 3. Does the new transaction replace one that is already in the TxQ?
src/xrpld/app/misc/detail/TxQ.cpp:626:// 6. Is the queue full?
src/xrpld/app/misc/detail/TxQ.cpp:634://    A blocking transaction can only be added to the queue for an account if:
src/xrpld/app/misc/detail/TxQ.cpp:636://    a. The queue for that account is empty, or
src/xrpld/app/misc/detail/TxQ.cpp:639://       account's queue.
src/xrpld/app/misc/detail/TxQ.cpp:641://    While a blocker is in the account's queue no additional transactions
src/xrpld/app/misc/detail/TxQ.cpp:642://    can be added to the queue.
src/xrpld/app/misc/detail/TxQ.cpp:644://    As a consequence, any blocker is always alone in the account's queue.
src/xrpld/app/misc/detail/TxQ.cpp:647://    or Tickets.  In general, sequence numbers in the queue are expected to
src/xrpld/app/misc/detail/TxQ.cpp:656://       in the queue long enough they may expire.  If that happens it leaves
src/xrpld/app/misc/detail/TxQ.cpp:657://       gaps in the sequence numbers held by the queue.  These gaps are
src/xrpld/app/misc/detail/TxQ.cpp:659://       sequence-based transactions in the queue from working.  Remember,
src/xrpld/app/misc/detail/TxQ.cpp:663:// 3. Transactions in the queue may be replaced.  If a transaction in the
src/xrpld/app/misc/detail/TxQ.cpp:664://    queue has the same SeqProxy as the incoming transaction, then the
src/xrpld/app/misc/detail/TxQ.cpp:665://    transaction in the queue will be replaced if the following conditions
src/xrpld/app/misc/detail/TxQ.cpp:673://       gaps in the account's queue.
src/xrpld/app/misc/detail/TxQ.cpp:676://       it replaces is the only transaction in the account's queue.
src/xrpld/app/misc/detail/TxQ.cpp:681://    Sequence: For a given account's queue configuration there is at most
src/xrpld/app/misc/detail/TxQ.cpp:682://    one sequence number that is acceptable to the queue for that account.
src/xrpld/app/misc/detail/TxQ.cpp:685://    a. If there are no sequence-based transactions in the queue and the
src/xrpld/app/misc/detail/TxQ.cpp:689://    b. If there are sequence-based transactions in the queue for that
src/xrpld/app/misc/detail/TxQ.cpp:694://       transactions in the account's queue, then the candidate's sequence
src/xrpld/app/misc/detail/TxQ.cpp:698://    queue, then there are many tickets that are acceptable to the queue
src/xrpld/app/misc/detail/TxQ.cpp:701://    a. If there are no blockers in the account's queue and the ticket
src/xrpld/app/misc/detail/TxQ.cpp:703://       may be added to the account's queue.
src/xrpld/app/misc/detail/TxQ.cpp:705://    b. If there is a ticket-based blocker in the account's queue then
src/xrpld/app/misc/detail/TxQ.cpp:709://    the necessary ticket to be in the account's queue.  The required ticket
src/xrpld/app/misc/detail/TxQ.cpp:711://    a ticket-creating transaction enters the queue but expires out of the
src/xrpld/app/misc/detail/TxQ.cpp:712://    queue before its tickets are created.
src/xrpld/app/misc/detail/TxQ.cpp:718://    in the queue remove from the account.
src/xrpld/app/misc/detail/TxQ.cpp:720:// 6. The queue must not be full.
src/xrpld/app/misc/detail/TxQ.cpp:722://    a. Each account can queue up to a maximum of 10 transactions.  Beyond
src/xrpld/app/misc/detail/TxQ.cpp:726://    b. The entire queue also has a (dynamic) maximum size.  Transactions
src/xrpld/app/misc/detail/TxQ.cpp:730:TxQ::apply(
src/xrpld/app/misc/detail/TxQ.cpp:741:    // etc. before doing potentially expensive queue
src/xrpld/app/misc/detail/TxQ.cpp:760:    //  o The transaction will be queued.
src/xrpld/app/misc/detail/TxQ.cpp:762:    // If the account is not currently in the ledger, don't queue its tx.
src/xrpld/app/misc/detail/TxQ.cpp:780:        // We don't queue transactions that use Tickets unless
src/xrpld/app/misc/detail/TxQ.cpp:791:    // _If_ the account is in the queue, then ignore any sequence-based
src/xrpld/app/misc/detail/TxQ.cpp:792:    // queued transactions that slipped into the ledger while we were not
src/xrpld/app/misc/detail/TxQ.cpp:795:    // Note that we _don't_ ignore queued ticket-based transactions that
src/xrpld/app/misc/detail/TxQ.cpp:798:    // to individually check each queued ticket against the ledger.
src/xrpld/app/misc/detail/TxQ.cpp:802:            TxQAccount::TxMap::iterator first_,
src/xrpld/app/misc/detail/TxQ.cpp:803:            TxQAccount::TxMap::iterator end_)
src/xrpld/app/misc/detail/TxQ.cpp:808:        TxQAccount::TxMap::iterator first;
src/xrpld/app/misc/detail/TxQ.cpp:809:        TxQAccount::TxMap::iterator end;
src/xrpld/app/misc/detail/TxQ.cpp:819:        // Find the first transaction in the queue that we might apply.
src/xrpld/app/misc/detail/TxQ.cpp:820:        TxQAccount::TxMap& acctTxs = accountIter->second.transactions;
src/xrpld/app/misc/detail/TxQ.cpp:821:        TxQAccount::TxMap::iterator const firstIter =
src/xrpld/app/misc/detail/TxQ.cpp:825:            // Even though there may be transactions in the queue, there are
src/xrpld/app/misc/detail/TxQ.cpp:836:    // is allowed in the TxQ:
src/xrpld/app/misc/detail/TxQ.cpp:837:    //  1. If the account's queue is empty or
src/xrpld/app/misc/detail/TxQ.cpp:838:    //  2. If the blocker replaces the only entry in the account's queue.
src/xrpld/app/misc/detail/TxQ.cpp:845:            // the account's queue.
src/xrpld/app/misc/detail/TxQ.cpp:848:                << ".  Account has other queued transactions.";
src/xrpld/app/misc/detail/TxQ.cpp:853:            // The blocker is not replacing the lone queued transaction.
src/xrpld/app/misc/detail/TxQ.cpp:856:                << ".  Blocker does not replace lone queued transaction.";
src/xrpld/app/misc/detail/TxQ.cpp:861:    // If the transaction is intending to replace a transaction in the queue
src/xrpld/app/misc/detail/TxQ.cpp:864:        -> std::optional<TxQAccount::TxMap::iterator> {
src/xrpld/app/misc/detail/TxQ.cpp:867:            TxQAccount& txQAcct = accountIter->second;
src/xrpld/app/misc/detail/TxQ.cpp:882:    // Is there a blocker already in the account's queue?  If so, don't
src/xrpld/app/misc/detail/TxQ.cpp:883:    // allow additional transactions in the queue.
src/xrpld/app/misc/detail/TxQ.cpp:887:        // blocker, we can't queue tx.
src/xrpld/app/misc/detail/TxQ.cpp:890:        // require that a blocker be alone in the account's queue.
src/xrpld/app/misc/detail/TxQ.cpp:899:        // SeqProxy already in the queue?  If so we may replace the
src/xrpld/app/misc/detail/TxQ.cpp:903:            // We are attempting to replace a transaction in the queue.
src/xrpld/app/misc/detail/TxQ.cpp:906:            // the queued transaction's fee + a percentage
src/xrpld/app/misc/detail/TxQ.cpp:907:            TxQAccount::TxMap::iterator const& existingIter = *replacedTxIter;
src/xrpld/app/misc/detail/TxQ.cpp:911:                << "Found transaction in queue for account " << account
src/xrpld/app/misc/detail/TxQ.cpp:918:                // Continue, leaving the queued transaction marked for removal.
src/xrpld/app/misc/detail/TxQ.cpp:920:                // be other txs dependent on it in the queue.
src/xrpld/app/misc/detail/TxQ.cpp:921:                JLOG(j_.trace()) << "Removing transaction from queue "
src/xrpld/app/misc/detail/TxQ.cpp:930:                    << " in favor of queued " << existingIter->second.txID;
src/xrpld/app/misc/detail/TxQ.cpp:951:        // There are no queued transactions for this account.  If the
src/xrpld/app/misc/detail/TxQ.cpp:964:        // There are probably other transactions in the queue for this
src/xrpld/app/misc/detail/TxQ.cpp:966:        // in the queue.
src/xrpld/app/misc/detail/TxQ.cpp:967:        TxQAccount const& txQAcct = accountIter->second;
src/xrpld/app/misc/detail/TxQ.cpp:973:        // is in the queue, there are two situations where we need to
src/xrpld/app/misc/detail/TxQ.cpp:975:        //  1. If there are two or more transactions in the account's queue, or
src/xrpld/app/misc/detail/TxQ.cpp:976:        //  2. If the account has a single queue entry, we may still need
src/xrpld/app/misc/detail/TxQ.cpp:981:            // If the transaction is queueable, create the multiTxn
src/xrpld/app/misc/detail/TxQ.cpp:983:            TER const ter{canBeHeld(
src/xrpld/app/misc/detail/TxQ.cpp:999:            // See if adding this entry to the queue makes sense.
src/xrpld/app/misc/detail/TxQ.cpp:1009:            // Find the entry in the queue that precedes the new
src/xrpld/app/misc/detail/TxQ.cpp:1011:            TxQAccount::TxMap::const_iterator const prevIter =
src/xrpld/app/misc/detail/TxQ.cpp:1014:            // Does the new transaction go to the front of the queue?
src/xrpld/app/misc/detail/TxQ.cpp:1016:            //  o A transaction in the queue with a Sequence expired, or
src/xrpld/app/misc/detail/TxQ.cpp:1017:            //  o The current first thing in the queue has a Ticket and
src/xrpld/app/misc/detail/TxQ.cpp:1021:                prevIter != txIter->end, "ripple::TxQ::apply : not end");
src/xrpld/app/misc/detail/TxQ.cpp:1024:                // The first Sequence number in the queue must be the
src/xrpld/app/misc/detail/TxQ.cpp:1037:                // in the queue.  So apparently there's a transaction in
src/xrpld/app/misc/detail/TxQ.cpp:1038:                // front of this one in the queue.  Make sure the current
src/xrpld/app/misc/detail/TxQ.cpp:1046:            // Sum fees and spending for all of the queued transactions
src/xrpld/app/misc/detail/TxQ.cpp:1049:            XRPAmount potentialSpend = beast::zero;
src/xrpld/app/misc/detail/TxQ.cpp:1055:                // it to potentialSpend.
src/xrpld/app/misc/detail/TxQ.cpp:1059:                    potentialSpend +=
src/xrpld/app/misc/detail/TxQ.cpp:1060:                        iter->second.consequences().potentialSpend();
src/xrpld/app/misc/detail/TxQ.cpp:1066:                    // of the queue.
src/xrpld/app/misc/detail/TxQ.cpp:1068:                    potentialSpend += pfresult.consequences.potentialSpend();
src/xrpld/app/misc/detail/TxQ.cpp:1074:                minimum reserve. If it is, then there's a risk
src/xrpld/app/misc/detail/TxQ.cpp:1077:                Assume: Minimum account reserve is 20 XRP.
src/xrpld/app/misc/detail/TxQ.cpp:1078:                Example 1: If I have 1,000,000 XRP, I can queue
src/xrpld/app/misc/detail/TxQ.cpp:1084:                    will get stuck in the queue with a
src/xrpld/app/misc/detail/TxQ.cpp:1086:                Example 2: If I have 1,000,000 XRP, and I queue
src/xrpld/app/misc/detail/TxQ.cpp:1088:                    in flight. I can now queue another tx with a
src/xrpld/app/misc/detail/TxQ.cpp:1091:                    nothing can eat into my reserve. The last
src/xrpld/app/misc/detail/TxQ.cpp:1093:                    999,999 XRP, or get stuck in the queue.
src/xrpld/app/misc/detail/TxQ.cpp:1094:                Example 3: If I have 1,000,000 XRP, and I queue
src/xrpld/app/misc/detail/TxQ.cpp:1096:                    in flight. I can not queue any more transactions,
src/xrpld/app/misc/detail/TxQ.cpp:1098:                Transactions stuck in the queue are mitigated by
src/xrpld/app/misc/detail/TxQ.cpp:1102:            /* Get the minimum possible account reserve. If it
src/xrpld/app/misc/detail/TxQ.cpp:1104:               this amount, the transaction can't be queued.
src/xrpld/app/misc/detail/TxQ.cpp:1108:               future reserve. This calculation is simpler than
src/xrpld/app/misc/detail/TxQ.cpp:1110:               the ownerCount that may occur to the account
src/xrpld/app/misc/detail/TxQ.cpp:1113:               may affect the owner count while these are queued.
src/xrpld/app/misc/detail/TxQ.cpp:1115:               However, in case the account reserve is on a
src/xrpld/app/misc/detail/TxQ.cpp:1117:               reserve. Only check the account balance.
src/xrpld/app/misc/detail/TxQ.cpp:1119:            auto const reserve = view.fees().accountReserve(0);
src/xrpld/app/misc/detail/TxQ.cpp:1122:                (reserve > 10 * base && totalFee >= reserve))
src/xrpld/app/misc/detail/TxQ.cpp:1135:                return {tefINTERNAL, false};
src/xrpld/app/misc/detail/TxQ.cpp:1138:            // transactions in the queue.  That prevents a transaction
src/xrpld/app/misc/detail/TxQ.cpp:1141:                std::min(balance - std::min(balance, reserve), potentialSpend);
src/xrpld/app/misc/detail/TxQ.cpp:1146:                "ripple::TxQ::apply : total spend check");
src/xrpld/app/misc/detail/TxQ.cpp:1149:            // transactions in the queue have been processed. If the tx has a
src/xrpld/app/misc/detail/TxQ.cpp:1151:            // the next queueable sequence, which is the closest approximation
src/xrpld/app/misc/detail/TxQ.cpp:1163:    // check the sequence/ticket.  Transactions in the queue may be
src/xrpld/app/misc/detail/TxQ.cpp:1176:    XRPL_ASSERT(feeLevelPaid >= baseLevel, "ripple::TxQ::apply : minimum fee");
src/xrpld/app/misc/detail/TxQ.cpp:1185:        a high enough fee to clear all the txs in front of it in the queue.
src/xrpld/app/misc/detail/TxQ.cpp:1188:        3) Must be an account already in the queue.
src/xrpld/app/misc/detail/TxQ.cpp:1190:            account seq, the skipped seqs are in the queue, the reserve
src/xrpld/app/misc/detail/TxQ.cpp:1195:            get itself into the queue.
src/xrpld/app/misc/detail/TxQ.cpp:1198:            for some other reason. Tx is allowed to queue in case
src/xrpld/app/misc/detail/TxQ.cpp:1232:        TER const ter{canBeHeld(
src/xrpld/app/misc/detail/TxQ.cpp:1243:    // If the queue is full, decide whether to drop the current
src/xrpld/app/misc/detail/TxQ.cpp:1256:            // queue is filled with transactions from this account. This
src/xrpld/app/misc/detail/TxQ.cpp:1257:            // is impossible with default settings - minimum queue size
src/xrpld/app/misc/detail/TxQ.cpp:1259:            // queued. However, it can occur if settings are changed,
src/xrpld/app/misc/detail/TxQ.cpp:1264:                << account << ") out of the queue.";
src/xrpld/app/misc/detail/TxQ.cpp:1270:            // but only if the last tx in the queue has a lower fee
src/xrpld/app/misc/detail/TxQ.cpp:1298:            // The queue is full, and this transaction is more
src/xrpld/app/misc/detail/TxQ.cpp:1303:                "ripple::TxQ::apply : cheapest transaction found");
src/xrpld/app/misc/detail/TxQ.cpp:1306:                << " from queue with average fee of " << endEffectiveFeeLevel
src/xrpld/app/misc/detail/TxQ.cpp:1320:    // Hold the transaction in the queue.
src/xrpld/app/misc/detail/TxQ.cpp:1328:        // Create a new TxQAccount object and add the byAccount lookup.
src/xrpld/app/misc/detail/TxQ.cpp:1331:            byAccount_.emplace(account, TxQAccount(tx));
src/xrpld/app/misc/detail/TxQ.cpp:1332:        XRPL_ASSERT(created, "ripple::TxQ::apply : account created");
src/xrpld/app/misc/detail/TxQ.cpp:1334:    // Modify the flags for use when coming out of the queue.
src/xrpld/app/misc/detail/TxQ.cpp:1350:                     << candidate.account << " to queue."
src/xrpld/app/misc/detail/TxQ.cpp:1353:    return {terQUEUED, false};
src/xrpld/app/misc/detail/TxQ.cpp:1360:    2. Adjust the maximum queue size to be enough to hold
src/xrpld/app/misc/detail/TxQ.cpp:1362:    3. Remove any transactions from the queue for which the
src/xrpld/app/misc/detail/TxQ.cpp:1369:TxQ::processClosedLedger(Application& app, ReadView const& view, bool timeLeap)
src/xrpld/app/misc/detail/TxQ.cpp:1380:            snapshot.txnsExpected * setup_.ledgersInQueue, setup_.queueSizeMin);
src/xrpld/app/misc/detail/TxQ.cpp:1382:    // Remove any queued candidates whose LastLedgerSequence has gone by.
src/xrpld/app/misc/detail/TxQ.cpp:1396:    // Remove any TxQAccounts that don't have candidates
src/xrpld/app/misc/detail/TxQ.cpp:1409:    How the txs are moved from the queue to the new open ledger.
src/xrpld/app/misc/detail/TxQ.cpp:1413:        a) Is this the first tx in the queue for this account?
src/xrpld/app/misc/detail/TxQ.cpp:1420:                Yes: Take it out of the queue. Continue with
src/xrpld/app/misc/detail/TxQ.cpp:1425:                    Yes: Take it out of the queue. Continue
src/xrpld/app/misc/detail/TxQ.cpp:1428:                    No: Leave it in the queue, track the retries,
src/xrpld/app/misc/detail/TxQ.cpp:1435:        * the next tx in the queue, simply ordered by fee.
src/xrpld/app/misc/detail/TxQ.cpp:1438:TxQ::accept(Application& app, OpenView& view)
src/xrpld/app/misc/detail/TxQ.cpp:1440:    /* Move transactions from the queue from largest fee level to smallest.
src/xrpld/app/misc/detail/TxQ.cpp:1459:            // There is a sequence transaction at the front of the queue and
src/xrpld/app/misc/detail/TxQ.cpp:1463:                << "Skipping queued transaction " << candidateIter->txID
src/xrpld/app/misc/detail/TxQ.cpp:1478:            JLOG(j_.trace()) << "Applying queued transaction "
src/xrpld/app/misc/detail/TxQ.cpp:1486:                // Remove the candidate from the queue
src/xrpld/app/misc/detail/TxQ.cpp:1490:                    << ". Remove from queue.";
src/xrpld/app/misc/detail/TxQ.cpp:1505:                                 << ". Remove from queue.";
src/xrpld/app/misc/detail/TxQ.cpp:1512:                                 << ". Leave in queue."
src/xrpld/app/misc/detail/TxQ.cpp:1523:                    // The queue is close to full, this account has multiple
src/xrpld/app/misc/detail/TxQ.cpp:1524:                    // txs queued, and this account has had a transaction
src/xrpld/app/misc/detail/TxQ.cpp:1547:                            "ripple::TxQ::accept : account check");
src/xrpld/app/misc/detail/TxQ.cpp:1571:    // All transactions that can be moved out of the queue into the open
src/xrpld/app/misc/detail/TxQ.cpp:1572:    // ledger have been. Rebuild the queue using the open ledger's
src/xrpld/app/misc/detail/TxQ.cpp:1603:        "ripple::TxQ::accept : byFee size match");
src/xrpld/app/misc/detail/TxQ.cpp:1612:TxQ::nextQueuableSeq(std::shared_ptr<SLE const> const& sleAccount) const
src/xrpld/app/misc/detail/TxQ.cpp:1619:// available hole in the queue for the passed in account.
src/xrpld/app/misc/detail/TxQ.cpp:1621:// If there are queued transactions for the account then the first viable
src/xrpld/app/misc/detail/TxQ.cpp:1622:// sequence number, that is not used by a transaction in the queue, must
src/xrpld/app/misc/detail/TxQ.cpp:1625:TxQ::nextQueuableSeqImpl(
src/xrpld/app/misc/detail/TxQ.cpp:1636:    // If the account is not in the queue then acctSeqProx is good enough.
src/xrpld/app/misc/detail/TxQ.cpp:1642:    TxQAccount::TxMap const& acctTxs = accountIter->second.transactions;
src/xrpld/app/misc/detail/TxQ.cpp:1644:    // Ignore any sequence-based queued transactions that slipped into the
src/xrpld/app/misc/detail/TxQ.cpp:1647:    TxQAccount::TxMap::const_iterator txIter = acctTxs.lower_bound(acctSeqProx);
src/xrpld/app/misc/detail/TxQ.cpp:1652:        //   o There are no queued sequence-based transactions equal to or
src/xrpld/app/misc/detail/TxQ.cpp:1654:        //   o acctSeqProx is not currently in the queue.
src/xrpld/app/misc/detail/TxQ.cpp:1658:    // There are sequence-based transactions queued that follow acctSeqProx.
src/xrpld/app/misc/detail/TxQ.cpp:1672:TxQ::getRequiredFeeLevel(
src/xrpld/app/misc/detail/TxQ.cpp:1682:TxQ::tryDirectApply(
src/xrpld/app/misc/detail/TxQ.cpp:1732:            // queue then remove the replaced transaction.
src/xrpld/app/misc/detail/TxQ.cpp:1738:                TxQAccount& txQAcct = accountIter->second;
src/xrpld/app/misc/detail/TxQ.cpp:1752:std::optional<TxQ::TxQAccount::TxMap::iterator>
src/xrpld/app/misc/detail/TxQ.cpp:1753:TxQ::removeFromByFee(
src/xrpld/app/misc/detail/TxQ.cpp:1754:    std::optional<TxQAccount::TxMap::iterator> const& replacedTxIter,
src/xrpld/app/misc/detail/TxQ.cpp:1760:        // queue, remove the transaction that is being replaced.
src/xrpld/app/misc/detail/TxQ.cpp:1764:            "ripple::TxQ::removeFromByFee : found in byFee");
src/xrpld/app/misc/detail/TxQ.cpp:1767:            "ripple::TxQ::removeFromByFee : matching transaction");
src/xrpld/app/misc/detail/TxQ.cpp:1770:            "ripple::TxQ::removeFromByFee : matching sequence");
src/xrpld/app/misc/detail/TxQ.cpp:1773:            "ripple::TxQ::removeFromByFee : matching account");
src/xrpld/app/misc/detail/TxQ.cpp:1780:TxQ::Metrics
src/xrpld/app/misc/detail/TxQ.cpp:1781:TxQ::getMetrics(OpenView const& view) const
src/xrpld/app/misc/detail/TxQ.cpp:1802:TxQ::FeeAndSeq
src/xrpld/app/misc/detail/TxQ.cpp:1803:TxQ::getTxRequiredFeeAndSeq(
src/xrpld/app/misc/detail/TxQ.cpp:1826:std::vector<TxQ::TxDetails>
src/xrpld/app/misc/detail/TxQ.cpp:1827:TxQ::getAccountTxs(AccountID const& account) const
src/xrpld/app/misc/detail/TxQ.cpp:1839:    result.reserve(accountIter->second.transactions.size());
src/xrpld/app/misc/detail/TxQ.cpp:1847:std::vector<TxQ::TxDetails>
src/xrpld/app/misc/detail/TxQ.cpp:1848:TxQ::getTxs() const
src/xrpld/app/misc/detail/TxQ.cpp:1854:    result.reserve(byFee_.size());
src/xrpld/app/misc/detail/TxQ.cpp:1863:TxQ::doRPC(Application& app) const
src/xrpld/app/misc/detail/TxQ.cpp:1881:    ret[jss::current_queue_size] = std::to_string(metrics.txCount);
src/xrpld/app/misc/detail/TxQ.cpp:1883:        ret[jss::max_queue_size] = std::to_string(*metrics.txQMaxSize);
src/xrpld/app/misc/detail/TxQ.cpp:1917:TxQ::Setup
src/xrpld/app/misc/detail/TxQ.cpp:1918:setup_TxQ(Config const& config)
src/xrpld/app/misc/detail/TxQ.cpp:1920:    TxQ::Setup setup;
src/xrpld/app/misc/detail/TxQ.cpp:1921:    auto const& section = config.section("transaction_queue");
src/xrpld/app/misc/detail/TxQ.cpp:1922:    set(setup.ledgersInQueue, "ledgers_in_queue", section);
src/xrpld/app/misc/detail/TxQ.cpp:1923:    set(setup.queueSizeMin, "minimum_queue_size", section);
